laughton,1088.584
dietrich,720.116
vole,672.558
wilder,536.997
christi,510.818
marlen,475.326
tyron,461.511
prosecut,410.837
wilfrid,404.917
lanchest,399.435
charl,387.279
courtroom,378.146
agatha,369.123
sir,349.663
elsa,309.899
christin,296.753
billi,283.954
wit,279.260
power,276.647
barrist,258.676
her,232.117
wilfr,227.321
robart,218.616
murder,208.781
leonard,208.290
nurs,201.023
she,197.152
twist,166.955
wife,165.481
play,144.909
accus,142.108
drama,140.291
case,140.229
plimsol,139.500
hi,138.798
defend,133.253
trial,129.595
he,123.900
lawyer,123.615
court,123.038
defens,113.800
perform,109.318
mysteri,106.043
end,105.722
s,103.544
as,102.070
1957,102.067
mr,92.291
by,89.658
varden,89.125
surpris,88.603
film,88.236
una,88.026
who,86.701
role,83.763
wa,83.405
him,80.882
husband,77.728
cast,74.754
testifi,73.336
plot,71.812
veri,71.784
from,71.422
an,71.106
attorney,71.092
best,69.390
for,69.319
woman,69.119
with,68.543
great,68.285
work,67.409
you,66.637
adapt,66.308
connor,65.893
one,65.653
brandi,63.959
actor,63.877
turn,63.835
on,63.821
direct,63.287
health,63.061
stori,62.807
cigar,61.758
when,61.334
would,61.158
classic,60.585
take,60.269
old,60.242
not,60.207
heart,59.659
alibi,58.985
reveal,58.854
have,58.685
miss,58.567
wonder,58.508
at,58.105
up,57.626
but,57.477
i,57.398
testimoni,57.258
man,57.074
charact,56.914
french,56.485
here,56.064
attack,55.593
widow,55.439
t,55.308
suspens,55.072
norma,55.001
against,54.796
german,54.617
enjoy,54.589
be,54.412
had,53.887
director,53.822
been,53.782
hitchcock,53.416
o,53.263
seen,53.212
ha,52.982
nomin,52.141
british,51.874
that,51.802
act,51.550
legal,51.291
even,51.181
kurnitz,51.179
all,51.137
last,50.982
final,50.223
evid,50.178
just,49.838
onli,49.275
if,49.233
client,49.099
which,48.958
will,48.510
actress,48.485
humor,48.214
after,48.122
give,48.071
are,48.017
2010,47.798
keep,47.704
watch,47.592
well,47.569
in,47.430
so,47.377
master,47.175
there,47.078
innoc,46.963
perjuri,46.915
support,46.662
good,46.565
ruta,46.499
also,46.337
some,46.252
brilliant,46.117
seem,46.076
movi,45.714
much,45.657
amp,45.498
provid,45.481
they,45.455
lancast,45.380
or,45.039
pictur,44.954
never,44.780
out,44.235
daniel,44.022
were,43.990
wealthi,43.895
star,43.892
real,43.688
witti,43.657
doctor,43.642
right,43.605
torin,43.063
do,42.779
mani,42.573
older,42.486
london,42.434
stage,42.416
come,42.192
time,42.120
guilti,42.001
made,41.768
recov,41.421
ever,41.358
excel,41.276
most,40.908
marri,40.838
becaus,40.569
superb,40.517
must,40.486
know,40.334
their,40.065
too,39.790
life,39.757
though,39.575
is,39.489
10,39.301
could,39.236
more,39.150
what,38.990
believ,38.797
2009,38.682
quit,38.378
than,38.336
henri,38.315
charg,38.241
age,38.205
entertain,37.892
may,37.783
alway,37.597
while,37.563
anoth,37.562
yet,37.553
william,37.383
stand,37.167
tex,37.153
script,37.136
year,37.108
say,37.036
see,36.845
fine,36.804
other,36.726
especi,36.708
can,36.599
thriller,36.281
fact,36.199
wolf,36.114
elderli,35.928
still,35.858
emili,35.810
how,35.772
base,35.523
look,35.456
like,35.397
sunset,35.174
line,35.118
did,35.114
no,35.064
call,35.043
truth,34.966
make,34.603
novemb,34.491
screen,34.421
me,34.363
don,34.324
doe,34.261
to,33.952
secret,33.946
ani,33.827
audienc,33.757
letter,33.732
comedi,33.407
funni,33.257
writer,33.151
unexpect,32.979
convinc,32.886
everi,32.735
hollywood,32.584
delight,32.468
such,32.465
complet,32.442
mckenzi,32.409
top,32.257
thatcher,32.200
oscar,32.190
robard,32.128
point,32.101
about,31.839
intrigu,31.784
first,31.762
show,31.754
christina,31.754
scene,31.599
dialogu,31.548
sure,31.500
usual,31.483
moment,31.457
my,31.449
includ,31.418
credit,31.277
howev,31.200
back,31.156
realli,31.155
way,31.093
them,31.045
absolut,31.043
befor,31.018
flashback,30.788
accent,30.671
go,30.656
interest,30.635
circumstanti,30.485
better,30.408
written,30.406
perfect,30.378
expect,30.252
part,30.041
short,29.996
won,29.951
origin,29.946
steal,29.852
fun,29.817
rate,29.797
love,29.647
crimin,29.309
thi,29.215
hammi,29.137
appear,29.118
terrif,29.102
greatest,28.777
off,28.675
review,28.550
those,28.454
agre,28.297
sens,28.266
both,28.223
ms,28.209
over,28.106
crime,28.093
get,28.086
where,27.953
away,27.817
again,27.751
littl,27.718
viewer,27.704
reason,27.701
of,27.659
almost,27.652
helm,27.578
should,27.557
prove,27.550
thank,27.516
it,27.484
want,27.370
defenc,27.353
ill,27.278
then,27.122
often,26.850
remark,26.787
english,26.481
a,26.476
everyth,26.440
sheba,26.420
seriou,26.397
wasn,26.306
50,26.278
tri,26.217
ladi,26.163
find,26.159
outstand,26.124
suppos,25.975
we,25.909
given,25.909
full,25.877
bring,25.872
whi,25.862
read,25.857
bit,25.825
certainli,25.783
lot,25.726
manag,25.395
solicitor,25.363
ail,25.332
solut,25.271
these,25.256
recent,25.238
your,25.198
dramat,25.170
dure,25.159
compton,25.154
doubl,25.144
enough,25.140
under,25.110
two,25.083
9,25.080
judg,25.074
whole,24.810
along,24.735
becom,24.732
room,24.724
trick,24.686
lead,24.671
into,24.621
anyon,24.620
imdb,24.606
juri,24.588
ian,24.578
england,24.559
order,24.495
genr,24.420
charm,24.400
divulg,24.351
masterpiec,24.282
career,24.263
john,24.246
add,24.167
combin,24.122
housekeep,24.113
comic,24.077
arrest,24.025
germani,24.011
set,23.934
simpli,23.928
might,23.880
cockney,23.743
thing,23.697
until,23.632
cristi,23.521
involv,23.508
big,23.483
deserv,23.474
anatomi,23.431
without,23.371
tell,23.341
probabl,23.245
lie,23.230
onc,23.226
except,23.222
distract,23.197
young,23.035
screenplay,23.033
book,22.912
perfectli,22.859
novel,22.748
intellig,22.533
kind,22.511
due,22.508
cold,22.498
figur,22.292
knew,22.273
think,22.181
present,22.159
main,22.142
allow,22.136
actual,22.076
put,22.064
ve,22.013
view,21.981
m,21.961
golden,21.941
marvel,21.871
am,21.852
despit,21.802
seemingli,21.802
between,21.728
black,21.710
ask,21.703
cours,21.703
kill,21.669
finest,21.661
perhap,21.659
damn,21.550
thought,21.539
concern,21.534
worth,21.531
inherit,21.523
found,21.508
later,21.409
saw,21.373
justic,21.356
white,21.270
1950,21.268
somewhat,21.247
interpret,21.179
least,21.073
done,21.008
allen,20.971
chang,20.964
bermuda,20.962
victim,20.900
touch,20.867
blvd,20.817
femm,20.804
1940,20.796
few,20.791
fan,20.762
fascin,20.730
whose,20.727
doesn,20.718
same,20.684
today,20.642
cantanker,20.623
featur,20.607
inventor,20.560
write,20.444
talent,20.388
didn,20.308
sinc,20.226
clever,20.200
start,20.173
and,20.132
someth,20.128
fatal,20.127
august,20.114
conclus,20.104
spoiler,20.101
recommend,20.073
consid,20.061
himself,20.001
hard,19.996
american,19.918
us,19.785
pleas,19.727
feel,19.678
obviou,19.602
job,19.560
law,19.553
vacat,19.543
through,19.490
save,19.429
ad,19.353
award,19.330
wftp,19.317
nice,19.234
remain,19.226
deitrich,19.220
told,19.214
said,19.156
got,19.149
live,19.120
close,19.105
run,19.085
irasc,19.075
particularli,18.997
hand,18.970
theatric,18.957
version,18.915
sever,18.879
suspect,18.855
alreadi,18.832
isn,18.736
lee,18.729
guess,18.715
flaw,18.684
although,18.674
whom,18.663
itch,18.630
deal,18.604
die,18.602
long,18.556
d,18.511
receiv,18.493
herself,18.491
dame,18.486
entir,18.474
geniu,18.467
bailey,18.466
throughout,18.450
motiv,18.304
abl,18.290
rivet,18.228
leav,18.208
inform,18.198
attent,18.191
extraordinari,18.186
maid,18.174
harri,18.136
fool,18.105
tv,18.082
piec,18.057
materi,18.047
obvious,18.044
cannot,18.029
person,17.977
anyth,17.954
rich,17.952
sharp,17.929
advis,17.926
brunett,17.910
19,17.667
finish,17.600
standard,17.552
franci,17.537
skill,17.521
earli,17.501
definit,17.495
strong,17.462
com,17.449
togeth,17.444
voic,17.407
engag,17.395
gener,17.317
lost,17.281
impress,17.263
extrem,17.248
commit,17.225
pill,17.224
true,17.207
claim,17.186
style,17.113
note,17.076
indemn,17.046
juli,17.015
pleasur,16.997
far,16.994
hold,16.981
stun,16.980
admit,16.960
spoil,16.888
invent,16.879
56,16.834
boulevard,16.775
within,16.772
rather,16.763
peopl,16.736
type,16.694
special,16.686
each,16.665
down,16.633
fifti,16.603
success,16.563
entranc,16.554
emot,16.548
haven,16.485
decid,16.469
day,16.446
own,16.440
disguis,16.431
credibl,16.418
remak,16.361
medic,16.349
men,16.333
use,16.317
verdict,16.300
author,16.289
happen,16.258
total,16.247
academi,16.235
co,16.230
whodunit,16.228
light,16.189
need,16.178
respect,16.159
somehow,16.152
memor,16.140
solomon,16.136
easili,16.085
hospit,16.067
realiz,16.027
cinema,15.989
place,15.988
splendid,15.908
wrote,15.907
treat,15.811
hear,15.780
acquaint,15.767
notic,15.726
mayhew,15.725
care,15.618
understand,15.607
gave,15.604
bad,15.602
noth,15.567
releas,15.548
pretti,15.543
plu,15.535
pound,15.503
element,15.496
ll,15.443
sabrina,15.437
possibl,15.379
joy,15.356
hot,15.291
minut,15.213
mean,15.192
met,15.188
carri,15.137
sensat,15.109
mention,15.093
pace,15.063
ten,15.055
money,15.053
contain,15.021
none,15.003
curmudgeonli,15.000
suspicion,14.961
challeng,14.952
comment,14.949
express,14.948
popular,14.925
relationship,14.916
holden,14.851
now,14.825
britain,14.813
death,14.797
front,14.791
unfortun,14.787
difficult,14.779
across,14.759
startl,14.734
beauti,14.722
harlan,14.652
thrill,14.651
delici,14.637
apart,14.572
complic,14.533
name,14.528
employ,14.524
3,14.521
magnific,14.499
orient,14.489
compel,14.477
mayb,14.452
offic,14.437
contrast,14.405
puzzl,14.381
effect,14.372
follow,14.338
went,14.331
left,14.320
absurd,14.312
less,14.297
everyon,14.290
re,14.263
2,14.237
beater,14.233
1,14.184
determin,14.170
truli,14.145
deliv,14.143
salt,14.139
proceed,14.113
shine,14.110
soon,14.088
robert,14.086
forth,14.080
www,14.053
gem,14.045
smile,14.039
problem,14.033
produc,14.030
head,14.007
poor,14.005
either,13.983
titl,13.976
lack,13.910
famou,13.880
home,13.870
denouement,13.849
brogan,13.822
alfr,13.820
passion,13.818
12,13.784
privat,13.712
b,13.689
product,13.635
incred,13.630
mostli,13.619
revel,13.614
clue,13.614
ducki,13.585
friend,13.574
late,13.564
face,13.562
flawless,13.532
sometim,13.487
remad,13.484
twenti,13.477
larri,13.473
fortun,13.430
ruin,13.390
addit,13.384
manner,13.339
smart,13.315
camera,13.292
legendari,13.289
spot,13.280
texallen,13.210
new,13.206
stubborn,13.204
bride,13.203
sterl,13.171
theater,13.156
hero,13.137
blue,13.123
guilt,13.097
cinemat,13.091
noir,13.071
came,13.070
paradin,13.056
open,13.026
mouth,12.970
list,12.931
prosecutor,12.923
near,12.923
marcu,12.898
team,12.883
win,12.881
eye,12.876
devot,12.838
worthi,12.822
edit,12.821
help,12.809
highli,12.803
wili,12.797
meet,12.790
attract,12.780
superior,12.750
dialog,12.742
predict,12.717
middl,12.696
certain,12.690
whether,12.684
convalesc,12.682
000,12.681
itself,12.644
sherlock,12.629
younger,12.622
rememb,12.617
fantast,12.607
wouldn,12.582
tong,12.577
let,12.575
known,12.542
shock,12.515
natur,12.491
answer,12.490
cocoa,12.481
cagey,12.481
haydn,12.481
assist,12.479
serv,12.464
superbl,12.448
janet,12.441
simpl,12.420
faint,12.414
abil,12.414
unforgett,12.389
coupl,12.389
counsel,12.387
silli,12.318
nile,12.307
ye,12.276
class,12.266
suffer,12.266
clearli,12.237
next,12.216
handsom,12.168
aplomb,12.138
fabul,12.129
ahead,12.121
histori,12.089
qualiti,12.086
5,12.067
major,12.057
stab,12.000
24,11.989
smell,11.987
diana,11.962
myer,11.953
thu,11.953
pay,11.952
calcul,11.921
filmmak,11.918
aspect,11.913
initi,11.907
second,11.894
roll,11.842
befriend,11.829
lone,11.804
retain,11.785
60,11.785
mind,11.771
rank,11.749
seri,11.736
nag,11.690
bridg,11.685
liar,11.676
couldn,11.637
three,11.636
throw,11.603
narrat,11.601
firework,11.599
announc,11.569
tremend,11.564
abov,11.550
result,11.518
http,11.506
hang,11.499
match,11.498
key,11.488
war,11.487
bore,11.437
easi,11.424
strike,11.410
solid,11.397
focu,11.369
ty,11.364
killer,11.363
number,11.361
amus,11.349
sadli,11.345
ago,11.339
kwai,11.305
overal,11.304
spirit,11.298
compos,11.290
satisfi,11.285
unemploy,11.260
pro,11.247
cool,11.236
17,11.228
grumpi,11.216
return,11.193
code,11.185
overbear,11.183
angri,11.169
alleg,11.167
brilliantli,11.167
condit,11.156
pull,11.152
financ,11.151
stop,11.129
uniqu,11.128
stay,11.123
fail,11.120
center,11.115
high,11.106
attend,11.104
logic,11.098
pressur,11.091
viennes,11.081
cad,11.081
vote,11.080
exchang,11.063
talk,11.045
detail,11.024
kiss,11.014
brillianc,10.996
typic,10.985
suggest,10.978
fit,10.952
sarcasm,10.948
4,10.937
hilari,10.931
accept,10.920
crucial,10.919
globe,10.917
tension,10.881
form,10.865
instead,10.859
favorit,10.851
user,10.845
matter,10.821
heard,10.818
question,10.803
experi,10.795
w,10.775
effort,10.754
rest,10.748
advic,10.740
address,10.734
portray,10.725
indulg,10.703
depriv,10.675
larg,10.674
ham,10.644
amaz,10.629
seven,10.615
youuuuuuuuu,10.613
beleagu,10.606
begin,10.604
detect,10.604
leg,10.596
dull,10.594
reparte,10.585
equal,10.571
bluster,10.542
marilyn,10.533
system,10.517
22,10.515
prefer,10.507
sound,10.501
nearli,10.477
banter,10.475
around,10.465
decemb,10.454
benefit,10.444
atmospher,10.434
desir,10.424
reliabl,10.419
presenc,10.411
wrong,10.408
choic,10.407
continu,10.397
miscast,10.392
peculiar,10.371
crack,10.364
tight,10.345
among,10.345
fals,10.340
familiar,10.338
excit,10.335
unrealist,10.312
trust,10.302
repeat,10.298
els,10.296
bush,10.230
screenwrit,10.229
substanti,10.214
treatment,10.198
puff,10.178
chipper,10.162
interrupt,10.160
genuin,10.156
conserv,10.136
fluid,10.124
laugh,10.111
felt,10.110
smoothli,10.110
ignor,10.108
the,10.104
fire,10.100
sympathi,10.072
lover,10.065
brought,10.061
dozen,10.043
recal,10.041
ideal,10.021
otherwis,10.021
cost,10.017
wifr,10.011
favor,10.000
immedi,9.995
era,9.989
earlier,9.940
hope,9.936
unlik,9.928
river,9.914
relief,9.910
exampl,9.895
ace,9.865
climax,9.853
authent,9.835
appeal,9.829
yourself,9.801
alon,9.799
regard,9.797
egg,9.791
astonish,9.790
latter,9.781
motion,9.768
craft,9.757
overact,9.748
tale,9.724
step,9.708
minor,9.678
legales,9.658
depend,9.656
fulli,9.655
empti,9.616
sizzl,9.597
sort,9.590
word,9.589
moreov,9.562
goe,9.548
angel,9.545
assum,9.541
timeless,9.539
someon,9.513
page,9.499
six,9.496
domin,9.492
decept,9.487
imposs,9.457
build,9.447
basic,9.446
belong,9.434
attempt,9.429
melodrama,9.426
wkrp,9.409
marlena,9.409
import,9.384
slow,9.353
6,9.350
suppli,9.350
toler,9.348
afternoon,9.346
dismiss,9.337
ala,9.337
five,9.304
happili,9.300
meticul,9.298
david,9.289
decad,9.288
8,9.278
inspir,9.271
central,9.242
hopeless,9.236
four,9.230
driven,9.226
hornblow,9.215
avanti,9.215
ur15279309,9.215
world,9.202
creat,9.194
disappoint,9.192
ensur,9.191
manipul,9.181
reaction,9.174
night,9.163
7,9.147
music,9.142
plausibl,9.131
prais,9.128
endear,9.121
untim,9.097
powel,9.097
afraid,9.095
judici,9.083
test,9.078
anymor,9.069
object,9.067
chemistri,9.065
quai,9.056
mandel,9.056
unfold,9.041
crackl,9.016
wast,9.014
therefor,9.005
tribut,8.966
nobodi,8.951
insist,8.933
tire,8.933
posit,8.933
monocl,8.923
captain,8.894
constantli,8.860
deliveri,8.850
former,8.838
promot,8.836
15,8.836
guy,8.833
consist,8.831
our,8.828
past,8.809
mousetrap,8.807
humour,8.804
iron,8.802
promis,8.800
assign,8.799
storylin,8.786
dri,8.744
lovabl,8.707
spite,8.680
born,8.677
balanc,8.664
spin,8.646
underr,8.646
femal,8.644
project,8.639
disdain,8.615
contriv,8.615
outburst,8.601
kudo,8.593
1945,8.592
lose,8.585
wartim,8.578
odd,8.577
captiv,8.563
variou,8.547
advantag,8.530
critic,8.528
examin,8.527
avail,8.520
shame,8.503
merit,8.501
caught,8.500
beyond,8.497
guarante,8.492
common,8.469
wait,8.469
kidd,8.454
surround,8.451
sole,8.451
draw,8.446
mere,8.425
razor,8.424
tune,8.419
mid,8.396
compet,8.389
clearer,8.383
pack,8.354
26,8.340
fill,8.323
unsuccess,8.317
sympathet,8.311
dead,8.308
grip,8.303
toward,8.291
captur,8.284
imagin,8.280
explain,8.278
wow,8.274
inspector,8.265
ensembl,8.258
st,8.243
etc,8.239
approach,8.234
pair,8.231
quickli,8.230
absorb,8.225
biggest,8.222
nabokov,8.204
ninotchka,8.204
patient,8.199
develop,8.198
ridicul,8.158
dotti,8.152
taken,8.151
magnet,8.136
sparkl,8.133
check,8.107
hole,8.099
annoy,8.096
2011,8.093
greatli,8.091
huge,8.072
troubl,8.069
nail,8.054
smoke,8.053
station,8.047
protagonist,8.038
1954,8.025
forget,8.022
women,8.018
chosen,7.994
spellbind,7.986
overlook,7.966
member,7.938
spinster,7.928
utter,7.922
undermin,7.908
acquitt,7.889
staunchli,7.889
resist,7.888
sullivan,7.886
28,7.883
colour,7.882
monro,7.870
hour,7.863
veteran,7.845
tens,7.844
mediocr,7.834
particular,7.832
holm,7.832
instruct,7.822
foolish,7.814
drive,7.806
estat,7.799
surfac,7.797
reach,7.795
wive,7.784
240,7.783
deni,7.782
learn,7.760
disappear,7.755
hire,7.752
valu,7.746
imo,7.729
doubt,7.718
beneficiari,7.718
biographi,7.715
event,7.701
date,7.683
dislik,7.682
legend,7.680
televis,7.677
hate,7.677
23,7.672
pain,7.653
sourc,7.651
unconvinc,7.642
1982,7.638
stiff,7.638
rosen,7.630
rope,7.629
inde,7.629
e,7.623
philip,7.615
prey,7.615
unnecessari,7.611
kept,7.610
nomine,7.600
mine,7.593
male,7.591
polic,7.587
handwrit,7.550
woodward,7.550
correctli,7.548
deservedli,7.536
constant,7.530
idea,7.525
thoroughli,7.523
tend,7.523
enigmat,7.521
interact,7.514
pass,7.512
game,7.511
surefir,7.500
fellow,7.499
priceless,7.490
action,7.487
restrain,7.482
baffl,7.482
max,7.462
surprisingli,7.451
literari,7.449
nip,7.431
capabl,7.421
utterli,7.419
fairli,7.391
train,7.380
specif,7.376
magic,7.369
oath,7.366
strenuou,7.346
visit,7.346
button,7.333
sceneri,7.331
crown,7.313
flawlessli,7.306
comparison,7.304
pick,7.303
till,7.299
highlight,7.286
fall,7.285
stuff,7.280
opportun,7.268
occur,7.262
contradict,7.261
art,7.255
index,7.250
rare,7.244
describ,7.244
intend,7.239
gain,7.233
moor,7.231
fate,7.228
elsewher,7.226
tonight,7.221
fond,7.218
awar,7.217
suddenli,7.214
oh,7.211
experienc,7.201
kahn,7.198
speechless,7.186
hyster,7.181
neither,7.175
distinguish,7.170
curios,7.168
caus,7.167
theatr,7.158
ingredi,7.145
tape,7.143
carter,7.142
differ,7.138
tireless,7.132
third,7.123
pop,7.119
garner,7.117
beau,7.116
forti,7.116
climact,7.116
fashion,7.109
osborn,7.101
penniless,7.101
tad,7.098
cross,7.096
grouchi,7.086
blood,7.085
russel,7.084
network,7.078
exactli,7.060
neat,7.059
princip,7.058
pester,7.056
studio,7.055
complex,7.052
dearest,7.042
prepar,7.038
sequenc,7.034
drawn,7.031
aveng,7.023
wooden,7.001
gallow,7.000
verbal,6.997
okay,6.992
collect,6.992
strength,6.980
notch,6.976
potenti,6.969
mixtur,6.968
tackl,6.965
acerb,6.961
cadenc,6.961
16,6.960
achiev,6.952
recuper,6.948
trailer,6.947
altogeth,6.936
peski,6.935
angl,6.924
squabbl,6.910
sultri,6.910
agreeabl,6.910
harder,6.910
financi,6.907
necessari,6.885
situat,6.884
storytel,6.884
cinematographi,6.881
upon,6.879
judgment,6.872
simplic,6.869
casual,6.867
friendship,6.866
editori,6.863
1937,6.863
warn,6.860
length,6.858
singl,6.842
churchil,6.840
dvd,6.838
conceiv,6.832
pleasant,6.831
forc,6.829
stagi,6.829
appreci,6.825
avoid,6.819
tast,6.816
intens,6.816
makeup,6.815
essenti,6.810
modern,6.800
detract,6.791
drop,6.788
access,6.781
shi,6.773
post,6.767
enter,6.762
display,6.755
cleverli,6.754
14,6.754
disobey,6.754
peak,6.751
clair,6.744
frame,6.740
revers,6.730
handl,6.728
leagu,6.727
breviti,6.724
smooth,6.714
dub,6.714
pedigre,6.714
shall,6.711
outrag,6.709
ingeni,6.707
diva,6.704
wors,6.689
loyal,6.680
bite,6.676
alec,6.675
channel,6.669
competit,6.663
myself,6.663
stress,6.658
wilford,6.648
spar,6.648
alongsid,6.647
contort,6.639
stalag,6.630
disbelief,6.618
friendli,6.617
naiv,6.612
reader,6.608
43,6.604
charismat,6.603
trademark,6.596
expand,6.595
backdrop,6.594
catch,6.590
swear,6.584
expert,6.563
multi,6.554
elabor,6.554
shrill,6.546
befuddl,6.538
imit,6.534
verifi,6.530
percept,6.512
damag,6.501
rule,6.500
sincer,6.498
coax,6.491
freud,6.491
guid,6.491
small,6.473
sinist,6.470
unpredict,6.460
treasur,6.444
secur,6.434
engin,6.432
alik,6.415
cheat,6.414
1953,6.412
spell,6.408
invalid,6.405
facial,6.399
freudian,6.398
switch,6.397
further,6.395
enthral,6.393
bet,6.388
subsequ,6.374
transcend,6.362
exasper,6.352
appar,6.345
liter,6.345
favourit,6.343
supposedli,6.338
richardson,6.333
contact,6.321
par,6.315
drawer,6.314
fee,6.314
uncar,6.308
sag,6.308
subordin,6.302
tcm,6.302
wwii,6.275
maneuv,6.272
link,6.267
justli,6.266
photograph,6.262
abroad,6.261
ubiquit,6.255
disclaim,6.255
ambigu,6.251
prevent,6.248
deadli,6.245
shot,6.243
weak,6.243
unremark,6.238
sixth,6.237
level,6.232
engross,6.212
amongst,6.194
1952,6.188
previous,6.174
forward,6.172
reput,6.170
controversi,6.169
amount,6.168
distinct,6.140
unabl,6.127
welcom,6.126
move,6.101
control,6.096
disagre,6.093
becam,6.091
strang,6.091
ball,6.090
tickl,6.088
box,6.079
shamelessli,6.078
unknowingli,6.078
immin,6.078
dearli,6.078
hing,6.074
hat,6.062
market,6.061
blame,6.061
gale,6.060
edg,6.057
nightmar,6.054
worst,6.051
handi,6.051
immens,6.047
crafti,6.046
side,6.040
rival,6.039
astut,6.037
fast,6.037
penalti,6.033
playwright,6.028
revolv,6.011
fight,6.003
57,6.002
bs,5.998
gotten,5.995
pupil,5.993
spous,5.981
opportunist,5.977
creation,5.969
unusu,5.966
half,5.963
feisti,5.956
hous,5.952
plan,5.943
thereaft,5.940
overweight,5.928
shape,5.928
flirt,5.924
frankenstein,5.920
refrain,5.916
term,5.915
transpar,5.912
wig,5.912
hadn,5.910
depict,5.909
nevertheless,5.900
moral,5.897
smirk,5.897
devour,5.889
reconstruct,5.889
offer,5.889
possess,5.884
inevit,5.876
viii,5.874
29,5.871
prison,5.866
clear,5.854
mockeri,5.852
affair,5.850
savvi,5.849
gift,5.846
betray,5.844
peek,5.838
cynic,5.837
agenc,5.834
anticip,5.826
cheap,5.823
januari,5.817
notabl,5.816
1951,5.813
shown,5.800
septemb,5.800
intensifi,5.796
overwhelm,5.794
shocker,5.789
remind,5.788
postur,5.783
pure,5.768
rewind,5.763
incompar,5.753
1958,5.750
lap,5.750
chanc,5.745
argu,5.730
player,5.727
risk,5.726
contribut,5.724
confus,5.708
expertis,5.703
inter,5.691
concoct,5.691
27,5.682
tradit,5.677
higher,5.668
g,5.667
cooki,5.664
dial,5.661
sign,5.643
speak,5.643
exist,5.640
plod,5.636
februari,5.627
layer,5.624
forbidden,5.624
effortless,5.616
fugit,5.611
vintag,5.600
wind,5.598
snappi,5.594
formal,5.586
persever,5.586
caution,5.584
thrown,5.583
movement,5.581
hundr,5.579
desk,5.576
score,5.569
flamboy,5.568
unnot,5.565
wish,5.565
grace,5.563
impati,5.563
recogn,5.557
readi,5.550
ici,5.550
romp,5.545
plethora,5.545
cling,5.540
quick,5.537
80,5.537
statur,5.535
walk,5.527
knack,5.522
simon,5.522
dual,5.507
sit,5.500
mockingbird,5.493
rel,5.492
immacul,5.488
coach,5.469
fold,5.465
modest,5.465
industri,5.458
gentleman,5.451
sour,5.442
sob,5.435
premis,5.434
misguid,5.433
taut,5.424
1959,5.413
electrifi,5.404
powerhous,5.400
sad,5.398
curtain,5.398
wrongli,5.387
unfamiliar,5.387
process,5.387
deceit,5.383
horrend,5.381
boost,5.372
anchor,5.370
bar,5.368
encount,5.366
submit,5.366
bunch,5.364
tragic,5.361
enrich,5.356
alley,5.350
coma,5.348
contempt,5.348
current,5.334
quibbl,5.330
asset,5.328
weird,5.316
extra,5.311
transform,5.309
queenli,5.306
lanchster,5.306
tradgidi,5.306
prosecutioni,5.306
shyamalanyan,5.306
unappropri,5.306
pricelss,5.306
brittaini,5.306
volv,5.306
testemunha,5.306
solisitor,5.306
brifg,5.306
hodiak,5.306
otlodm,5.306
colloni,5.306
fatalish,5.306
methusala,5.306
bligh,5.306
80000,5.306
codist,5.306
demonsr,5.306
antagnist,5.306
pillsom,5.306
acusa,5.306
lanchast,5.306
craggli,5.306
rhtyhm,5.306
agetha,5.306
rumpol,5.306
parumph,5.306
lancster,5.306
bigamist,5.306
mckern,5.306
maidenli,5.306
porsecut,5.306
pimsol,5.306
melneck,5.306
recup,5.306
bouldevard,5.306
schemin,5.306
videoagatha,5.306
grachiu,5.306
loughton,5.306
shadili,5.306
26k,5.306
scrubber,5.306
sirwilfr,5.306
tryron,5.306
simbas,5.306
schtoop,5.306
chaykin,5.306
unrememb,5.306
bigami,5.306
took,5.306
pepper,5.302
wise,5.296
repress,5.293
ash,5.287
mutual,5.285
substitut,5.280
anguish,5.278
grand,5.276
seduc,5.267
bother,5.267
cruis,5.265
imperson,5.263
household,5.257
sex,5.256
dim,5.256
chamber,5.245
l,5.244
quot,5.242
spartacu,5.241
hardli,5.235
btw,5.232
jealousi,5.227
enterpris,5.227
eloqu,5.225
oblig,5.225
strict,5.220
intellect,5.218
romant,5.205
quintessenti,5.204
21,5.192
month,5.187
convert,5.179
rous,5.172
redford,5.163
plung,5.161
procedur,5.153
energet,5.153
spectat,5.148
servant,5.148
snap,5.146
breakdown,5.140
locat,5.140
eleven,5.129
dream,5.121
perpetu,5.121
spade,5.119
limit,5.113
decent,5.113
riddl,5.110
guin,5.109
awhil,5.107
strictli,5.107
listen,5.094
plenti,5.092
talki,5.092
asid,5.081
peril,5.080
protest,5.080
flair,5.080
absent,5.078
drag,5.075
funnier,5.071
shaki,5.056
fli,5.056
apolog,5.055
warmth,5.046
mileston,5.043
envi,5.042
qualifi,5.042
superl,5.038
scottish,5.036
wildli,5.031
minimum,5.025
ought,5.025
versatil,5.022
document,5.014
sixti,5.013
horribl,5.009
mood,5.008
remarkedli,5.005
classili,5.005
witchmak,5.005
franklyn,5.005
lawton,5.005
paunchi,5.005
agath,5.005
farnum,5.005
performan,5.005
caringli,5.005
autocu,5.005
mottl,5.005
80k,5.005
hearn,5.005
acceptor,5.005
thorndyk,5.005
stimul,5.000
sneak,4.996
requir,4.990
colleagu,4.982
admir,4.981
low,4.979
privileg,4.978
affect,4.972
battl,4.970
strain,4.970
extract,4.968
repres,4.968
psycholog,4.967
reviv,4.955
1968,4.944
inject,4.944
reel,4.940
item,4.930
oppon,4.927
equival,4.926
pivot,4.914
suffici,4.900
foundat,4.900
upper,4.891
diamond,4.890
convincingli,4.882
pen,4.879
repli,4.878
glamor,4.877
interrog,4.874
uk,4.872
detach,4.872
ration,4.867
sunday,4.866
boast,4.864
habit,4.863
vh,4.861
weakest,4.861
whatev,4.854
averag,4.845
seamlessli,4.836
secondari,4.836
shortli,4.835
california,4.831
hauteur,4.829
r2pc,4.829
unhesit,4.829
blackguard,4.829
malef,4.829
songstress,4.829
tyronn,4.829
knute,4.829
trauner,4.829
marelen,4.829
niven,4.829
litig,4.829
repart,4.829
share,4.829
insert,4.823
narr,4.817
suspend,4.816
melodramat,4.808
travel,4.807
tongu,4.801
teller,4.799
wick,4.793
knife,4.788
attribut,4.785
jane,4.783
helpless,4.781
staff,4.778
convolut,4.767
purpos,4.764
eleg,4.760
impact,4.754
introduc,4.749
distress,4.749
emphasi,4.748
queen,4.748
20,4.745
conveni,4.742
drew,4.740
print,4.732
keen,4.731
bill,4.730
culmin,4.727
free,4.726
chest,4.725
tip,4.724
von,4.720
shakespear,4.713
ok,4.710
librari,4.707
terribl,4.707
unintrus,4.704
ial,4.704
romina,4.704
articulaci,4.704
rockn,4.704
qc,4.704
filmlov,4.704
chanteus,4.704
ensu,4.699
jr,4.698
1930,4.692
valuabl,4.692
wealth,4.691
execut,4.689
conscienc,4.683
fare,4.681
song,4.678
sensibl,4.674
hail,4.672
whoever,4.671
lengthi,4.666
grate,4.666
analyz,4.664
companion,4.663
dear,4.661
slick,4.656
per,4.655
assembl,4.641
univers,4.637
useless,4.633
serious,4.633
vital,4.624
dictat,4.623
packag,4.613
stupid,4.610
trade,4.608
censori,4.607
coronari,4.607
aftra,4.607
indignantli,4.607
sternberg,4.607
gratifyingli,4.607
deathblow,4.607
bodi,4.605
polish,4.587
segment,4.586
resolv,4.583
via,4.579
blow,4.576
relax,4.575
seat,4.565
arthur,4.565
defi,4.556
suprem,4.544
issu,4.541
disast,4.537
illus,4.532
sublim,4.530
marpl,4.528
foulmouth,4.528
entrain,4.528
guiltier,4.528
ticker,4.528
100k,4.528
matti,4.528
50k,4.528
biliou,4.528
vim,4.528
suitabl,4.517
wanna,4.508
strongest,4.506
yesterday,4.503
subject,4.498
laughabl,4.497
pitch,4.495
ride,4.494
butler,4.494
mix,4.492
alert,4.488
shoot,4.484
hesit,4.475
ego,4.474
laid,4.473
stole,4.466
ralph,4.465
1970,4.462
malley,4.461
25k,4.461
bellicos,4.461
hubrist,4.461
gruffli,4.461
squirrelli,4.461
beanstalk,4.461
henpeck,4.461
sandpap,4.461
aheadth,4.461
stockpil,4.461
rocketmail,4.461
meddlesom,4.461
scar,4.452
undeni,4.449
aspir,4.449
sun,4.449
properli,4.447
infam,4.442
orson,4.433
beaten,4.426
memori,4.415
indian,4.413
invit,4.410
nursemaid,4.403
molier,4.403
dissembl,4.403
quasimodo,4.403
ahhhhh,4.403
slimmer,4.403
react,4.400
lean,4.396
devast,4.392
reson,4.387
mechan,4.383
descript,4.383
impecc,4.377
slight,4.373
settl,4.371
eve,4.370
fix,4.368
card,4.364
subplot,4.363
tini,4.363
mark,4.361
testi,4.352
serio,4.352
douc,4.352
thermomet,4.352
harlot,4.352
melo,4.352
183,4.352
chatterbox,4.352
multitudin,4.352
offstag,4.352
incid,4.349
occas,4.348
assur,4.348
punish,4.340
chair,4.337
luck,4.336
urg,4.325
jack,4.324
stranger,4.323
struck,4.317
shut,4.314
ice,4.311
shiftless,4.306
salomon,4.306
throughlin,4.306
mauri,4.306
elisa,4.306
thermo,4.306
rigg,4.306
bailiff,4.306
joann,4.306
midsumm,4.306
forgon,4.306
fade,4.306
liner,4.306
buddi,4.304
notion,4.301
height,4.299
medium,4.297
sophist,4.295
increas,4.294
thirti,4.292
wherea,4.288
servic,4.286
anyway,4.286
ironi,4.284
ton,4.282
scheme,4.280
distanc,4.273
bristol,4.265
trapdoor,4.265
faithless,4.265
hitchkock,4.265
hitcock,4.265
finicki,4.265
meow,4.265
bitter,4.263
25,4.251
fame,4.239
select,4.235
aid,4.233
kerr,4.227
adventuresom,4.227
valet,4.227
bogard,4.227
declaim,4.227
hangman,4.227
disentangl,4.227
dither,4.227
turpitud,4.227
escap,4.217
larger,4.215
similar,4.213
attach,4.210
child,4.210
eight,4.209
conclud,4.208
chose,4.202
wound,4.199
raisin,4.192
copperfield,4.192
outr,4.192
irma,4.192
wicket,4.192
belov,4.192
endless,4.186
forgiv,4.183
lucki,4.182
self,4.180
split,4.175
dedic,4.175
deliber,4.167
ghoulishli,4.160
browser,4.160
frequent,4.153
stellar,4.149
nowaday,4.148
anywher,4.145
marriag,4.141
ultim,4.139
consider,4.135
poorli,4.135
perspicaci,4.130
cl,4.130
cavil,4.130
cincinnati,4.130
poirot,4.130
grisham,4.130
state,4.126
emerg,4.124
retir,4.123
measur,4.122
teen,4.119
thin,4.119
vast,4.110
expos,4.107
redoubt,4.102
crabbi,4.102
dirk,4.102
matron,4.102
sybil,4.102
sizeabl,4.102
importantli,4.099
nonsens,4.095
accompani,4.094
break,4.092
charli,4.090
convict,4.087
tabl,4.083
solv,4.081
fulfil,4.078
verili,4.076
oj,4.076
rumpl,4.076
blusteri,4.076
lilli,4.076
purloin,4.076
partner,4.066
glori,4.057
wrap,4.052
sonor,4.051
fantabul,4.051
lubitsch,4.051
kerouac,4.051
sulki,4.051
sop,4.051
showpiec,4.051
garbitsch,4.051
portli,4.051
imman,4.051
degre,4.050
substanc,4.043
scenario,4.035
citi,4.034
compar,4.032
comed,4.030
girth,4.028
foxi,4.028
url,4.028
grew,4.021
drink,4.020
character,4.013
stretch,4.012
blade,4.009
fawlti,4.005
subsidiari,4.005
overextend,4.005
matrimoni,4.005
soloman,4.005
unbeknown,4.005
dunnit,4.005
deep,4.004
load,4.003
puffi,3.984
bossi,3.984
intern,3.984
bright,3.983
ex,3.982
commentari,3.978
idiot,3.972
k,3.970
realist,3.969
precis,3.968
whenev,3.967
excess,3.965
context,3.965
marqui,3.964
mien,3.964
pelham,3.964
foreclosur,3.964
dawdl,3.964
acuiti,3.964
corrobor,3.964
sigmund,3.964
lagoon,3.945
avidli,3.945
theyservepopcorninhel,3.945
byzantin,3.945
disloy,3.945
imposit,3.945
teacher,3.939
guard,3.936
sake,3.934
chirpi,3.926
screwi,3.926
peppi,3.926
nue,3.926
telecast,3.926
rip,3.909
ointment,3.908
indefatig,3.908
pur,3.908
brill,3.908
gold,3.908
categori,3.900
villain,3.899
justifi,3.898
dark,3.895
maintain,3.894
teuton,3.891
josef,3.891
basil,3.891
human,3.882
bear,3.877
1914,3.875
alfi,3.875
wake,3.874
energi,3.871
foreign,3.871
feckless,3.859
sellout,3.859
crowd,3.859
demand,3.847
guttur,3.844
bullitt,3.844
creme,3.844
wintri,3.844
baloney,3.844
immateri,3.844
wafer,3.844
tenor,3.844
explan,3.843
numer,3.843
weav,3.832
garbo,3.829
collus,3.829
crackerjack,3.829
core,3.829
massiv,3.829
reli,3.821
anybodi,3.820
student,3.815
herebi,3.815
enamour,3.815
tantalis,3.815
11,3.807
attitud,3.805
punch,3.803
shrewdli,3.801
unchalleng,3.801
greater,3.801
honor,3.799
evil,3.789
leni,3.788
badger,3.788
construct,3.787
likabl,3.783
shouldn,3.780
insight,3.776
housemaid,3.775
solemnli,3.775
swill,3.775
blend,3.768
70,3.766
accordion,3.762
adroitli,3.762
sell,3.761
winner,3.754
phenomen,3.754
snobberi,3.750
vocat,3.750
plain,3.749
rang,3.746
built,3.745
psycho,3.742
sum,3.731
cukor,3.727
earmark,3.727
intak,3.727
parti,3.726
scream,3.717
undu,3.715
sod,3.715
oodl,3.715
riefenstahl,3.715
rewound,3.715
weren,3.713
unflapp,3.704
reassembl,3.704
pungent,3.704
hm,3.704
bequeath,3.704
hijink,3.704
stagey,3.704
shadow,3.695
burn,3.694
bloodi,3.690
count,3.685
grant,3.685
investig,3.683
compart,3.683
crispli,3.683
opin,3.683
1890,3.683
jaunti,3.683
wittic,3.683
photographi,3.681
unless,3.680
protrud,3.673
callow,3.663
flabbi,3.663
subterfug,3.663
pathway,3.663
paw,3.653
vigour,3.653
hag,3.653
manslaught,3.653
speedi,3.653
bootleg,3.653
realis,3.648
scale,3.645
gigolo,3.644
cobra,3.644
bothersom,3.644
250,3.634
10i,3.634
breathlessli,3.634
highpoint,3.634
ailment,3.634
structur,3.632
worri,3.629
c,3.627
frau,3.625
wild,3.623
mile,3.618
led,3.616
fair,3.611
modestli,3.607
aa,3.607
crotcheti,3.607
mortifi,3.607
carolina,3.607
banquet,3.607
blown,3.599
goad,3.599
brunt,3.599
detain,3.599
liven,3.599
road,3.592
sizabl,3.590
haughti,3.590
headlong,3.590
paragon,3.590
convey,3.590
flow,3.588
compani,3.588
erudit,3.582
creaki,3.582
saxon,3.582
unavail,3.582
raf,3.582
envisag,3.582
deepli,3.580
steven,3.578
jailer,3.574
lantern,3.574
irrepress,3.574
offscreen,3.566
comfi,3.566
fussi,3.566
stationari,3.566
edward,3.560
content,3.560
breathtak,3.558
rascal,3.558
blurt,3.558
clive,3.558
stephen,3.557
door,3.556
establish,3.556
coil,3.550
leer,3.550
charmer,3.550
triumphantli,3.550
lisp,3.550
canni,3.550
belliger,3.543
reprimand,3.543
provok,3.540
la,3.540
bracket,3.535
mainstay,3.535
erstwhil,3.535
accomplish,3.532
super,3.531
inconclus,3.528
bluff,3.528
umm,3.528
125,3.528
edith,3.521
icon,3.517
overheard,3.514
stone,3.509
send,3.508
pinocchio,3.507
flail,3.507
imped,3.507
wiggl,3.507
sent,3.507
kick,3.502
air,3.501
beginn,3.500
archi,3.500
platon,3.500
faith,3.494
curmudgeon,3.493
gielgud,3.493
maker,3.493
fresh,3.488
lavishli,3.487
fluidli,3.487
neg,3.486
fatalist,3.480
aros,3.468
scant,3.468
suit,3.463
arriv,3.462
necessit,3.461
splinter,3.461
bewitch,3.461
noos,3.461
besid,3.455
opinion,3.453
intent,3.452
overlord,3.449
unobtrus,3.449
diminut,3.443
feverish,3.443
costar,3.443
progress,3.443
mistak,3.441
inn,3.437
oak,3.437
chilli,3.437
symmetr,3.437
grievanc,3.437
undress,3.437
caustic,3.437
mommi,3.431
twinkl,3.431
inflect,3.431
defin,3.427
glib,3.426
onlook,3.426
studi,3.421
acquit,3.420
anglo,3.420
scoff,3.420
ground,3.417
amusingli,3.414
unashamedli,3.414
incis,3.414
dissatisfact,3.414
unlov,3.409
ruse,3.409
habitu,3.409
nuisanc,3.403
jeopard,3.403
postwar,3.403
1933,3.403
week,3.401
unbeliev,3.395
devilishli,3.393
afteral,3.387
53,3.387
ulterior,3.387
expound,3.387
2001,3.384
hercul,3.382
aliv,3.379
meant,3.377
ranch,3.377
deborah,3.372
prod,3.372
hurdl,3.372
fedora,3.372
guild,3.372
gl,3.367
nourish,3.367
pointlessli,3.367
honestli,3.365
82,3.362
retort,3.362
chiefli,3.362
rene,3.362
58,3.362
nicest,3.357
loveabl,3.357
dissuad,3.352
incorrupt,3.352
jump,3.352
brighten,3.347
purg,3.347
breath,3.346
footnot,3.343
specialti,3.343
caveat,3.343
faculti,3.343
tuck,3.343
stump,3.343
microscop,3.338
consent,3.338
mustn,3.333
deris,3.329
credenc,3.329
expel,3.329
gent,3.329
76,3.329
honest,3.325
rearrang,3.324
cranki,3.324
nor,3.324
brittl,3.320
mismatch,3.320
lithuania,3.320
sponsor,3.320
geez,3.315
subtl,3.314
dabbl,3.311
unsatisfactori,3.311
unsuit,3.306
visual,3.302
uncharacterist,3.302
finney,3.302
rend,3.302
connolli,3.302
constrain,3.298
sylvia,3.298
egocentr,3.298
troublesom,3.298
focus,3.296
stuffi,3.294
meager,3.294
1961,3.294
valkyri,3.294
charad,3.294
100,3.287
undesir,3.285
peerless,3.285
dreyer,3.285
affabl,3.281
tumultu,3.281
liquor,3.277
fad,3.277
fidel,3.277
deposit,3.277
broaden,3.273
graffiti,3.273
trifl,3.273
1938,3.273
repertoir,3.269
inimit,3.269
macbeth,3.269
lightweight,3.265
chap,3.265
concur,3.261
ecstasi,3.261
indispens,3.261
rubbl,3.257
barb,3.257
dispel,3.257
protract,3.257
soldier,3.257
centuri,3.256
quotat,3.253
cackl,3.253
default,3.249
droll,3.249
enrol,3.249
prescrib,3.249
fray,3.249
brainer,3.249
rash,3.246
mutini,3.246
leviti,3.246
snarl,3.246
chronic,3.238
deduct,3.238
godard,3.238
joke,3.236
startlingli,3.231
centerpiec,3.231
regal,3.231
drifter,3.227
mercuri,3.227
generos,3.227
languag,3.227
nap,3.224
vener,3.224
technic,3.222
meati,3.220
goo,3.220
powder,3.220
cgi,3.219
wallop,3.216
buckl,3.216
queue,3.209
emit,3.209
shenanigan,3.209
heartedli,3.209
sedat,3.209
spectacular,3.209
cutthroat,3.206
fastest,3.206
masochist,3.203
twister,3.203
banana,3.199
vest,3.196
agit,3.196
deliver,3.196
america,3.195
fingerprint,3.192
englishman,3.192
wickedli,3.192
goodwin,3.192
soul,3.192
tone,3.191
catchphras,3.189
sticki,3.186
130,3.186
hefti,3.186
percentag,3.186
undercut,3.186
unhealthi,3.182
virtuos,3.182
mischief,3.182
deliri,3.182
37,3.182
nuremberg,3.179
oop,3.179
adulteri,3.179
enclos,3.176
1943,3.173
carlyl,3.173
110,3.173
busi,3.171
cylind,3.170
malic,3.170
gel,3.170
skil,3.170
flatter,3.166
madelin,3.166
1934,3.163
augment,3.160
aren,3.159
regul,3.157
34,3.157
offspr,3.157
nervous,3.157
indisput,3.157
gargantuan,3.157
histrion,3.154
discredit,3.154
pyrotechn,3.154
disclos,3.151
sickli,3.151
confound,3.148
combo,3.145
sunk,3.145
misdirect,3.142
virtuoso,3.142
narrowli,3.139
precari,3.139
tidi,3.136
attest,3.136
ditto,3.136
supervis,3.130
rise,3.128
assimil,3.127
atlant,3.127
blight,3.125
slacker,3.125
aloof,3.125
relay,3.122
eman,3.122
bearer,3.119
anxious,3.116
unjust,3.116
scent,3.116
illustri,3.113
incess,3.113
36,3.113
masterstrok,3.110
profici,3.110
tumbl,3.108
disapprov,3.108
hilt,3.108
mistrust,3.108
sneer,3.108
matin,3.108
eclect,3.105
ratchet,3.105
detour,3.105
upstag,3.102
overflow,3.102
painstakingli,3.102
coz,3.102
period,3.099
sneaki,3.097
artist,3.097
analyt,3.094
punchlin,3.092
subvert,3.092
avers,3.092
monday,3.089
masterclass,3.086
immun,3.086
flicker,3.086
44,3.086
poker,3.081
toddler,3.081
mad,3.079
2017,3.078
patent,3.076
limelight,3.073
pleaser,3.073
dictionari,3.073
upgrad,3.068
winc,3.066
email,3.066
sardon,3.066
vapid,3.063
cheeki,3.063
hitchcockian,3.063
normal,3.062
overnight,3.061
bbc,3.061
databas,3.061
knot,3.061
magnifi,3.058
saddl,3.058
nero,3.056
onscreen,3.053
chore,3.053
scrambl,3.053
cameraman,3.053
fend,3.051
austin,3.051
unresolv,3.051
discov,3.051
flimsi,3.046
non,3.046
annual,3.044
color,3.044
censorship,3.039
treacheri,3.039
pois,3.039
swap,3.037
lofti,3.037
cherri,3.037
heinou,3.032
tenth,3.030
barrag,3.028
prolif,3.028
shrewd,3.028
31,3.023
rediscov,3.023
tee,3.021
deter,3.021
mercilessli,3.021
eponym,3.016
conniv,3.016
33,3.016
wri,3.014
bethani,3.014
forese,3.012
rhyme,3.012
tow,3.010
astor,3.010
unintellig,3.010
noon,3.005
nightclub,3.005
juggl,3.003
afflict,3.003
smuggl,3.001
design,3.000
gypsi,2.997
entangl,2.997
mischiev,2.997
calmli,2.995
groom,2.995
grandpar,2.995
bravura,2.992
releg,2.992
dupe,2.990
expend,2.990
forbid,2.988
quip,2.988
masquerad,2.984
solemn,2.984
flick,2.982
daze,2.982
muster,2.982
blanket,2.978
yield,2.978
pedestrian,2.976
intervent,2.972
loudli,2.970
overwrought,2.970
overdo,2.968
interspers,2.966
group,2.965
insid,2.963
struggl,2.962
griev,2.962
stain,2.960
rigid,2.960
detriment,2.958
curious,2.956
overlap,2.956
concis,2.956
moan,2.954
imbu,2.954
relat,2.953
tripl,2.952
therein,2.952
1973,2.952
focal,2.952
hackney,2.950
mandatori,2.950
scan,2.950
smartli,2.948
ritual,2.948
allegedli,2.947
gladli,2.947
madr,2.947
adept,2.945
unsuspect,2.945
modifi,2.943
stanwyck,2.943
abli,2.943
deft,2.941
loui,2.941
stricken,2.941
fantasi,2.940
1969,2.939
amazon,2.935
lincoln,2.935
medicin,2.933
careless,2.933
gruff,2.933
tout,2.932
swift,2.932
halt,2.930
imag,2.929
32,2.928
sacr,2.928
leisur,2.926
nt,2.926
vignett,2.926
problemat,2.924
defect,2.924
obey,2.924
prodigi,2.921
ditch,2.917
hay,2.915
timid,2.912
sierra,2.912
brow,2.908
ounc,2.905
indict,2.903
deviou,2.900
machina,2.898
selv,2.898
eclips,2.896
1966,2.896
whereabout,2.895
sleev,2.895
treacher,2.893
stilt,2.890
framework,2.888
proudli,2.888
1946,2.886
embed,2.886
dir,2.885
depth,2.884
taunt,2.883
gravita,2.881
galleri,2.881
yarn,2.880
keeper,2.880
biograph,2.878
guiness,2.877
gentli,2.877
lump,2.877
violent,2.875
shaken,2.872
intuit,2.870
til,2.870
belli,2.869
cox,2.867
arti,2.867
crank,2.867
bid,2.865
diabol,2.864
mason,2.864
coincident,2.862
veer,2.862
everytim,2.862
simpson,2.859
tailor,2.858
advoc,2.858
cri,2.855
consult,2.855
stud,2.855
june,2.855
cum,2.852
caper,2.848
bafta,2.848
deciph,2.847
farewel,2.845
macabr,2.844
unveil,2.844
anyhow,2.844
malevol,2.842
jolt,2.842
headlin,2.841
exemplari,2.841
god,2.840
interplay,2.839
transpir,2.838
grind,2.837
eg,2.835
readili,2.835
fluff,2.835
1974,2.835
shadi,2.832
greenstreet,2.832
deaf,2.832
correspond,2.831
feminin,2.831
satisfactori,2.829
th,2.828
partnership,2.825
ing,2.825
canadian,2.823
bombard,2.823
heavyweight,2.821
railroad,2.819
perri,2.815
1978,2.809
simpler,2.808
replay,2.808
palm,2.807
purist,2.805
multitud,2.804
rewrit,2.804
uniformli,2.801
trump,2.798
kiddi,2.798
justif,2.796
interfer,2.796
plate,2.794
permeat,2.793
clutch,2.792
diet,2.792
backbon,2.790
prestigi,2.790
youtub,2.789
pad,2.787
vinni,2.787
stardom,2.785
worm,2.785
bombast,2.785
unpreced,2.784
bargain,2.784
cane,2.784
quirk,2.783
deu,2.779
devis,2.777
china,2.777
esteem,2.775
sequel,2.774
placement,2.774
hirsch,2.774
tax,2.772
intoler,2.772
1987,2.772
sleazi,2.772
unnatur,2.772
hiccup,2.772
plead,2.771
clooney,2.771
prowess,2.770
tissu,2.767
patch,2.766
schedul,2.766
anna,2.765
dock,2.765
1920,2.765
1962,2.762
peel,2.761
bewar,2.761
junior,2.760
giggl,2.760
brit,2.760
extern,2.757
broadway,2.754
cann,2.752
wherev,2.751
starter,2.751
perplex,2.750
largest,2.748
alarm,2.745
tempo,2.745
swanson,2.745
king,2.744
hypocrit,2.743
reinvent,2.743
fright,2.743
johnson,2.743
adversari,2.743
dish,2.738
melodi,2.738
whimsic,2.737
trivia,2.737
95,2.737
static,2.737
pow,2.736
restraint,2.735
bulk,2.733
thunder,2.733
kirk,2.733
heir,2.733
mistress,2.730
improb,2.730
candl,2.729
se,2.729
unmatch,2.728
trim,2.725
illumin,2.725
sydney,2.725
inaccur,2.723
starv,2.723
stuf,2.721
resum,2.721
filler,2.721
singular,2.721
philadelphia,2.719
openli,2.718
therebi,2.716
beforehand,2.715
newer,2.713
1944,2.713
conceal,2.713
drummer,2.712
voter,2.712
flourish,2.712
bliss,2.711
filmographi,2.710
stanton,2.710
formid,2.708
denial,2.708
outdo,2.708
laden,2.706
scatter,2.705
unquestion,2.704
phoni,2.703
yard,2.702
penetr,2.702
rude,2.701
blaze,2.701
wider,2.701
arch,2.701
swashbuckl,2.700
refin,2.699
ceremoni,2.699
gloria,2.698
1955,2.698
mesmeris,2.698
craftsmanship,2.697
infect,2.696
awesom,2.695
uncertainti,2.695
opt,2.694
undertak,2.694
preval,2.694
primal,2.693
foil,2.688
experiment,2.688
pat,2.687
incompet,2.685
conrad,2.685
fear,2.683
bounc,2.682
cram,2.681
phase,2.681
rebelli,2.678
slim,2.676
minu,2.673
anonym,2.671
intro,2.671
deceas,2.671
utmost,2.671
dizzi,2.670
hum,2.670
forgiven,2.670
subdu,2.669
uneven,2.668
classi,2.668
cowardli,2.667
strategi,2.665
teas,2.664
vocal,2.664
entic,2.664
unintent,2.663
demeanor,2.663
heartless,2.663
bia,2.662
refuge,2.661
masterwork,2.660
barbara,2.659
300,2.656
scotland,2.655
senior,2.655
pervers,2.655
spoof,2.654
lenni,2.653
smallest,2.652
lousi,2.652
throne,2.652
seduct,2.651
conjur,2.651
1992,2.650
knee,2.650
africa,2.649
ban,2.649
neatli,2.645
noteworthi,2.645
acid,2.645
palpabl,2.644
occup,2.644
renown,2.642
strand,2.640
beethoven,2.640
slum,2.639
unseen,2.638
sigh,2.638
untouch,2.638
assumpt,2.637
mar,2.637
ingrid,2.634
pioneer,2.633
proce,2.633
sketch,2.631
fabl,2.631
hit,2.625
harmoni,2.625
scandal,2.625
75,2.624
evoc,2.623
footbal,2.622
bitch,2.622
nitpick,2.619
vanish,2.616
significantli,2.614
belt,2.614
kitchen,2.613
impuls,2.613
classifi,2.612
flavor,2.611
criticis,2.608
mini,2.608
juror,2.607
inch,2.607
titular,2.607
artistri,2.607
escal,2.607
monolith,2.607
unsur,2.604
vibe,2.604
chuckl,2.603
textur,2.602
shiver,2.600
ridden,2.599
shortcom,2.599
encompass,2.599
necess,2.598
hardest,2.596
winston,2.595
fabric,2.593
bonu,2.592
cigarett,2.591
sidney,2.590
goosebump,2.587
stagger,2.586
walker,2.585
slide,2.585
conneri,2.583
cartoonish,2.583
edgi,2.581
candid,2.580
beer,2.580
interestingli,2.579
underton,2.579
inexplic,2.578
specul,2.577
capac,2.576
uneasi,2.576
35,2.572
angst,2.569
provoc,2.569
berlin,2.568
vein,2.568
interior,2.567
lemmon,2.565
idol,2.564
properti,2.563
sli,2.561
woven,2.561
tightli,2.560
dump,2.560
boggl,2.560
compens,2.559
recogniz,2.559
prospect,2.557
greet,2.557
1993,2.557
unconvent,2.556
salesman,2.554
petti,2.554
seamless,2.552
afi,2.552
understat,2.549
1939,2.547
incarn,2.547
1976,2.544
request,2.544
conduct,2.542
blatant,2.541
humili,2.541
turner,2.539
perman,2.538
darn,2.537
albert,2.537
cabl,2.537
toilet,2.535
2013,2.535
crippl,2.532
uniform,2.531
brazil,2.531
furiou,2.530
dispos,2.530
poe,2.529
alexand,2.527
breakthrough,2.527
patho,2.527
crisp,2.524
pot,2.524
evalu,2.522
bastard,2.521
runtim,2.520
sarcast,2.520
blogspot,2.520
hitch,2.520
delet,2.518
fragil,2.517
upcom,2.515
summar,2.514
weari,2.512
sore,2.512
devoid,2.512
fiction,2.511
declin,2.511
senat,2.510
gimmick,2.510
obtain,2.508
2012,2.507
quotabl,2.503
firm,2.501
cheek,2.501
afford,2.500
neglect,2.499
dive,2.499
calib,2.499
coolest,2.495
despic,2.494
regim,2.493
judgement,2.493
saturday,2.491
agenda,2.489
mozart,2.489
effici,2.489
lip,2.489
epitom,2.489
mundan,2.488
dougla,2.487
undercov,2.487
mild,2.487
toe,2.487
aforement,2.485
ebert,2.485
fierc,2.484
laura,2.484
drum,2.484
ted,2.483
audio,2.482
chew,2.482
likewis,2.480
characteris,2.480
chines,2.478
counter,2.478
guest,2.477
ah,2.476
girl,2.476
web,2.472
heighten,2.472
flashi,2.471
websit,2.471
signatur,2.470
unpleas,2.470
effortlessli,2.466
cun,2.462
trace,2.462
celluloid,2.462
sergeant,2.461
enforc,2.461
zoom,2.461
valid,2.461
et,2.454
gadget,2.453
capra,2.453
bibl,2.453
visibl,2.453
briefli,2.451
hood,2.449
vibrant,2.448
2015,2.447
drain,2.447
clip,2.444
duo,2.443
tactic,2.442
decor,2.441
vice,2.438
delic,2.438
1979,2.435
tag,2.427
coat,2.427
snatch,2.427
durat,2.426
gray,2.426
compromis,2.424
conquer,2.424
wreck,2.424
gestur,2.423
2004,2.422
photo,2.422
irrelev,2.420
cope,2.420
impos,2.419
revisit,2.419
complement,2.418
boyfriend,2.411
map,2.411
lastli,2.410
trio,2.409
labyrinth,2.409
pun,2.408
swallow,2.408
preserv,2.407
spoke,2.407
fifth,2.406
transfer,2.404
flight,2.403
wheel,2.401
collaps,2.399
thick,2.399
replic,2.396
adequ,2.394
dose,2.388
michel,2.388
spotlight,2.387
fifteen,2.387
boredom,2.387
declar,2.387
2005,2.386
internet,2.386
spine,2.384
exceed,2.381
liberti,2.380
luckili,2.376
nervou,2.373
chop,2.372
thread,2.372
quarter,2.372
inconsist,2.371
smash,2.370
harm,2.370
repeatedli,2.369
humphrey,2.368
nut,2.368
bulli,2.368
loneli,2.366
enlighten,2.363
ethic,2.362
shorter,2.360
strip,2.360
editor,2.360
1995,2.357
presum,2.357
pit,2.356
unfair,2.356
eager,2.353
cloud,2.352
buck,2.352
dilemma,2.350
aka,2.347
neck,2.347
immort,2.345
drown,2.344
expertli,2.343
nose,2.343
deriv,2.342
stake,2.341
confirm,2.340
overshadow,2.337
enchant,2.335
usa,2.335
irish,2.334
glu,2.331
mentor,2.330
meaningless,2.330
profit,2.328
bounti,2.327
ain,2.327
halfway,2.327
induc,2.324
legaci,2.324
taught,2.323
electr,2.323
1st,2.323
promin,2.320
coincid,2.317
rubbish,2.316
brook,2.316
throat,2.315
spark,2.313
capit,2.313
closest,2.310
weekend,2.309
unravel,2.309
lend,2.308
text,2.307
ancient,2.306
primarili,2.306
2008,2.305
pile,2.305
flew,2.305
territori,2.305
lust,2.305
gag,2.305
moviego,2.304
beneath,2.301
resolut,2.301
contrari,2.301
alcohol,2.301
pose,2.300
monument,2.299
oz,2.299
reserv,2.298
entri,2.297
sympath,2.296
resourc,2.294
east,2.294
principl,2.294
simplist,2.293
moon,2.293
format,2.288
smaller,2.288
eras,2.287
testament,2.284
bland,2.282
sink,2.281
18,2.281
rat,2.280
em,2.278
represent,2.278
standout,2.277
pursuit,2.277
chain,2.277
confin,2.275
charisma,2.270
walter,2.269
stir,2.266
shed,2.266
increasingli,2.265
screw,2.265
45,2.265
poetic,2.263
imprison,2.263
rose,2.263
rear,2.262
firstli,2.261
miser,2.260
distant,2.257
nine,2.256
simultan,2.256
shoulder,2.255
gloriou,2.254
wander,2.251
prime,2.251
torn,2.250
collabor,2.248
un,2.246
impli,2.246
hopkin,2.244
grim,2.244
fat,2.240
parodi,2.240
function,2.240
await,2.239
stumbl,2.239
feat,2.239
artifici,2.239
gratuit,2.237
selfish,2.237
burst,2.236
acknowledg,2.234
slip,2.234
influenti,2.231
min,2.229
march,2.226
recreat,2.226
tour,2.225
humbl,2.224
pride,2.224
2000,2.223
bergman,2.220
characterist,2.219
block,2.218
intric,2.216
compliment,2.216
european,2.213
fought,2.212
1990,2.212
directori,2.210
confess,2.209
20th,2.208
vivid,2.206
glass,2.204
stronger,2.203
wrench,2.203
creator,2.203
chaplin,2.203
bird,2.203
albeit,2.202
arnold,2.202
thumb,2.200
brand,2.199
coaster,2.196
watchabl,2.195
explod,2.192
span,2.191
duti,2.191
awkward,2.190
destin,2.189
leo,2.186
bogart,2.185
trek,2.185
liber,2.184
bone,2.183
1960,2.183
showcas,2.182
institut,2.179
transport,2.179
render,2.178
roller,2.177
expens,2.174
ran,2.172
presid,2.171
indic,2.169
embodi,2.168
con,2.165
wed,2.163
lift,2.163
proof,2.162
persona,2.161
cinematograph,2.161
corner,2.159
irrit,2.159
antagonist,2.158
dazzl,2.158
proper,2.157
h,2.155
sudden,2.154
curiou,2.154
wave,2.153
wing,2.153
funniest,2.150
1999,2.148
invest,2.147
stomach,2.143
outcom,2.143
reminisc,2.140
nuanc,2.136
illustr,2.136
stylish,2.134
roger,2.132
meaning,2.132
contemporari,2.129
size,2.124
bag,2.120
tool,2.118
bull,2.118
goer,2.117
shake,2.115
hall,2.112
instantli,2.111
uma,2.110
jail,2.110
enorm,2.104
freak,2.102
argument,2.101
elev,2.101
flesh,2.101
stare,2.099
interview,2.097
morn,2.097
grasp,2.094
prior,2.092
gradual,2.091
paper,2.089
shift,2.087
woodi,2.086
below,2.084
oppos,2.084
foster,2.081
nonetheless,2.080
somebodi,2.079
stood,2.078
bound,2.078
phone,2.076
proud,2.076
mel,2.075
meanwhil,2.075
n,2.074
samuel,2.071
bed,2.069
mirror,2.068
cloth,2.065
pathet,2.064
afterward,2.063
dynam,2.062
regular,2.062
thoma,2.059
cameo,2.058
runner,2.055
associ,2.054
metaphor,2.050
bank,2.050
countless,2.048
debut,2.048
activ,2.048
resembl,2.047
altern,2.045
wizard,2.045
undoubtedli,2.044
insult,2.044
site,2.042
price,2.040
exact,2.038
sub,2.037
educ,2.036
convent,2.035
cat,2.035
overcom,2.032
exploit,2.030
frankli,2.030
behavior,2.029
succe,2.029
devic,2.028
failur,2.028
amazingli,2.027
translat,2.027
badli,2.025
model,2.024
astound,2.024
threaten,2.022
lifetim,2.021
knock,2.021
refresh,2.020
13,2.020
innov,2.015
highest,2.013
chapter,2.011
arguabl,2.010
greed,2.010
ruthless,2.008
piti,2.007
profound,2.006
virtual,2.005
latest,2.004
accord,2.004
cant,2.004
news,2.004
essenc,2.001
formula,1.997
dad,1.996
militari,1.994
defeat,1.993
paid,1.993
hook,1.992
media,1.992
ador,1.991
grade,1.990
sacrific,1.988
confid,1.987
gorgeou,1.985
darker,1.984
bizarr,1.983
awaken,1.982
acclaim,1.982
south,1.982
store,1.982
demonstr,1.981
sentenc,1.980
intellectu,1.979
bottom,1.976
commerci,1.975
hey,1.975
satir,1.973
endur,1.969
bat,1.968
celebr,1.967
closer,1.967
organ,1.966
hair,1.965
reward,1.964
overli,1.963
folk,1.963
nowher,1.963
triumph,1.961
goal,1.960
concentr,1.959
occasion,1.949
statement,1.947
robin,1.947
rob,1.946
observ,1.945
dress,1.945
surpass,1.940
pointless,1.939
sat,1.938
factor,1.938
cheer,1.937
island,1.937
flat,1.936
belief,1.935
marlon,1.933
grown,1.925
account,1.925
field,1.925
desert,1.925
whilst,1.925
clean,1.923
west,1.923
saga,1.923
consequ,1.922
record,1.918
trip,1.917
giant,1.916
cute,1.915
anthoni,1.914
rescu,1.913
silenc,1.913
somewher,1.912
sean,1.912
frustrat,1.912
complaint,1.910
fake,1.909
princess,1.908
bomb,1.907
sing,1.905
grab,1.901
began,1.899
hidden,1.898
brando,1.896
forgotten,1.895
matur,1.894
agent,1.892
statu,1.888
window,1.888
command,1.886
40,1.883
area,1.883
arm,1.881
profession,1.880
nation,1.879
bigger,1.875
girlfriend,1.873
knowledg,1.872
memento,1.871
succeed,1.864
speech,1.863
thousand,1.862
loud,1.861
ugli,1.859
destruct,1.858
sweet,1.856
signific,1.853
fault,1.851
yeah,1.851
terror,1.848
sick,1.844
paint,1.842
refus,1.839
fell,1.838
opposit,1.837
howard,1.836
path,1.833
ordinari,1.832
camp,1.830
earn,1.830
confront,1.830
x,1.829
multipl,1.826
govern,1.825
deeper,1.822
root,1.821
park,1.821
separ,1.819
u,1.818
ship,1.817
accur,1.817
dare,1.815
copi,1.815
wood,1.814
frighten,1.805
awe,1.804
suck,1.798
silent,1.798
round,1.797
sheer,1.795
toy,1.792
hide,1.791
sister,1.789
willi,1.788
blockbust,1.778
seek,1.776
local,1.774
join,1.773
realism,1.772
90,1.772
tower,1.771
teenag,1.770
depart,1.770
childhood,1.767
overr,1.766
ii,1.765
york,1.764
techniqu,1.763
tie,1.761
heavi,1.760
bare,1.759
creatur,1.759
chill,1.756
wide,1.755
armi,1.749
twice,1.748
choos,1.746
convers,1.743
rush,1.741
explos,1.740
stick,1.740
r,1.737
push,1.734
hasn,1.731
aw,1.727
j,1.723
perspect,1.723
tough,1.719
corrupt,1.718
public,1.715
decis,1.712
paul,1.712
franchis,1.711
discuss,1.708
budget,1.707
desper,1.706
rais,1.703
symbol,1.701
al,1.695
straight,1.688
sam,1.682
search,1.676
social,1.676
red,1.672
machin,1.671
costum,1.671
pitt,1.671
track,1.669
slightli,1.669
individu,1.665
cover,1.662
histor,1.661
frank,1.658
longer,1.652
video,1.648
crew,1.642
spend,1.639
everybodi,1.639
creativ,1.638
nazi,1.629
clich,1.623
episod,1.622
outsid,1.607
30,1.606
vision,1.606
crazi,1.603
physic,1.601
cultur,1.593
gun,1.588
street,1.588
danger,1.586
million,1.579
hype,1.567
refer,1.565
polit,1.564
chase,1.562
beat,1.559
connect,1.553
alien,1.553
surviv,1.549
concept,1.546
background,1.528
school,1.528
de,1.526
lord,1.525
freeman,1.498
car,1.491
brutal,1.488
mother,1.474
societi,1.473
hell,1.473
previou,1.463
bruce,1.440
gone,1.433
jame,1.410
themselv,1.404
adventur,1.401
brother,1.350
happi,1.335
tom,1.334
behind,1.312
horror,1.307
batman,1.303
epic,1.281
cut,1.280
anim,1.277
boy,1.272
father,1.255
theme,1.196
kid,1.187
