python,2344.904
monti,1609.930
grail,1392.227
holi,1215.477
knight,862.755
arthur,794.232
ni,793.478
comedi,747.336
funni,520.639
coconut,496.155
laugh,473.960
sir,446.425
clees,445.732
terri,425.047
king,403.339
rabbit,380.994
chapman,377.397
castl,367.855
humor,366.960
hilari,346.672
gilliam,336.205
silli,336.100
funniest,333.219
joke,322.004
you,316.707
lancelot,298.205
palin,292.790
british,284.413
graham,279.583
brian,264.357
hors,258.122
idl,246.875
they,230.580
black,226.750
camelot,221.520
i,215.689
french,215.348
sketch,210.519
humour,207.774
say,202.841
t,201.631
scene,200.298
movi,198.467
film,194.265
quest,191.905
their,186.217
budget,186.029
so,185.227
tabl,183.738
just,182.254
eric,181.730
if,179.349
my,178.350
are,178.314
watch,178.262
who,175.973
ever,175.918
there,172.128
don,171.618
troup,169.034
round,168.907
jone,168.886
killer,168.824
witch,167.727
classic,167.557
s,167.458
or,165.825
robin,165.502
time,164.454
end,163.114
seen,163.105
mani,160.379
as,159.428
some,158.905
circu,156.196
your,155.634
find,155.416
from,148.929
peopl,148.393
like,148.302
galahad,148.172
legend,147.842
have,147.275
get,146.141
on,145.614
at,145.263
can,144.919
funnier,144.523
swallow,144.457
out,144.143
anthrax,143.242
john,143.168
most,139.897
all,139.652
10,139.066
wa,136.571
one,135.045
line,134.778
with,134.667
quot,134.541
ve,133.649
make,132.646
bridg,132.428
peasant,132.398
not,131.822
me,130.953
mediev,127.029
will,126.767
gag,126.754
think,126.749
god,126.393
still,126.193
life,125.683
do,125.129
know,124.726
other,124.193
that,124.180
be,123.960
when,123.946
then,123.702
made,123.588
never,122.659
veri,122.166
see,121.478
over,121.335
what,121.184
taunt,121.090
but,120.859
no,120.719
bedever,120.633
absurd,120.632
anim,120.065
which,119.674
best,119.531
even,118.778
fli,117.977
re,117.909
for,117.319
ha,115.876
first,115.594
favorit,115.017
realli,114.917
bit,114.779
onli,114.318
love,113.845
stupid,113.709
were,113.200
thing,113.151
would,112.790
had,112.775
brave,112.286
about,111.960
skit,111.274
off,110.716
again,110.234
credit,110.148
shrubberi,109.847
ani,109.287
ll,109.132
up,108.282
much,108.106
low,107.877
how,107.317
it,106.765
everi,106.207
show,106.087
we,105.327
great,103.488
becaus,102.548
by,102.378
them,102.189
mean,100.645
search,100.568
head,100.387
more,99.074
well,98.869
must,98.685
than,98.503
m,98.416
guard,98.395
part,98.383
go,97.253
now,97.102
satir,96.672
thi,96.625
patsi,96.388
seri,95.196
year,94.971
grenad,93.437
good,93.130
nee,91.901
such,90.753
group,90.428
enjoy,89.863
ridicul,89.742
minstrel,89.716
way,89.589
michael,89.565
fun,89.451
arthurian,89.438
is,88.576
fan,87.993
those,87.670
come,87.630
cool,87.076
use,87.025
here,86.939
trojan,86.822
sens,86.818
comed,86.654
few,86.631
enchant,86.398
in,85.566
tim,85.373
quotabl,85.098
along,84.325
togeth,83.948
hi,83.279
after,83.175
anyon,83.091
tv,82.878
probabl,82.873
someth,82.833
saw,82.706
actual,82.121
english,81.099
also,81.089
could,80.963
parodi,80.641
an,80.627
encount,80.494
should,80.376
dead,80.310
too,80.232
where,79.665
these,78.925
quit,78.627
moos,78.452
everyon,78.118
lot,77.179
open,77.069
histori,76.927
though,76.676
cours,76.476
moment,76.259
sing,76.191
greatest,75.672
befor,75.557
let,75.449
stop,75.431
brilliant,75.191
pure,74.982
did,74.954
isn,74.943
didn,74.462
memor,73.976
been,73.807
amus,73.770
laughter,73.556
to,73.292
of,72.411
while,72.059
recommend,71.840
got,71.808
1975,71.716
better,71.676
clever,71.477
start,71.447
work,71.374
random,71.075
geniu,71.027
doesn,70.786
simpli,70.744
wonder,70.554
spam,70.351
swamp,70.098
strang,70.049
may,70.036
take,69.990
absolut,69.847
three,69.817
whi,69.503
want,69.109
crazi,68.935
attack,68.674
littl,68.525
run,68.482
am,68.407
set,68.384
look,68.286
age,68.053
irrever,67.897
ye,67.516
whole,67.078
play,67.037
england,66.979
includ,66.326
comedian,66.155
he,65.947
bad,65.877
dvd,65.646
rememb,65.380
cult,65.320
review,65.257
rate,64.915
into,64.911
death,64.881
friend,64.739
differ,64.244
complet,63.900
give,63.875
hand,63.607
alway,63.557
second,63.437
bunni,63.275
els,62.923
put,62.515
point,62.512
said,62.509
frenchmen,62.439
slapstick,62.344
away,62.125
same,62.053
old,62.040
intellig,61.964
miss,61.945
featur,61.820
yet,61.695
comic,61.531
plot,61.252
team,61.196
sure,61.091
haven,60.868
sound,60.674
gener,60.611
two,60.336
mayb,60.032
hard,59.989
each,59.797
fact,59.729
until,59.643
noth,59.521
today,59.497
briton,59.445
exampl,59.370
oh,59.128
everyth,59.049
through,58.469
call,58.404
number,58.223
song,57.692
tri,57.202
almost,57.148
rather,56.996
ride,56.919
need,56.622
definit,56.601
especi,56.550
place,56.427
day,56.263
fawlti,56.074
outrag,55.908
least,55.844
crew,55.815
seem,55.737
spoof,55.736
begin,55.671
subtitl,55.435
rent,55.205
onc,55.162
hyster,55.053
hate,55.018
rest,54.935
tell,54.761
polit,54.730
own,54.511
elderberri,54.501
reason,54.413
entir,54.334
britain,54.313
taunter,54.083
anoth,53.894
men,53.666
appear,53.383
high,53.311
pretti,53.290
around,53.276
nonsens,53.241
denni,53.200
right,53.198
might,53.187
couldn,53.012
guy,52.997
far,52.871
anyth,52.866
anyway,52.855
a,52.442
stuff,52.414
middl,52.196
hamster,51.563
truli,51.530
bore,51.466
thought,51.362
person,51.361
night,51.051
sit,50.879
forget,50.807
favourit,50.742
historian,50.720
minut,50.710
top,50.690
myself,50.640
mp,50.588
adventur,50.418
frenchman,50.354
direct,50.166
type,50.082
word,50.074
howev,49.920
wall,49.848
true,49.708
weird,49.614
5,49.473
surreal,49.431
tast,49.415
question,49.213
sinc,49.121
unfunni,49.053
down,49.023
view,48.957
school,48.912
big,48.844
ti,48.742
tale,48.622
charact,48.556
bring,48.510
either,48.306
wound,48.289
peril,48.259
princ,48.164
fight,48.026
d,47.911
singl,47.893
serious,47.870
famou,47.810
although,47.722
herbert,47.722
back,47.513
talk,47.494
heard,47.331
kind,47.068
won,47.066
keep,46.730
name,46.697
goe,46.679
enough,46.413
comment,46.205
9,46.201
doe,46.147
special,46.132
join,46.094
monk,46.062
actor,45.825
non,45.688
collect,45.445
episod,45.427
and,45.328
sever,45.308
mention,45.279
sort,45.208
later,45.198
70,45.194
someon,45.185
long,45.179
came,45.151
hasn,45.016
consid,44.842
us,44.516
televis,44.144
flesh,44.113
origin,43.983
recit,43.981
star,43.892
believ,43.857
feel,43.800
pleas,43.681
spank,43.611
obstacl,43.497
mind,43.463
ask,43.406
perfect,43.397
hilar,43.321
limb,43.217
shrubber,43.063
releas,43.057
die,43.017
beast,42.972
class,42.932
loud,42.811
style,42.782
full,42.753
list,42.673
expect,42.542
seriou,42.528
without,42.414
8,42.413
alreadi,42.373
wait,42.344
appreci,42.313
whether,42.281
bang,42.268
sequenc,42.203
write,42.023
yourself,42.004
add,41.975
role,41.882
bizarr,41.636
continu,41.588
silliest,41.535
histor,41.533
throughout,41.513
opinion,41.438
world,41.408
stori,41.341
sheer,41.285
our,41.199
repeat,41.194
music,41.137
gallop,41.106
4,41.012
american,40.942
insult,40.878
man,40.767
except,40.638
alon,40.597
certainli,40.516
less,40.508
sword,40.229
fill,40.226
1,40.188
act,40.094
follow,39.940
effect,39.923
etc,39.820
veloc,39.778
dialogu,39.728
possibl,39.546
african,39.486
migrat,39.472
pick,39.437
themselv,39.316
script,39.258
antioch,39.169
basic,39.132
zani,39.126
itself,39.083
entertain,38.916
smelt,38.914
excalibur,38.890
flick,38.770
usual,38.748
found,38.715
2,38.643
genius,38.603
doubt,38.592
epic,38.444
overal,38.433
ago,38.268
break,38.196
cast,38.190
member,38.102
turn,37.931
video,37.914
halv,37.900
wouldn,37.745
typic,37.664
discuss,37.569
face,37.556
soldier,37.451
help,37.440
leav,37.427
live,37.409
seek,37.294
check,37.293
matter,37.272
often,37.079
understand,37.066
extrem,36.959
decid,36.739
monthi,36.683
abrupt,36.589
done,36.536
masterpiec,36.422
fart,36.414
total,36.243
known,36.232
both,36.160
3,35.743
boy,35.615
real,35.597
launcelot,35.226
spamalot,35.226
perform,35.161
burn,35.089
dri,34.978
dumb,34.966
perhap,34.896
stick,34.794
wrong,34.692
obvious,34.584
trial,34.559
100,34.515
him,34.485
amp,34.468
kid,34.432
final,34.363
heart,34.248
goofi,34.227
legendari,34.172
hit,34.128
religion,34.107
buy,33.954
leg,33.906
chuckl,33.840
date,33.807
cartoon,33.720
creat,33.712
stand,33.682
bbc,33.669
pretend,33.554
spoiler,33.502
bite,33.380
idea,33.326
next,33.315
logic,33.294
european,33.194
wasn,33.168
last,33.094
cow,33.059
cheap,32.998
suggest,32.934
multipl,32.861
fit,32.856
everybodi,32.789
amaz,32.772
product,32.724
test,32.682
modern,32.641
money,32.614
form,32.594
close,32.591
happen,32.517
gave,32.508
brook,32.424
monster,32.340
produc,32.269
disappoint,32.171
straight,32.078
deserv,32.010
imagin,31.937
spacebal,31.886
audienc,31.828
insan,31.800
dure,31.722
situat,31.668
cheesi,31.608
remain,31.586
interest,31.511
shall,31.319
experi,31.307
932,31.229
excel,31.186
blood,31.174
6,31.166
shell,31.103
small,31.073
battl,31.062
duck,31.058
went,31.050
sometim,31.021
certain,31.020
five,31.013
mother,30.960
fantast,30.944
viewer,30.901
servant,30.887
warn,30.871
read,30.830
told,30.743
charg,30.593
abl,30.484
problem,30.405
bunch,30.395
writer,30.389
standard,30.317
statu,30.203
llama,30.144
liner,30.140
hear,30.125
hold,30.043
ekki,30.032
lame,30.017
note,29.884
between,29.876
popular,29.849
simpl,29.808
system,29.798
air,29.759
25,29.755
brother,29.706
exist,29.607
incred,29.532
materi,29.532
bloodi,29.520
squir,29.493
piec,29.342
amount,29.298
knew,29.233
written,29.190
fall,29.140
locat,29.124
mel,29.055
side,28.990
describ,28.976
imdb,28.948
coupl,28.907
meant,28.705
dialog,28.668
cultur,28.665
argu,28.650
base,28.648
half,28.623
tire,28.586
brand,28.584
six,28.489
witti,28.472
involv,28.456
learn,28.454
nearli,28.436
tower,28.331
individu,28.301
attempt,28.288
becom,28.265
scratch,28.231
throw,28.178
refer,28.172
highli,28.168
cut,28.166
wed,28.115
answer,28.103
success,28.029
colleg,27.969
finish,27.867
fourth,27.865
eat,27.793
particularli,27.765
instead,27.751
gang,27.700
forev,27.638
carri,27.522
upon,27.516
odd,27.446
wacki,27.417
pythonesqu,27.359
highlight,27.322
argument,27.318
somewhat,27.317
new,27.237
caus,27.235
worst,27.231
copi,27.221
worth,27.197
bridgekeep,27.169
unladen,27.169
combin,27.137
mock,27.129
late,27.127
element,27.119
acquir,27.087
accent,27.063
wast,27.043
pass,27.042
genr,26.991
subject,26.987
introduc,26.913
aren,26.848
mpathg,26.768
guess,26.736
recent,26.640
particular,26.630
among,26.601
she,26.523
poor,26.455
fail,26.409
father,26.362
arm,26.334
smile,26.323
prefer,26.267
short,26.246
explain,26.212
arrest,26.210
level,26.173
convers,26.148
effort,26.117
myth,26.090
maiden,26.026
lost,25.922
tear,25.907
realiz,25.890
kept,25.876
sudden,25.849
intermiss,25.846
polic,25.797
order,25.784
care,25.659
women,25.657
verbal,25.655
ten,25.593
forest,25.487
p,25.470
mud,25.411
manag,25.395
roll,25.377
visual,25.317
fair,25.274
embark,25.253
deal,25.248
unexpect,25.219
remark,25.212
ok,25.118
screen,25.118
terribl,25.103
lunaci,25.089
horribl,25.043
hell,25.034
surpris,24.991
giant,24.910
thank,24.895
broadway,24.783
farcic,24.753
ingeni,24.591
countless,24.578
the,24.569
floor,24.558
abov,24.545
sex,24.529
near,24.410
gone,24.361
rang,24.350
version,24.320
rude,24.309
notic,24.303
annoy,24.288
whatev,24.269
aw,24.174
hundr,24.174
perfectli,24.128
virgin,24.111
oral,24.060
contain,24.033
variou,23.932
inspir,23.839
plenti,23.762
uniqu,23.648
given,23.553
ton,23.549
danc,23.478
job,23.472
import,23.459
present,23.390
reach,23.384
suppos,23.240
valu,23.238
parrot,23.206
deliv,23.143
against,23.136
left,23.133
receiv,23.116
despit,23.085
zoot,23.037
caerbannog,23.037
extra,23.016
rescu,22.962
consist,22.960
fake,22.903
timeless,22.893
compar,22.849
cri,22.838
confus,22.832
newt,22.800
send,22.799
mine,22.779
charm,22.773
forc,22.764
lack,22.761
violenc,22.714
regret,22.673
wizard,22.493
30,22.486
journey,22.481
travel,22.433
religi,22.418
cup,22.417
sorri,22.413
dark,22.398
son,22.374
simul,22.366
titl,22.362
agre,22.340
ad,22.331
stay,22.247
across,22.138
count,22.111
toward,22.109
gather,22.091
listen,22.074
gem,22.070
airplan,22.049
hood,22.041
stale,22.010
post,21.993
till,21.897
commentari,21.878
shot,21.852
afraid,21.827
lover,21.808
250,21.807
teeth,21.698
sillier,21.697
farc,21.669
finest,21.661
immedi,21.656
conclus,21.650
punchlin,21.641
weigh,21.591
huge,21.526
eye,21.459
thirti,21.459
tape,21.429
saddl,21.409
inde,21.360
cave,21.347
roger,21.323
provid,21.319
creativ,21.300
cross,21.288
sight,21.272
mattymatt,21.225
recruit,21.221
wise,21.185
mostli,21.185
centuri,21.164
decapit,21.146
numer,21.136
land,21.105
main,21.088
wide,21.054
none,21.004
jabberwocki,20.962
young,20.941
fresh,20.927
split,20.876
bicker,20.874
hope,20.865
cop,20.850
pointi,20.843
disc,20.838
beacon,20.817
villag,20.803
bound,20.779
ahead,20.778
allow,20.752
crack,20.728
critic,20.711
tend,20.687
trust,20.605
20,20.563
uproari,20.452
fine,20.447
talent,20.388
cinemat,20.364
yeah,20.357
draw,20.270
beat,20.266
superb,20.258
stream,20.226
mere,20.221
crap,20.194
honestli,20.192
result,20.157
period,20.141
decad,20.125
brought,20.121
govern,20.079
crude,20.078
wors,20.066
admit,20.043
nymphomaniac,20.027
autonom,20.027
separ,20.011
cousin,19.942
unlik,19.855
awar,19.846
beyond,19.827
hoov,19.820
damn,19.754
kill,19.699
nowher,19.625
stitch,19.608
within,19.567
clip,19.549
self,19.507
figur,19.506
wish,19.478
hurt,19.407
minor,19.357
doubl,19.342
grovel,19.296
prove,19.285
skip,19.281
50,19.270
kick,19.258
event,19.253
field,19.245
demand,19.234
nice,19.234
dislik,19.204
meet,19.184
cleveland,19.146
brilliantli,19.143
offer,19.140
ne,19.134
her,19.078
band,19.032
constitut,19.023
month,19.019
marx,19.018
hall,19.007
chop,18.979
familiar,18.953
12,18.953
million,18.947
task,18.936
freak,18.920
blaze,18.907
length,18.860
plagu,18.856
thg,18.817
oxbridg,18.817
bediver,18.817
fetchez,18.817
qualiti,18.800
easili,18.766
pond,18.764
major,18.756
invent,18.755
flaw,18.684
complain,18.662
parti,18.628
tight,18.622
riot,18.620
lose,18.601
clap,18.545
repress,18.525
recogn,18.524
under,18.502
mad,18.476
rank,18.463
four,18.460
airspe,18.430
behind,18.367
slightli,18.354
speak,18.338
brillianc,18.327
soon,18.315
era,18.313
austin,18.306
larg,18.299
e,18.294
color,18.263
prais,18.257
fabul,18.193
attent,18.191
u,18.181
camera,18.125
catch,18.123
vach,18.113
adder,18.113
aargh,18.113
arguabl,18.087
dozen,18.077
delight,18.038
anchorman,18.037
gut,18.034
cannot,18.029
twist,18.017
therefor,18.009
sack,17.968
fatal,17.890
antic,17.880
afi,17.864
1970,17.849
demonstr,17.831
score,17.821
intellectu,17.811
establish,17.779
pictur,17.773
term,17.745
booth,17.679
overr,17.661
fantasi,17.643
wont,17.637
clack,17.613
rip,17.591
mockeri,17.557
build,17.544
case,17.529
earli,17.501
basi,17.497
natur,17.488
twice,17.480
priceless,17.478
room,17.452
pointless,17.451
danger,17.444
rare,17.387
ran,17.380
push,17.336
sexual,17.329
move,17.285
proper,17.252
chaotic,17.229
hack,17.203
claim,17.186
inn,17.186
student,17.169
lead,17.163
easi,17.136
grab,17.107
third,17.094
influenc,17.091
joy,17.062
blackadd,17.060
dismemb,17.016
unbeliev,16.976
enter,16.905
plain,16.872
pun,16.853
normal,16.839
24,16.785
grow,16.775
social,16.761
ruin,16.738
dogma,16.713
distribut,16.703
mood,16.694
gore,16.664
gay,16.639
equal,16.611
anywher,16.581
subtl,16.572
brit,16.559
amongst,16.518
reaction,16.513
pg,16.485
mix,16.471
ensu,16.448
sarcasm,16.422
slap,16.415
mightiest,16.409
park,16.386
appeal,16.382
etern,16.345
wooden,16.336
wood,16.325
meaningless,16.310
hollywood,16.292
whose,16.286
cat,16.282
mari,16.274
societi,16.199
sad,16.195
model,16.193
languag,16.134
conni,16.124
impress,16.112
alcohol,16.105
fool,16.093
sparrow,16.087
apart,16.029
happi,16.014
hoof,15.937
unforgett,15.929
south,15.853
store,15.853
hunt,15.853
miser,15.819
practic,15.780
okay,15.732
felt,15.727
hour,15.726
boorman,15.705
hardli,15.704
anti,15.658
angl,15.579
replac,15.562
intent,15.536
exactli,15.531
anarchi,15.497
glad,15.491
flat,15.485
dumber,15.484
similar,15.447
bird,15.420
wet,15.396
edit,15.385
ground,15.377
nasti,15.366
avoid,15.343
record,15.342
decent,15.339
pull,15.334
suffer,15.332
shame,15.305
clearli,15.296
whom,15.270
contribut,15.265
princess,15.263
countri,15.259
ecstat,15.231
tree,15.228
past,15.101
hoot,15.082
constant,15.060
swedish,15.037
sophist,15.034
pythonit,15.016
booga,15.016
afford,15.001
requir,14.969
north,14.920
bet,14.906
guarante,14.862
bash,14.855
wit,14.854
awesom,14.825
approach,14.820
tart,14.817
chant,14.810
dramat,14.806
000,14.795
difficult,14.779
memori,14.717
detail,14.699
regard,14.695
mid,14.693
chang,14.675
town,14.642
sacr,14.640
confront,14.636
rule,14.626
white,14.623
director,14.609
deliber,14.584
power,14.560
900,14.537
somehow,14.537
mark,14.536
opportun,14.536
nowaday,14.517
anymor,14.510
programm,14.499
uther,14.488
flickchart,14.488
pyton,14.488
malori,14.488
doun,14.488
author,14.479
loos,14.463
narr,14.452
co,14.427
goon,14.424
master,14.414
keeper,14.399
storm,14.378
fifteen,14.320
appar,14.276
inan,14.250
fog,14.250
pop,14.238
excus,14.232
amazingli,14.192
imposs,14.186
1974,14.175
topic,14.169
teenag,14.162
nois,14.148
troop,14.121
authur,14.113
migratori,14.113
speed,14.113
cloud,14.113
shine,14.110
techniqu,14.107
im,14.092
coher,14.072
ventur,14.070
drawn,14.062
bother,14.044
spent,14.035
massacr,14.027
cant,14.027
favor,13.999
defeat,13.953
sharp,13.944
neg,13.942
lie,13.938
concept,13.912
idiot,13.901
context,13.879
romp,13.862
atkinson,13.845
bottom,13.834
shape,13.832
project,13.823
pendragon,13.822
horseless,13.822
hey,13.822
walk,13.817
plu,13.809
recov,13.807
bewar,13.805
giggl,13.799
gorg,13.796
documentari,13.785
principl,13.761
offens,13.761
background,13.756
60,13.749
relax,13.726
nun,13.725
becam,13.705
testament,13.704
strongli,13.702
light,13.698
gold,13.678
offend,13.676
eventu,13.673
correct,13.672
countrysid,13.656
occasion,13.644
statement,13.632
landscap,13.630
drunk,13.626
board,13.623
essenti,13.620
stuf,13.604
older,13.595
aurther,13.585
clop,13.585
abruptli,13.565
common,13.550
suitabl,13.550
spoil,13.511
fire,13.466
respons,13.464
marvel,13.459
cerebr,13.452
atmospher,13.415
jump,13.407
hill,13.402
posit,13.400
goof,13.390
addit,13.384
brief,13.363
poke,13.359
save,13.358
drank,13.351
fist,13.346
pie,13.329
attend,13.324
depict,13.295
deliveri,13.275
exchang,13.275
scotland,13.275
nerd,13.271
concern,13.251
tradit,13.245
sadli,13.236
pleasur,13.220
longer,13.220
repetit,13.211
improvis,13.209
belong,13.207
clear,13.173
sign,13.168
gross,13.146
pant,13.099
tini,13.089
sum,13.058
shown,13.050
succeed,13.049
anachron,13.044
instruct,13.037
tea,13.007
anachronist,12.968
terrif,12.934
averag,12.921
wave,12.921
shrub,12.919
sick,12.908
meta,12.894
portray,12.870
fell,12.863
daft,12.810
heck,12.809
physic,12.809
zaniest,12.795
comparison,12.781
rock,12.764
skill,12.743
appli,12.737
structur,12.711
select,12.705
maynard,12.682
anarcho,12.682
wild,12.680
geek,12.652
commun,12.623
younger,12.622
free,12.604
suck,12.587
mr,12.585
anarch,12.580
neither,12.556
judg,12.537
dread,12.522
achiev,12.513
disclaim,12.509
deadli,12.489
weak,12.485
somebodi,12.475
naughti,12.475
stood,12.469
content,12.458
saturday,12.457
epitom,12.444
woman,12.441
fashion,12.441
local,12.418
constantli,12.404
milligan,12.391
ah,12.382
wrote,12.372
univers,12.366
accomplish,12.362
controversi,12.339
vast,12.331
scath,12.324
creatur,12.310
importantli,12.296
ludicr,12.288
resembl,12.285
sent,12.274
strength,12.215
7,12.196
screenplay,12.194
box,12.157
cartoonist,12.153
born,12.147
dr,12.136
lifetim,12.126
beauti,12.124
respect,12.119
arriv,12.116
art,12.092
sitcom,12.074
voic,12.051
load,12.010
essenc,12.009
water,12.007
suspect,11.998
defin,11.995
brain,11.991
smell,11.987
wick,11.981
mytholog,11.963
compil,11.962
pay,11.952
enthusiast,11.949
grade,11.942
took,11.938
limit,11.930
rais,11.919
aspect,11.913
initi,11.907
week,11.904
whenev,11.901
asid,11.856
frankenstein,11.840
display,11.822
magic,11.790
librari,11.768
1969,11.756
depress,11.749
messag,11.747
immort,11.725
pack,11.696
costum,11.696
otherwis,11.691
dear,11.652
smart,11.651
catapult,11.648
per,11.636
honest,11.636
cover,11.631
sat,11.629
challeng,11.629
spot,11.620
narrat,11.601
earlier,11.596
wow,11.583
vari,11.580
disgust,11.580
chast,11.578
remind,11.576
strangelov,11.562
twenti,11.551
empti,11.540
focus,11.534
front,11.504
chanc,11.490
sourc,11.477
somewher,11.475
belli,11.474
segment,11.465
downright,11.453
229,11.445
smaller,11.438
11,11.421
caddyshack,11.404
scatolog,11.404
met,11.391
em,11.389
vagu,11.343
shouldn,11.340
higher,11.335
sensic,11.325
vike,11.317
instanc,11.308
mindless,11.301
access,11.301
40,11.299
blast,11.295
wink,11.294
japanes,11.286
satisfi,11.285
nation,11.274
harmless,11.271
christ,11.268
share,11.267
duel,11.266
blue,11.248
ach,11.232
17,11.228
scari,11.219
worthi,11.219
await,11.196
aptli,11.189
america,11.182
burst,11.182
retel,11.178
surprisingli,11.177
thousand,11.170
tone,11.169
youtub,11.157
dentist,11.151
outlandish,11.146
cutaway,11.146
livestock,11.146
girl,11.142
slash,11.141
weren,11.138
church,11.127
varieti,11.123
stalker,11.115
wordplay,11.081
80,11.074
pound,11.073
specif,11.064
borrow,11.061
surrealist,11.044
20th,11.040
refus,11.033
aunti,11.019
creator,11.014
reader,11.013
adult,11.010
bride,11.002
sceneri,10.996
mainli,10.967
lackey,10.931
superior,10.929
chicken,10.920
accept,10.920
subplot,10.908
collector,10.893
green,10.892
worri,10.887
incoher,10.884
held,10.882
c,10.880
forgot,10.877
connect,10.873
expens,10.870
intend,10.859
remot,10.854
harold,10.852
laden,10.826
suddenli,10.820
curtain,10.796
akin,10.779
brunett,10.746
saxon,10.746
hide,10.744
kudo,10.741
reliv,10.732
foot,10.729
stomach,10.714
pain,10.714
ironi,10.710
appl,10.700
carol,10.696
slow,10.689
uneven,10.671
cowardli,10.667
blockbust,10.665
law,10.665
advantag,10.663
90,10.630
beveder,10.613
shubberi,10.613
lousi,10.609
lego,10.606
dull,10.594
plank,10.585
fast,10.565
iron,10.562
debat,10.554
grand,10.553
biblic,10.552
icon,10.550
obsess,10.546
himself,10.527
roar,10.490
faith,10.481
celtic,10.480
belov,10.479
earth,10.469
shoot,10.462
rowan,10.460
pinnacl,10.458
transit,10.431
foolish,10.419
plan,10.401
mighti,10.399
obnoxi,10.399
mountain,10.395
necess,10.392
hardest,10.385
retriev,10.378
besid,10.364
unfortun,10.351
relat,10.337
excit,10.335
cinematographi,10.321
pathet,10.319
tough,10.311
integr,10.305
measur,10.305
pb,10.294
previous,10.289
reput,10.283
endlessli,10.277
supper,10.277
skewer,10.277
blind,10.269
studi,10.262
thu,10.245
unconvent,10.223
definatli,10.210
braveri,10.208
caught,10.200
temptat,10.196
92,10.194
exact,10.192
sub,10.185
drop,10.182
educ,10.181
stage,10.180
convent,10.176
vulgar,10.169
53,10.162
exploit,10.152
drag,10.150
posh,10.146
surround,10.141
translat,10.136
senseless,10.124
greatli,10.114
apolog,10.110
ignor,10.108
hat,10.103
home,10.088
sarcast,10.081
scottish,10.073
4th,10.070
rival,10.065
forth,10.057
effemin,10.056
recal,10.041
stretch,10.030
spinal,10.028
accord,10.020
track,10.013
lariou,10.011
rottingham,10.011
camalot,10.011
sureal,10.011
gallahad,10.011
cleas,10.011
handgrenad,10.011
mattymatt4ev,10.011
arrrghhh,10.011
aaarrrggghhh,10.011
homeroom,10.011
aaaaargh,10.011
champman,10.011
kniggit,10.011
nador,10.011
mpthg,10.011
teatim,10.011
cocoanut,10.011
99,10.009
manner,10.004
cheek,10.003
sneak,9.993
dad,9.980
abstract,9.955
ador,9.955
literari,9.932
audio,9.929
inform,9.926
reign,9.924
guest,9.908
host,9.908
lampoon,9.906
weirdest,9.906
bacon,9.906
fest,9.906
method,9.879
quickli,9.876
neil,9.870
biggest,9.867
resist,9.860
due,9.847
endur,9.846
teacher,9.846
broad,9.835
imaginari,9.823
touch,9.820
beatl,9.819
bibl,9.813
addict,9.812
triumph,9.807
tap,9.801
chap,9.795
egg,9.791
upper,9.782
bought,9.776
hur,9.770
motion,9.768
delici,9.758
repli,9.756
crown,9.751
uk,9.744
shock,9.734
deni,9.727
dress,9.724
vh,9.723
hole,9.719
passag,9.718
tropic,9.714
forewarn,9.703
notabl,9.693
kingdom,9.691
environ,9.688
suffic,9.684
trot,9.682
devout,9.682
folklor,9.682
foreign,9.676
revisit,9.675
shortli,9.670
pythonian,9.658
nih,9.658
hoofbeat,9.658
gawain,9.658
syndicalist,9.658
ultim,9.658
depend,9.656
dont,9.628
state,9.627
grown,9.626
gonna,9.620
clean,9.616
preced,9.598
banana,9.597
thick,9.596
further,9.593
fortun,9.593
hang,9.582
adequ,9.577
mass,9.576
frustrat,9.559
player,9.545
purpos,9.528
liter,9.518
radio,9.514
taken,9.510
punch,9.507
page,9.499
abus,9.488
treat,9.487
nut,9.471
nay,9.462
fluffi,9.462
keen,9.461
likabl,9.457
benni,9.444
analysi,9.444
option,9.436
retain,9.428
idioci,9.417
silly,9.409
bor,9.409
dingo,9.409
basket,9.382
execut,9.377
bigger,9.373
leap,9.370
built,9.362
knowledg,9.359
serv,9.348
hail,9.344
ladi,9.344
deep,9.343
cart,9.340
looni,9.340
companion,9.326
recap,9.323
abil,9.310
condit,9.297
scream,9.294
artist,9.290
occupi,9.285
spoilt,9.282
analyt,9.282
needless,9.282
mouth,9.264
vcr,9.243
fairli,9.239
vote,9.233
primarili,9.224
trade,9.215
commedi,9.215
roundtabl,9.215
bodi,9.209
jab,9.197
wear,9.180
bandwagon,9.175
hurl,9.168
format,9.154
oppress,9.154
bloke,9.153
horror,9.152
blow,9.152
rejoic,9.139
18,9.123
realiti,9.121
realis,9.120
jolli,9.118
pleasant,9.108
tenth,9.090
seemingli,9.084
issu,9.082
dare,9.077
screw,9.060
sidesplit,9.056
arrrgh,9.056
sot,9.056
detract,9.055
gain,9.041
scientif,9.029
innuendo,9.022
jesu,9.019
gloriou,9.016
twelv,9.008
merri,9.004
prime,9.002
owe,8.993
revolutionari,8.986
action,8.985
unsurpass,8.977
dig,8.974
oft,8.971
book,8.965
stumbl,8.957
court,8.948
laid,8.947
influenti,8.925
flatmat,8.923
cha,8.923
qout,8.923
choic,8.920
reduc,8.912
loyal,8.907
sun,8.897
properli,8.894
shout,8.893
lesser,8.893
blond,8.883
scott,8.876
shakespearean,8.874
cowardic,8.863
famili,8.855
beg,8.852
seven,8.846
gruesom,8.843
confess,8.838
gori,8.824
bustingli,8.807
offbeat,8.806
tie,8.804
heavi,8.800
promis,8.800
prepar,8.798
bare,8.795
fiction,8.789
32,8.784
vignett,8.778
fort,8.778
braveheart,8.771
popcorn,8.752
onward,8.752
expert,8.751
armi,8.747
lore,8.746
multi,8.739
elabor,8.739
human,8.735
strong,8.731
imit,8.712
return,8.705
occas,8.696
filth,8.694
thou,8.679
user,8.676
chair,8.673
finer,8.669
suit,8.658
urg,8.651
spin,8.646
spew,8.644
encourag,8.638
irrit,8.635
struck,8.633
violent,8.625
aerodynam,8.613
frenchi,8.613
eyesor,8.613
nl,8.613
fade,8.613
commit,8.612
buddi,8.608
quirki,8.605
storytel,8.604
advic,8.592
sieg,8.582
lad,8.582
simpson,8.578
servic,8.572
b,8.555
alik,8.554
defiantli,8.541
audianc,8.530
rail,8.523
pole,8.514
spike,8.501
salt,8.483
adam,8.481
genuin,8.463
indonesian,8.454
irresist,8.412
interview,8.389
canterburi,8.385
nu,8.385
kneecap,8.385
zucker,8.385
ik,8.385
battlement,8.385
theme,8.374
endless,8.371
stupend,8.367
lucki,8.365
summari,8.365
clueless,8.364
recollect,8.348
o,8.322
frequent,8.306
pronounc,8.306
proud,8.304
superbl,8.299
lighten,8.298
bed,8.277
mysteri,8.263
everywher,8.261
regular,8.246
necessarili,8.243
chat,8.236
match,8.213
fruit,8.211
develop,8.198
spend,8.197
jam,8.190
candl,8.187
exposur,8.187
distinct,8.186
tribe,8.183
unmatch,8.183
stapl,8.159
splittingli,8.152
emul,8.143
solid,8.141
newer,8.139
disagre,8.124
clich,8.114
vs,8.113
regardless,8.107
althought,8.102
sovereign,8.102
degre,8.099
squeamish,8.090
step,8.090
knock,8.082
innov,8.062
litmu,8.055
troll,8.046
grew,8.042
blunt,8.040
cent,8.025
ideal,8.017
coward,8.013
steed,8.011
psalm,8.011
pelt,8.011
whacki,8.011
depriv,8.007
smack,8.007
regularli,8.001
formula,7.989
ham,7.983
thru,7.974
hook,7.970
youv,7.968
pervers,7.965
disrespect,7.962
creation,7.959
smallest,7.957
foe,7.954
knee,7.951
ban,7.948
precis,7.936
payoff,7.928
fund,7.928
gala,7.928
impact,7.923
substitut,7.919
untouch,7.914
soak,7.906
dog,7.901
imperson,7.894
theater,7.894
bueller,7.889
attain,7.889
colour,7.882
ps,7.870
sake,7.868
authent,7.868
closer,7.868
organ,7.864
folk,7.853
britian,7.852
procrastin,7.852
concentr,7.835
inevit,7.835
shirt,7.833
trainer,7.830
innoc,7.827
appendag,7.817
micheal,7.807
drive,7.806
gift,7.794
maintain,7.788
peculiar,7.779
surpass,7.761
com,7.755
paragraph,7.751
clank,7.750
budgetari,7.750
cartoonish,7.749
award,7.732
win,7.728
tail,7.724
stray,7.722
upsid,7.719
entitl,7.717
forward,7.715
philosoph,7.710
tremend,7.710
grin,7.707
account,7.698
stuck,7.693
monarchi,7.688
cue,7.674
ass,7.666
lob,7.658
core,7.657
ceas,7.654
hot,7.645
complaint,7.640
bean,7.638
closur,7.633
request,7.631
beckett,7.630
hundredth,7.630
de,7.628
rotten,7.624
extend,7.616
cabl,7.611
attitud,7.609
toilet,7.606
lol,7.600
honor,7.597
brazil,7.593
royal,7.591
hidden,7.590
pink,7.585
mythic,7.582
forgotten,7.580
evil,7.579
badger,7.576
bleed,7.574
worldwid,7.561
pig,7.559
insight,7.552
erik,7.550
wildli,7.546
obviou,7.539
snooti,7.525
thoroughli,7.523
profession,7.518
interact,7.514
game,7.511
setup,7.503
design,7.501
becuas,7.500
fellow,7.499
cook,7.480
englishmen,7.476
200,7.474
express,7.474
privileg,7.466
wind,7.464
le,7.460
blith,7.453
thrown,7.444
hous,7.440
counter,7.433
aint,7.431
en,7.418
fang,7.409
sacrilegi,7.409
equival,7.389
graduat,7.376
grant,7.369
et,7.362
unless,7.360
wittiest,7.346
path,7.332
legal,7.327
stoni,7.326
biter,7.326
clash,7.324
storylin,7.322
camp,7.319
mort,7.306
sunday,7.299
scale,7.290
absurdist,7.287
oxford,7.287
truth,7.285
root,7.284
tag,7.282
inher,7.275
pattern,7.273
lesson,7.268
accur,7.268
occur,7.262
outstand,7.257
econom,7.255
yer,7.250
offic,7.218
travelogu,7.215
gallant,7.215
donkey,7.215
pea,7.215
tall,7.213
flight,7.210
tongu,7.202
stab,7.200
collaps,7.197
lop,7.181
chivalri,7.181
vega,7.179
respond,7.179
flow,7.177
compani,7.176
evid,7.168
recognis,7.167
funk,7.164
twin,7.160
theatr,7.158
bar,7.157
toss,7.156
flee,7.151
convinc,7.149
ingredi,7.145
semi,7.137
fanat,7.122
dollar,7.122
50th,7.116
pooh,7.116
quarter,7.116
peter,7.112
current,7.112
ben,7.095
bend,7.092
mission,7.087
wierd,7.086
horni,7.086
determin,7.085
la,7.079
besieg,7.071
burner,7.071
15,7.069
complex,7.052
enemi,7.048
unrepent,7.042
worthwhil,7.032
peanut,7.028
nose,7.028
zone,7.025
literatur,7.016
child,7.016
drama,7.015
toler,7.011
ala,7.002
refut,7.000
analyz,6.996
alright,6.996
yell,6.990
raunchi,6.987
purchas,6.971
potenti,6.969
rush,6.963
assembl,6.961
promin,6.959
fisher,6.953
rubbish,6.948
r,6.947
schoolboy,6.935
leader,6.930
crummi,6.923
invalu,6.923
text,6.920
ancient,6.919
packag,6.919
childish,6.915
flew,6.915
breakup,6.910
captur,6.904
propens,6.898
realm,6.895
label,6.892
perspect,6.890
assault,6.889
necessari,6.885
resourc,6.882
polish,6.881
viciou,6.869
landmark,6.869
exercis,6.865
maltin,6.863
portion,6.858
privat,6.856
bland,6.847
mount,6.843
echo,6.841
anglo,6.840
conceiv,6.832
pursuit,6.830
braini,6.829
groundbreak,6.824
corni,6.822
tediou,6.819
suprem,6.816
marxist,6.807
prop,6.803
reflect,6.799
shed,6.798
41,6.796
children,6.779
nostalgia,6.773
linear,6.771
simultan,6.767
strongest,6.759
cleverli,6.754
eas,6.753
peak,6.751
laughabl,6.746
pitch,6.743
phrase,6.736
bravest,6.734
91,6.734
leagu,6.727
planet,6.721
dub,6.714
excurs,6.714
trusti,6.714
hesit,6.712
segu,6.695
sexi,6.695
breath,6.691
red,6.686
avert,6.685
channel,6.669
2000,6.669
infam,6.663
victori,6.662
trampl,6.657
nor,6.647
alongsid,6.647
admir,6.641
cash,6.634
repres,6.623
rerun,6.621
zenith,6.621
german,6.620
shoe,6.617
sling,6.613
nudg,6.613
mom,6.608
albeit,6.607
react,6.600
verbatim,6.595
expand,6.595
geeki,6.587
meager,6.587
swear,6.584
routin,6.583
impair,6.579
sandler,6.579
misadventur,6.579
descript,6.574
henc,6.568
murder,6.565
slight,6.559
whatsoev,6.551
showcas,6.547
payment,6.538
hearti,6.538
incid,6.524
feudal,6.522
assur,6.521
strike,6.520
pulp,6.501
boot,6.489
proof,6.485
creek,6.484
heyday,6.476
shut,6.470
seinfeld,6.469
rocki,6.464
infantil,6.462
unpredict,6.460
troubl,6.455
notion,6.451
smitten,6.447
string,6.445
treasur,6.444
magnific,6.444
address,6.440
indulg,6.422
spectacular,6.417
jumpi,6.412
illustr,6.407
stupidli,6.405
daughter,6.394
instant,6.393
glimps,6.389
contemporari,6.388
ars,6.378
indiana,6.376
percentag,6.372
soo,6.372
shortest,6.365
rave,6.365
naysay,6.358
predict,6.358
fame,6.358
curs,6.350
aid,6.349
caption,6.346
shake,6.345
relic,6.339
gel,6.339
mainstream,6.339
threat,6.338
instantli,6.332
garbag,6.326
pre,6.326
engag,6.325
letter,6.325
theatric,6.319
par,6.315
laundri,6.314
eight,6.313
chose,6.303
scienc,6.299
compet,6.292
combo,6.290
89,6.290
steal,6.285
onslaught,6.284
pace,6.276
forgiv,6.275
emperor,6.266
promptli,6.261
syndic,6.261
nonetheless,6.241
stint,6.238
absurdli,6.226
exagger,6.222
thespian,6.221
trash,6.219
cloth,6.196
surviv,6.194
mishap,6.194
sporad,6.194
ensembl,6.194
afterward,6.189
spurt,6.188
unorthodox,6.183
teen,6.179
furri,6.178
cameo,6.175
strangest,6.167
floyd,6.167
target,6.164
associ,6.161
dictionari,6.147
fav,6.142
accompani,6.141
pee,6.132
cheeki,6.127
christian,6.124
pizza,6.112
glorious,6.107
scrape,6.102
discov,6.102
lord,6.100
control,6.096
interlud,6.093
accus,6.090
ripoff,6.078
vault,6.078
fave,6.078
introduct,6.076
badli,6.076
lofti,6.074
ourselv,6.066
blame,6.061
permiss,6.060
13,6.059
chao,6.058
yank,6.055
youth,6.048
highest,6.038
astut,6.037
station,6.035
drink,6.030
groan,6.024
reportedli,6.015
nerdi,6.015
cost,6.010
nixon,6.006
10th,6.002
quo,6.002
groom,5.989
destroy,5.988
pub,5.981
skew,5.981
overlook,5.974
muster,5.964
marathon,5.964
lung,5.964
concert,5.956
doctor,5.951
river,5.949
orang,5.947
relev,5.946
poll,5.944
thwart,5.944
utter,5.941
slew,5.936
gosh,5.936
omg,5.932
refrain,5.916
lest,5.912
galor,5.912
hadn,5.910
album,5.908
tribul,5.908
cough,5.904
distast,5.904
ugh,5.904
celebr,5.901
hair,5.896
overli,5.890
ate,5.889
glue,5.889
reveal,5.885
socialist,5.882
goal,5.881
criterion,5.878
clan,5.874
astonish,5.874
amazon,5.871
latter,5.869
dip,5.867
policemen,5.856
steadili,5.849
guis,5.849
needl,5.849
6th,5.845
tho,5.841
nephew,5.838
understood,5.837
clue,5.834
hysteria,5.834
taboo,5.831
advanc,5.823
cheer,5.811
eyebrow,5.810
ratio,5.810
island,5.810
calibr,5.803
warm,5.800
crowd,5.788
hint,5.785
trap,5.781
limp,5.776
whilst,5.774
dir,5.769
hinder,5.760
reunion,5.756
incompar,5.753
famous,5.747
cute,5.744
enact,5.744
bryan,5.737
anybodi,5.729
z,5.725
vomit,5.715
appropri,5.711
consult,5.709
bye,5.709
career,5.709
distinctli,5.700
dynamit,5.694
analys,5.694
rage,5.694
estim,5.688
falter,5.685
artifact,5.682
construct,5.681
allud,5.670
pistol,5.670
facad,5.667
g,5.667
deaf,5.664
tomato,5.661
tread,5.653
rampant,5.650
clerk,5.650
ferri,5.650
area,5.648
bombard,5.647
compos,5.645
billi,5.641
uncontrol,5.641
whini,5.633
sprinkl,5.633
phenomen,5.630
legion,5.627
outset,5.624
morbid,5.622
leather,5.619
jaw,5.615
recept,5.597
bumbl,5.597
splatter,5.597
detest,5.594
allus,5.594
onto,5.591
vacat,5.584
clutch,5.584
ambianc,5.584
ring,5.579
ugli,5.578
sweet,5.567
quirk,5.565
feroci,5.565
utterli,5.565
grace,5.563
democraci,5.560
center,5.558
devis,5.555
implement,5.547
tax,5.545
plethora,5.545
hiccup,5.545
lectur,5.537
quick,5.537
driven,5.535
outdat,5.535
tissu,5.535
rub,5.520
romantic,5.512
opposit,5.510
recount,5.505
fri,5.486
lake,5.465
dens,5.465
industri,5.458
invinc,5.458
se,5.458
illumin,5.451
richard,5.450
inaccur,5.446
muddl,5.442
object,5.440
abound,5.440
ordeal,5.424
juxtapos,5.413
scatter,5.411
net,5.411
brush,5.411
unquestion,5.409
armor,5.406
gloss,5.406
contrast,5.402
outdon,5.398
blatantli,5.394
silent,5.393
q,5.387
unfamiliar,5.387
process,5.387
bust,5.385
stamp,5.385
inherit,5.381
iq,5.379
vain,5.372
duplic,5.370
lowest,5.362
tragic,5.361
sibl,5.352
helmet,5.348
minu,5.346
intro,5.342
deceas,5.342
chocol,5.338
er,5.336
onlin,5.334
imho,5.330
exterior,5.328
bia,5.324
greek,5.322
standpoint,5.320
imperfect,5.314
broadcast,5.310
arrow,5.310
provok,5.310
citizen,5.307
everrrrrrrrrrrrrrrrrr,5.306
aar,5.306
comid,5.306
parnasu,5.306
badon,5.306
recuit,5.306
hellzapoppin,5.306
bedevier,5.306
durward,5.306
aaaaarrrrrggghhh,5.306
ni7,5.306
grailth,5.306
ahhhhhhhh,5.306
clippeti,5.306
whap,5.306
definitetli,5.306
hampster,5.306
kanighet,5.306
neeewum,5.306
ubderstabd,5.306
iespeci,5.306
exclaibur,5.306
posiblli,5.306
unfunnyengland,5.306
distributin,5.306
mercia,5.306
aaaaarghhhhh,5.306
camolot,5.306
decalif,5.306
arggggggggh,5.306
bustlingli,5.306
clomp,5.306
enbark,5.306
aaarrrggghh,5.306
higheran,5.306
pythonmania,5.306
shotli,5.306
giliem,5.306
verdict8,5.306
adhoc,5.306
shrewberri,5.306
comedygang,5.306
mishtak,5.306
caebannog,5.306
jg8ggl,5.306
heb,5.306
minstral,5.306
frnech,5.306
560000,5.306
phraghm,5.306
zaz,5.306
antitoletar,5.306
dolwyn,5.306
arrghhh,5.306
ildl,5.306
aaaaahhh,5.306
rapin,5.306
caaa,5.306
uproarisli,5.306
mymat,5.306
kanigit,5.306
svensonlunderjungergundeson,5.306
wendsday,5.306
sapir,5.306
aaaaarggggh,5.306
sixpenc,5.306
hangrenad,5.306
vele,5.306
simluat,5.306
unplot,5.306
jackley,5.306
arek,5.306
snaffl,5.306
spamelot,5.306
shruber,5.306
lancalot,5.306
vakung,5.306
youlaugh,5.306
swhartz,5.306
zuckerman,5.306
neep,5.306
mediocreso,5.306
gillianim,5.306
knn,5.306
deze,5.306
geniaal,5.306
endingjok,5.306
troya,5.306
ahahahahahahahaha,5.306
aaaaaargh,5.306
hallaberri,5.306
crevet,5.306
symacyst,5.306
weet,5.306
neflix,5.306
madscap,5.306
gvt,5.306
skitcom,5.306
premolaught,5.306
theholi,5.306
thermidor,5.306
julli,5.306
voor,5.306
rangi,5.306
agggggggghhhhhhhhhhhheeeeeee,5.306
firstforay,5.306
aaaarrgghh,5.306
pithon,5.306
saaayyyyy,5.306
lancealot,5.306
fisic,5.306
whene,5.306
enchantor,5.306
aaaaaaarrrrrgghhhhh,5.306
chappllen,5.306
rabbitr,5.306
madsp,5.306
nigahiga,5.306
vinden,5.306
swashbuck,5.306
aaarrgh,5.306
capitalnow,5.306
funnist,5.306
dopiest,5.306
gezien,5.306
dabl,5.306
aaaaauuuugggggghhh,5.306
biccu,5.306
yorkshireman,5.306
messeur,5.306
llooov,5.306
carnivour,5.306
shruberi,5.306
swampcastl,5.306
forstar,5.306
bolg,5.306
buttcheek,5.306
thedominicshow,5.306
cless,5.306
antioc,5.306
smaaaaaaall,5.306
nigget,5.306
cocconut,5.306
herbertthes,5.306
veggietal,5.306
unlimited,5.306
formi,5.306
spontaneu,5.306
neee,5.306
pythoncalafragelisticmontyalidoci,5.306
filmstrip,5.306
trogan,5.306
hemlet,5.306
aaarrrrrggggh,5.306
neeth,5.306
shome,5.306
hetzelfd,5.306
arrrrrrggggghhhhh,5.306
rabbid,5.306
sii,5.306
catergor,5.306
assyria,5.306
gillman,5.306
pythonwav,5.306
nevertir,5.306
helariu,5.306
admittidli,5.306
komedi,5.306
quiliti,5.306
desapoint,5.306
hoil,5.306
osbournework,5.306
handgranad,5.306
gigl,5.306
nederlandstaligen,5.306
cadswallingworth,5.306
betobeard,5.306
perthshir,5.306
aaarrrrggghhh,5.306
knnnnnnnigit,5.306
932ad,5.306
kahnighut,5.306
niggit,5.306
pennypinch,5.306
thehard,5.306
origen,5.306
utim,5.306
awayyyi,5.306
botcher,5.306
hillar,5.306
gorefeast,5.306
097,5.306
purchess,5.306
gool,5.306
aarrgg,5.306
ridiculis,5.306
kinghorn,5.306
angnor,5.306
streem,5.306
clee,5.306
beder,5.306
tatin,5.306
prase,5.306
gewoon,5.306
chinon,5.306
listn,5.306
loimbard,5.306
outraaaaag,5.306
athg,5.306
thecastl,5.306
vorpal,5.306
nourrrwringmmmni,5.306
wav,5.306
ooit,5.306
knnnnnnnigget,5.306
beeteljuic,5.306
domun,5.306
undistract,5.306
chapmen,5.306
witchcarol,5.306
bournemouth,5.306
geusi,5.306
varied,5.306
missoliverandblossom,5.306
carcassonn,5.306
uns,5.306
huh,5.306
invis,5.304
conjur,5.302
sane,5.295
studio,5.291
pal,5.282
buster,5.278
sigh,5.276
undermin,5.272
steer,5.270
retrospect,5.269
pioneer,5.267
polar,5.267
stone,5.263
fabl,5.261
sadden,5.261
acquaint,5.256
28,5.256
75,5.248
evoc,5.247
derang,5.245
footbal,5.245
slower,5.239
choos,5.239
rental,5.238
vanish,5.232
rider,5.232
costello,5.232
disjoint,5.227
warp,5.223
howl,5.223
intellect,5.218
rendit,5.218
criticis,5.216
longest,5.215
nineti,5.213
desir,5.212
quintessenti,5.204
frantic,5.199
kay,5.179
convert,5.179
j,5.168
persist,5.163
mistak,5.162
shield,5.161
beer,5.161
interestingli,5.158
underton,5.158
inexplic,5.156
procedur,5.153
outlin,5.153
capac,5.153
anni,5.151
abund,5.151
uneasi,5.151
banal,5.150
array,5.148
unsatisfi,5.145
35,5.145
communist,5.145
compon,5.145
public,5.144
vein,5.135
hip,5.134
yearn,5.126
stunningli,5.126
dwell,5.124
boggl,5.119
compens,5.118
recogniz,5.118
greet,5.113
click,5.112
club,5.111
riddl,5.110
whisper,5.109
awhil,5.107
gloomi,5.101
disregard,5.098
stiff,5.092
heroism,5.089
friday,5.089
rope,5.086
al,5.086
flair,5.080
absent,5.078
2001,5.077
frozen,5.072
unrel,5.070
aliv,5.069
conserv,5.068
trivial,5.059
evalu,5.045
envi,5.042
bastard,5.042
roof,5.035
pray,5.031
summar,5.028
allegori,5.027
tempt,5.024
junki,5.020
obtain,5.017
billion,5.017
feast,5.015
steadi,5.006
demonstratum,5.005
granad,5.005
575,5.005
rutl,5.005
firsti,5.005
dadaism,5.005
quod,5.005
sequit,5.005
fourthi,5.005
logicless,5.005
1066,5.005
283,5.005
fxxk,5.005
be3,5.005
wooooh,5.005
althogh,5.005
o2,5.005
obsurd,5.005
sedag,5.005
axon,5.005
mpfc,5.005
hillock,5.005
nute,5.005
nci,5.005
brydon,5.005
frake,5.005
torchwood,5.005
hiccough,5.005
bigalo,5.005
phython,5.005
andfunni,5.005
deadest,5.005
bellylaugh,5.005
grahm,5.005
arimathea,5.005
unfunniest,5.005
klebold,5.005
mevoi,5.005
neet,5.005
funnyest,5.005
reagardless,5.005
peasent,5.005
nigg,5.005
manki,5.005
stilll,5.005
botani,5.005
lif,5.005
schoolboyish,5.005
youmiss,5.005
guardsman,5.005
erat,5.005
allong,5.005
sawit,5.005
gasp,5.004
firm,5.002
restrain,4.988
judgement,4.986
bro,4.984
lip,4.979
mundan,4.976
fierc,4.968
wrath,4.967
indiffer,4.967
chew,4.964
wholli,4.963
reunit,4.963
craze,4.961
likewis,4.959
warner,4.952
birthday,4.946
harri,4.946
heighten,4.944
hollow,4.941
websit,4.941
reel,4.940
slightest,4.936
diminish,4.930
justic,4.928
celluloid,4.924
key,4.923
zoom,4.921
partial,4.914
politician,4.910
briefli,4.902
mayhem,4.897
rich,4.896
seal,4.894
button,4.888
martin,4.887
pseudo,4.884
loser,4.878
glamor,4.877
overact,4.874
ration,4.867
spring,4.866
boast,4.864
stylist,4.863
lebowski,4.860
mental,4.858
flame,4.852
romanc,4.852
western,4.850
photo,4.843
irrelev,4.841
cruder,4.829
psp,4.829
avion,4.829
weither,4.829
prate,4.829
respectless,4.829
empiricist,4.829
catapault,4.829
decoupl,4.829
fleshwound,4.829
kneejerk,4.829
blighti,4.829
loir,4.829
etcth,4.829
zanni,4.829
higgledi,4.829
hahahahahahaha,4.829
straightman,4.829
minti,4.829
wettingli,4.829
guffman,4.829
arrg,4.829
ivanho,4.829
mol,4.829
comedien,4.829
yung,4.829
deez,4.829
piggledi,4.829
lyin,4.829
avril,4.829
unafford,4.829
fulli,4.827
obscur,4.826
critiqu,4.816
notori,4.815
tonight,4.814
fifth,4.812
consciou,4.795
boundari,4.794
partli,4.788
fascin,4.784
hero,4.777
declar,4.773
nuditi,4.770
calcul,4.768
behold,4.761
exceed,4.761
cake,4.761
busi,4.757
rightli,4.756
weather,4.753
gap,4.752
butt,4.748
climat,4.740
drew,4.740
favour,4.737
tad,4.732
entranc,4.730
bernard,4.727
enlighten,4.726
conscious,4.725
editor,4.721
bowl,4.720
1995,4.714
unfair,4.712
pit,4.712
eager,4.706
hadrian,4.704
pinacl,4.704
svankmaj,4.704
loosli,4.704
encompas,4.704
unfotun,4.704
probabali,4.704
blart,4.704
uncomplimentari,4.704
unexplic,4.704
strumpet,4.704
ionesco,4.704
medievalist,4.704
looooov,4.704
pavarotti,4.704
artur,4.704
innit,4.704
wibbl,4.704
rabit,4.704
smithe,4.704
tautolog,4.704
drumrol,4.704
pate,4.704
shure,4.704
decaf,4.704
1866,4.704
allbeit,4.704
barnyard,4.704
sous,4.704
lmfao,4.704
scone,4.704
theistic,4.704
diccu,4.704
overdon,4.703
0,4.698
dealt,4.697
disguis,4.695
wipe,4.687
chase,4.685
deriv,4.684
resort,4.681
fare,4.681
sensibl,4.674
caricatur,4.672
whoever,4.671
medic,4.671
fanci,4.667
savag,4.655
halfway,4.654
honesti,4.648
legaci,4.648
electr,4.646
parent,4.646
1st,4.645
mixtur,4.645
delv,4.642
16,4.640
incorpor,4.639
useless,4.633
throat,4.630
spark,4.627
closest,4.621
hopeless,4.618
preciou,4.614
furthermor,4.612
rid,4.611
pile,4.610
ori,4.607
warti,4.607
bruegel,4.607
badth,4.607
abdomin,4.607
absurdum,4.607
moaner,4.607
campus,4.607
clockwis,4.607
10also,4.607
inoc,4.607
belveder,4.607
stich,4.607
zafoid,4.607
arther,4.607
choicest,4.607
aaargh,4.607
footlight,4.607
somtim,4.607
lacki,4.607
theyll,4.607
havnt,4.607
thatth,4.607
teeniest,4.607
movabl,4.607
harder,4.607
ultra,4.607
prejudic,4.604
contrari,4.602
oz,4.597
ensur,4.595
solut,4.595
divers,4.585
casual,4.578
montag,4.572
aesthet,4.565
southern,4.559
nobl,4.549
float,4.548
walter,4.538
disast,4.537
shower,4.532
sublim,4.530
45,4.530
fallen,4.530
increasingli,4.530
motorcar,4.528
igmar,4.528
dementedli,4.528
sensless,4.528
deffin,4.528
mildi,4.528
edif,4.528
limbless,4.528
aux,4.528
sextet,4.528
coment,4.528
thankful,4.528
yankov,4.528
nontheless,4.528
stoneheng,4.528
pyromaniac,4.528
bigu,4.528
britsh,4.528
hulu,4.528
shoulder,4.510
collabor,4.495
impli,4.492
monkey,4.491
grim,4.488
singer,4.487
william,4.486
tribut,4.483
advis,4.482
daili,4.480
underli,4.477
car,4.474
program,4.470
london,4.467
feh,4.461
culinari,4.461
tedg,4.461
stewert,4.461
dismount,4.461
windbag,4.461
rington,4.461
agian,4.461
truffl,4.461
posibl,4.461
buckaroo,4.461
brittish,4.461
trow,4.461
grubber,4.461
rec,4.461
faceoff,4.461
recommen,4.461
reductio,4.461
neigh,4.461
asterisk,4.461
crapi,4.461
itt,4.461
rough,4.456
aspir,4.449
tour,4.449
humbl,4.448
fish,4.448
pride,4.448
mike,4.446
block,4.436
adapt,4.421
directori,4.420
zero,4.417
accident,4.413
invit,4.410
crusad,4.409
stronger,4.406
yosemit,4.403
adlib,4.403
scatti,4.403
deuc,4.403
origion,4.403
r1,4.403
weild,4.403
ranker,4.403
armless,4.403
10it,4.403
plymouth,4.403
nco,4.403
drier,4.403
fabol,4.403
suc,4.403
kinght,4.403
obviat,4.403
prole,4.403
zoolog,4.403
extremley,4.403
goodth,4.403
riki,4.403
hg,4.403
alchol,4.403
subtleti,4.402
trademark,4.398
imag,4.394
recognit,4.375
liber,4.368
globe,4.367
bone,4.366
1960,4.366
dragon,4.364
card,4.364
cluck,4.352
iconoclasm,4.352
quoteabl,4.352
melo,4.352
grandaddi,4.352
duffel,4.352
ruinou,4.352
som,4.352
romani,4.352
dada,4.352
pratchett,4.352
rofl,4.352
overwrit,4.352
unconstrain,4.352
idiomat,4.352
punish,4.340
spite,4.340
indic,4.338
circl,4.334
sincer,4.332
depth,4.326
lift,4.325
w,4.310
curiou,4.308
narco,4.306
prolli,4.306
napolean,4.306
leez,4.306
supress,4.306
kayser,4.306
acrid,4.306
allo,4.306
ribald,4.306
prehap,4.306
bathwat,4.306
crone,4.306
coco,4.306
blatent,4.306
wherea,4.288
evolv,4.286
reminisc,4.280
devot,4.279
nuanc,4.273
finali,4.265
reg,4.265
mornay,4.265
mitt,4.265
bristol,4.265
sequitor,4.265
knicker,4.265
tou,4.265
barmi,4.265
lice,4.265
switch,4.265
season,4.263
van,4.261
professor,4.261
avail,4.260
merit,4.251
subsequ,4.249
stun,4.245
transcend,4.241
bag,4.239
feet,4.238
scope,4.234
descriptor,4.227
lombard,4.227
appetis,4.227
sorceror,4.227
penit,4.227
bloodili,4.227
muggi,4.227
piglet,4.227
bungalow,4.227
afield,4.227
theyr,4.227
space,4.222
miller,4.220
casablanca,4.217
larger,4.215
potter,4.213
vehicl,4.210
tune,4.209
calm,4.208
enorm,4.208
stock,4.204
spleen,4.192
dicki,4.192
waaaaay,4.192
tendenti,4.192
uhf,4.192
pail,4.192
laugher,4.192
screamingli,4.192
fairi,4.192
warrior,4.189
ear,4.187
prior,4.185
kinda,4.179
paper,4.178
accid,4.174
shift,4.173
below,4.168
oppos,4.167
skelter,4.160
jubile,4.160
chastiti,4.160
tard,4.160
mlk,4.160
sleepov,4.160
helter,4.160
undoubtli,4.160
payload,4.160
gnarl,4.160
buoyanc,4.160
shaun,4.160
ere,4.160
sixth,4.158
boat,4.145
samuel,4.143
fals,4.136
heavili,4.134
chief,4.133
celt,4.130
farrelli,4.130
invect,4.130
allright,4.130
cl,4.130
bushel,4.130
concord,4.130
chalic,4.130
veggi,4.130
stricter,4.130
sensit,4.129
weight,4.123
thin,4.119
heroic,4.116
pair,4.115
worker,4.114
puzzl,4.109
expos,4.107
crash,4.107
aim,4.106
10thi,4.102
nonpluss,4.102
intelig,4.102
banzai,4.102
dosn,4.102
giggli,4.102
daffi,4.102
thon,4.102
altern,4.090
undoubtedli,4.088
abandon,4.087
site,4.085
unabl,4.084
visor,4.076
wiper,4.076
documentarian,4.076
lucidli,4.076
unfailingli,4.076
mallori,4.076
munchausen,4.076
disassembl,4.076
burp,4.076
theori,4.063
ball,4.060
succe,4.058
failur,4.056
legless,4.051
ite,4.051
curvebal,4.051
abbot,4.051
everyday,4.046
threaten,4.044
refresh,4.041
scenario,4.035
chaucer,4.028
generi,4.028
mightier,4.028
armament,4.028
semen,4.028
throught,4.028
oppinion,4.028
yokel,4.028
2am,4.028
nail,4.027
oscar,4.024
remov,4.018
parallel,4.017
profound,4.012
virtual,4.011
latest,4.008
news,4.007
husk,4.005
quintet,4.005
archeri,4.005
ozzi,4.005
marmit,4.005
backhand,4.005
hollyweird,4.005
neurolog,4.005
gland,4.005
gallantri,4.005
flatul,4.005
extent,4.004
chosen,3.997
golden,3.989
freshmen,3.984
pegg,3.984
syria,3.984
210,3.984
header,3.984
reputedli,3.984
pinter,3.984
fruiti,3.984
sui,3.984
intern,3.984
media,3.984
unusu,3.977
food,3.977
k,3.970
realist,3.969
acclaim,3.964
jabber,3.964
turret,3.964
recharg,3.964
kentucki,3.964
ds,3.964
fiftieth,3.964
diaper,3.964
altitud,3.964
nottingham,3.964
soothsay,3.964
aol,3.964
futur,3.952
commerci,3.950
ignorantli,3.945
smut,3.945
paroxysm,3.945
aaa,3.945
branagh,3.945
puss,3.945
undergradu,3.945
upload,3.945
goto,3.945
outlandishli,3.945
doom,3.944
dimension,3.939
bat,3.937
suspens,3.934
nevertheless,3.933
circumst,3.929
keaton,3.929
themself,3.926
briliant,3.926
traips,3.926
bamboozl,3.926
fiercest,3.926
infuriatingli,3.926
bosch,3.926
laureat,3.926
undilut,3.926
dat,3.926
webster,3.908
shalt,3.908
indefatig,3.908
trekki,3.908
preemin,3.908
lighthearted,3.908
pall,3.908
spoilersthi,3.908
unfilt,3.908
rougher,3.908
apiec,3.908
manichean,3.908
categori,3.900
cynic,3.892
peform,3.891
embolden,3.891
pulver,3.891
withdrew,3.891
basil,3.891
garrison,3.891
neuron,3.891
shorn,3.891
toni,3.890
anticip,3.884
acronym,3.875
diplomaci,3.875
cambridg,3.875
wake,3.874
stereotyp,3.871
energi,3.871
belief,3.869
acclim,3.859
hanker,3.859
temptress,3.859
addam,3.859
comin,3.859
salem,3.859
broken,3.850
west,3.846
saga,3.845
zulu,3.844
silki,3.844
sausag,3.844
enumer,3.844
dullard,3.844
frig,3.844
16mm,3.844
hommag,3.844
explan,3.843
weapon,3.838
trip,3.834
weav,3.832
quiet,3.831
nibbl,3.829
kernel,3.829
nichol,3.829
wether,3.829
leger,3.829
stoker,3.829
uncount,3.829
risk,3.818
assum,3.816
undervalu,3.815
nether,3.815
kilomet,3.815
mif,3.815
millionth,3.815
ruptur,3.815
nordic,3.815
foolhardi,3.815
sceen,3.815
bun,3.801
witchcraft,3.801
sidenot,3.801
ig,3.801
rancid,3.801
babysit,3.801
subsist,3.801
reacquaint,3.801
cornucopia,3.801
male,3.796
vestal,3.788
defunct,3.788
nat,3.788
assemblag,3.788
cadr,3.788
salesmen,3.788
uncool,3.788
220,3.788
practition,3.788
unit,3.787
safe,3.777
unquench,3.775
felin,3.775
wonka,3.775
blabber,3.775
tinsel,3.775
vibrantli,3.775
academia,3.775
ungodli,3.775
nauseam,3.775
pasti,3.775
clau,3.775
idiom,3.775
springboard,3.775
courag,3.774
command,3.773
blend,3.768
symptomat,3.762
brandi,3.762
monarch,3.762
garnish,3.762
foretel,3.762
sell,3.761
winner,3.754
fir,3.750
plotwis,3.750
puh,3.750
ka,3.750
beastli,3.750
sundri,3.750
chutzpah,3.750
unremit,3.738
untam,3.738
git,3.738
hector,3.738
argyl,3.738
civil,3.737
max,3.731
teach,3.730
pang,3.727
delirium,3.727
methink,3.727
fn,3.727
threadbar,3.727
angri,3.723
movement,3.721
nobleman,3.715
mirth,3.715
rabbl,3.715
broom,3.715
humourless,3.715
sod,3.715
nip,3.715
sperm,3.715
rewound,3.715
aptitud,3.715
capabl,3.710
termin,3.709
summer,3.705
scholarli,3.704
infami,3.704
blankli,3.704
litani,3.704
zeppelin,3.704
fault,3.702
kane,3.697
central,3.697
shadow,3.695
spastic,3.694
twit,3.694
victoria,3.694
brighton,3.694
piranha,3.694
v,3.693
menac,3.692
paint,3.685
investig,3.683
sequitur,3.683
lowbrow,3.683
budg,3.683
wuss,3.683
keyword,3.683
headphon,3.683
memorabilia,3.683
intermix,3.683
mask,3.683
jim,3.679
evinc,3.673
alltim,3.673
delux,3.673
visit,3.673
sleep,3.672
07,3.663
goblet,3.663
astronomi,3.663
inhospit,3.663
gymnast,3.663
improv,3.658
insol,3.653
pastri,3.653
riotou,3.653
crest,3.653
tm,3.653
hebrew,3.653
tortur,3.646
deeper,3.645
gigolo,3.644
snarki,3.644
passer,3.644
knockoff,3.644
slicker,3.644
dicku,3.644
extraordinari,3.637
74,3.634
snl,3.634
wack,3.634
accost,3.634
quixot,3.634
crotch,3.634
senc,3.634
potti,3.634
chemistri,3.626
stagnat,3.625
xma,3.625
countercultur,3.625
bard,3.625
encyclopedia,3.625
hasten,3.625
unfavor,3.625
havn,3.625
unforget,3.625
mile,3.618
export,3.616
impromptu,3.616
kool,3.616
crust,3.616
bled,3.616
monik,3.616
tract,3.616
husband,3.615
babi,3.615
awe,3.609
manur,3.607
ennui,3.607
transcript,3.607
ballpark,3.607
capitol,3.607
goriest,3.607
faintli,3.607
experienc,3.601
reali,3.599
1910,3.599
gorilla,3.599
scribe,3.599
dorm,3.599
gentlemanli,3.599
goad,3.599
retic,3.599
arbitrarili,3.599
heresi,3.599
debunk,3.599
subpar,3.599
plop,3.599
road,3.592
interlac,3.590
maroon,3.590
flung,3.590
med,3.590
undiscov,3.590
convey,3.590
columbin,3.582
creaki,3.582
ascertain,3.582
dissolut,3.582
mandat,3.582
gob,3.582
jot,3.582
imperialist,3.582
dia,3.582
readjust,3.582
harem,3.582
nobodi,3.580
sister,3.579
geezer,3.574
abbott,3.574
unquest,3.574
gauntlet,3.574
dorki,3.574
conjectur,3.574
atleast,3.566
cricket,3.566
tat,3.566
highbrow,3.566
lamest,3.566
tak,3.566
careen,3.566
evergreen,3.566
hahaha,3.558
moth,3.558
aristocraci,3.558
cretin,3.558
telli,3.550
workout,3.550
approx,3.550
irration,3.550
manuscript,3.550
withstood,3.550
reinterpret,3.550
ke,3.550
elaps,3.550
ephemer,3.550
wife,3.546
ahhh,3.543
reprimand,3.543
bemoan,3.543
depart,3.540
hearten,3.535
rica,3.535
unturn,3.535
straighten,3.535
keyston,3.535
incompat,3.535
ado,3.535
childhood,3.534
super,3.531
interpret,3.530
orthodox,3.528
reparte,3.528
cobbl,3.528
rep,3.528
mirag,3.528
dork,3.521
5000,3.521
cliqu,3.521
prolifer,3.521
queri,3.521
bulletproof,3.521
hypothesi,3.521
asinin,3.514
castrat,3.514
tarzan,3.514
prissi,3.507
pounder,3.507
cb,3.507
cannibalist,3.507
quentin,3.506
deiti,3.500
reread,3.500
piou,3.500
resurfac,3.500
iconoclast,3.500
rebuilt,3.500
reduct,3.493
lobster,3.493
maker,3.493
notch,3.488
scandinavian,3.487
hokum,3.487
doctrin,3.480
cadenc,3.480
aftertast,3.480
cataclysm,3.480
platitud,3.480
storybook,3.480
heh,3.480
witless,3.480
shawshank,3.477
deprec,3.474
sentinel,3.474
madison,3.474
impal,3.474
trailer,3.473
romant,3.470
obliqu,3.468
peski,3.468
mart,3.468
scant,3.468
archaic,3.461
overwork,3.461
wateri,3.461
foibl,3.455
kenneth,3.455
squabbl,3.455
fortifi,3.455
nirvana,3.455
cunningli,3.455
uproar,3.449
spatial,3.443
def,3.443
wisest,3.443
defer,3.443
ohio,3.443
subtler,3.443
stew,3.443
abc,3.437
nevermind,3.437
discreet,3.437
napoleon,3.431
legitimaci,3.431
unmemor,3.431
carp,3.431
1937,3.431
unison,3.431
surmis,3.431
baton,3.431
dimwit,3.431
wich,3.426
incorrectli,3.426
likelihood,3.426
lookout,3.426
succinctli,3.426
rowdi,3.426
lotteri,3.426
decis,3.425
aquat,3.420
transplant,3.420
squalor,3.420
perfunctori,3.420
conflict,3.414
incis,3.414
amusingli,3.414
dang,3.414
ade,3.414
famin,3.414
woeful,3.414
desper,3.411
loosen,3.409
sauc,3.409
fro,3.409
est,3.409
shimmer,3.409
sorceri,3.403
interject,3.403
infact,3.403
chasm,3.403
ageless,3.398
gooder,3.398
hale,3.398
beset,3.398
csi,3.398
valor,3.393
displeasur,3.393
campu,3.393
uniniti,3.393
abras,3.393
goat,3.393
slouch,3.387
contagi,3.387
huski,3.387
epoch,3.387
baptist,3.387
flawless,3.383
retold,3.382
friction,3.382
hideous,3.382
inkl,3.382
slowli,3.381
dweller,3.377
foggi,3.377
bridget,3.377
sprout,3.377
beliv,3.372
aisl,3.372
raven,3.372
ballad,3.372
unintend,3.372
gl,3.367
3000,3.367
82,3.362
snuff,3.362
hiatu,3.357
foolishli,3.357
86,3.357
kumar,3.357
pedigre,3.357
narnia,3.352
dismantl,3.352
reenact,3.352
stupidest,3.347
couldnt,3.347
amass,3.347
bourgeoi,3.347
hedonist,3.343
horseback,3.343
hermit,3.343
cheaper,3.343
stump,3.343
mish,3.338
normalci,3.338
laurel,3.338
recomend,3.338
microscop,3.338
slain,3.333
hastili,3.333
friggin,3.333
comb,3.333
wring,3.333
deris,3.329
logist,3.329
incur,3.329
camel,3.329
gent,3.329
pore,3.324
forthcom,3.324
faulti,3.324
defenseless,3.324
poop,3.324
cranki,3.324
remembr,3.324
honorari,3.324
graphic,3.323
wordi,3.320
affili,3.320
unpopular,3.320
tiniest,3.320
600,3.320
lithuania,3.320
czech,3.315
geez,3.315
robust,3.315
menu,3.315
sharper,3.315
unwillingli,3.315
pranc,3.315
troy,3.311
perch,3.311
boundless,3.311
01,3.311
afloat,3.311
scare,3.309
moreso,3.306
streamlin,3.306
uncharacterist,3.302
trajectori,3.302
connolli,3.302
ghostbust,3.302
hillbilli,3.298
toronto,3.298
pigeon,3.298
practis,3.298
unend,3.294
choir,3.294
stuffi,3.294
overarch,3.294
panther,3.294
1961,3.294
bi,3.289
revenu,3.289
gospel,3.289
climax,3.284
overhyp,3.281
existentialist,3.281
prefac,3.281
49,3.281
nah,3.281
fertil,3.277
hd,3.277
sadder,3.277
sassi,3.273
sluggish,3.273
respit,3.273
humorless,3.273
broaden,3.273
contributor,3.273
outnumb,3.273
fiasco,3.269
surfer,3.269
fide,3.269
bona,3.269
contamin,3.269
befuddl,3.269
humanli,3.265
crazier,3.265
credenti,3.261
layout,3.261
backfir,3.257
balk,3.257
sorcer,3.257
blasphem,3.257
redempt,3.257
sooooo,3.253
heavier,3.253
heartach,3.249
pedant,3.249
regurgit,3.249
seper,3.249
brainer,3.249
disagr,3.249
titil,3.246
ur,3.246
stoog,3.246
penultim,3.246
slinki,3.246
carrier,3.246
uptight,3.246
dreck,3.246
bulb,3.246
townspeopl,3.242
slogan,3.242
nutti,3.242
collag,3.242
summat,3.242
perenni,3.238
harp,3.238
travers,3.238
berat,3.238
godard,3.238
undon,3.234
jeopardi,3.234
nifti,3.234
referenti,3.231
kilter,3.231
simpleton,3.227
bemus,3.227
reccomend,3.224
copiou,3.224
untru,3.224
conan,3.224
nap,3.224
trustworthi,3.224
technic,3.222
obsolet,3.220
lib,3.220
virtuou,3.220
goo,3.220
compel,3.217
incredul,3.216
cabinet,3.216
wale,3.216
ardent,3.216
torso,3.216
slope,3.216
outsid,3.215
pummel,3.213
genesi,3.213
piss,3.213
inconveni,3.213
shenanigan,3.209
tarrantino,3.206
ingrain,3.206
twisti,3.206
dwindl,3.206
mose,3.206
oldi,3.206
reus,3.203
dylan,3.203
yup,3.203
welfar,3.199
expression,3.199
sizzl,3.199
cinema,3.198
heartili,3.196
muppet,3.196
heed,3.192
sissi,3.192
arsen,3.192
soul,3.192
brien,3.189
mytho,3.189
newbi,3.189
cutout,3.189
rekindl,3.189
paradigm,3.186
odditi,3.186
populac,3.186
daredevil,3.186
bori,3.186
heartbroken,3.182
berri,3.182
deliri,3.182
tedium,3.182
impetu,3.182
ole,3.179
santa,3.179
mellow,3.179
oop,3.179
intrigu,3.178
atheist,3.176
definetli,3.176
underwear,3.176
street,3.175
sphere,3.173
nefari,3.173
novic,3.173
overst,3.170
overrid,3.170
cylind,3.170
fiend,3.170
cuddli,3.166
flatter,3.166
48,3.163
disposit,3.160
blasphemi,3.160
1965,3.160
exclaim,3.160
starvat,3.160
gamut,3.157
sexist,3.157
precursor,3.157
bo,3.157
survey,3.157
fee,3.157
gleefulli,3.157
standalon,3.157
copyright,3.154
devolv,3.154
projectionist,3.154
97,3.154
sag,3.154
bill,3.153
loot,3.151
elementari,3.151
peg,3.148
cruelli,3.148
quarrel,3.148
fled,3.148
gard,3.145
overtur,3.145
hid,3.142
bloodthirsti,3.142
cattl,3.142
maim,3.139
antithesi,3.139
fondli,3.139
waterg,3.139
gusto,3.136
ditto,3.136
maneuv,3.136
godfath,3.136
hype,3.135
undisput,3.133
tornado,3.133
glitter,3.130
defici,3.130
dine,3.130
aback,3.130
atlant,3.127
bobbi,3.127
misti,3.125
outlet,3.125
shoddi,3.125
indign,3.125
dawson,3.122
eman,3.122
bearer,3.119
postmodern,3.119
sociolog,3.119
sparingli,3.116
audibl,3.116
puke,3.116
yay,3.116
soooo,3.116
armour,3.113
mister,3.113
dessert,3.113
inconsequenti,3.113
splice,3.110
overdu,3.110
complac,3.108
heartbeat,3.108
acrobat,3.108
bearabl,3.108
eclect,3.105
antarct,3.105
lawn,3.100
choru,3.100
rigor,3.100
staircas,3.097
averi,3.097
landi,3.094
gullibl,3.094
classroom,3.094
upward,3.094
interweav,3.094
hone,3.094
lil,3.092
defianc,3.092
log,3.089
mont,3.089
wrought,3.084
unlimit,3.084
misstep,3.084
mould,3.084
thirdli,3.081
norwegian,3.081
carbon,3.081
implor,3.081
avant,3.081
outdid,3.081
circa,3.078
batteri,3.078
statist,3.078
patent,3.076
contin,3.076
clad,3.073
rattl,3.071
juno,3.068
gilli,3.068
consumpt,3.068
bodili,3.068
giddi,3.068
email,3.066
indirectli,3.066
pristin,3.063
spear,3.063
condescend,3.061
trembl,3.061
tasteless,3.061
databas,3.061
shortag,3.058
trough,3.058
steep,3.058
disneyland,3.058
disturb,3.057
coup,3.056
weekli,3.056
ireland,3.056
cameraman,3.053
asap,3.053
righteous,3.053
chore,3.053
ripe,3.051
filmic,3.049
coars,3.049
disservic,3.046
93,3.046
thereof,3.046
excruciatingli,3.044
jan,3.044
stride,3.044
tickl,3.044
seat,3.044
brightest,3.042
85,3.042
yea,3.039
almighti,3.039
pois,3.039
untim,3.032
juic,3.032
commonplac,3.032
actress,3.030
edg,3.028
snob,3.028
barrag,3.028
wallow,3.028
snippet,3.028
haha,3.028
muddi,3.025
jonni,3.025
1900,3.025
delud,3.025
drug,3.025
31,3.023
classmat,3.023
atop,3.021
thirteen,3.021
infest,3.021
semblanc,3.016
sophomor,3.016
louder,3.016
bethani,3.014
playwright,3.014
guidelin,3.014
fearsom,3.012
trickeri,3.012
scholar,3.012
scatman,3.012
rhyme,3.012
minion,3.012
downer,3.010
output,3.007
tacki,3.005
utilis,3.005
crackl,3.005
unheard,3.003
um,3.001
duh,3.001
aerial,3.001
abysm,3.001
forehead,2.997
plea,2.997
bruis,2.992
releg,2.992
neighbourhood,2.992
vocabulari,2.990
dupe,2.990
slay,2.990
consensu,2.990
dud,2.990
forbid,2.988
quip,2.988
empow,2.988
grossli,2.988
accumul,2.986
unfinish,2.986
screech,2.984
outta,2.984
overkil,2.984
easiest,2.984
elvi,2.982
elw,2.982
input,2.982
lucid,2.980
filmmak,2.979
ck,2.978
april,2.978
colbert,2.978
feisti,2.978
brutal,2.976
aficionado,2.976
dialect,2.976
emin,2.976
sensual,2.974
batti,2.972
accordingli,2.972
rehears,2.972
tarantino,2.972
loudli,2.970
wholeheartedli,2.970
appetit,2.968
overdo,2.968
dispar,2.964
dungeon,2.964
carpet,2.964
insid,2.963
prayer,2.962
malici,2.962
viet,2.962
vicious,2.962
hord,2.960
victorian,2.958
chainsaw,2.956
broader,2.956
prohibit,2.954
moan,2.954
imbu,2.954
lull,2.952
mandatori,2.950
hackney,2.950
moral,2.949
smirk,2.948
sen,2.948
restless,2.948
constraint,2.947
download,2.945
canada,2.945
temporari,2.945
unsuspect,2.945
smartest,2.945
modifi,2.943
plug,2.943
chock,2.943
democrat,2.939
token,2.939
wiser,2.937
whoa,2.937
revis,2.935
fuse,2.935
grandchildren,2.933
disori,2.932
dissapoint,2.932
thrill,2.930
halt,2.930
mash,2.928
quasi,2.928
baron,2.928
synonym,2.928
fodder,2.928
strung,2.928
permit,2.928
previou,2.927
nt,2.926
hindsight,2.926
tooth,2.926
gape,2.926
pardon,2.926
tangl,2.926
unimport,2.926
infuri,2.924
freddi,2.923
furnitur,2.923
carefre,2.923
seren,2.923
latin,2.921
penchant,2.919
pov,2.919
rubber,2.917
unrecogniz,2.917
notwithstand,2.917
botch,2.917
bake,2.915
lovingli,2.912
hillari,2.912
timid,2.912
assort,2.912
brow,2.908
bestow,2.908
ounc,2.905
hamlet,2.905
wari,2.903
jackson,2.902
scrutini,2.902
revolution,2.900
selv,2.898
1966,2.896
nobel,2.896
interwoven,2.895
runaway,2.895
vampir,2.893
demograph,2.893
gee,2.891
inflat,2.890
framework,2.888
embed,2.886
knuckl,2.886
thirst,2.886
exceedingli,2.885
deadpan,2.885
whack,2.883
eh,2.883
rewind,2.881
sloth,2.881
dispatch,2.880
yarn,2.880
exuber,2.880
amplifi,2.878
ravag,2.877
undeserv,2.875
scot,2.875
lament,2.875
mise,2.875
misfit,2.872
interven,2.872
fieri,2.869
cox,2.867
outburst,2.867
crank,2.867
blog,2.864
decidedli,2.864
veer,2.862
amateurish,2.862
everytim,2.862
compound,2.859
northern,2.858
twentieth,2.858
gillian,2.856
smug,2.855
compuls,2.855
fuzzi,2.855
misfortun,2.853
pompou,2.853
slang,2.852
unwil,2.852
1971,2.852
disrupt,2.850
newton,2.850
meryl,2.850
mum,2.847
perfectionist,2.847
crawford,2.847
anarchist,2.845
taglin,2.845
courtesi,2.845
earliest,2.845
drab,2.845
streep,2.845
sock,2.845
macabr,2.844
bee,2.842
horrid,2.842
categor,2.842
rampag,2.842
delusion,2.842
tripe,2.841
myriad,2.841
irrat,2.837
eg,2.835
grandmoth,2.834
censor,2.834
spout,2.834
amid,2.832
satisfactori,2.829
murki,2.829
cream,2.828
oneself,2.826
freeli,2.825
extravaganza,2.825
canadian,2.823
dug,2.823
1981,2.823
disput,2.821
soundtrack,2.820
etch,2.819
railroad,2.819
nomin,2.818
plod,2.818
robert,2.817
saddest,2.816
tin,2.812
escap,2.811
yep,2.811
inadvert,2.811
obscen,2.809
willing,2.808
extravag,2.808
burnt,2.807
retreat,2.807
palm,2.807
preposter,2.805
adject,2.804
multitud,2.804
mi,2.804
rewrit,2.804
stoic,2.803
subvers,2.803
salli,2.801
sublimin,2.801
potato,2.800
trump,2.798
prioriti,2.797
handicap,2.796
inept,2.794
epilogu,2.794
formal,2.793
alleg,2.792
nam,2.789
joint,2.789
handedli,2.788
vinni,2.787
lanc,2.784
choppi,2.783
unnot,2.783
impati,2.781
carey,2.781
cotton,2.780
26,2.780
bucket,2.779
cater,2.776
soze,2.776
surf,2.775
patron,2.775
misunderstand,2.774
analog,2.774
intoler,2.772
unsuccess,2.772
dubiou,2.772
ongo,2.771
plead,2.771
cling,2.770
denouement,2.770
invok,2.770
claw,2.769
successor,2.769
coke,2.769
yourselv,2.767
statur,2.767
lightli,2.766
patch,2.766
hippi,2.764
simon,2.761
underlin,2.761
knack,2.761
accentu,2.760
junior,2.760
hideou,2.760
exce,2.759
1957,2.759
mourn,2.759
neutral,2.756
nutshel,2.755
drip,2.754
impend,2.754
dual,2.754
accustom,2.752
tame,2.751
starter,2.751
tricki,2.751
couch,2.750
hallmark,2.749
sway,2.749
introspect,2.748
audaci,2.748
eaten,2.748
gentlemen,2.746
alarm,2.745
pessimist,2.745
mail,2.744
pervert,2.742
australia,2.742
lightn,2.741
letdown,2.741
versa,2.741
lace,2.739
dement,2.738
digress,2.738
rewatch,2.738
fragment,2.738
melodi,2.738
whimsic,2.737
referenc,2.737
95,2.737
didnt,2.735
viru,2.733
bulk,2.733
thunder,2.733
heir,2.733
extraordinarili,2.731
forebod,2.731
dissect,2.730
seed,2.729
hypocrisi,2.727
intens,2.726
downward,2.725
savior,2.724
carv,2.724
starv,2.723
juxtaposit,2.723
dire,2.723
hop,2.723
hooker,2.722
resum,2.721
singular,2.721
sour,2.721
filler,2.721
prompt,2.721
stink,2.718
openli,2.718
monstrou,2.715
beforehand,2.715
bog,2.715
masculin,2.714
wore,2.714
inaccuraci,2.714
manic,2.713
conceal,2.713
damsel,2.713
relationship,2.712
taut,2.712
percent,2.712
shave,2.712
sparkl,2.711
laser,2.710
elect,2.710
spontan,2.709
denial,2.708
outdo,2.708
pi,2.708
exemplifi,2.706
widescreen,2.705
smarter,2.704
penetr,2.702
compris,2.702
pretens,2.702
lobbi,2.699
cite,2.699
ceremoni,2.699
lunat,2.698
relentlessli,2.697
salut,2.697
essay,2.697
larri,2.695
undertak,2.694
region,2.694
exud,2.693
sought,2.689
citi,2.689
experiment,2.688
squeez,2.687
dreari,2.686
benchmark,2.686
incompet,2.685
fear,2.683
mathemat,2.683
submit,2.683
vile,2.682
jon,2.682
cram,2.681
roughli,2.681
rag,2.681
sgt,2.681
margin,2.680
wayan,2.680
skull,2.680
sloppi,2.679
meander,2.679
deterior,2.678
rebelli,2.678
enrich,2.678
envis,2.677
mumbl,2.676
affirm,2.674
cohes,2.674
contempt,2.674
chip,2.672
rapidli,2.672
steam,2.672
anonym,2.671
loop,2.670
dizzi,2.670
inflict,2.670
forgiven,2.670
domest,2.668
relish,2.668
punk,2.667
strategi,2.665
immatur,2.664
disconnect,2.664
buffalo,2.663
choke,2.662
slasher,2.661
entiti,2.661
weaker,2.660
potent,2.659
puls,2.658
ricki,2.657
blah,2.657
incomprehens,2.657
300,2.656
senior,2.655
inclin,2.655
uninspir,2.655
begun,2.653
novemb,2.653
youngster,2.652
throne,2.652
pepper,2.651
slam,2.651
war,2.651
guardian,2.650
rita,2.649
misunderstood,2.649
chart,2.648
apt,2.647
dirt,2.646
acid,2.645
butcher,2.644
occup,2.644
outright,2.644
cancer,2.644
chees,2.643
nearbi,2.642
elder,2.641
strand,2.640
file,2.639
bum,2.638
assumpt,2.637
cap,2.637
redund,2.636
tiresom,2.636
proce,2.633
fenc,2.632
inappropri,2.631
divin,2.631
retard,2.630
household,2.629
underwhelm,2.629
22,2.629
prophet,2.626
lure,2.625
scandal,2.625
sooner,2.623
redefin,2.623
arena,2.623
meal,2.622
ss,2.622
drunken,2.622
mislead,2.622
banter,2.619
unconsci,2.617
someday,2.617
global,2.617
reliev,2.616
outing,2.616
btw,2.616
clariti,2.615
eighti,2.614
500,2.614
impuls,2.613
luci,2.612
healthi,2.611
wine,2.611
rapid,2.609
gt,2.608
anytim,2.608
inch,2.607
escal,2.607
eastern,2.606
envelop,2.605
textur,2.602
bottl,2.601
ridden,2.599
shortcom,2.599
avid,2.599
encompass,2.599
cage,2.599
alot,2.599
21,2.596
overblown,2.595
winston,2.595
exclus,2.595
fabric,2.593
bonu,2.592
growth,2.591
catchi,2.591
ooz,2.589
spit,2.589
backstori,2.588
slide,2.585
sappi,2.585
unorigin,2.582
profoundli,2.582
puppet,2.581
edgi,2.581
jewel,2.580
len,2.578
imo,2.576
energet,2.576
seventh,2.576
spain,2.576
cement,2.574
crappi,2.573
dash,2.572
seventi,2.572
monoton,2.572
elit,2.570
custom,2.570
rambl,2.568
interior,2.567
hostil,2.564
moodi,2.564
woven,2.561
tightli,2.560
1991,2.560
perpetu,2.560
applaus,2.560
anxieti,2.559
trainspot,2.559
23,2.557
neighbour,2.557
prospect,2.557
squar,2.556
goodby,2.554
substanti,2.554
seamless,2.552
injuri,2.552
hello,2.550
taylor,2.550
rever,2.550
harden,2.550
fuss,2.550
1939,2.547
worship,2.547
talki,2.546
legitim,2.545
1976,2.544
entireti,2.544
momentum,2.543
incident,2.541
vastli,2.541
foreshadow,2.541
inabl,2.541
interrupt,2.540
corps,2.539
perman,2.538
darn,2.537
warrant,2.537
yellow,2.535
2013,2.535
lyric,2.534
crippl,2.532
amor,2.532
viewpoint,2.531
furiou,2.530
kaufman,2.530
dispos,2.530
profess,2.529
adjust,2.529
y,2.528
breakthrough,2.527
smoothli,2.527
equip,2.525
repris,2.525
explicit,2.525
19,2.524
newli,2.522
loath,2.521
thrust,2.521
runtim,2.520
unawar,2.520
instrument,2.520
blogspot,2.520
superl,2.519
delet,2.518
garden,2.518
foul,2.516
correctli,2.516
rug,2.516
minimum,2.513
sore,2.512
deservedli,2.512
versatil,2.511
insur,2.511
bump,2.507
phenomenon,2.506
texa,2.506
reinforc,2.506
preach,2.506
invad,2.505
deem,2.504
prevail,2.504
hammer,2.503
pierc,2.502
asham,2.502
blink,2.502
diseas,2.501
injur,2.499
calib,2.499
pool,2.497
worn,2.495
baffl,2.494
2014,2.494
swim,2.493
honour,2.492
stroke,2.492
ga,2.491
colleagu,2.491
cherish,2.491
invas,2.491
effici,2.489
dougla,2.487
mild,2.487
rhythm,2.485
lit,2.485
motif,2.483
aris,2.482
poverti,2.482
virtu,2.480
swing,2.480
plight,2.479
reviv,2.478
bow,2.475
tick,2.474
whip,2.474
web,2.472
deed,2.471
flashi,2.471
gear,2.471
merci,2.468
peer,2.467
ace,2.466
majest,2.465
item,2.465
sidekick,2.464
oppon,2.464
omin,2.463
cun,2.462
spawn,2.462
trace,2.462
automat,2.461
enforc,2.461
midst,2.461
valid,2.461
coin,2.460
forgett,2.459
insomnia,2.458
rebellion,2.458
inferior,2.458
pivot,2.457
2007,2.456
magician,2.453
milk,2.451
nake,2.450
implic,2.450
rant,2.448
magazin,2.448
exhibit,2.448
union,2.447
mate,2.445
diamond,2.445
oddli,2.444
tactic,2.442
2006,2.439
vice,2.438
detach,2.436
flawlessli,2.435
demis,2.434
blank,2.434
accuraci,2.434
handsom,2.434
crawl,2.433
cari,2.432
habit,2.431
grotesqu,2.431
juli,2.431
bandit,2.428
miseri,2.427
snatch,2.427
durat,2.426
compromis,2.424
temper,2.424
conquer,2.424
rivalri,2.422
2004,2.422
factori,2.422
infinit,2.420
impos,2.419
seamlessli,2.418
akira,2.418
unbear,2.418
seller,2.415
california,2.415
orient,2.415
insert,2.411
boyfriend,2.411
gripe,2.410
moor,2.410
elsewher,2.409
suspend,2.408
greedi,2.407
preserv,2.407
spoke,2.407
fond,2.406
transfer,2.404
slaughter,2.403
crystal,2.402
proport,2.400
saint,2.400
descend,2.399
cure,2.396
elderli,2.395
support,2.393
maniac,2.392
climb,2.391
moreov,2.390
distinguish,2.390
tendenc,2.389
staff,2.389
dose,2.388
fuel,2.388
spotlight,2.387
2005,2.386
glanc,2.386
internet,2.386
trend,2.383
fundament,2.383
spiral,2.383
behav,2.382
resid,2.381
liberti,2.380
luckili,2.376
profan,2.375
mistaken,2.375
distress,2.374
emphasi,2.374
subtli,2.373
versu,2.373
skeptic,2.372
fifti,2.372
forti,2.372
thread,2.372
climact,2.372
inconsist,2.371
conveni,2.371
harm,2.370
repeatedli,2.369
bulli,2.368
print,2.366
minim,2.363
chest,2.362
tip,2.362
clock,2.360
shorter,2.360
network,2.359
1000,2.359
supernatur,2.357
gotta,2.357
presum,2.357
patienc,2.357
shakespear,2.356
contend,2.356
dinosaur,2.355
wisdom,2.355
scorces,2.355
neat,2.353
proceed,2.352
buck,2.352
dilemma,2.350
clone,2.350
nostalg,2.348
pale,2.348
flip,2.343
connelli,2.342
www,2.342
stake,2.341
2002,2.341
secondli,2.337
admittedli,2.336
usa,2.335
irish,2.334
lengthi,2.333
grate,2.333
util,2.333
piano,2.332
devil,2.332
cring,2.332
1977,2.332
stark,2.330
bounti,2.327
ain,2.327
happili,2.325
meticul,2.325
downfal,2.324
taught,2.323
farm,2.323
exhaust,2.320
restaur,2.318
coincid,2.317
bless,2.316
difficulti,2.316
spread,2.315
announc,2.314
capit,2.313
aggress,2.312
psych,2.312
altogeth,2.312
vital,2.312
dictat,2.312
weekend,2.309
lend,2.308
linger,2.308
pump,2.308
2008,2.305
sarah,2.305
nerv,2.305
lust,2.305
moviego,2.304
resolut,2.301
http,2.301
beneath,2.301
commend,2.300
lt,2.298
reserv,2.298
composit,2.296
crisi,2.293
moon,2.293
ocean,2.292
leonard,2.289
mystic,2.285
indi,2.282
sink,2.281
platoon,2.281
patriot,2.278
defi,2.278
represent,2.278
exposit,2.277
applaud,2.276
embarrass,2.276
spi,2.275
sheriff,2.275
premier,2.272
makeup,2.272
preview,2.270
spare,2.269
arrog,2.268
dust,2.267
illus,2.266
eccentr,2.266
advertis,2.265
travolta,2.265
imprison,2.263
rear,2.262
di,2.261
firstli,2.261
crush,2.259
shop,2.259
distant,2.257
nine,2.256
error,2.255
yesterday,2.252
ponder,2.251
14,2.251
wander,2.251
pro,2.249
silver,2.248
snow,2.245
alert,2.244
heaven,2.240
function,2.240
furi,2.240
smooth,2.238
acknowledg,2.234
ralph,2.233
jar,2.232
min,2.229
europ,2.226
birth,2.225
cell,2.224
divid,2.222
competit,2.221
bergman,2.220
stress,2.219
characterist,2.219
lazi,2.218
easier,2.217
orson,2.216
truck,2.216
compliment,2.216
jason,2.214
alli,2.214
poster,2.213
fought,2.212
promot,2.209
embrac,2.209
broke,2.208
friendli,2.206
vivid,2.206
offici,2.205
naiv,2.204
kiss,2.203
wrench,2.203
chaplin,2.203
lo,2.202
jacket,2.202
prize,2.202
assign,2.200
thumb,2.200
sold,2.198
devast,2.196
coaster,2.196
opera,2.195
watchabl,2.195
reson,2.193
inhabit,2.193
explod,2.192
press,2.192
franci,2.192
mechan,2.192
duti,2.191
impecc,2.188
asleep,2.186
ambit,2.186
settl,2.185
trek,2.185
psychot,2.185
transport,2.179
institut,2.179
research,2.177
roller,2.177
lovabl,2.177
popul,2.176
spoken,2.174
oliv,2.167
damag,2.167
racism,2.166
footag,2.165
con,2.165
guid,2.164
andrew,2.162
underr,2.161
persona,2.161
psychopath,2.160
corner,2.159
dazzl,2.158
kurosawa,2.156
sea,2.154
height,2.149
medium,2.149
bleak,2.148
invest,2.147
increas,2.147
scientist,2.143
scheme,2.140
lay,2.140
cheat,2.138
lower,2.135
finger,2.135
facial,2.133
meaning,2.132
examin,2.132
bitter,2.131
upset,2.128
serial,2.127
1980,2.124
sin,2.120
ticket,2.119
immers,2.118
goer,2.117
supposedli,2.113
jail,2.110
lewi,2.109
attach,2.105
conclud,2.104
pretenti,2.103
elev,2.101
stare,2.099
allen,2.097
morn,2.097
franc,2.097
taxi,2.094
sky,2.094
grasp,2.094
blew,2.094
beach,2.094
spectacl,2.092
wwii,2.092
link,2.089
benefit,2.089
dedic,2.088
photograph,2.087
isol,2.087
woodi,2.086
section,2.083
prevent,2.083
defend,2.082
directli,2.082
assist,2.080
meanwhil,2.075
employ,2.075
stellar,2.074
n,2.074
flash,2.071
marriag,2.071
davi,2.070
heroin,2.070
carrey,2.068
consider,2.068
poorli,2.067
reservoir,2.066
dynam,2.062
emerg,2.062
alan,2.059
thoma,2.059
independ,2.057
poignant,2.056
credibl,2.052
stunt,2.052
metaphor,2.050
philosophi,2.049
debut,2.048
activ,2.048
metal,2.045
coppola,2.044
titan,2.042
hugh,2.041
solv,2.040
treatment,2.040
price,2.040
fulfil,2.039
raw,2.034
pan,2.033
mafia,2.033
partner,2.033
overcom,2.032
oper,2.030
frankli,2.030
glori,2.028
wrap,2.026
astound,2.024
lotr,2.019
dirti,2.018
immens,2.016
smoke,2.013
enhanc,2.011
coen,2.007
piti,2.007
charl,2.007
character,2.006
cameron,2.006
steve,2.006
revolv,2.004
gotten,1.998
militari,1.994
ed,1.994
bright,1.991
ex,1.991
fighter,1.988
confid,1.987
relief,1.982
hunter,1.972
lone,1.967
reward,1.964
possess,1.961
mediocr,1.958
stewart,1.956
comfort,1.949
surfac,1.949
betray,1.948
rob,1.946
observ,1.945
revel,1.945
disappear,1.939
bear,1.939
mob,1.939
hire,1.938
factor,1.938
distract,1.933
joseph,1.933
fox,1.922
rape,1.913
gritti,1.907
unnecessari,1.903
began,1.899
window,1.888
solo,1.886
layer,1.875
girlfriend,1.873
hardi,1.870
anger,1.868
speech,1.863
destruct,1.858
creepi,1.857
marri,1.856
signific,1.853
chri,1.847
loss,1.845
emot,1.839
manipul,1.836
ordinari,1.832
rel,1.831
x,1.829
remak,1.818
ship,1.817
complic,1.817
mess,1.816
fellowship,1.814
premis,1.811
unfold,1.808
led,1.808
fate,1.807
frighten,1.805
terrifi,1.798
steven,1.789
willi,1.788
f,1.788
edward,1.780
door,1.778
protect,1.777
freedom,1.771
former,1.768
ii,1.765
chill,1.756
l,1.748
victim,1.742
explos,1.740
presenc,1.735
balanc,1.733
femal,1.729
progress,1.721
friendship,1.717
captiv,1.713
paul,1.712
franchis,1.711
race,1.708
heath,1.702
symbol,1.701
secret,1.697
frame,1.685
handl,1.682
wayn,1.677
comput,1.669
grip,1.661
frank,1.658
psycholog,1.656
haunt,1.642
disney,1.632
craft,1.626
ford,1.619
spirit,1.614
explor,1.609
cold,1.607
vision,1.606
matrix,1.599
gun,1.588
rise,1.564
tension,1.554
georg,1.538
fi,1.489
sci,1.489
struggl,1.481
prison,1.466
novel,1.422
jame,1.410
thriller,1.395
crime,1.338
tom,1.334
trilog,1.310
batman,1.303
villain,1.300
dream,1.280
