bergman,1060.985
death,1001.673
seventh,659.345
seal,655.853
chess,649.510
antoniu,631.012
block,605.572
knight,438.520
sydow,407.345
ingmar,399.530
god,399.060
squir,376.851
plagu,348.830
jof,346.674
crusad,328.435
von,323.306
game,303.447
ekerot,227.722
he,222.821
max,218.275
gunnar,217.809
hi,211.590
question,210.058
bengt,205.130
life,202.631
answer,184.230
mia,179.451
faith,178.174
sweden,175.133
mediev,174.665
black,172.475
film,170.844
ns,161.778
exist,142.398
imag,137.680
reaper,131.765
jon,131.421
challeng,129.583
him,127.280
we,126.168
bj,124.830
rnstrand,124.539
as,123.511
swedish,123.307
strawberri,120.347
s,119.932
their,117.937
with,117.894
witch,117.627
play,116.469
return,114.413
grim,109.945
are,108.039
religi,108.014
flagel,107.424
mean,106.342
popp,104.625
by,104.550
veri,103.886
ha,102.545
religion,102.322
from,100.887
andersson,100.499
about,100.064
fear,97.942
scene,93.778
at,93.718
bibi,92.874
not,91.895
nil,91.547
human,91.236
there,91.213
who,91.109
i,90.935
ask,89.365
onli,89.188
on,88.935
philosoph,88.661
inseglet,88.607
sjund,88.117
which,88.025
some,87.466
bjornstrand,86.375
be,86.217
most,84.847
can,83.920
face,83.457
if,82.837
they,82.645
time,82.382
will,82.376
live,82.299
himself,82.108
home,81.962
our,81.418
man,80.793
find,80.786
that,80.305
travel,80.119
age,79.992
us,79.965
symbol,79.929
no,79.645
or,79.432
all,79.342
search,78.778
have,78.472
my,78.209
way,77.995
also,77.930
burn,77.566
art,77.391
see,77.337
an,77.057
in,76.778
come,76.595
one,76.456
charact,76.416
but,76.347
tri,75.474
for,75.095
believ,75.064
journey,74.937
ravag,74.792
cinema,74.615
what,74.467
peopl,74.196
j,74.076
you,73.803
mani,73.483
allegori,72.884
when,72.834
through,72.501
imageri,72.325
devil,72.287
14th,72.179
wa,71.744
centuri,71.633
dark,71.090
world,70.546
more,69.512
end,69.475
them,69.204
beach,69.090
wife,68.557
so,68.467
antoni,68.065
meet,67.785
like,67.133
det,66.946
while,66.693
other,66.687
own,66.624
interest,66.522
thought,66.274
die,66.269
work,66.087
such,65.667
t,65.577
even,65.183
where,64.990
beauti,64.948
think,64.431
win,64.403
is,64.343
movi,64.049
know,63.914
make,63.824
me,63.619
after,63.569
middl,63.482
existenti,63.332
seem,63.169
feel,62.843
vision,62.624
white,62.480
idea,62.352
theme,62.204
becaus,61.980
mikael,61.954
ani,61.149
stake,60.858
encount,60.818
how,60.497
artist,60.383
atheist,60.344
europ,60.104
been,59.504
watch,59.281
show,59.178
look,59.094
those,58.447
land,58.445
take,58.325
actor,58.323
mortal,57.661
skat,57.242
blok,57.242
do,57.217
much,57.202
noth,56.774
point,56.599
wild,56.152
give,55.973
appear,55.809
first,55.714
year,55.347
power,55.329
follow,55.302
moment,55.288
doe,55.236
blacksmith,54.876
understand,54.623
love,54.551
yet,54.542
howev,54.377
danc,54.179
to,54.035
seen,53.790
virgin,53.580
could,53.560
just,53.476
church,53.409
simpl,53.406
girl,53.233
would,53.137
confess,53.027
masterpiec,52.610
haunt,52.535
1957,52.413
out,52.242
raval,52.225
famili,52.024
view,51.955
say,51.850
still,51.719
these,51.301
set,51.288
never,51.270
your,51.137
up,51.120
shot,50.988
befor,50.902
her,50.875
of,50.848
person,50.505
here,50.376
young,50.258
hope,49.679
provok,49.558
ever,49.513
though,49.469
interpret,49.417
cinematographi,49.310
present,49.242
milk,49.017
it,48.838
into,48.683
go,48.626
director,48.440
well,48.035
repres,48.020
villag,47.846
stori,47.701
too,47.617
disillus,47.371
wonder,47.323
want,47.213
parodi,47.041
realli,46.988
than,46.855
mari,46.788
classic,46.386
found,46.243
mind,46.180
10,46.103
troup,46.100
whi,46.066
figur,45.978
import,45.746
thing,45.616
had,45.554
between,45.266
may,45.155
great,44.958
themselv,44.932
knowledg,44.923
cheat,44.895
alway,44.758
must,44.703
long,44.373
begin,44.183
visual,44.030
juggler,43.825
am,43.704
made,43.485
subject,43.479
plog,43.063
struggl,42.951
good,42.789
saw,42.747
throughout,42.666
dure,42.661
meaning,42.640
consid,42.482
thi,42.480
hand,42.404
sens,42.399
final,42.293
icon,42.200
profound,42.121
perhap,42.115
experi,42.102
dialogu,42.064
get,41.891
fate,41.563
holi,41.387
coupl,41.296
back,41.282
open,41.248
afterlif,41.205
over,41.130
dans,41.022
perform,40.915
cynic,40.861
don,40.833
bleak,40.812
now,40.768
fact,40.724
joseph,40.594
same,40.542
within,40.532
viewer,40.491
messag,40.462
sinc,40.453
then,40.352
silenc,40.168
act,40.094
happi,40.036
few,39.850
doesn,39.709
best,39.396
later,39.251
tree,39.157
seek,39.070
continu,38.989
humor,38.839
period,38.733
heavi,38.718
almost,38.713
deep,38.706
camera,38.667
a,38.639
instead,38.610
doubt,38.592
lot,38.590
again,38.543
confront,38.420
quit,38.378
provid,38.374
cours,38.238
player,38.179
around,38.054
whether,38.053
issu,37.840
contrast,37.814
spiritu,37.734
accept,37.439
m,37.414
name,37.357
cannot,37.347
someth,37.159
ve,36.950
metaphor,36.906
monk,36.850
kind,36.835
quest,36.830
should,36.743
especi,36.708
last,36.672
horror,36.608
purpos,36.522
infant,36.386
cinemat,36.364
natur,36.225
littl,36.187
process,35.913
tell,35.909
discuss,35.861
strike,35.858
put,35.854
least,35.825
might,35.820
use,35.742
remain,35.706
impress,35.677
intellectu,35.622
move,35.587
mayb,35.574
direct,35.502
doom,35.494
without,35.490
allegor,35.473
famou,35.472
against,35.313
each,35.290
did,35.114
torment,35.110
countri,35.095
ll,35.004
son,34.960
philosophi,34.840
enough,34.810
reason,34.627
ten,34.626
approach,34.581
persona,34.573
match,34.494
both,34.396
simpli,34.332
everyon,34.296
off,34.250
priest,34.203
desper,34.114
goe,33.948
differ,33.907
protagonist,33.759
full,33.752
escap,33.733
seriou,33.729
matter,33.665
enjoy,33.594
rather,33.527
truth,33.509
were,33.432
and,33.340
homeland,33.278
eye,33.262
deal,33.221
sartr,33.148
start,32.781
countrysid,32.774
empti,32.695
form,32.594
babi,32.535
happen,32.517
variou,32.479
across,32.470
light,32.378
reflect,32.295
inga,32.252
qualiti,32.229
suffer,32.198
itself,32.186
excel,32.103
satan,32.089
talk,32.031
everi,32.008
often,31.965
soul,31.923
histori,31.870
two,31.863
dead,31.847
actual,31.789
abl,31.703
recommend,31.694
along,31.481
old,31.470
includ,31.418
castl,31.402
truli,31.322
macabr,31.283
modern,31.281
day,31.161
better,31.132
memor,30.936
claim,30.936
exampl,30.922
rate,30.861
call,30.795
real,30.743
certainli,30.694
true,30.590
sure,30.546
stage,30.540
gunnel,30.465
critic,30.457
aspect,30.443
topic,30.363
close,30.343
amp,30.332
probabl,30.320
cultur,30.258
said,30.247
anoth,30.213
care,30.121
amaz,30.114
place,30.094
becom,30.031
personif,29.925
beyond,29.740
lost,29.625
speak,29.624
plot,29.570
among,29.556
main,29.523
perfect,29.510
reveal,29.427
fischer,29.280
save,29.144
stand,29.037
belief,29.018
joy,29.006
explor,28.956
strang,28.933
cold,28.927
high,28.877
read,28.841
rememb,28.676
entertain,28.675
dialog,28.668
contempl,28.378
atmospher,28.320
d,28.311
isn,28.104
problem,28.066
child,28.065
bloc,27.889
fill,27.742
word,27.700
hansson,27.644
christian,27.556
complet,27.526
short,27.496
els,27.457
forebod,27.312
revel,27.227
medit,27.098
let,27.084
frighten,27.075
ponder,27.016
hood,26.939
sound,26.837
bit,26.782
fridel,26.768
lindblom,26.768
spring,26.763
today,26.713
add,26.711
agnost,26.705
perfectli,26.668
immedi,26.654
greatest,26.645
nor,26.589
unforgett,26.549
she,26.523
review,26.511
known,26.477
far,26.436
sever,26.430
minut,26.369
possibl,26.364
clear,26.345
univers,26.277
ultim,26.215
master,26.208
absenc,26.180
someon,26.160
onc,26.129
entir,26.080
bowl,25.959
piec,25.957
appreci,25.934
result,25.916
given,25.909
comment,25.820
caus,25.802
somewhat,25.799
order,25.784
lose,25.755
whole,25.728
angst,25.692
stark,25.635
help,25.617
creat,25.540
certain,25.380
decid,25.337
exorcist,25.297
pretenti,25.233
bogu,25.208
silent,25.168
bore,25.161
foreign,25.159
self,25.080
worth,24.930
woman,24.883
access,24.863
subtl,24.858
ted,24.829
part,24.783
carri,24.770
state,24.754
concept,24.732
definit,24.699
everyth,24.677
describ,24.629
expect,24.580
element,24.536
pain,24.488
left,24.234
opinion,24.172
stun,24.056
fight,24.013
personifi,24.002
paint,23.952
studi,23.946
intellig,23.941
despair,23.876
favorit,23.871
punish,23.869
avoid,23.866
inspir,23.839
liter,23.794
scyth,23.784
re,23.772
done,23.748
strong,23.699
prayer,23.696
until,23.632
moral,23.590
offer,23.557
illustr,23.491
realiz,23.424
upon,23.389
drama,23.382
lie,23.230
heart,23.201
rare,23.182
fine,23.173
crowd,23.153
theolog,23.144
allen,23.068
highli,23.046
seven,22.999
emot,22.983
woodi,22.949
music,22.854
didn,22.846
second,22.798
forc,22.764
down,22.761
comic,22.740
evil,22.737
right,22.675
myself,22.655
bring,22.638
nothing,22.590
languag,22.588
anyon,22.568
presenc,22.556
magnific,22.553
christ,22.537
compel,22.519
shall,22.371
alreadi,22.363
effect,22.357
skill,22.300
wish,22.260
pretti,22.204
thu,22.198
difficult,22.169
engag,22.139
superstit,22.099
bibl,22.079
remark,22.060
reaction,22.017
hard,21.996
list,21.983
introspect,21.981
repriev,21.977
aliv,21.964
particular,21.930
particularli,21.920
innoc,21.916
suppos,21.873
line,21.830
song,21.829
relev,21.800
wait,21.777
reward,21.599
ib,21.593
manag,21.586
hors,21.510
lack,21.497
observ,21.397
mention,21.382
discov,21.357
felt,21.343
bubon,21.325
examin,21.317
cross,21.288
unlik,21.273
eventu,21.269
regard,21.226
supernatur,21.217
penit,21.136
focu,21.113
unknown,21.105
stop,21.022
behind,20.990
meaningless,20.970
extrem,20.944
sky,20.942
fulli,20.919
pictur,20.909
hold,20.900
narr,20.875
hous,20.832
wit,20.796
ridden,20.790
group,20.754
allow,20.752
although,20.749
fascin,20.730
learn,20.694
simplic,20.608
impact,20.600
etern,20.432
essenti,20.431
spare,20.424
whom,20.360
interrupt,20.319
rest,20.302
jesu,20.293
top,20.276
reach,20.266
audienc,20.254
visit,20.200
heaven,20.164
fool,20.117
11th,20.084
case,20.033
metaphys,20.025
afraid,20.008
seemingli,19.985
era,19.977
admir,19.924
low,19.916
develop,19.910
affect,19.888
number,19.881
concern,19.877
maud,19.864
inde,19.835
comedi,19.797
whip,19.791
deepli,19.692
existentialist,19.686
mostli,19.671
burnt,19.647
respit,19.638
inevit,19.586
titl,19.566
obvious,19.547
realiti,19.544
prolong,19.543
away,19.472
earth,19.443
turn,19.428
sweep,19.389
filmmak,19.366
walk,19.343
side,19.327
surpris,19.311
5,19.307
confession,19.296
mysteri,19.281
50,19.270
pessimist,19.217
deserv,19.206
cut,19.204
depict,19.203
strength,19.195
sort,19.179
societi,19.144
half,19.082
arriv,19.039
new,18.983
theatric,18.957
anyth,18.952
erik,18.874
shown,18.851
strandmark,18.817
depth,18.746
affirm,18.717
slow,18.706
level,18.695
hail,18.688
dusk,18.679
men,18.667
surround,18.592
convinc,18.588
except,18.577
serious,18.530
robe,18.517
respons,18.513
reput,18.510
controversi,18.508
readi,18.501
keep,18.497
accompani,18.423
gener,18.400
mood,18.363
complex,18.335
ordinari,18.321
intellect,18.264
prais,18.257
lead,18.235
poetic,18.107
intend,18.098
sven,18.081
stay,18.075
contain,18.025
none,18.004
fanni,17.994
toward,17.964
express,17.938
cast,17.876
cloak,17.868
relief,17.839
varieti,17.797
fan,17.796
manifest,17.790
singl,17.789
origin,17.780
dvd,17.779
dramat,17.767
constantli,17.721
relat,17.720
war,17.673
memori,17.660
dull,17.656
criterion,17.634
standard,17.552
comfort,17.544
sometim,17.534
attempt,17.512
head,17.509
diseas,17.506
burden,17.487
stuff,17.471
maker,17.464
bear,17.448
togeth,17.444
easili,17.425
forget,17.381
guess,17.378
bad,17.336
balanc,17.329
deed,17.299
suggest,17.251
took,17.244
sourc,17.215
mankind,17.211
inn,17.186
student,17.169
wasn,17.156
nativ,17.122
greater,17.104
connect,17.085
note,17.076
need,17.076
valu,17.041
night,17.017
fall,16.998
instanc,16.963
sin,16.957
common,16.938
shore,16.904
miss,16.894
debat,16.886
frame,16.850
delay,16.848
small,16.831
handl,16.821
stare,16.794
7,16.770
seashor,16.770
tavern,16.713
bargain,16.703
less,16.680
signific,16.677
manner,16.674
ab,16.666
individu,16.648
kane,16.636
terror,16.633
1,16.548
scare,16.543
prove,16.530
either,16.526
scandinavia,16.521
sit,16.501
haven,16.485
focus,16.478
surreal,16.477
scapegoat,16.447
agoni,16.415
consort,16.409
tortur,16.407
the,16.392
analyz,16.323
sub,16.297
whose,16.286
term,16.266
tackl,16.253
total,16.247
basic,16.192
leav,16.184
infect,16.174
huge,16.145
neither,16.143
troubl,16.139
finish,16.134
hide,16.117
pose,16.102
highest,16.100
disappoint,16.085
funni,16.055
women,16.036
content,16.018
essenc,16.011
touch,15.957
weird,15.947
defeat,15.947
represent,15.944
flaggelist,15.919
unusu,15.910
accomplish,15.894
intrigu,15.892
humour,15.847
anguish,15.833
void,15.822
chanc,15.799
bill,15.766
desol,15.745
nevertheless,15.734
run,15.717
folk,15.705
bawdi,15.705
cri,15.701
confus,15.697
convers,15.689
refer,15.651
stall,15.637
execut,15.628
beat,15.589
serv,15.580
deni,15.563
propos,15.537
absolut,15.522
beg,15.490
tough,15.467
distract,15.465
came,15.446
buy,15.434
darkli,15.420
provoc,15.415
receiv,15.411
numer,15.372
sardon,15.329
rais,15.325
silhouet,15.317
gloomi,15.303
uniqu,15.302
achiev,15.294
frustrat,15.294
evok,15.252
post,15.226
legendari,15.188
mere,15.166
insight,15.103
lover,15.098
scholar,15.059
notion,15.053
sign,15.049
height,15.046
wast,15.024
landgr,15.016
mcmurtri,15.016
portray,15.015
penanc,14.953
nykvist,14.953
taken,14.944
book,14.942
popular,14.925
screenplay,14.904
indiffer,14.901
psycholog,14.900
screen,14.885
condit,14.875
visionari,14.858
marri,14.850
involv,14.847
recogn,14.819
poetri,14.805
front,14.791
central,14.787
oppon,14.782
shadow,14.778
incred,14.766
write,14.765
hour,14.743
ye,14.731
detail,14.699
style,14.668
rout,14.640
written,14.595
ambigu,14.585
8,14.579
realist,14.551
meanwhil,14.526
minor,14.518
greydanu,14.488
albertu,14.488
share,14.486
husband,14.461
hit,14.439
next,14.437
pure,14.420
convey,14.361
curios,14.336
fanat,14.243
couldn,14.223
ke,14.202
vs,14.198
local,14.192
entranc,14.189
free,14.179
ourselv,14.153
citizen,14.152
knock,14.144
blame,14.142
consist,14.129
inner,14.124
despit,14.107
trick,14.106
recal,14.057
chill,14.051
similar,14.042
smile,14.039
brave,14.036
brilliant,14.036
recent,14.021
success,14.015
collect,13.983
quot,13.978
intern,13.943
neg,13.942
fatalist,13.921
knew,13.921
type,13.912
tale,13.892
context,13.879
subtitl,13.859
pictor,13.822
passion,13.818
script,13.793
kill,13.789
celebr,13.770
stalk,13.756
fantast,13.753
parad,13.738
featur,13.738
kept,13.699
nobl,13.647
vagu,13.611
cowi,13.585
iconographi,13.549
lisa,13.538
version,13.511
compris,13.511
wander,13.508
meant,13.508
straight,13.506
ignor,13.477
action,13.477
uncertainti,13.473
underli,13.431
depress,13.428
roughli,13.405
spoiler,13.401
purg,13.389
costum,13.367
angel,13.363
brief,13.363
timeless,13.354
strategi,13.324
requir,13.306
honest,13.298
fought,13.273
compass,13.271
restor,13.250
pleasur,13.220
disown,13.208
dour,13.191
backdrop,13.189
devast,13.177
releas,13.156
fabl,13.153
big,13.150
went,13.137
earli,13.126
ss,13.108
popul,13.058
rich,13.056
sinner,13.044
seri,13.041
unansw,13.037
embodi,13.006
forev,13.006
abov,12.994
michael,12.980
episod,12.979
proof,12.971
eat,12.970
summer,12.969
sea,12.923
somehow,12.921
sequenc,12.895
treasur,12.888
notic,12.867
outsid,12.860
won,12.836
event,12.835
nice,12.823
dream,12.803
karin,12.795
van,12.783
multipl,12.779
samurai,12.769
tone,12.764
brilliantli,12.762
1950,12.761
special,12.760
highlight,12.750
optimist,12.737
boy,12.720
futil,12.711
occur,12.708
corps,12.696
band,12.688
crowther,12.682
supposedli,12.676
treat,12.649
alexand,12.637
awar,12.629
cowl,12.604
yourself,12.601
past,12.584
chang,12.578
chessboard,12.577
forestal,12.577
terribl,12.551
trunk,12.544
cup,12.454
establish,12.446
clever,12.431
captur,12.427
battl,12.425
abil,12.414
everywher,12.392
forward,12.343
iron,12.322
promis,12.320
mad,12.317
aim,12.317
atheism,12.307
midst,12.306
stupid,12.293
resembl,12.285
product,12.271
intens,12.268
class,12.266
abandon,12.261
clearli,12.237
disturb,12.227
hardli,12.214
raw,12.206
larg,12.199
repli,12.194
victim,12.192
non,12.184
detach,12.180
color,12.175
demis,12.171
introduct,12.152
passag,12.148
hasn,12.120
respect,12.119
edg,12.114
usual,12.109
cope,12.102
intent,12.084
pestil,12.083
familiar,12.061
drink,12.059
late,12.057
star,12.049
pass,12.019
mediaev,12.016
defin,11.995
mix,11.979
conflict,11.951
budget,11.947
hero,11.943
commentari,11.933
tast,11.928
confid,11.920
agre,11.915
posit,11.911
utter,11.883
sentenc,11.880
loudli,11.880
skeptic,11.862
insid,11.852
genuin,11.848
shakespear,11.782
fantasi,11.762
dealt,11.744
pale,11.739
latter,11.738
role,11.727
literatur,11.694
gift,11.692
pick,11.685
landscap,11.683
board,11.677
finest,11.664
python,11.655
three,11.636
histor,11.629
depend,11.587
dryli,11.578
remind,11.576
hopeless,11.545
linger,11.538
told,11.529
peasant,11.513
brought,11.498
got,11.489
hill,11.487
near,11.487
spend,11.476
gone,11.464
crisi,11.463
ocean,11.461
anybodi,11.459
nordic,11.445
miracl,11.436
easi,11.424
ridicul,11.422
echo,11.401
probe,11.388
destini,11.371
geniu,11.364
tradit,11.353
amus,11.349
ago,11.339
sublim,11.325
pasti,11.325
peac,11.274
strongest,11.264
layer,11.249
produc,11.224
physic,11.208
loyal,11.134
utterli,11.129
shock,11.125
brim,11.074
quick,11.074
consum,11.068
american,11.065
godless,11.049
photographi,11.043
explain,11.037
steal,10.998
etc,10.985
watchabl,10.975
occurr,10.962
static,10.948
4,10.937
deeper,10.935
slight,10.932
iggi,10.931
chicken,10.920
flog,10.903
complic,10.900
test,10.894
encapsul,10.879
incid,10.874
assur,10.869
percept,10.853
gain,10.849
loos,10.847
commun,10.819
heard,10.818
admit,10.793
struck,10.792
essay,10.787
sinist,10.783
theatr,10.737
optim,10.737
uncompromis,10.724
major,10.718
ironi,10.710
distanc,10.683
de,10.679
current,10.668
fashion,10.664
avail,10.650
imagin,10.646
realism,10.631
jester,10.629
guarante,10.615
marab,10.613
kneel,10.606
squirrel,10.606
overr,10.597
circu,10.590
35mm,10.585
under,10.572
paradis,10.563
prepar,10.557
obviou,10.555
combin,10.553
biblic,10.552
obsess,10.546
horizon,10.533
bother,10.533
apocalyps,10.530
wide,10.527
nearli,10.477
potenti,10.454
wrong,10.408
gave,10.402
plan,10.401
attent,10.395
frequent,10.382
proud,10.380
turmoil,10.371
postpon,10.365
besid,10.364
mirror,10.342
cloth,10.327
storytel,10.325
dynam,10.310
necessarili,10.304
surmis,10.294
length,10.287
absorb,10.281
b,10.266
moodi,10.254
importantli,10.247
countless,10.241
absurd,10.223
whisper,10.217
site,10.212
battleship,10.210
seldom,10.196
secret,10.184
mark,10.175
overcom,10.159
translat,10.136
draw,10.135
regardless,10.133
display,10.133
superb,10.129
senseless,10.124
viewpoint,10.124
astound,10.120
ira,10.116
substanc,10.108
lifetim,10.105
chao,10.097
honestli,10.096
oh,10.095
marvel,10.094
3,10.053
parallel,10.042
addit,10.038
rent,10.037
score,10.024
otherwis,10.021
accord,10.020
prevail,10.014
slightli,10.011
theri,10.011
totentanz,10.011
bertil,10.011
eucharist,10.011
dove,10.000
anyway,10.000
chosen,9.992
career,9.991
cover,9.970
ebert,9.939
motif,9.932
english,9.930
precis,9.920
longer,9.915
acclaim,9.910
store,9.908
video,9.891
heighten,9.888
unknow,9.881
ideolog,9.873
soundtrack,9.870
mock,9.865
satir,9.865
pleas,9.863
rumin,9.855
celluloid,9.847
due,9.847
key,9.847
appeal,9.829
circumst,9.824
alon,9.799
auster,9.771
soldier,9.770
identifi,9.757
statement,9.737
understood,9.728
gill,9.714
miseri,9.707
pointless,9.695
contradict,9.682
sidow,9.658
overwhelm,9.657
teeth,9.644
disillusion,9.639
grey,9.591
trip,9.586
fit,9.583
weav,9.580
themat,9.566
rape,9.566
96,9.538
monti,9.526
member,9.526
relationship,9.492
witti,9.491
hidden,9.488
aren,9.476
construct,9.468
imposs,9.457
analysi,9.444
window,9.438
precari,9.417
librari,9.414
troubadour,9.409
agnostic,9.409
compar,9.409
ubiquit,9.382
immort,9.380
voic,9.373
weak,9.364
similarli,9.363
sum,9.327
hollywood,9.310
thousand,9.308
hundr,9.298
decad,9.288
conclus,9.279
sweet,9.278
coincid,9.269
vital,9.248
preciou,9.227
cloudless,9.215
ake,9.215
theater,9.209
bodi,9.209
resolut,9.205
cape,9.201
unless,9.200
opposit,9.183
thank,9.172
harvest,9.160
grow,9.150
becam,9.137
renaiss,9.132
realis,9.120
immin,9.118
pursuit,9.106
ploy,9.097
splendid,9.090
accur,9.085
structur,9.079
dare,9.077
interv,9.076
painter,9.069
infest,9.062
igmar,9.056
smultronstallet,9.056
overal,9.043
cruelti,9.041
delight,9.019
edit,8.974
compani,8.970
judg,8.955
nobodi,8.951
tragic,8.935
expressionist,8.934
tire,8.933
bradshaw,8.923
purest,8.910
march,8.903
pop,8.899
lesser,8.893
pledg,8.886
shakespearean,8.874
join,8.864
certainti,8.863
90,8.858
laugh,8.847
ritual,8.845
hell,8.835
guy,8.833
20th,8.832
wise,8.827
glass,8.814
albeit,8.809
lute,8.807
subtleti,8.805
job,8.802
silli,8.798
unspeak,8.789
father,8.787
overt,8.778
vignett,8.778
reson,8.774
seren,8.768
sent,8.767
practic,8.767
descript,8.766
2nd,8.766
asleep,8.744
twice,8.740
bold,8.739
1960,8.731
guilt,8.731
fresh,8.720
render,8.711
ander,8.704
theologian,8.704
sancho,8.704
anti,8.699
desir,8.687
born,8.677
romant,8.674
angl,8.655
corner,8.636
sensat,8.633
proper,8.626
catharsi,8.625
sudden,8.616
wave,8.614
commit,8.612
hear,8.607
sophist,8.591
invest,8.590
veer,8.587
third,8.547
ground,8.543
roger,8.529
puriti,8.523
limit,8.521
interplay,8.518
exactli,8.472
select,8.470
2001,8.461
engulf,8.458
soon,8.453
enter,8.453
mainstream,8.452
contact,8.429
cool,8.427
fire,8.417
calm,8.417
conclud,8.415
buff,8.414
elev,8.403
mid,8.396
mr,8.390
interview,8.389
checkmat,8.385
bosley,8.385
clutch,8.375
alleg,8.375
link,8.355
photograph,8.349
horribl,8.348
isol,8.346
track,8.344
lifeless,8.340
oppos,8.335
deadli,8.326
directli,8.326
somber,8.325
berman,8.320
motiv,8.320
plead,8.313
sympathet,8.311
coast,8.309
nowaday,8.295
roam,8.294
mesmer,8.287
inform,8.272
consider,8.270
indel,8.265
regular,8.246
laud,8.239
quickli,8.230
adversari,8.229
poignant,8.226
tobe,8.204
everybodi,8.197
recur,8.197
ghost,8.170
inaccur,8.169
exact,8.154
solid,8.141
cat,8.141
2,8.135
town,8.135
charm,8.133
filmographi,8.129
scatter,8.116
pretens,8.106
everyday,8.091
whatev,8.090
worthless,8.087
cruel,8.081
averag,8.075
spirit,8.070
scenario,8.070
experiment,8.065
immens,8.063
satisfi,8.060
dreari,8.059
enrich,8.034
character,8.026
contempt,8.022
lighter,8.019
rapidli,8.016
jona,8.011
succumb,8.010
depriv,8.007
surrend,8.001
salvat,7.986
imperfect,7.971
ek,7.968
hierarch,7.968
sharp,7.968
spoof,7.962
seduct,7.954
sacrific,7.953
darker,7.937
appar,7.931
busi,7.928
nihilist,7.922
9,7.920
introduc,7.916
seduc,7.900
divin,7.892
dim,7.883
endur,7.877
sake,7.868
hair,7.861
anxiou,7.854
overli,7.853
bracelet,7.852
purif,7.852
decay,7.851
possess,7.845
shine,7.839
rendit,7.827
unanswer,7.817
lethal,7.814
mute,7.814
joie,7.783
poor,7.781
dress,7.779
surpass,7.761
notabl,7.754
environ,7.750
exemplar,7.750
fresco,7.750
mural,7.750
heret,7.750
flat,7.743
plung,7.741
sight,7.735
preachi,7.729
servant,7.722
amount,7.710
endlessli,7.707
demand,7.694
stunningli,7.689
philosophis,7.688
explan,7.687
effort,7.682
fortun,7.674
record,7.671
greet,7.670
hang,7.666
booklet,7.658
seamless,7.656
somewher,7.650
understat,7.647
worship,7.640
incarn,7.640
complaint,7.640
closur,7.633
outlook,7.633
assum,7.633
request,7.631
gaunt,7.630
humili,7.622
control,7.620
sing,7.619
absent,7.618
appropri,7.615
darn,7.611
hillsid,7.602
vivr,7.602
quietli,7.578
health,7.567
worst,7.564
sarcast,7.561
regret,7.558
higher,7.557
fragil,7.552
statu,7.551
pray,7.546
summar,7.542
weari,7.536
pace,7.532
constant,7.530
arm,7.524
tend,7.523
enigmat,7.521
nation,7.516
incens,7.500
burlesqu,7.500
sneak,7.494
ride,7.489
minstrel,7.476
pay,7.470
effici,7.468
teach,7.461
flick,7.456
aforement,7.455
ream,7.453
extract,7.453
parti,7.451
literari,7.449
loud,7.445
ad,7.444
socrat,7.431
pilgrim,7.431
pour,7.422
grace,7.418
pest,7.409
omin,7.389
pictori,7.387
vote,7.387
loss,7.379
specif,7.376
watcher,7.374
gogh,7.366
mask,7.365
swept,7.362
foundat,7.351
tap,7.351
implic,7.349
sleep,7.345
brillianc,7.331
blackest,7.326
vagabond,7.326
mainli,7.311
comparison,7.304
habit,7.294
strive,7.282
durat,7.277
inher,7.275
extraordinari,7.275
room,7.272
quixot,7.269
maria,7.261
infinit,7.260
impos,7.256
held,7.255
anymor,7.255
shortli,7.253
straightforward,7.238
impel,7.232
garb,7.232
led,7.232
uncov,7.215
suddenli,7.214
road,7.185
respond,7.179
flow,7.177
violenc,7.173
evid,7.168
hereaft,7.164
resid,7.143
dollar,7.122
bide,7.116
shrift,7.116
forti,7.116
peter,7.112
paus,7.111
apocalypt,7.089
clergi,7.086
retain,7.071
presum,7.071
wrote,7.070
melodrama,7.069
15,7.069
wisdom,7.065
charit,7.056
cloud,7.056
overdon,7.055
techniqu,7.054
dilemma,7.051
wipe,7.031
spent,7.018
send,7.015
toler,7.011
sex,7.008
prefer,7.005
wooden,7.001
piou,7.000
companion,6.994
choos,6.985
profit,6.983
scandinavian,6.974
meticul,6.974
sanctuari,6.961
explos,6.960
perceiv,6.952
fanatic,6.948
mori,6.948
difficulti,6.947
spread,6.944
unravel,6.926
wager,6.923
ancient,6.919
month,6.916
lust,6.914
perspect,6.890
composit,6.888
diminut,6.886
progress,6.885
glad,6.885
situat,6.884
east,6.882
simplist,6.879
apparit,6.874
resolv,6.874
landmark,6.869
via,6.869
trust,6.868
format,6.865
warn,6.860
suspect,6.856
winter,6.852
captiv,6.850
aesthet,6.848
influenc,6.836
race,6.833
pensiv,6.829
pagan,6.829
reject,6.824
makeup,6.815
drunk,6.813
emphas,6.807
caught,6.800
credit,6.799
talent,6.796
unbeliev,6.790
plenti,6.789
monologu,6.781
crush,6.776
suitabl,6.775
contagi,6.775
linear,6.771
distant,6.770
entourag,6.764
countrymen,6.764
duel,6.760
repetiti,6.754
sad,6.748
recurr,6.744
dig,6.730
await,6.718
trusti,6.714
visag,6.695
jar,6.695
breath,6.691
err,6.685
stump,6.685
reduc,6.684
recreat,6.677
smart,6.658
imparti,6.657
characterist,6.656
easier,6.650
strife,6.648
compliment,6.647
borrow,6.637
omnipot,6.630
troy,6.621
perch,6.621
vivid,6.617
apprais,6.613
pessim,6.613
naiv,6.612
react,6.600
shakespearian,6.587
futur,6.586
100,6.574
materi,6.563
recognit,6.562
exalt,6.562
imit,6.534
portent,6.530
picnic,6.530
occas,6.522
remot,6.513
spite,6.510
craft,6.504
ambient,6.491
arduou,6.491
clich,6.491
check,6.486
1956,6.476
tumbler,6.476
helplessli,6.476
misogynist,6.469
rocki,6.464
contriv,6.461
folklor,6.454
weighti,6.447
address,6.440
seeker,6.440
tonal,6.412
epic,6.407
masochist,6.405
twister,6.405
lower,6.405
sorri,6.404
nonexist,6.398
conundrum,6.398
hate,6.397
further,6.395
glimps,6.389
oeuvr,6.385
demon,6.381
forest,6.372
viabl,6.365
rave,6.365
repent,6.358
feet,6.356
curs,6.350
omnipres,6.339
threat,6.338
comeupp,6.333
20,6.327
million,6.316
stock,6.307
argument,6.304
chose,6.303
outwit,6.296
confound,6.296
whichev,6.296
gard,6.290
belov,6.287
grasp,6.282
ear,6.281
ok,6.279
forgiv,6.275
summari,6.274
frailti,6.272
friend,6.265
dread,6.261
fluent,6.243
somebodi,6.238
bound,6.234
employ,6.225
masterstrok,6.221
pantomim,6.215
acrobat,6.215
flash,6.214
shallow,6.213
fun,6.212
marriag,6.212
parent,6.194
surviv,6.194
doomsday,6.194
afterward,6.189
weight,6.185
measur,6.183
vast,6.166
puzzl,6.163
avant,6.162
expos,6.161
clad,6.147
meek,6.147
distinct,6.140
altern,6.135
undoubtedli,6.132
align,6.132
indirectli,6.132
pertin,6.127
sermon,6.127
kubrick,6.126
normal,6.123
treatment,6.119
fulfil,6.118
steep,6.117
background,6.114
widespread,6.107
convent,6.106
tear,6.096
gloom,6.093
thereof,6.093
frankli,6.089
succe,6.088
whale,6.083
rivet,6.076
mist,6.069
greatli,6.068
actress,6.061
snippet,6.055
equal,6.040
unwittingli,6.033
arguabl,6.029
report,6.027
rhyme,6.024
piti,6.020
tow,6.019
gem,6.019
ideal,6.013
cost,6.010
extent,6.006
load,6.005
everlast,6.002
favor,6.000
agon,5.989
7th,5.985
solac,5.981
bright,5.974
overlook,5.974
savor,5.968
food,5.965
wisecrack,5.960
brutal,5.953
cartoon,5.951
bizarr,5.948
sensual,5.948
choic,5.947
gosh,5.936
knightli,5.928
shape,5.928
chant,5.924
unfortun,5.915
powerless,5.912
transpar,5.912
autobiograph,5.908
imbu,5.908
therein,5.904
1973,5.904
lone,5.902
closer,5.901
taint,5.893
allegedli,5.893
60,5.892
goal,5.881
mediocr,5.875
strongli,5.872
ether,5.871
na,5.867
prison,5.866
correct,5.860
synonym,5.856
vita,5.852
unimport,5.852
occasion,5.848
rob,5.837
hysteria,5.834
catalyst,5.824
assort,5.824
advanc,5.823
cheer,5.811
ounc,5.810
hamlet,5.810
stereotyp,5.807
outstand,5.805
doubl,5.803
warm,5.800
imdb,5.790
sleev,5.789
hapless,5.786
conspir,5.779
twenti,5.776
account,5.774
field,5.774
thirst,5.773
clean,5.770
overplay,5.769
consequ,5.767
legend,5.760
branch,5.760
weapon,5.757
ray,5.750
ass,5.749
lash,5.747
famous,5.747
shaken,5.744
core,5.743
rot,5.740
daunt,5.737
argu,5.730
base,5.730
fake,5.726
explicitli,5.721
gritti,5.721
barren,5.718
northern,5.715
twentieth,5.715
extend,5.712
babe,5.706
condens,5.703
page,5.699
met,5.695
domin,5.695
analys,5.694
deciph,5.694
rage,5.694
spellbound,5.691
trope,5.685
forgotten,5.685
headlin,5.682
matur,5.681
task,5.681
minimalist,5.676
shouldn,5.670
readili,5.670
resign,5.661
command,5.659
blend,5.652
rampant,5.650
40,5.649
mud,5.647
bombard,5.647
commonli,5.647
compos,5.645
tangibl,5.638
historian,5.636
interact,5.635
winner,5.631
space,5.629
eerili,5.624
morbid,5.622
leather,5.619
stoic,5.605
sublimin,5.602
surprisingli,5.588
speech,5.588
creepi,5.572
capabl,5.566
fail,5.560
rashomon,5.557
yeah,5.552
romp,5.545
tax,5.545
intoler,5.545
ongo,5.542
driven,5.535
anna,5.530
count,5.528
allur,5.527
writer,5.525
underlin,5.522
hideou,5.520
refus,5.517
fell,5.513
streak,5.512
wear,5.508
crap,5.507
merciless,5.507
accustom,5.505
brink,5.500
tragedi,5.498
earn,5.489
hypocrit,5.486
attract,5.477
digress,5.476
till,5.474
sarcasm,5.474
rock,5.470
heel,5.469
root,5.463
dissect,5.460
organis,5.458
separ,5.458
hypocrisi,5.453
250,5.452
illumin,5.451
spooki,5.449
artsi,5.446
copi,5.444
resum,5.442
wood,5.442
punctuat,5.440
abound,5.440
openli,5.435
therebi,5.433
twilight,5.431
author,5.430
unfold,5.425
children,5.423
farc,5.417
spontan,5.417
fair,5.416
denial,5.415
assert,5.413
laden,5.413
co,5.410
unquestion,5.409
armor,5.406
wrestl,5.404
therefor,5.403
richli,5.402
wider,5.402
blatantli,5.394
fellini,5.389
akin,5.389
exud,5.385
contest,5.372
bar,5.368
bunch,5.364
phase,5.362
whine,5.354
sear,5.348
inflict,5.340
smack,5.338
uneven,5.336
protect,5.330
weaker,5.320
potent,5.318
determin,5.314
freedom,5.313
883,5.306
crusag,5.306
midsommar,5.306
gambeson,5.306
trivium,5.306
ingeri,5.306
speedier,5.306
bjorstrand,5.306
filosofi,5.306
ythi,5.306
zugzwang,5.306
poultrygeist,5.306
daftli,5.306
brabarian,5.306
150k,5.306
forthwithingli,5.306
christchild,5.306
nstrand,5.306
ubic,5.306
bjonstrand,5.306
desultorili,5.306
everx,5.306
burgmann,5.306
withinbergman,5.306
kirilov,5.306
notstupid,5.306
anderberg,5.306
shriven,5.306
tla,5.306
aftrelif,5.306
lanogr,5.306
docamo,5.306
pavolvian,5.306
fnac,5.306
berea,5.306
discourt,5.306
uvr,5.306
lutherian,5.306
balaam,5.306
sydov,5.306
roskild,5.306
swedenborg,5.306
poppp,5.306
mcdermott,5.306
bjornstand,5.306
censer,5.306
dissilus,5.306
jacksh,5.306
mercy,5.306
ekrot,5.306
aret,5.306
derni,5.306
umbrian,5.306
strewberri,5.306
editdisillus,5.306
existentu,5.306
corteg,5.306
seminarist,5.306
unintenion,5.306
midsommarst,5.306
1365,5.306
happywhen,5.306
duerer,5.306
begman,5.306
precid,5.306
gunnarn,5.306
bergmna,5.306
thenot,5.306
dialogueal,5.306
anderbern,5.306
mystey,5.306
cklin,5.306
rnstand,5.306
merriest,5.306
borhood,5.306
jungfrukallen,5.306
defti,5.306
elisinor,5.306
virgen,5.306
benkt,5.306
livonian,5.306
1957th,5.306
unresign,5.306
weegi,5.306
dicern,5.306
mariembad,5.306
regain,5.306
former,5.303
mindset,5.293
studio,5.291
outright,5.287
renown,5.283
strand,5.280
bare,5.277
grand,5.276
unseen,5.276
assumpt,5.274
churn,5.274
ingrid,5.269
reckon,5.257
inclus,5.247
meal,5.245
okay,5.244
vanish,5.232
clariti,5.231
disjoint,5.227
healthi,5.222
strict,5.220
passiv,5.215
envelop,5.210
unsur,5.208
degrad,5.206
tea,5.203
push,5.201
alot,5.198
necess,5.196
ahead,5.195
exclus,5.189
femal,5.187
verg,5.186
aw,5.180
convert,5.179
plu,5.178
drastic,5.171
excit,5.167
persist,5.163
proclaim,5.158
imo,5.153
banal,5.150
repeat,5.149
odd,5.146
water,5.146
deliv,5.143
brain,5.139
decis,5.137
vein,5.135
idol,5.129
gambl,5.126
battlefield,5.126
perpetu,5.121
dump,5.121
recogniz,5.118
prospect,5.113
anim,5.109
strictli,5.107
rever,5.099
unconvinc,5.095
mastermind,5.095
1982,5.092
masteri,5.092
eddi,5.083
asid,5.081
protest,5.080
roll,5.075
warrant,5.074
slowli,5.072
radic,5.068
lyric,5.068
synopsi,5.065
amidst,5.058
fli,5.056
apolog,5.055
explicit,5.049
warmth,5.046
mileston,5.043
thrust,5.042
loath,5.042
instrument,5.041
pig,5.039
blogspot,5.039
minimum,5.025
devoid,5.024
feast,5.015
reinforc,5.013
preach,5.011
deem,5.009
hitchcock,5.008
riga,5.005
thatobvi,5.005
technicali,5.005
hierat,5.005
atreu,5.005
spinoza,5.005
lindblon,5.005
agammemnon,5.005
speildberg,5.005
nordgren,5.005
grimmi,5.005
ultmat,5.005
nyvist,5.005
bock,5.005
underbit,5.005
profundi,5.005
prelapsarian,5.005
sexcomedi,5.005
kierkegaardian,5.005
caringli,5.005
forhead,5.005
visionist,5.005
tort,5.005
communic,5.005
mendic,5.005
unrep,5.005
stimul,5.000
archetyp,4.998
insecur,4.986
grip,4.982
spot,4.980
abstract,4.978
hawk,4.971
earlier,4.970
fierc,4.968
blur,4.967
german,4.965
audio,4.964
virtu,4.961
craze,4.961
unhappi,4.955
guest,4.954
en,4.945
cathol,4.945
1968,4.944
catch,4.943
signatur,4.940
biggest,4.933
diminish,4.930
sidekick,4.929
climax,4.927
cun,4.925
valid,4.921
ludicr,4.915
2007,4.911
et,4.908
hungri,4.904
festiv,4.903
nake,4.899
magazin,4.896
mate,4.891
redempt,4.885
motion,4.884
newcom,4.879
creep,4.878
elimin,4.871
gate,4.870
accuraci,4.867
slice,4.867
grotesqu,4.861
trigger,4.858
satisfact,4.857
coat,4.853
flame,4.852
condemn,4.851
western,4.850
terrif,4.850
unreal,4.845
suffic,4.842
secondari,4.836
technic,4.833
symboliz,4.829
7s,4.829
loni,4.829
mti,4.829
beng,4.829
snydow,4.829
ingar,4.829
metaphis,4.829
cinemagraph,4.829
solstic,4.829
badminton,4.829
syndow,4.829
olsson,4.829
brueghel,4.829
seminarian,4.829
folkish,4.829
panza,4.829
geld,4.829
despis,4.819
elsewher,4.817
suspend,4.816
tonight,4.814
clown,4.814
transfer,4.809
scari,4.808
worthi,4.808
melodramat,4.808
tongu,4.801
matrix,4.796
smell,4.795
adequ,4.788
hyster,4.787
support,4.786
attribut,4.785
brood,4.784
enthusiast,4.780
urban,4.779
recognis,4.778
boredom,4.773
glanc,4.772
predict,4.769
spine,4.767
weather,4.753
profan,4.751
sustain,4.748
subtli,4.747
versu,4.746
fifti,4.744
inconsist,4.743
intim,4.741
dog,4.740
phantom,4.739
repeatedli,4.738
print,4.732
bend,4.728
culmin,4.727
ethic,4.725
gentl,4.721
1000,4.718
nois,4.716
patienc,4.714
typic,4.708
princip,4.705
mostof,4.704
exemplarili,4.704
halter,4.704
lingeringli,4.704
intempor,4.704
shakespearen,4.704
cellulit,4.704
eventless,4.704
airless,4.704
questionnair,4.704
genruk,4.704
karenina,4.704
tetsuo,4.704
baltic,4.704
ingr,4.704
bergam,4.704
veli,4.704
neck,4.694
coher,4.691
sunset,4.690
nose,4.685
chase,4.685
2002,4.681
fare,4.681
nuclear,4.674
caricatur,4.672
lengthi,4.666
grate,4.666
relentless,4.660
five,4.652
legaci,4.648
mixtur,4.645
16,4.640
useless,4.633
rubbish,4.632
altogeth,4.624
dictat,4.623
closest,4.621
lend,4.616
text,4.614
rid,4.611
date,4.610
masqu,4.607
cosset,4.607
althrough,4.607
moaner,4.607
pixil,4.607
propound,4.607
donahu,4.607
wronghead,4.607
bruegel,4.607
misguidedli,4.607
manacl,4.607
untroubl,4.607
courteous,4.607
harder,4.607
realm,4.596
label,4.595
princ,4.587
judgment,4.581
lamb,4.578
exercis,4.577
blow,4.576
relax,4.575
particip,4.572
mystic,4.569
seat,4.565
18,4.561
conceiv,4.555
exposit,4.554
float,4.548
suprem,4.544
arrog,4.535
prop,4.535
illus,4.532
stir,4.532
fallen,4.530
irreligi,4.528
imperman,4.528
porta,4.528
stabilis,4.528
trampi,4.528
engorg,4.528
rosencrantz,4.528
fyodor,4.528
mezmor,4.528
friar,4.528
whiten,4.528
beaucoup,4.528
detract,4.528
rear,4.524
wolf,4.514
jerri,4.513
wanna,4.508
yesterday,4.503
cleverli,4.503
eas,4.502
peak,4.500
pro,4.499
pitch,4.495
singer,4.487
function,4.480
dub,4.476
selfish,4.474
burst,4.473
fatal,4.473
outrag,4.473
insist,4.467
influenti,4.462
sphinx,4.461
fourteenth,4.461
apocalpys,4.461
jiffi,4.461
challang,4.461
dramati,4.461
intellectualis,4.461
worldi,4.461
neigh,4.461
rough,4.456
birth,4.450
tour,4.449
aspir,4.449
sun,4.449
infam,4.442
blond,4.441
stress,4.439
european,4.426
beaten,4.426
mother,4.423
gather,4.418
offici,4.410
grave,4.409
creator,4.406
digit,4.404
repetit,4.404
odin,4.403
pillori,4.403
faustu,4.403
wearili,4.403
earshot,4.403
supplic,4.403
sodomit,4.403
striven,4.403
aver,4.403
discurs,4.403
sacrament,4.403
blatanc,4.403
prize,4.403
sir,4.398
thrill,4.395
storylin,4.393
inhabit,4.385
duti,4.383
basi,4.374
dri,4.372
apart,4.372
trek,4.370
crucial,4.368
dragon,4.364
tini,4.363
portrait,4.358
research,4.355
excruti,4.352
passersbi,4.352
nought,4.352
thinkabl,4.352
aneurysm,4.352
coif,4.352
immemori,4.352
fulsom,4.352
guildenstern,4.352
obscura,4.352
spoken,4.348
circl,4.334
eeri,4.334
guid,4.327
underr,4.323
encourag,4.319
irrit,4.317
kurosawa,4.311
pursu,4.309
curiou,4.308
expectantli,4.306
smultronst,4.306
desultori,4.306
slav,4.306
polo,4.306
koan,4.306
torpor,4.306
vronski,4.306
emissari,4.306
apparantli,4.306
spoilsport,4.306
llet,4.306
porridg,4.306
medium,4.297
advic,4.296
wherea,4.288
evolv,4.286
outcom,4.285
indulg,4.281
reminisc,4.280
devot,4.279
murphi,4.279
paladin,4.265
java,4.265
woodsman,4.265
lewton,4.265
tose,4.265
condor,4.265
libretto,4.265
cloyingli,4.265
mor,4.265
codswallop,4.265
carn,4.265
season,4.263
bitter,4.263
enthral,4.262
upset,4.255
merit,4.251
fame,4.239
leg,4.238
bull,4.235
tool,4.235
shake,4.230
loftier,4.227
resnai,4.227
karra,4.227
shakesper,4.227
descriptor,4.227
lutheran,4.227
judeo,4.227
hall,4.224
adventur,4.202
pretend,4.194
wouldn,4.194
windswept,4.192
pearli,4.192
luminesc,4.192
gunna,4.192
cul,4.192
dentistri,4.192
fervour,4.192
splay,4.192
horsley,4.192
endless,4.186
prior,4.185
gradual,4.182
pull,4.182
random,4.181
benefit,4.178
section,4.166
preponder,4.160
endgam,4.160
screed,4.160
aeterna,4.160
horridli,4.160
denier,4.160
assist,4.160
exagger,4.148
n,4.148
crack,4.146
engross,4.141
fals,4.136
heavili,4.134
reexamin,4.130
merriment,4.130
functionari,4.130
untarnish,4.130
hardlin,4.130
bitti,4.130
sanest,4.130
amongst,4.130
ensembl,4.129
sensit,4.129
teen,4.119
thin,4.119
independ,4.114
target,4.109
bespeak,4.102
failsaf,4.102
unsightli,4.102
smoothest,4.102
mesmor,4.102
buxom,4.102
sunlit,4.102
saraband,4.102
knighthood,4.102
muggl,4.102
itiner,4.102
rhapsod,4.102
workhors,4.102
infinitesim,4.102
patient,4.099
activ,4.095
break,4.092
coppola,4.088
welcom,4.084
tabl,4.083
hmv,4.076
slovenli,4.076
videodrom,4.076
overh,4.076
laymen,4.076
clung,4.076
burdensom,4.076
apoge,4.076
pan,4.067
excus,4.066
exploit,4.061
ball,4.060
wrap,4.052
transienc,4.051
rooster,4.051
merrili,4.051
exorbit,4.051
unexamin,4.051
kingli,4.051
rematch,4.051
boomerang,4.051
unpack,4.051
birthplac,4.051
unrol,4.051
model,4.048
threaten,4.044
odyssey,4.038
harsh,4.038
youth,4.032
innov,4.031
unclean,4.028
unworldli,4.028
portend,4.028
spectral,4.028
smoke,4.026
station,4.023
sword,4.023
crime,4.013
stretch,4.012
virtual,4.011
photogen,4.005
unenlighten,4.005
alain,4.005
ladl,4.005
transfigur,4.005
entrail,4.005
apocryph,4.005
kafkaesqu,4.005
gland,4.005
1300,4.005
beseech,4.005
kidumovi,4.005
certitud,4.005
fairer,4.005
hypothes,4.005
colleg,3.996
hook,3.985
dostoyevski,3.984
header,3.984
mai,3.984
media,3.984
gorgeou,3.971
excess,3.965
crueler,3.964
flunk,3.964
recalcitr,3.964
dram,3.964
acuiti,3.964
grimmer,3.964
soothsay,3.964
solipsist,3.964
outplay,3.964
south,3.963
commerci,3.950
pilfer,3.945
y2k,3.945
resist,3.944
murder,3.939
authent,3.934
tumult,3.926
ng,3.926
ignomini,3.926
1918,3.926
bosch,3.926
inculc,3.926
voodoo,3.926
procrastin,3.926
misread,3.926
triumph,3.923
astonish,3.916
healthier,3.908
taiwan,3.908
spoilersthi,3.908
safest,3.908
miscellan,3.908
inarticul,3.908
chivalr,3.908
gold,3.908
categori,3.900
affair,3.900
ill,3.897
betray,3.896
inscrib,3.891
zilch,3.891
errant,3.891
josef,3.891
precept,3.891
convention,3.891
bulletin,3.891
retina,3.891
replac,3.890
disappear,3.878
com,3.878
stringent,3.875
greenaway,3.875
energi,3.871
disgust,3.860
barter,3.859
ascet,3.859
abstrus,3.859
wean,3.859
unentertain,3.859
grassi,3.859
lusti,3.859
plaqu,3.859
genr,3.856
tremend,3.855
grown,3.850
broken,3.850
whilst,3.849
stuck,3.847
sac,3.844
potion,3.844
duell,3.844
textual,3.844
scourg,3.844
forefath,3.844
seer,3.844
citizenri,3.844
blab,3.844
stoical,3.844
contrit,3.844
sanctiti,3.844
quiet,3.831
mass,3.830
hight,3.829
abscond,3.829
grabber,3.829
uncount,3.829
massiv,3.829
risk,3.818
fizz,3.815
headway,3.815
bastion,3.815
tragicom,3.815
shipwreck,3.815
dissert,3.815
unnecessari,3.805
grab,3.802
witchcraft,3.801
nazareth,3.801
turncoat,3.801
cornucopia,3.801
male,3.796
abus,3.795
handed,3.788
decompos,3.788
elop,3.788
picaresqu,3.788
likabl,3.783
safe,3.777
serpent,3.775
ritualist,3.775
outstretch,3.775
solemnli,3.775
dolt,3.775
thusli,3.775
idiom,3.775
lug,3.775
overcast,3.775
courag,3.774
70,3.766
twaddl,3.762
quintess,3.762
cranni,3.762
billi,3.761
phenomen,3.754
invent,3.751
superstiti,3.750
unconcern,3.750
swollen,3.750
lustr,3.750
craggi,3.750
duologu,3.750
fellow,3.749
plain,3.749
rang,3.746
girlfriend,3.745
memento,3.743
runway,3.738
meadow,3.738
unremit,3.738
ladi,3.738
anger,3.735
complain,3.732
wind,3.732
sentiment,3.729
succeed,3.728
onto,3.727
flippant,3.727
reveri,3.727
arthurian,3.727
ascrib,3.727
camu,3.727
pilgrimag,3.727
movement,3.721
ugli,3.719
humourless,3.715
whenc,3.715
cajol,3.715
hunki,3.715
center,3.705
artisan,3.704
cleric,3.704
prettiest,3.704
cogniz,3.704
homecom,3.704
choral,3.704
fault,3.702
fairli,3.696
unpolish,3.694
vatican,3.694
menac,3.692
bloodi,3.690
sick,3.688
herzog,3.683
opin,3.683
uncensor,3.683
layman,3.683
vultur,3.683
mead,3.683
hamster,3.683
intermix,3.683
friedkin,3.683
1898,3.683
bond,3.683
ourself,3.673
hearted,3.673
tray,3.673
sonata,3.673
wittiest,3.673
delux,3.673
mannequin,3.673
underutil,3.673
fireplac,3.673
path,3.666
sceneri,3.665
07,3.663
commerc,3.663
cacophoni,3.663
squat,3.663
inhospit,3.663
consign,3.663
insofar,3.663
uninform,3.663
subterfug,3.663
improv,3.658
pithi,3.653
tableau,3.653
agonizingli,3.653
specter,3.653
bevi,3.653
crest,3.653
govern,3.651
glum,3.644
potemkin,3.644
spectr,3.644
polarisdib,3.644
absurdist,3.644
superior,3.643
remak,3.636
deadlin,3.634
74,3.634
roast,3.634
monasteri,3.634
opportun,3.634
mess,3.631
fellowship,3.628
damnat,3.625
vapor,3.625
plump,3.625
therapeut,3.625
premis,3.623
export,3.616
awe,3.609
pomp,3.607
modestli,3.607
catholic,3.607
brainstorm,3.607
experienc,3.601
blown,3.599
tolstoy,3.599
uncal,3.599
netherland,3.599
kahn,3.599
geometr,3.599
cineast,3.599
heresi,3.599
terrifi,3.596
round,3.594
damn,3.592
counten,3.590
gunner,3.590
waysid,3.590
chivalri,3.590
sheer,3.590
erudit,3.582
jest,3.582
manchurian,3.582
inaccess,3.582
oedipu,3.582
sacrifici,3.582
philistin,3.582
readjust,3.582
steven,3.578
stanley,3.577
autopsi,3.574
checklist,3.574
substant,3.574
unquest,3.574
odiou,3.566
highbrow,3.566
stationari,3.566
breathtak,3.558
va,3.558
buddhism,3.558
door,3.556
law,3.555
joe,3.552
nonchalantli,3.550
clinch,3.550
manuscript,3.550
coil,3.550
bloodlet,3.543
receipt,3.543
zealot,3.543
cluster,3.543
chais,3.543
promiscu,3.543
manson,3.543
elucid,3.543
horni,3.543
glacial,3.543
scrub,3.543
duplicit,3.543
extra,3.541
teenag,3.541
la,3.540
transform,3.539
mainstay,3.535
overlay,3.535
burner,3.535
bunuel,3.535
unidentifi,3.535
propagandist,3.535
mitig,3.535
childhood,3.534
orthodox,3.528
tedious,3.528
picasso,3.528
phew,3.528
cine,3.528
grimm,3.528
provinc,3.528
enemi,3.524
hunt,3.523
tie,3.522
prolifer,3.521
humdrum,3.521
queri,3.521
ters,3.514
subterranean,3.514
jerusalem,3.514
stone,3.509
beret,3.507
resurg,3.507
flail,3.507
staunch,3.507
boorish,3.507
remiss,3.507
milton,3.507
system,3.506
exorcis,3.500
deiti,3.500
interlock,3.500
corman,3.500
gallow,3.500
ivan,3.500
sonic,3.500
dolc,3.500
krono,3.493
extol,3.493
harsher,3.493
notch,3.488
redon,3.487
fundamentalist,3.487
rush,3.482
godli,3.480
hart,3.480
secular,3.480
platitud,3.480
stick,3.479
succinct,3.474
complimentari,3.474
12th,3.468
linguist,3.468
backsid,3.468
fyi,3.468
denmark,3.468
calam,3.468
keenli,3.468
unfeel,3.468
dr,3.467
leader,3.465
suit,3.463
prosaic,3.461
rev,3.461
silliest,3.461
project,3.456
foibl,3.455
agreeabl,3.455
alfr,3.455
83,3.449
unobtrus,3.449
chastis,3.443
depressingli,3.443
wisest,3.443
necessari,3.443
mistak,3.441
kitti,3.437
caravan,3.437
unwilling,3.431
subsid,3.431
public,3.429
privat,3.428
locat,3.426
wich,3.426
glib,3.426
shtick,3.426
typifi,3.426
unflinchingli,3.426
isak,3.426
supper,3.426
scissor,3.420
reproduct,3.420
incis,3.414
hymn,3.414
ruse,3.409
reset,3.409
unfound,3.409
knowingli,3.409
inquiri,3.409
decent,3.409
backstag,3.403
jeopard,3.403
thrash,3.403
saunder,3.403
initi,3.402
monochrom,3.398
unriv,3.398
listen,3.396
valor,3.393
manifesto,3.393
despond,3.393
al,3.391
wayward,3.387
robocop,3.387
53,3.387
afteral,3.387
marcello,3.387
drag,3.383
revil,3.382
boister,3.382
spoil,3.378
cheapli,3.377
uncompl,3.377
sweetest,3.377
raven,3.372
prod,3.372
omnisci,3.372
ballad,3.372
relinquish,3.367
mcgovern,3.367
jovial,3.367
restart,3.367
chiefli,3.362
expressionless,3.362
bewilder,3.357
shack,3.357
foolishli,3.357
werner,3.357
rank,3.357
threshold,3.352
touchston,3.347
1928,3.347
intermitt,3.347
revelatori,3.347
faculti,3.343
hedonist,3.343
garish,3.343
disgustingli,3.343
misl,3.343
caveat,3.343
mish,3.338
engrav,3.338
discont,3.338
sham,3.333
autumn,3.333
unsubtl,3.333
o,3.329
borg,3.329
pf,3.329
expel,3.329
reproach,3.324
geniou,3.320
unabashedli,3.320
fortitud,3.320
lithuania,3.320
bask,3.320
snag,3.320
contort,3.320
ravish,3.315
reconnect,3.315
earthli,3.315
hostel,3.315
fervor,3.315
adorn,3.315
unwelcom,3.311
astronom,3.311
vindict,3.311
conn,3.311
wow,3.310
sling,3.306
crise,3.306
lampoon,3.302
weirdest,3.302
trajectori,3.302
trudg,3.302
43,3.302
hipster,3.298
scape,3.298
troublesom,3.298
starkli,3.294
haze,3.294
extinguish,3.294
discours,3.294
unend,3.294
whimsi,3.289
migrat,3.289
uninvolv,3.289
wraith,3.289
verbos,3.289
undesir,3.285
outwardli,3.285
scrutin,3.285
crew,3.283
tumultu,3.281
symbolis,3.281
inquisit,3.277
dumbest,3.277
fertil,3.277
creativ,3.277
rational,3.273
broaden,3.273
expositori,3.273
humorless,3.273
attack,3.270
strut,3.269
earthi,3.269
fork,3.269
surfer,3.269
helper,3.269
rendezv,3.265
anachron,3.261
vibrat,3.261
indispens,3.261
hazi,3.261
buddhist,3.257
nigh,3.257
unattract,3.257
blasphem,3.257
egypt,3.253
achingli,3.253
heavier,3.253
toil,3.253
rule,3.250
undoubt,3.249
brainer,3.249
aimless,3.246
cock,3.246
penultim,3.246
panorama,3.246
zen,3.242
townspeopl,3.242
implicit,3.238
untold,3.238
perenni,3.238
pope,3.238
joke,3.236
romanc,3.235
benign,3.234
cheeri,3.234
25th,3.234
beguil,3.234
gnome,3.234
jeopardi,3.234
clumsili,3.234
seinfeld,3.234
instig,3.234
startlingli,3.231
snapshot,3.231
devout,3.227
scorch,3.227
connoisseur,3.227
fatherli,3.227
deplor,3.224
chopper,3.224
reccomend,3.224
muck,3.224
conan,3.224
fumbl,3.224
crucifixion,3.224
diatrib,3.220
whirl,3.220
cgi,3.219
inexor,3.216
disinterest,3.213
unfaith,3.209
revisionist,3.209
cop,3.208
beli,3.203
vacuou,3.203
reus,3.203
belittl,3.199
expression,3.199
harshli,3.199
reap,3.196
conspicu,3.196
unlock,3.196
heartili,3.196
reloc,3.196
innumer,3.196
america,3.195
wickedli,3.192
gratif,3.189
throb,3.189
embarrassingli,3.189
danish,3.189
smother,3.186
130,3.186
mogul,3.186
paradigm,3.186
hefti,3.186
mischief,3.182
shortest,3.182
wither,3.179
mantra,3.179
cohort,3.179
enclos,3.176
street,3.175
unapp,3.173
hairi,3.173
hamper,3.173
danger,3.172
favourit,3.171
chatter,3.170
aton,3.170
jewelri,3.170
dishearten,3.170
overst,3.170
overrid,3.170
gel,3.170
predominantli,3.166
madelin,3.166
scoundrel,3.166
reaffirm,3.163
kindergarten,3.163
newfound,3.163
1965,3.160
augment,3.160
starvat,3.160
survey,3.157
coldli,3.157
10http,3.157
tcm,3.151
idiosyncrat,3.151
underpin,3.151
grander,3.151
tranquil,3.148
zip,3.148
benni,3.148
collis,3.148
unifi,3.148
peni,3.148
spur,3.145
panoram,3.145
sunk,3.145
89,3.145
infidel,3.142
woe,3.142
pong,3.142
bobafett1138,3.142
flavour,3.139
denomin,3.139
profund,3.139
reagan,3.139
martyr,3.139
shriek,3.136
rife,3.136
ditto,3.136
attest,3.136
godfath,3.136
hype,3.135
grindhous,3.133
monstros,3.133
frivol,3.130
pedest,3.130
promptli,3.130
polit,3.127
pragmat,3.127
anomali,3.127
bobbi,3.127
pastich,3.125
hilari,3.123
drive,3.123
loung,3.119
6,3.117
audibl,3.116
sparingli,3.116
manli,3.116
cart,3.113
afterthought,3.113
trueli,3.113
hilt,3.108
inadequ,3.108
recap,3.108
folli,3.108
befit,3.108
naiveti,3.108
complac,3.108
anthem,3.108
eclect,3.105
haul,3.105
avenu,3.105
microcosm,3.105
sombr,3.105
grappl,3.102
ninth,3.102
infin,3.102
stifl,3.102
overflow,3.102
breaker,3.102
waver,3.100
rigor,3.100
blunder,3.100
shroud,3.097
liken,3.097
silhouett,3.097
bookend,3.094
symptom,3.094
synchron,3.094
ghastli,3.094
punchlin,3.092
appeas,3.092
denounc,3.092
sumptuou,3.089
mutter,3.089
log,3.089
annoyingli,3.086
den,3.084
thesi,3.084
propheci,3.081
four,3.077
andrei,3.076
dichotomi,3.073
sandwich,3.073
cosmic,3.073
pine,3.073
turbul,3.071
unto,3.068
inescap,3.066
unfunni,3.066
pluck,3.066
graini,3.066
touchi,3.063
hitchcockian,3.063
vapid,3.063
dice,3.063
pristin,3.063
condescend,3.061
trembl,3.061
magnifi,3.058
vin,3.058
pertain,3.058
trough,3.058
school,3.057
frontier,3.056
intrins,3.056
dune,3.056
brag,3.053
righteous,3.053
chore,3.053
cameraman,3.053
debaucheri,3.053
fend,3.051
incongru,3.051
incit,3.051
gratifi,3.051
unresolv,3.051
lord,3.050
offset,3.049
coars,3.049
honey,3.049
haircut,3.049
mandi,3.046
ecstat,3.046
stride,3.044
googl,3.044
ness,3.044
yea,3.039
unknowingli,3.039
almighti,3.039
jolli,3.039
pois,3.039
atom,3.037
walsh,3.037
fart,3.035
aplomb,3.035
shawn,3.032
mystifi,3.030
tenth,3.030
cryptic,3.030
gratitud,3.030
revert,3.030
transfix,3.030
snob,3.028
fraction,3.025
delud,3.025
swiftli,3.025
mercilessli,3.021
astut,3.019
gist,3.019
fast,3.018
infer,3.016
hoot,3.016
wri,3.014
bethani,3.014
guidelin,3.014
minion,3.012
imprint,3.012
temporarili,3.012
trickeri,3.012
idyl,3.012
scroll,3.010
glimmer,3.010
diesel,3.010
ghostli,3.007
dispens,3.005
noon,3.005
crackl,3.005
juggl,3.003
afflict,3.003
eagl,3.003
duh,3.001
57,3.001
wade,3.001
bing,2.999
solitud,2.999
elegantli,2.997
amalgam,2.997
watson,2.997
barbarian,2.997
islam,2.995
cancel,2.995
calmli,2.995
sack,2.995
pantheon,2.992
plainli,2.992
breakout,2.992
acut,2.992
shrug,2.992
bravura,2.992
oft,2.990
consensu,2.990
shoot,2.989
fore,2.988
opportunist,2.988
melanchol,2.986
pervad,2.986
whim,2.986
qualm,2.986
disintegr,2.986
easiest,2.984
solemn,2.984
unfulfil,2.982
einstein,2.982
lung,2.982
lucid,2.980
consol,2.978
expedit,2.976
baggag,2.976
emin,2.976
rehabilit,2.976
joey,2.974
blvd,2.974
ting,2.974
intervent,2.972
shelli,2.972
unwant,2.972
fixat,2.972
thwart,2.972
overwrought,2.970
brawl,2.968
dispar,2.964
arbitrari,2.962
strikingli,2.962
flirt,2.962
vaniti,2.960
stain,2.960
herd,2.958
victorian,2.958
chef,2.956
overlap,2.956
wretch,2.956
chainsaw,2.956
herein,2.954
sceptic,2.952
blindli,2.952
lull,2.952
distast,2.952
sleek,2.952
retribut,2.950
magic,2.948
adapt,2.947
tingl,2.947
transmit,2.947
booth,2.947
constraint,2.947
midway,2.947
forefront,2.945
devour,2.945
smartest,2.945
rack,2.943
loui,2.941
hyperbol,2.941
cathart,2.941
bin,2.941
grass,2.939
faceless,2.939
visitor,2.939
abid,2.937
compress,2.937
amazon,2.935
bigot,2.935
breez,2.935
torch,2.935
fuse,2.935
heavenli,2.933
careless,2.933
testifi,2.933
medicin,2.933
breast,2.932
disori,2.932
collid,2.930
wherein,2.930
reconcil,2.930
ping,2.928
contradictori,2.928
permit,2.928
mash,2.928
sacr,2.928
previou,2.927
pardon,2.926
joyou,2.926
sync,2.924
guis,2.924
proven,2.924
majesti,2.923
hover,2.923
unmistak,2.923
coloss,2.921
hometown,2.919
liar,2.919
splendor,2.919
notwithstand,2.917
templat,2.917
ditch,2.917
miniatur,2.917
onward,2.917
pervas,2.915
herald,2.914
resili,2.914
drench,2.912
conceptu,2.908
overwhelmingli,2.905
deconstruct,2.905
eyebrow,2.905
filthi,2.903
nobil,2.902
prone,2.902
deviou,2.900
coven,2.900
farther,2.898
underus,2.898
selv,2.898
recip,2.898
vers,2.896
eclips,2.896
andr,2.895
caf,2.895
vampir,2.893
radiat,2.891
dissolv,2.891
ostens,2.890
inflat,2.890
stilt,2.890
framework,2.888
persuas,2.888
parabl,2.888
summon,2.886
embed,2.886
deadpan,2.885
discourag,2.883
spew,2.881
hinder,2.880
netflix,2.880
reunion,2.878
dreami,2.878
incompar,2.877
elud,2.877
violent,2.875
undeserv,2.875
grain,2.875
mise,2.875
enigma,2.875
batter,2.873
evad,2.873
poignanc,2.872
implant,2.872
dusti,2.872
shadowi,2.870
toto,2.870
testosteron,2.870
annihil,2.869
humanist,2.869
fieri,2.869
bass,2.867
arti,2.867
cox,2.867
appoint,2.865
blog,2.864
decidedli,2.864
amateurish,2.862
everytim,2.862
sieg,2.861
advoc,2.858
misplac,2.856
pompou,2.853
theft,2.853
unwil,2.852
disrupt,2.850
intrus,2.850
renew,2.848
simplest,2.847
museum,2.847
hopelessli,2.847
perfectionist,2.847
inter,2.845
astonishingli,2.845
earliest,2.845
dualiti,2.845
goeth,2.844
lightyear,2.844
hokey,2.844
novel,2.844
delusion,2.842
horrid,2.842
levin,2.842
tripe,2.841
woke,2.841
27,2.841
exemplari,2.841
thorough,2.839
pole,2.838
irrat,2.837
blood,2.834
crouch,2.834
facad,2.834
chandler,2.834
bread,2.834
deaf,2.832
amid,2.832
hauntingli,2.831
satisfactori,2.829
salt,2.828
deftli,2.826
tread,2.826
overboard,2.821
jame,2.820
minist,2.819
etch,2.819
nomin,2.818
adher,2.816
whini,2.816
unflinch,2.815
breakfast,2.815
antonio,2.814
forbidden,2.812
outset,2.812
tourist,2.811
inadvert,2.811
obscen,2.809
fathom,2.808
effortless,2.808
extravag,2.808
nearest,2.805
multitud,2.804
imper,2.804
uniformli,2.801
ridg,2.801
overton,2.800
seiz,2.800
splatter,2.798
snappi,2.797
oblivi,2.796
muse,2.796
interfer,2.796
earnest,2.796
clearer,2.794
plate,2.794
epilogu,2.794
ambianc,2.792
backbon,2.790
economi,2.790
spice,2.790
happier,2.788
preacher,2.787
recollect,2.783
26,2.780
devis,2.777
instil,2.775
ici,2.775
pawn,2.775
surf,2.775
barbar,2.775
patron,2.775
placement,2.774
draft,2.772
unsuccess,2.772
poem,2.771
invok,2.770
fullest,2.769
brat,2.769
statur,2.767
creed,2.766
waterfront,2.764
footstep,2.764
primit,2.762
stack,2.762
cannon,2.762
chunk,2.760
tarkovski,2.760
endeavor,2.759
mourn,2.759
comrad,2.757
emotionless,2.757
volunt,2.757
genius,2.757
romantic,2.756
impend,2.754
drip,2.754
abyss,2.752
cann,2.752
recount,2.752
wherev,2.751
tricki,2.751
loom,2.749
recit,2.749
exil,2.749
loan,2.748
audaci,2.748
sprawl,2.745
king,2.744
fri,2.743
fright,2.743
scriptwrit,2.742
versa,2.741
lace,2.739
rewatch,2.738
melodi,2.738
merg,2.738
usag,2.737
referenc,2.737
95,2.737
omit,2.736
bulk,2.733
fold,2.732
dens,2.732
lake,2.732
ladder,2.730
seed,2.729
rural,2.727
gentleman,2.725
miami,2.725
carv,2.724
savior,2.724
timelin,2.724
canva,2.724
dire,2.723
prompt,2.721
stuf,2.721
jacob,2.721
singular,2.721
stapl,2.720
bout,2.720
philadelphia,2.719
diner,2.718
gush,2.718
constitut,2.718
misguid,2.716
shockingli,2.715
emul,2.714
wore,2.714
masculin,2.714
inaccuraci,2.714
conceal,2.713
percent,2.712
magnet,2.712
flourish,2.712
lush,2.711
architectur,2.710
supremaci,2.708
formid,2.708
vow,2.708
juxtapos,2.706
1959,2.706
brush,2.705
spectrum,2.704
smarter,2.704
penetr,2.702
wage,2.702
barrier,2.700
150,2.699
2011,2.698
mesmeris,2.698
salut,2.697
craftsmanship,2.697
artwork,2.695
larri,2.695
preval,2.694
undertak,2.694
primal,2.693
immor,2.690
downsid,2.690
cerebr,2.690
stern,2.689
citi,2.689
foil,2.688
vain,2.686
anchor,2.685
duplic,2.685
deathli,2.685
deceiv,2.684
insignific,2.682
mtv,2.681
lowest,2.681
blunt,2.680
meander,2.679
infus,2.679
weep,2.676
everyman,2.675
cent,2.675
reform,2.672
hurri,2.671
utmost,2.671
jade,2.671
subdu,2.669
classi,2.668
asset,2.664
disconnect,2.664
sober,2.663
demeanor,2.663
bia,2.662
spellbind,2.662
sh,2.662
gunfight,2.661
greek,2.661
masterwork,2.660
standpoint,2.660
ricki,2.657
incomprehens,2.657
eagerli,2.655
arrow,2.655
begun,2.653
huh,2.653
invis,2.652
throne,2.652
gaze,2.650
knee,2.650
guardian,2.650
africa,2.649
hunger,2.649
apt,2.647
sane,2.647
melancholi,2.645
noteworthi,2.645
ash,2.644
restrict,2.641
gender,2.641
magnitud,2.639
triumphant,2.638
untouch,2.638
opu,2.637
undermin,2.636
redund,2.636
soak,2.635
flood,2.635
marilyn,2.633
lurk,2.631
val,2.631
bittersweet,2.631
retard,2.630
underwhelm,2.629
28,2.628
sucker,2.628
prophet,2.626
harmoni,2.625
lure,2.625
ps,2.623
suspens,2.622
bitch,2.622
drunken,2.622
mislead,2.622
1972,2.620
roberto,2.618
global,2.617
someday,2.617
btw,2.616
reliev,2.616
500,2.614
pinnacl,2.614
significantli,2.614
belt,2.614
abrupt,2.614
impuls,2.613
eloqu,2.613
warp,2.612
wine,2.611
flavor,2.611
instruct,2.607
artistri,2.607
righteou,2.607
delus,2.606
breed,2.605
reliabl,2.605
chuckl,2.603
mildli,2.603
subtext,2.602
quintessenti,2.602
digest,2.600
estat,2.600
overblown,2.595
comprehens,2.595
peculiar,2.593
boom,2.590
ooz,2.589
triniti,2.589
deepest,2.589
crumbl,2.588
sugar,2.588
tiger,2.588
rosebud,2.588
rous,2.586
stagger,2.586
sappi,2.585
aura,2.583
profoundli,2.582
candid,2.580
panic,2.580
carnag,2.580
interestingli,2.579
underton,2.579
2009,2.579
len,2.578
inexplic,2.578
award,2.577
specul,2.577
cycl,2.577
outlin,2.576
uneasi,2.576
tail,2.575
array,2.574
spectat,2.574
stray,2.574
entitl,2.572
unsatisfi,2.572
35,2.572
warfar,2.572
elit,2.570
custom,2.570
hallucin,2.569
grin,2.569
bent,2.568
shelter,2.566
ms,2.564
yearn,2.563
dwell,2.562
1975,2.561
woven,2.561
sli,2.561
halloween,2.560
boggl,2.560
anxieti,2.559
idealist,2.558
23,2.557
bush,2.557
1993,2.557
click,2.556
braveri,2.552
ceas,2.551
hello,2.550
articl,2.547
heroism,2.544
maximum,2.544
degener,2.543
vulgar,2.542
blatant,2.541
vastli,2.541
inabl,2.541
flair,2.540
snake,2.540
foremost,2.538
perman,2.538
narrow,2.538
persuad,2.538
gothic,2.537
jonah,2.536
steel,2.534
nomine,2.533
lol,2.533
amor,2.532
distort,2.531
furiou,2.530
kaufman,2.530
benigni,2.529
scariest,2.528
y,2.528
breakthrough,2.527
embark,2.525
drift,2.523
newli,2.522
envi,2.521
worldwid,2.520
runtim,2.520
aftermath,2.520
moron,2.520
bay,2.518
freez,2.517
ape,2.515
metropoli,2.515
labor,2.514
enthusiasm,2.513
ought,2.513
pet,2.512
sore,2.512
deservedli,2.512
counterpart,2.512
versatil,2.511
crude,2.510
money,2.509
document,2.507
2012,2.507
texa,2.506
heap,2.506
phenomenon,2.506
chronicl,2.505
pierc,2.502
blink,2.502
firm,2.501
setup,2.501
cheek,2.501
afford,2.500
neglect,2.499
calib,2.499
priceless,2.497
suspicion,2.493
blu,2.493
cherish,2.491
agenda,2.489
lip,2.489
epitom,2.489
privileg,2.489
glow,2.489
hardship,2.488
saniti,2.488
mundan,2.488
approv,2.487
strain,2.485
meat,2.484
wrath,2.484
faint,2.483
aris,2.482
chew,2.482
poverti,2.482
reign,2.481
swing,2.480
likewis,2.480
characteris,2.480
plight,2.479
reviv,2.478
counter,2.478
ah,2.476
hypnot,2.476
speci,2.475
flashi,2.471
tech,2.471
reel,2.470
britain,2.469
merci,2.468
ace,2.466
majest,2.465
underneath,2.464
equival,2.463
acquir,2.462
trace,2.462
automat,2.461
enforc,2.461
zoom,2.461
safeti,2.461
juri,2.459
broad,2.459
pivot,2.457
robber,2.456
startl,2.456
imaginari,2.456
briefli,2.451
suffici,2.450
firmli,2.448
vibrant,2.448
exhibit,2.448
drain,2.447
sonni,2.446
goofi,2.445
hur,2.442
tactic,2.442
pseudo,2.442
delici,2.439
vice,2.438
delic,2.438
interrog,2.437
arrang,2.436
flawlessli,2.435
crawl,2.433
boast,2.432
numb,2.431
intertwin,2.430
snatch,2.427
conquer,2.424
temper,2.424
boil,2.423
kingdom,2.423
gestur,2.423
pleasantli,2.420
irrelev,2.420
revisit,2.419
econom,2.418
seamlessli,2.418
trail,2.418
complement,2.418
orient,2.415
sorrow,2.414
obscur,2.413
gripe,2.410
lastli,2.410
swallow,2.408
pun,2.408
preserv,2.407
dont,2.407
fifth,2.406
tall,2.404
slaughter,2.403
crystal,2.402
wheel,2.401
saint,2.400
thick,2.399
collaps,2.399
descend,2.399
musician,2.398
slapstick,2.398
boundari,2.397
cure,2.396
awak,2.395
dawn,2.395
knife,2.394
climb,2.391
helpless,2.390
moreov,2.390
2010,2.390
tendenc,2.389
fifteen,2.387
ingredi,2.382
carter,2.381
eleg,2.380
liberti,2.380
fed,2.379
rightli,2.378
luckili,2.376
gap,2.376
uninterest,2.374
queen,2.374
emphasi,2.374
thread,2.372
myth,2.372
unsettl,2.370
digniti,2.370
climat,2.370
drew,2.370
2003,2.369
thief,2.367
tad,2.366
keen,2.365
enlighten,2.363
minim,2.363
conscious,2.362
tip,2.362
clock,2.360
joan,2.356
pit,2.356
scorces,2.355
troop,2.354
uncl,2.354
scratch,2.353
empathi,2.351
clone,2.350
ensu,2.350
nostalg,2.348
aka,2.347
underst,2.347
1930,2.346
valuabl,2.346
harrow,2.346
wealth,2.345
racial,2.345
slap,2.345
ventur,2.345
worthwhil,2.344
drown,2.344
bunni,2.344
leap,2.343
deriv,2.342
conscienc,2.342
launch,2.341
resort,2.341
confirm,2.340
massacr,2.338
suppli,2.337
subconsci,2.337
sensibl,2.337
admittedli,2.336
ala,2.334
evolut,2.333
util,2.333
adopt,2.331
dear,2.330
intimid,2.330
wash,2.329
verdict,2.329
savag,2.328
per,2.327
bounti,2.327
happili,2.325
taught,2.323
1st,2.323
delv,2.321
assembl,2.320
promin,2.320
exhaust,2.320
fisher,2.318
vari,2.316
throat,2.315
announc,2.314
spark,2.313
capit,2.313
strangelov,2.312
psych,2.312
1940,2.311
wealthi,2.310
john,2.309
furthermor,2.306
primarili,2.306
pile,2.305
territori,2.305
childish,2.305
trade,2.304
beneath,2.301
http,2.301
contrari,2.301
commend,2.300
spider,2.299
oz,2.299
ark,2.299
reserv,2.298
ensur,2.298
entri,2.297
assault,2.296
resourc,2.294
principl,2.294
divers,2.293
moon,2.293
downright,2.291
viciou,2.290
oppress,2.288
smaller,2.288
underground,2.287
eras,2.287
portion,2.286
sunshin,2.286
testament,2.284
mous,2.283
endear,2.280
rat,2.280
exquisit,2.277
pleasant,2.277
applaud,2.276
spi,2.275
groundbreak,2.275
premier,2.272
walter,2.269
shed,2.266
eccentr,2.266
increasingli,2.265
firstli,2.261
mindless,2.260
dinner,2.260
shop,2.259
shi,2.258
14,2.251
soft,2.251
torn,2.250
owe,2.248
silver,2.248
collabor,2.248
butler,2.247
revolutionari,2.246
un,2.246
impli,2.246
revers,2.243
leagu,2.242
tribut,2.242
advis,2.241
daili,2.240
stumbl,2.239
hesit,2.237
ego,2.237
gratuit,2.237
laid,2.237
slip,2.234
london,2.233
stole,2.233
sexi,2.232
laughter,2.229
scar,2.226
undeni,2.225
bang,2.225
cell,2.224
humbl,2.224
pride,2.224
fish,2.224
properli,2.224
mike,2.223
shout,2.223
channel,2.223
competit,2.221
attend,2.221
orson,2.216
intric,2.216
alongsid,2.216
pound,2.215
exchang,2.213
1990,2.212
gruesom,2.211
volum,2.211
embrac,2.209
broke,2.208
disbelief,2.206
shoe,2.206
friendli,2.206
wont,2.205
mom,2.203
reader,2.203
lo,2.202
arnold,2.202
brand,2.199
trademark,2.199
opera,2.195
braveheart,2.193
press,2.192
explod,2.192
franci,2.192
henc,2.189
arc,2.187
ambit,2.186
multi,2.185
liber,2.184
arrest,2.184
fix,2.184
whatsoev,2.184
uncomfort,2.182
showcas,2.182
subplot,2.182
lovabl,2.177
forgot,2.175
indic,2.169
user,2.169
damag,2.167
con,2.165
plane,2.161
cinematograph,2.161
dazzl,2.158
shut,2.157
ice,2.155
w,2.155
unpredict,2.153
fade,2.153
string,2.148
wilder,2.148
increas,2.147
loyalti,2.147
thirti,2.146
foot,2.146
secur,2.145
lame,2.144
fourth,2.143
scheme,2.140
lay,2.140
alik,2.138
nuanc,2.136
spell,2.136
stylish,2.134
advantag,2.133
switch,2.132
north,2.131
bet,2.129
contemporari,2.129
corpor,2.129
hatr,2.128
25,2.125
1980,2.124
size,2.124
skin,2.123
transcend,2.121
goer,2.117
aid,2.116
sole,2.113
instantli,2.111
sport,2.109
pre,2.109
casablanca,2.109
larger,2.108
heat,2.106
attach,2.105
enorm,2.104
horrif,2.103
freak,2.102
sadist,2.101
guilti,2.100
morn,2.097
combat,2.097
wwii,2.092
paper,2.089
emperor,2.089
shift,2.087
transit,2.086
below,2.084
deliber,2.083
jean,2.079
mountain,2.079
sixth,2.079
stood,2.078
superbl,2.075
trash,2.073
homag,2.073
anywher,2.073
bloom,2.068
poorli,2.067
unrealist,2.062
emerg,2.062
integr,2.061
previous,2.058
storm,2.054
associ,2.054
blind,2.054
credibl,2.052
holocaust,2.045
wizard,2.045
insult,2.044
convict,2.044
unabl,2.042
educ,2.036
partner,2.033
mafia,2.033
theori,2.031
disagre,2.031
accus,2.030
oper,2.030
behavior,2.029
devic,2.028
failur,2.028
amazingli,2.027
hat,2.021
refresh,2.020
13,2.020
nightmar,2.018
dirti,2.018
speed,2.016
comed,2.015
sympathi,2.014
oscar,2.012
forth,2.011
enhanc,2.011
grew,2.011
greed,2.010
remov,2.009
revolv,2.004
gotten,1.998
lock,1.995
golden,1.995
militari,1.994
ex,1.991
grade,1.990
idiot,1.986
k,1.985
doctor,1.984
river,1.983
demonstr,1.981
bottom,1.976
method,1.976
cheesi,1.976
hunter,1.972
owner,1.972
colour,1.970
hadn,1.970
documentari,1.969
teacher,1.969
organ,1.966
nowher,1.963
addict,1.962
veteran,1.961
concentr,1.959
bought,1.955
surfac,1.949
justifi,1.949
anticip,1.942
sat,1.938
hire,1.938
factor,1.938
schindler,1.937
trap,1.927
desert,1.925
west,1.923
saga,1.923
televis,1.919
cute,1.915
charg,1.912
hot,1.911
reli,1.911
bomb,1.907
punch,1.901
honor,1.899
sadli,1.891
g,1.889
belong,1.887
area,1.883
sell,1.880
built,1.872
psycho,1.871
civil,1.868
angri,1.862
thrown,1.861
termin,1.854
mouth,1.853
logic,1.850
herself,1.849
ident,1.848
chri,1.847
80,1.846
grant,1.842
investig,1.842
manipul,1.836
ann,1.835
rel,1.831
gordon,1.827
scale,1.823
lesson,1.817
worri,1.815
flashback,1.811
mile,1.809
tolkien,1.807
vietnam,1.795
toy,1.792
sister,1.789
f,1.788
crow,1.788
technolog,1.786
ryan,1.781
blockbust,1.778
scott,1.775
ben,1.774
mission,1.772
tower,1.771
depart,1.770
french,1.765
york,1.764
kick,1.751
air,1.751
armi,1.749
l,1.748
r,1.737
trailer,1.737
12,1.723
corrupt,1.718
paul,1.712
week,1.701
older,1.699
drop,1.697
flawless,1.692
social,1.676
brad,1.675
ruin,1.674
insan,1.674
red,1.672
machin,1.671
pack,1.671
graphic,1.661
throw,1.658
narrat,1.657
reveng,1.649
martin,1.629
killer,1.623
hole,1.620
ford,1.619
mental,1.619
annoy,1.619
step,1.618
team,1.610
wall,1.608
crazi,1.603
daughter,1.598
spielberg,1.596
scienc,1.575
adult,1.573
rise,1.564
tension,1.554
alien,1.553
e,1.525
box,1.520
polic,1.517
drug,1.513
tv,1.507
destroy,1.497
car,1.491
brother,1.350
awesom,1.348
trilog,1.310
nolan,1.304
villain,1.300
fiction,1.256
kid,1.187
