huston,1445.929
dobb,1166.977
bogart,1031.531
gold,836.301
holt,712.655
sierra,693.032
madr,680.645
curtin,550.884
walter,519.583
treasur,506.925
greed,393.898
humphrey,383.588
prospector,358.875
howard,341.567
mexico,276.365
badg,261.291
bandit,252.494
tim,239.043
john,235.535
mexican,233.727
fred,232.101
hi,194.625
he,190.180
old,168.137
three,161.849
tampico,158.545
traven,152.600
mountain,147.607
american,147.170
c,143.252
codi,141.155
man,140.091
men,139.999
their,139.380
bedoya,139.204
bogi,133.665
lotteri,133.596
they,132.232
prospect,130.387
s,126.189
paranoia,123.057
as,122.961
film,114.199
adventur,113.441
perform,111.876
him,111.605
charact,107.460
1948,107.129
by,105.791
who,103.600
we,101.948
best,101.623
alfonso,101.005
money,99.097
classic,96.558
for,95.313
when,94.557
play,94.123
human,92.206
bob,91.638
wealth,91.471
them,88.607
on,88.474
with,88.219
one,87.052
out,85.418
an,84.494
find,83.863
search,83.806
actor,82.624
bennett,82.018
up,81.792
mine,81.626
into,81.138
director,79.964
no,79.144
direct,78.723
fortun,78.663
rich,78.338
bandito,78.168
father,77.832
maltes,77.750
work,77.322
b,76.998
tale,76.407
two,75.928
luck,75.882
role,75.387
are,75.277
great,74.647
down,74.409
get,74.261
act,73.888
moral,73.718
from,73.343
paranoid,72.579
t,71.644
western,71.138
hollywood,70.986
what,70.954
in,70.075
stinkin,68.670
oscar,68.405
falcon,67.577
natur,67.454
at,66.540
you,65.921
which,65.771
ha,65.629
meet,65.227
stink,65.220
more,65.117
screenplay,65.034
go,65.011
end,64.944
that,64.852
wa,64.827
maclan,63.959
blake,63.915
have,63.632
be,63.609
ticket,63.565
won,63.112
there,62.893
show,62.786
hat,62.638
portray,62.204
also,62.133
turn,61.985
but,61.942
about,61.578
stori,61.217
can,60.999
timer,60.174
scene,60.140
corrupt,60.121
guy,59.867
support,59.823
white,59.821
indian,59.571
strike,58.678
all,58.475
other,58.472
how,58.393
much,58.252
share,57.944
trio,57.809
do,57.752
grizzl,57.656
steiner,57.584
pictur,57.499
time,57.296
boy,57.238
so,57.158
most,57.070
partner,56.927
onli,56.666
make,56.519
or,56.503
villag,56.167
here,56.064
even,56.009
than,55.907
not,55.771
set,55.562
win,55.387
would,55.142
drifter,54.862
begin,54.787
both,54.681
just,54.203
some,54.037
need,53.925
come,53.876
look,53.841
take,53.788
age,53.726
bogey,53.406
after,52.875
know,52.745
himself,52.634
where,52.411
everi,52.376
mad,52.348
dust,52.140
flophous,52.069
award,51.546
is,51.460
good,51.179
star,50.777
veri,50.382
will,50.341
don,50.302
movi,50.298
way,50.064
becom,49.463
off,49.384
mccormick,49.227
see,48.883
start,48.752
littl,48.506
line,48.406
mani,48.405
ever,48.348
enough,48.347
had,48.332
were,48.095
well,48.035
miner,47.987
studi,47.892
real,46.924
tri,46.874
while,46.762
give,46.754
i,46.595
cours,46.506
federal,46.499
ani,46.187
without,45.877
been,45.772
career,45.672
novel,45.497
10,45.347
kill,45.308
team,45.092
chang,45.072
fellow,44.992
yet,44.706
to,44.698
locat,44.543
us,44.516
conscienc,44.491
hard,43.992
like,43.941
of,43.867
seem,43.847
if,43.763
greatest,43.698
then,43.660
made,43.485
son,43.350
say,43.303
through,42.877
face,42.772
togeth,42.519
own,42.397
wise,42.369
now,42.250
casablanca,42.170
thing,42.061
famou,41.641
distrust,41.607
1925,41.545
almost,41.479
today,41.284
grow,41.176
these,41.041
watch,40.912
year,40.881
curtain,40.483
insan,40.169
again,40.085
finest,39.990
barton,39.964
experi,39.943
same,39.714
interest,39.388
hold,39.187
doe,39.155
back,38.945
houston,38.890
doesn,38.846
lose,38.632
think,38.553
desert,38.490
life,38.474
anoth,38.379
never,38.290
true,38.237
dig,38.138
could,37.990
view,37.967
wonder,37.858
steal,37.708
beg,37.620
seen,37.595
head,37.353
pay,37.349
our,37.276
still,37.237
too,37.180
warner,37.136
theme,37.083
happen,37.033
over,37.017
bum,36.931
academi,36.897
person,36.809
fine,36.804
soul,36.711
becaus,36.624
reason,36.605
earli,36.460
help,36.455
appear,36.397
deserv,36.278
sure,36.273
excel,35.772
convinc,35.746
sell,35.729
it,35.719
temptat,35.685
score,35.642
my,35.587
terrif,35.569
decid,35.472
believ,35.423
talk,35.345
each,35.290
nomin,35.230
burro,35.226
robert,35.214
job,35.208
thi,35.099
keep,35.048
befor,34.995
black,34.977
honest,34.908
must,34.582
bruce,34.563
later,34.493
probabl,34.362
mistrust,34.185
desper,34.114
live,34.083
fight,34.019
right,34.012
bar,33.996
whi,33.943
bad,33.805
part,33.796
letter,33.732
crazi,33.666
simpl,33.534
young,33.505
re,33.281
eye,33.262
a,33.245
queen,33.234
amp,33.089
under,33.039
ve,33.019
though,32.979
lot,32.962
remain,32.960
quest,32.953
place,32.916
against,32.877
first,32.804
beat,32.738
final,32.601
entir,32.601
stand,32.521
african,32.518
me,32.506
away,32.454
wage,32.425
those,32.299
isn,32.267
realli,32.177
noth,32.050
hamlet,31.954
local,31.932
anyth,31.919
your,31.868
quit,31.825
peopl,31.798
someth,31.740
mccord,31.697
got,31.596
perhap,31.286
howev,31.200
day,31.161
name,31.131
whose,31.091
brilliant,31.079
rock,30.999
lost,30.859
gila,30.823
sand,30.735
forc,30.732
often,30.686
main,30.577
discov,30.511
along,30.357
truli,30.312
sens,30.285
plot,30.274
upon,30.268
such,30.251
ain,30.248
murder,30.201
want,30.107
lead,30.035
onc,30.000
studio,29.984
lust,29.960
between,29.876
suspici,29.857
max,29.850
screen,29.769
especi,29.763
sometim,29.672
bit,29.651
tell,29.625
memor,29.591
among,29.556
effect,29.543
alway,29.541
materi,29.532
write,29.530
perfect,29.510
certainli,29.466
drama,29.227
actual,29.140
shot,29.136
greedi,28.885
eventu,28.866
point,28.722
hill,28.718
hero,28.663
script,28.648
moment,28.597
few,28.588
differ,28.553
journey,28.476
seek,28.414
soon,28.177
fall,27.926
didn,27.923
digger,27.894
did,27.686
top,27.649
outstand,27.575
prove,27.550
sleep,27.544
and,27.477
warn,27.441
love,27.275
cynic,27.241
gradual,27.186
wild,27.170
favorit,27.127
given,27.086
deliv,27.001
although,26.974
action,26.954
found,26.885
hide,26.861
read,26.852
should,26.792
sheridan,26.740
feel,26.661
absolut,26.608
transform,26.545
instead,26.544
laugh,26.542
psycholog,26.489
40,26.363
meal,26.224
night,26.180
dodd,26.086
might,26.051
cast,26.001
mutini,25.965
golden,25.930
import,25.805
may,25.803
put,25.741
use,25.641
earn,25.615
kind,25.580
decent,25.564
possess,25.495
goe,25.461
slowli,25.358
fact,25.340
superb,25.323
olivi,25.322
world,25.305
fire,25.250
base,25.210
struggl,25.178
panhandl,25.154
surpris,24.991
incred,24.989
writer,24.863
join,24.820
whole,24.810
descent,24.726
better,24.616
entertain,24.579
nativ,24.460
includ,24.436
town,24.404
m,24.401
gone,24.361
consum,24.350
sr,24.332
heart,24.305
leav,24.277
wind,24.257
ask,24.256
least,24.234
dirti,24.215
equal,24.162
last,24.150
trust,24.039
evil,24.000
less,23.828
worth,23.797
common,23.713
until,23.632
far,23.603
reward,23.562
wisdom,23.550
creat,23.496
fate,23.492
long,23.396
particularli,23.381
state,23.379
spanish,23.300
power,23.297
encount,23.254
excit,23.253
written,23.108
highli,23.046
near,22.974
friend,22.972
success,22.933
book,22.912
iron,22.884
els,22.881
d,22.867
solid,22.795
mean,22.788
mostli,22.698
expect,22.689
increasingli,22.650
cameo,22.642
deal,22.591
speak,22.570
anyon,22.568
follow,22.530
suit,22.511
tourist,22.486
month,22.477
knowledg,22.461
suspicion,22.441
level,22.434
word,22.373
within,22.362
saw,22.303
involv,22.270
problem,22.219
1920,22.118
except,22.061
everyth,22.033
element,21.953
dure,21.877
enjoy,21.836
usual,21.796
5,21.720
valu,21.689
surviv,21.680
era,21.642
co,21.641
concern,21.534
idea,21.501
pat,21.498
betray,21.426
landscap,21.418
saddl,21.409
full,21.376
blow,21.354
run,21.330
cinema,21.319
viewer,21.311
call,21.238
rather,21.234
realist,21.166
high,21.102
check,21.078
themselv,21.062
hit,21.002
quot,20.967
around,20.930
shoot,20.923
outsid,20.897
histori,20.880
desir,20.848
capit,20.816
simpli,20.807
group,20.754
small,20.715
danger,20.616
friendship,20.598
ll,20.591
camera,20.542
vein,20.541
essenti,20.431
stuff,20.383
form,20.371
pan,20.333
perfectli,20.319
manag,20.316
haven,20.289
basic,20.240
masterpiec,20.235
poor,20.230
abov,20.213
camp,20.128
consid,20.061
rough,20.051
case,20.033
alreadi,20.009
total,19.996
dad,19.961
light,19.925
author,19.908
earlier,19.880
danc,19.866
big,19.726
key,19.694
worst,19.667
tragic,19.658
ye,19.641
coot,19.631
codger,19.631
messag,19.578
definit,19.553
itself,19.541
remot,19.538
fantast,19.483
gener,19.482
stay,19.466
bring,19.404
let,19.346
doubl,19.342
plan,19.316
audienc,19.290
situat,19.276
matter,19.237
told,19.214
dream,19.204
wili,19.195
season,19.185
avail,19.170
fascin,19.136
risk,19.088
bag,19.077
street,19.050
treat,18.973
hand,18.970
truth,18.940
blaze,18.907
tough,18.904
sever,18.879
pretti,18.873
water,18.868
second,18.833
pace,18.829
split,18.788
conflict,18.780
short,18.747
stake,18.725
older,18.694
civil,18.684
happi,18.683
companion,18.651
decad,18.577
contractor,18.576
dirt,18.525
buy,18.520
third,18.519
1940,18.486
oil,18.465
effort,18.436
queeg,18.430
moralist,18.425
touch,18.412
master,18.346
boss,18.323
countri,18.311
raw,18.308
move,18.302
sinc,18.300
realis,18.240
somewhat,18.211
threaten,18.199
continu,18.195
new,18.158
asphalt,18.126
self,18.113
mind,18.110
rate,18.091
campfir,18.081
doubt,18.010
ride,17.974
carri,17.889
hope,17.884
stole,17.864
etc,17.851
choic,17.841
camaraderi,17.819
sort,17.809
add,17.807
brawl,17.807
whatev,17.797
divid,17.774
troubl,17.752
amaz,17.714
across,17.711
protagonist,17.683
adapt,17.682
hell,17.671
offer,17.668
hunt,17.614
peso,17.613
heard,17.580
possibl,17.576
easili,17.425
thought,17.397
forget,17.381
music,17.369
done,17.354
demand,17.311
throughout,17.297
impress,17.263
realiz,17.260
dusti,17.231
cinematographi,17.201
drive,17.174
repeat,17.164
reach,17.148
cheat,17.103
influenc,17.091
provid,17.055
period,17.043
cain,17.009
higher,17.003
inher,16.975
partnership,16.949
asid,16.937
art,16.929
certain,16.920
side,16.911
handout,16.909
recommend,16.903
threat,16.901
villain,16.895
display,16.888
anderson,16.859
recent,16.825
list,16.811
noir,16.806
rank,16.785
inde,16.783
titl,16.771
partli,16.759
releas,16.744
figur,16.719
genr,16.709
achiev,16.684
despit,16.672
nice,16.670
edg,16.657
central,16.635
challeng,16.613
driven,16.606
understand,16.582
toward,16.582
dynam,16.497
catch,16.476
express,16.443
100,16.436
fit,16.428
ventur,16.415
dialogu,16.358
lesson,16.354
mention,16.351
per,16.291
gain,16.274
depict,16.249
scatter,16.232
younger,16.228
experienc,16.202
societi,16.199
reveal,16.185
preciou,16.147
said,16.131
compar,16.129
thrill,16.116
qualiti,16.115
magnific,16.110
fear,16.100
bunch,16.092
ruthless,16.062
narr,16.057
guess,16.042
realism,15.946
couiten,15.919
wrote,15.907
jack,15.853
brought,15.810
owe,15.738
complet,15.729
avarici,15.705
special,15.705
stumbl,15.675
inevit,15.669
particular,15.665
number,15.621
care,15.618
gave,15.604
ago,15.591
blood,15.587
mayb,15.564
next,15.547
went,15.525
unreason,15.511
pound,15.503
order,15.470
came,15.446
uniqu,15.302
clearli,15.296
timeless,15.262
largo,15.260
gritti,15.255
either,15.254
everyon,15.243
color,15.219
existenti,15.200
open,15.197
flop,15.195
honor,15.194
ultim,15.177
ignor,15.162
equip,15.152
unit,15.150
mysteri,15.149
labor,15.084
ten,15.055
wilder,15.036
steenkin,15.016
dobsi,15.016
none,15.003
modern,14.960
jig,14.953
wizen,14.953
saniti,14.929
funni,14.908
contemporari,14.906
atmospher,14.905
agre,14.893
expedit,14.880
condit,14.875
center,14.821
death,14.797
indigen,14.774
present,14.773
loss,14.758
larger,14.754
heat,14.744
apocalyps,14.742
buff,14.725
comic,14.714
style,14.668
miss,14.642
clear,14.636
confront,14.636
critic,14.619
close,14.610
dark,14.607
felt,14.603
episod,14.602
root,14.568
flame,14.557
averag,14.536
employ,14.524
alphonso,14.488
remind,14.470
conspir,14.449
pathet,14.447
laurenc,14.413
thoma,14.410
physic,14.410
yarn,14.399
reput,14.397
descend,14.394
chanc,14.362
maniac,14.352
skill,14.336
caus,14.334
cultur,14.333
lax,14.328
half,14.312
notic,14.296
gun,14.296
review,14.275
kid,14.248
protect,14.214
wife,14.184
cannot,14.166
unforgett,14.159
market,14.142
exactli,14.119
promis,14.079
valuabl,14.075
drink,14.069
due,14.067
gem,14.045
accept,14.040
spent,14.035
produc,14.030
medic,14.013
tension,13.990
wouldn,13.980
savag,13.966
abil,13.965
strength,13.960
potenti,13.938
known,13.935
acclaim,13.874
wealthi,13.862
unravel,13.851
hasn,13.851
gang,13.850
arriv,13.847
tome,13.845
project,13.823
trade,13.823
endur,13.785
normal,13.777
necessari,13.771
storytel,13.767
hour,13.760
claim,13.749
60,13.749
featur,13.738
larg,13.724
7,13.721
strong,13.720
suspect,13.712
paul,13.697
occasion,13.644
intens,13.632
monster,13.617
initi,13.607
credit,13.598
taken,13.585
stage,13.573
combin,13.569
overal,13.564
simultan,13.534
pass,13.521
weigh,13.494
attempt,13.471
nearli,13.470
selfish,13.422
trip,13.420
uncompromis,13.405
insist,13.400
brutal,13.394
durango,13.384
contempt,13.369
slightli,13.348
sun,13.346
spot,13.280
senior,13.275
took,13.265
throw,13.260
8,13.254
the,13.223
2,13.220
pleasur,13.220
left,13.219
insight,13.215
area,13.178
approach,13.174
sign,13.168
pick,13.146
spend,13.116
apart,13.115
suspens,13.112
rang,13.111
cinemat,13.091
sombrero,13.056
oso,13.056
spoken,13.045
describ,13.039
thousand,13.032
imagin,13.011
craft,13.009
1,13.002
attent,12.994
capabl,12.986
depth,12.978
pure,12.978
hayek,12.919
hear,12.911
mankind,12.908
emot,12.871
explor,12.869
easi,12.852
ann,12.843
scheme,12.841
tragedi,12.829
nuanc,12.818
spell,12.817
uncredit,12.783
highlight,12.750
dialog,12.742
separ,12.734
wrong,12.720
degener,12.715
liter,12.690
shake,12.689
exist,12.689
000,12.681
similar,12.638
awar,12.629
contrast,12.605
loot,12.604
yourself,12.601
rug,12.580
typic,12.555
pull,12.546
knew,12.529
execut,12.503
stif,12.481
despic,12.471
law,12.443
cross,12.418
ted,12.414
piec,12.414
lie,12.389
exampl,12.369
measur,12.367
overr,12.363
acquir,12.312
icon,12.308
nonsens,12.286
product,12.271
class,12.266
site,12.255
pain,12.244
school,12.228
faith,12.228
convincingli,12.206
e,12.196
loser,12.194
outer,12.191
non,12.184
becam,12.182
exploit,12.182
anti,12.179
demis,12.171
minut,12.170
build,12.146
presenc,12.146
astound,12.144
save,12.143
ahead,12.121
aw,12.087
intent,12.084
chaucer,12.083
arguabl,12.058
late,12.057
game,12.018
odd,12.008
rick,12.000
defin,11.995
myself,11.994
bullet,11.983
paid,11.956
hook,11.955
accumul,11.945
joy,11.944
posit,11.911
ad,11.910
whenev,11.901
reflect,11.898
excess,11.896
south,11.890
subtitl,11.879
fan,11.864
dramat,11.845
vaniti,11.840
draw,11.824
terrain,11.817
conscious,11.812
lone,11.804
authent,11.803
nevertheless,11.800
magic,11.790
sam,11.771
librari,11.768
seriou,11.732
rip,11.727
shalt,11.725
develop,11.712
justifi,11.694
observ,11.671
intrud,11.648
requir,11.642
nor,11.633
cowboy,11.632
grip,11.624
stereotyp,11.614
foreign,11.612
vari,11.580
thou,11.572
parabl,11.552
result,11.518
peasant,11.513
opinion,11.510
violent,11.500
flaw,11.498
fever,11.494
rememb,11.470
resourc,11.470
principl,11.468
border,11.442
barren,11.437
appropri,11.422
testament,11.420
amigo,11.404
centuri,11.396
capitalist,11.388
note,11.384
lack,11.381
task,11.361
construct,11.361
thorough,11.358
beyond,11.330
past,11.326
dug,11.294
middl,11.286
intellig,11.266
decenc,11.266
beauti,11.258
swelter,11.250
1927,11.243
origin,11.230
travel,11.217
succeed,11.185
3,11.170
discoveri,11.149
type,11.129
predict,11.127
eat,11.117
recogn,11.115
appar,11.104
favourit,11.100
fairli,11.087
alongsid,11.079
engag,11.069
allow,11.068
beaten,11.065
roam,11.059
broke,11.040
remark,11.030
comrad,11.029
predilect,11.019
coupl,11.012
reaction,11.009
sit,11.001
sold,10.992
105,10.989
devast,10.980
shine,10.974
fruit,10.948
polit,10.946
song,10.915
institut,10.895
worri,10.887
talent,10.874
comment,10.872
five,10.854
spite,10.850
unfold,10.849
signpost,10.848
led,10.847
artist,10.838
version,10.809
stranger,10.807
brother,10.802
round,10.781
w,10.775
avaric,10.771
neither,10.762
buddi,10.760
rest,10.748
bodi,10.744
suffer,10.733
rag,10.724
spoiler,10.721
major,10.718
background,10.699
deep,10.678
fashion,10.664
penniless,10.651
constantli,10.632
steenk,10.613
bodg,10.613
boagey,10.613
aani,10.613
detect,10.604
aspect,10.589
pester,10.585
trick,10.580
1941,10.578
fast,10.565
supposedli,10.563
pal,10.563
burgeon,10.563
obviou,10.555
obsess,10.546
gangster,10.529
contain,10.515
acquisit,10.501
lure,10.500
behind,10.495
collect,10.487
unconsci,10.468
die,10.464
pinnacl,10.458
victim,10.450
shifti,10.441
ore,10.441
flick,10.438
delus,10.423
degrad,10.412
romant,10.409
balanc,10.397
sympathet,10.388
superbl,10.373
plu,10.357
ooz,10.355
destitut,10.347
learn,10.347
difficult,10.346
couldn,10.344
mirror,10.342
familiar,10.338
commit,10.335
train,10.332
progress,10.328
plung,10.322
cantanker,10.311
preachi,10.306
uneasi,10.302
memori,10.302
wasn,10.294
previous,10.289
35,10.289
worker,10.285
poignant,10.282
decis,10.274
event,10.268
imag,10.253
epic,10.252
race,10.250
philosophi,10.247
discuss,10.246
previou,10.243
healer,10.243
cut,10.242
sorceri,10.210
manifest,10.166
foreshadow,10.163
grime,10.162
overcom,10.159
shown,10.150
rare,10.142
surround,10.141
imdb,10.132
unsavori,10.131
rivet,10.127
mere,10.110
frame,10.110
harsh,10.094
bastard,10.084
youth,10.079
social,10.057
deservedli,10.047
prevail,10.014
stash,10.014
comingl,10.011
ttotsm,10.011
manner,10.004
priceless,9.987
pool,9.987
worn,9.982
honour,9.968
glow,9.955
commentari,9.945
unusu,9.944
repres,9.935
animalist,9.932
aris,9.929
unlik,9.928
inform,9.926
poverti,9.926
doctor,9.919
visual,9.907
stop,9.893
bottom,9.882
quickli,9.876
whether,9.866
resist,9.860
front,9.860
extrem,9.856
coin,9.840
everybodi,9.837
appeal,9.829
folk,9.816
veteran,9.806
detail,9.799
poison,9.798
mr,9.788
beggar,9.783
oddli,9.777
motion,9.768
abl,9.755
overact,9.748
land,9.741
wish,9.739
statement,9.737
clich,9.737
shock,9.734
crusti,9.714
negro,9.714
step,9.708
unexpect,9.700
disappear,9.694
dead,9.693
somehow,9.691
energi,9.678
belief,9.673
econom,9.673
partak,9.671
norther,9.658
fulli,9.655
trap,9.634
field,9.623
consequ,9.611
question,9.603
aloud,9.597
collaps,9.596
further,9.593
wick,9.585
singl,9.579
violenc,9.564
appreci,9.555
break,9.549
contribut,9.540
jungl,9.539
busi,9.514
attitud,9.512
rightli,9.512
crook,9.510
grab,9.504
six,9.496
sustain,9.496
legendari,9.492
domin,9.492
relationship,9.492
decept,9.487
unsettl,9.481
38,9.481
imposs,9.457
likabl,9.457
ethic,9.449
belong,9.434
command,9.432
shakespear,9.426
respect,9.426
70,9.416
constant,9.412
alphons,9.409
pueblo,9.409
cantina,9.408
nation,9.395
glitter,9.391
refer,9.391
drown,9.376
humor,9.375
layer,9.374
plain,9.373
slow,9.353
dishonest,9.340
sound,9.335
evolut,9.333
devil,9.327
stark,9.322
onto,9.318
peckinpah,9.307
ugli,9.297
univers,9.274
mouth,9.264
brook,9.264
psych,9.250
logic,9.248
receiv,9.246
civilis,9.243
revolut,9.236
truest,9.228
counti,9.228
date,9.220
impecuni,9.215
baretta,9.215
financi,9.210
cautionari,9.205
recov,9.205
refus,9.194
sermon,9.190
brillianc,9.164
prostitut,9.156
plausibl,9.131
attract,9.129
prais,9.128
em,9.111
pursuit,9.106
polic,9.105
afraid,9.095
accur,9.085
unhing,9.083
issu,9.082
test,9.078
eccentr,9.063
windstorm,9.056
boggart,9.056
cruelti,9.041
fair,9.026
frighten,9.025
stolen,9.015
wander,9.005
peak,9.001
blown,8.997
subject,8.996
collabor,8.990
destroy,8.982
process,8.978
edit,8.974
lifestyl,8.957
laughter,8.916
lesser,8.893
term,8.872
determin,8.857
extra,8.852
mother,8.846
cash,8.845
former,8.838
stricken,8.823
socialist,8.823
friendli,8.823
subtleti,8.805
silli,8.798
prepar,8.798
bare,8.795
brand,8.795
nasti,8.780
joyou,8.778
bother,8.778
reson,8.774
system,8.764
kick,8.754
basi,8.748
bold,8.739
bestow,8.725
hardli,8.724
ounc,8.715
neg,8.714
research,8.709
homeless,8.705
rush,8.704
humpheri,8.704
fun,8.697
occas,8.696
despair,8.682
leader,8.662
besid,8.636
fella,8.635
struck,8.633
famous,8.620
sudden,8.616
pancho,8.613
intuit,8.611
mistak,8.603
arti,8.601
bleak,8.592
increas,8.588
loyalti,8.587
public,8.573
ironi,8.568
captiv,8.563
thu,8.538
earliest,8.536
limit,8.521
god,8.521
rais,8.514
grind,8.510
1950,8.507
indiana,8.501
amid,8.496
listen,8.490
whom,8.483
tool,8.471
wait,8.469
genuin,8.463
complex,8.462
jame,8.461
post,8.459
flawless,8.458
aliv,8.448
cool,8.427
calm,8.417
handl,8.410
alon,8.399
beard,8.391
lover,8.388
orchard,8.385
backbreak,8.385
counterweight,8.385
economi,8.371
ruin,8.369
bargain,8.352
isol,8.346
directli,8.326
hinterland,8.320
outdat,8.302
mel,8.302
crack,8.291
affect,8.287
bewar,8.283
endeavor,8.276
german,8.275
bloom,8.273
consider,8.270
heavili,8.268
cloth,8.261
weight,8.246
pessimist,8.236
fragment,8.214
justic,8.214
crew,8.208
sequenc,8.206
dvd,8.206
dorado,8.204
economist,8.204
paranoiac,8.204
activ,8.191
floor,8.186
tribe,8.183
attack,8.175
price,8.159
treatment,8.159
campsit,8.152
redempt,8.142
convent,8.141
accus,8.120
behavior,8.118
glori,8.113
translat,8.109
richli,8.103
hole,8.099
model,8.097
undertak,8.081
spirit,8.070
scenario,8.070
immens,8.063
hobb,8.055
disappoint,8.043
compel,8.043
dozen,8.034
voic,8.034
recal,8.033
30,8.031
character,8.026
uncanni,8.025
brave,8.020
ideal,8.017
succumb,8.010
load,8.007
sorri,8.005
favor,8.000
exterior,7.992
america,7.987
pocket,7.983
standard,7.978
tone,7.978
brilliantli,7.976
inspir,7.946
intrigu,7.946
bankrol,7.928
garrul,7.928
elder,7.922
utter,7.922
9,7.920
strand,7.919
20,7.909
aren,7.896
million,7.894
reckon,7.886
free,7.877
outlaw,7.875
desol,7.873
karmic,7.852
barroom,7.852
barbershop,7.852
terribl,7.845
suggest,7.841
el,7.833
rendit,7.827
latter,7.825
correct,7.813
surfac,7.797
miracul,7.784
mariachi,7.783
pulver,7.783
misquot,7.783
unshaven,7.783
rob,7.782
clue,7.779
dumb,7.770
sale,7.769
pointless,7.756
bear,7.754
persist,7.744
undergo,7.736
conclus,7.732
philosoph,7.710
shelter,7.698
hostil,7.693
stuck,7.693
west,7.692
four,7.692
legend,7.680
idealist,7.674
quiet,7.662
core,7.657
afi,7.656
harden,7.649
hot,7.645
reli,7.643
maximum,7.633
control,7.620
warrant,7.611
page,7.599
began,7.597
male,7.591
amidst,7.587
mythic,7.582
forgotten,7.580
badger,7.576
home,7.566
sadli,7.564
shouldn,7.560
statu,7.551
corros,7.550
uninvit,7.550
foul,7.548
weari,7.536
tempt,7.536
declin,7.533
tend,7.523
thoroughli,7.523
heap,7.519
obvious,7.518
archetyp,7.496
tomorrow,7.490
cook,7.480
insecur,7.478
hardship,7.464
return,7.462
rhythm,7.456
extract,7.453
surprisingli,7.451
filmmak,7.449
craze,7.441
virtu,7.441
hous,7.440
plight,7.437
wit,7.427
en,7.418
fault,7.404
hobo,7.387
brennan,7.387
quick,7.382
2007,7.367
photographi,7.362
unless,7.360
easygo,7.346
firmli,7.345
shootout,7.342
seal,7.342
sceneri,7.331
inhospit,7.326
creep,7.317
govern,7.301
scale,7.290
deeper,7.290
pattern,7.273
room,7.272
conquer,7.271
wreck,7.271
250,7.269
occur,7.262
anymor,7.255
held,7.255
swallow,7.223
commun,7.213
melodramat,7.211
oh,7.211
twist,7.207
therefor,7.204
glint,7.198
grey,7.194
convey,7.181
respond,7.179
evid,7.168
tendenc,7.167
fuel,7.163
nobodi,7.161
geezer,7.148
tire,7.147
fed,7.138
someon,7.134
counterbal,7.132
dollar,7.122
content,7.119
rascal,7.116
tinseltown,7.116
cave,7.116
fifti,7.116
forti,7.116
myth,7.116
captain,7.115
current,7.112
smash,7.111
geniu,7.103
sandstorm,7.101
wool,7.086
analysi,7.083
stun,7.075
dull,7.063
ensu,7.049
ugliest,7.042
plunder,7.042
space,7.037
expertli,7.028
torment,7.022
suppli,7.012
sex,7.008
50,7.007
usa,7.004
reluct,7.002
air,7.002
alright,6.996
okay,6.992
slick,6.985
legaci,6.972
purchas,6.971
1st,6.968
mixtur,6.968
unfeel,6.935
push,6.934
exhilar,6.918
passion,6.909
walk,6.908
captur,6.904
commend,6.901
monument,6.897
ark,6.896
realm,6.895
composit,6.888
simplist,6.879
scruffi,6.874
smaller,6.863
portion,6.858
sturdi,6.851
nugget,6.851
rko,6.840
4,6.835
suppos,6.835
ground,6.834
stagi,6.829
jone,6.824
avoid,6.819
charisma,6.809
marxist,6.807
cagney,6.807
disast,6.806
raider,6.804
caught,6.800
poetic,6.790
tenuou,6.775
dough,6.764
spoil,6.755
meant,6.754
straight,6.753
erod,6.744
revolutionari,6.739
soliloquy,6.734
marvel,6.730
huge,6.727
solidar,6.724
citi,6.723
await,6.718
feat,6.718
artifici,6.717
smooth,6.714
nicest,6.714
hesit,6.712
code,6.711
whimper,6.704
swindl,6.695
diplomat,6.695
rent,6.692
crime,6.689
wors,6.689
embitt,6.685
pack,6.683
otherwis,6.681
percuss,6.676
bang,6.674
raimi,6.666
individu,6.659
o,6.658
siren,6.657
motiv,6.656
pressur,6.655
easier,6.650
surli,6.648
mismatch,6.639
borrow,6.637
lawless,6.630
subtl,6.629
shoe,6.617
grave,6.614
longer,6.610
react,6.600
sir,6.597
metamorphosi,6.595
focus,6.591
downtrodden,6.579
match,6.570
climax,6.569
overhear,6.562
arc,6.560
ambit,6.558
settl,6.556
portrait,6.538
lovabl,6.530
ridicul,6.527
incid,6.524
realiti,6.515
impoverish,6.514
indic,6.507
charm,6.507
embodi,6.503
rule,6.500
killer,6.493
leviti,6.491
snarl,6.491
guid,6.491
saloon,6.484
persona,6.483
corner,6.477
joke,6.472
shut,6.470
sinist,6.470
undon,6.469
kurosawa,6.467
pursu,6.464
sweep,6.463
centerpiec,6.462
disgruntl,6.462
regal,6.462
curiou,6.461
languag,6.454
minor,6.452
satisfi,6.448
invest,6.442
secur,6.434
cavalri,6.433
wall,6.432
cold,6.428
outcom,6.428
women,6.414
lucr,6.412
illustr,6.407
freudian,6.398
advantag,6.398
hate,6.397
bet,6.388
demon,6.381
outward,6.378
indio,6.372
appli,6.368
richest,6.365
sin,6.359
fame,6.358
select,6.352
purpos,6.352
curs,6.350
searcher,6.339
marx,6.339
scoundrel,6.333
vulner,6.331
48,6.327
exclaim,6.320
brokeback,6.320
wallet,6.320
bitten,6.314
stock,6.307
bill,6.306
underpin,6.302
stare,6.298
grasp,6.282
prior,6.277
summari,6.274
benefit,6.267
link,6.267
innoc,6.262
transit,6.259
rise,6.255
bobbi,6.255
answer,6.245
deadli,6.245
marlow,6.243
nonetheless,6.241
stood,6.235
bound,6.234
serv,6.232
meanwhil,6.225
n,6.222
mesmer,6.215
clever,6.215
haul,6.210
pitfal,6.204
upstag,6.204
ensembl,6.194
afterward,6.189
comedi,6.187
war,6.185
regular,6.185
concept,6.183
necessarili,6.183
unapologet,6.178
heroic,6.174
amount,6.168
94,6.167
admit,6.167
blind,6.161
bank,6.150
importantli,6.148
brass,6.147
countless,6.145
accompani,6.141
distinct,6.140
absurd,6.134
welcom,6.126
frontier,6.112
asap,6.107
scrape,6.102
haircut,6.097
tear,6.096
disagre,6.093
pillar,6.093
kept,6.088
stride,6.088
devic,6.085
vs,6.085
failur,6.083
cautiou,6.083
amazingli,6.082
wrap,6.077
lifetim,6.063
permiss,6.060
inner,6.053
lancast,6.051
blain,6.046
infest,6.042
grimi,6.037
forth,6.034
paraphras,6.033
undo,6.028
prototyp,6.028
tv,6.027
report,6.027
stretch,6.018
virtual,6.016
naturalist,6.015
news,6.011
toothless,6.011
wast,6.010
extent,6.006
gotten,5.995
sack,5.989
earth,5.982
consensu,5.981
forbid,5.977
sharp,5.976
overlook,5.974
whim,5.972
disintegr,5.972
creation,5.969
food,5.965
proverbi,5.964
impression,5.956
yield,5.956
precis,5.952
context,5.948
relev,5.946
poll,5.944
accordingli,5.944
cheesi,5.927
commerci,5.925
endors,5.924
rigid,5.920
hunter,5.917
unsympathet,5.916
doom,5.916
celebr,5.901
closer,5.901
adept,5.889
triumph,5.884
tens,5.883
finish,5.867
toughest,5.863
identifi,5.854
pardon,5.852
savvi,5.849
comfort,5.848
gift,5.846
ill,5.845
nag,5.845
deni,5.836
dress,5.834
growl,5.827
brace,5.827
hammi,5.827
herald,5.827
catapult,5.824
cheap,5.823
barber,5.820
com,5.816
notabl,5.816
mark,5.814
1951,5.813
wake,5.810
lag,5.806
nobil,5.803
deviou,5.800
hint,5.785
dissolv,5.783
sabotag,5.773
thirst,5.773
clean,5.770
explan,5.765
branch,5.760
grain,5.750
weaken,5.747
misfit,5.744
rescu,5.740
sourc,5.738
hotel,5.732
brief,5.727
fake,5.726
coincident,5.725
pacif,5.721
bore,5.718
twentieth,5.715
anyway,5.714
cri,5.709
unnecessari,5.708
punch,5.704
am,5.701
labour,5.700
caper,5.697
feder,5.694
anarchist,5.691
malevol,5.685
delusion,5.685
rail,5.682
amus,5.675
fluff,5.670
overtli,5.664
obligatori,5.661
blend,5.652
scarc,5.650
uncontrol,5.641
profession,5.639
peac,5.637
winner,5.631
phenomen,5.630
00,5.630
child,5.613
subvers,5.605
uniformli,5.602
catastroph,5.602
scam,5.600
vintag,5.600
earnest,5.592
muse,5.592
parti,5.588
speech,5.588
hundr,5.579
financ,5.576
signific,5.559
somber,5.550
fill,5.548
unnatur,5.545
vista,5.545
sleazi,5.545
19th,5.545
terror,5.544
vote,5.540
denouement,5.540
menac,5.537
raini,5.537
bloodi,5.535
sick,5.532
paint,5.527
grant,5.527
primit,5.525
bond,5.524
triangl,5.510
visit,5.509
sprawl,5.490
till,5.474
trivia,5.474
95,5.474
shred,5.472
heel,5.469
toll,5.467
modest,5.465
superior,5.464
countrysid,5.462
improb,5.460
industri,5.458
se,5.458
unmatch,5.455
schultz,5.453
testimoni,5.453
madman,5.453
opportun,5.451
gentleman,5.451
dare,5.446
resum,5.442
object,5.440
premis,5.434
misguid,5.433
exot,5.433
intend,5.430
masculin,5.428
loos,5.424
babi,5.422
elect,5.420
awe,5.413
smarter,5.409
cite,5.398
lunat,5.396
craftsmanship,5.394
akin,5.389
flow,5.383
optim,5.368
submit,5.366
deterior,5.356
pop,5.339
uneven,5.336
establish,5.334
expans,5.334
quibbl,5.330
vocal,5.328
disconnect,5.328
gunfight,5.322
youngest,5.320
masterwork,5.320
300,5.312
citizen,5.307
treaur,5.306
ttoftsm,5.306
profiteth,5.306
recapur,5.306
statler,5.306
seirra,5.306
thicketi,5.306
cupidita,5.306
siera,5.306
magnifec,5.306
everyjohnhustonmovi,5.306
desertthre,5.306
srapid,5.306
stalent,5.306
dobbsi,5.306
streihem,5.306
revoult,5.306
madrecertainli,5.306
zapatist,5.306
medra,5.306
frug,5.306
aathey,5.306
retest,5.306
tesouro,5.306
muntini,5.306
despert,5.306
covarrubia,5.306
conscientiu,5.306
bogat,5.306
landsman,5.306
pesti,5.306
barreta,5.306
chaparr,5.306
gatfield,5.306
margaritavil,5.306
depauper,5.306
nethack,5.306
71wow,5.306
underapprici,5.306
weedl,5.306
thirstier,5.306
jungapeo,5.306
allnut,5.306
adventurei,5.306
fraternis,5.306
pizzarro,5.306
silverheel,5.306
radix,5.306
barretta,5.306
grippin,5.306
wiv,5.306
buro,5.306
takean,5.306
fredd,5.306
bandol,5.306
notbutan,5.306
whatsamatt,5.306
aristolitilian,5.306
malorum,5.306
sowel,5.306
medr,5.306
cracki,5.306
bedaya,5.306
indelib,5.306
goldseek,5.306
unshad,5.306
steeeeeeeenk,5.306
brilliant1i,5.306
malte,5.306
desperardo,5.306
minireview,5.306
laughin,5.306
15,5.301
knee,5.301
consist,5.298
accomplish,5.298
chart,5.297
interpret,5.295
hurt,5.293
noteworthi,5.289
cancer,5.287
outright,5.287
enemi,5.286
mutual,5.285
fund,5.285
nearbi,5.283
renown,5.283
tie,5.282
paradis,5.282
creatur,5.276
cap,5.274
proce,5.267
seduc,5.267
wide,5.264
divin,5.261
bittersweet,5.261
derang,5.245
macho,5.243
mislead,5.243
thank,5.241
convers,5.230
jealousi,5.227
wine,5.222
stick,5.219
inch,5.215
titular,5.215
quintessenti,5.204
ridden,5.198
retriev,5.189
femal,5.187
verg,5.186
unforgiv,5.186
bonu,5.184
cigarett,5.182
boom,5.181
propos,5.179
crumbl,5.176
crave,5.176
rous,5.172
slide,5.169
perspect,5.168
proclaim,5.158
inexplic,5.156
compon,5.145
biographi,5.143
breakdown,5.140
bent,5.137
stunningli,5.126
spade,5.119
anxieti,5.118
tast,5.112
riddl,5.110
muscl,5.104
overus,5.102
symbol,5.102
week,5.102
rever,5.099
optimist,5.095
norm,5.095
plenti,5.092
stiff,5.092
request,5.087
rotten,5.083
incident,5.083
tramp,5.083
philip,5.077
foremost,5.077
lang,5.070
yellow,5.070
nomine,5.067
senseless,5.062
trivial,5.059
adjust,5.058
drill,5.056
y,5.056
quietli,5.052
embark,5.051
crisp,5.048
drift,5.046
evalu,5.045
newli,5.045
envi,5.042
qualifi,5.042
sarcast,5.041
blogspot,5.039
superl,5.038
garden,5.036
depress,5.035
wildli,5.031
enthusiasm,5.027
devoid,5.024
addit,5.019
bump,5.014
mood,5.008
quotabl,5.006
steadi,5.006
sysyphu,5.005
oxbow,5.005
lyncher,5.005
indebted,5.005
oversuspici,5.005
hondura,5.005
centavo,5.005
124min,5.005
subprim,5.005
comdr,5.005
spinoza,5.005
maccormack,5.005
farcial,5.005
flaherti,5.005
workless,5.005
neoliber,5.005
supberb,5.005
99,5.004
setup,5.002
injur,4.999
chinatown,4.991
sweat,4.986
cover,4.985
bro,4.984
200,4.983
saturday,4.983
cup,4.982
agenda,4.979
privileg,4.978
popular,4.975
frank,4.974
battl,4.970
fierc,4.968
english,4.965
likewis,4.959
behaviour,4.958
paradox,4.957
counter,4.955
reviv,4.955
guest,4.954
deed,4.943
flashi,4.943
slightest,4.936
mock,4.932
effortlessli,4.931
sidekick,4.929
omin,4.926
cun,4.925
spawn,4.924
trace,4.924
valid,4.921
derek,4.918
bibl,4.907
hungri,4.904
heal,4.903
regard,4.898
vibrant,4.897
duo,4.886
clash,4.882
pen,4.879
repli,4.878
forev,4.877
flawlessli,4.871
ration,4.867
handsom,4.867
boast,4.864
habit,4.863
psychiatrist,4.860
passag,4.859
mental,4.858
trigger,4.858
annoy,4.858
satisfact,4.857
tag,4.855
condemn,4.851
temper,4.848
revisit,4.837
complement,4.835
trail,4.835
technic,4.833
cholesterol,4.829
262,4.829
weakish,4.829
passant,4.829
outdoorsi,4.829
franch,4.829
iguana,4.829
amercan,4.829
mounti,4.829
firelight,4.829
unnomin,4.829
rapac,4.829
buffett,4.829
healthili,4.829
overbit,4.829
straightforward,4.825
teeth,4.822
preserv,4.814
tonight,4.814
spectacular,4.813
proport,4.800
preced,4.799
boundari,4.794
cure,4.793
awak,4.790
spiral,4.766
fundament,4.766
exceed,4.761
behold,4.761
absenc,4.760
semi,4.758
impact,4.754
weather,4.753
introduc,4.749
nervou,4.747
thread,4.744
conveni,4.742
paus,4.741
dog,4.740
digniti,4.740
drew,4.740
repeatedli,4.738
favour,4.737
nut,4.736
tad,4.732
contempl,4.730
shade,4.728
enlighten,4.726
tip,4.724
strip,4.721
option,4.718
retain,4.714
presum,4.714
lynch,4.714
neat,4.706
eager,4.706
princip,4.705
yor,4.704
berwick,4.704
firesid,4.704
barfight,4.704
americano,4.704
streetwalk,4.704
strumpet,4.704
senor,4.704
lejeun,4.704
baaaaaad,4.704
dilemma,4.700
pale,4.696
1930,4.692
coher,4.691
immort,4.690
worthwhil,4.688
chase,4.685
zone,4.683
weak,4.682
resort,4.681
literatur,4.678
toler,4.674
hail,4.672
dismiss,4.668
lengthi,4.666
relentless,4.660
alien,4.659
wash,4.658
profit,4.655
bounti,4.655
downfal,4.648
honesti,4.648
tackl,4.644
delv,4.642
needless,4.641
promin,4.639
exhaust,4.639
restaur,4.636
viscer,4.635
difficulti,4.631
forward,4.629
thug,4.624
closest,4.621
hopeless,4.618
pile,4.610
gag,4.609
moviego,4.608
keef,4.607
reific,4.607
conciou,4.607
gabbi,4.607
sourli,4.607
knockdown,4.607
rivera,4.607
hammock,4.607
chanci,4.607
larcen,4.607
greedier,4.607
oppres,4.607
rossen,4.607
equin,4.607
pose,4.601
reserv,4.596
assault,4.593
viciou,4.579
landmark,4.579
via,4.579
format,4.577
de,4.577
particip,4.572
strang,4.568
seat,4.565
echo,4.560
box,4.559
patriot,4.556
pleasant,4.554
embarrass,4.552
fonda,4.551
nobl,4.549
destini,4.548
corni,4.548
suprem,4.544
spare,4.539
vagu,4.537
sublim,4.530
bonapart,4.528
amatu,4.528
waylay,4.528
monopolist,4.528
shylock,4.528
monologu,4.520
blast,4.518
shi,4.515
wolf,4.514
error,4.510
gloriou,4.508
newman,4.500
un,4.492
mix,4.492
17,4.491
phrase,4.491
grim,4.488
tribut,4.483
advis,4.482
parodi,4.480
ego,4.474
fatal,4.473
slip,4.467
influenti,4.462
indig,4.461
nastili,4.461
reshot,4.461
divvi,4.461
madoff,4.461
hellishli,4.461
meridian,4.461
neoclass,4.461
unglamour,4.461
mammon,4.461
riverboat,4.461
scammer,4.461
verdant,4.461
fudd,4.461
shantytown,4.461
thatch,4.461
cactu,4.461
reduc,4.456
loyal,4.454
march,4.451
bite,4.451
humbl,4.448
insid,4.444
attend,4.441
characterist,4.437
unfortun,4.436
compliment,4.431
relat,4.430
uplift,4.428
famili,4.428
exchang,4.425
compass,4.424
she,4.420
directori,4.420
promot,4.418
20th,4.416
vivid,4.411
fantasi,4.411
invit,4.410
naiv,4.408
stronger,4.406
wrench,4.406
chaplin,4.406
albeit,4.404
benton,4.403
clime,4.403
miscu,4.403
apologia,4.403
jeanni,4.403
hourli,4.403
earshot,4.403
hairpiec,4.403
vorac,4.403
prize,4.403
charismat,4.402
inhabit,4.385
henc,4.379
destin,4.377
impecc,4.377
asleep,4.372
dri,4.372
trek,4.370
crucial,4.368
whatsoev,4.368
uncomfort,4.365
showcas,4.365
evok,4.358
unflag,4.352
pac,4.352
dentur,4.352
dogg,4.352
passersbi,4.352
tellin,4.352
dodsworth,4.352
amoung,4.352
sulfur,4.352
kutcher,4.352
bandido,4.352
hardscrabbl,4.352
dissens,4.352
expens,4.348
assur,4.348
punish,4.340
sergio,4.337
circl,4.334
boot,4.326
trial,4.320
psychopath,4.319
encourag,4.319
sea,4.308
unpredict,4.307
mistransl,4.306
napolean,4.306
parano,4.306
waterhol,4.306
126,4.306
bennet,4.306
offish,4.306
direst,4.306
sundown,4.306
fade,4.306
liner,4.306
medium,4.297
kudo,4.297
sophist,4.295
dimens,4.288
ton,4.282
alik,4.277
dude,4.275
facial,4.266
treadwel,4.265
lice,4.265
windfal,4.265
felicit,4.265
equit,4.265
clod,4.265
passerbi,4.265
mayan,4.265
pressburg,4.265
examin,4.263
north,4.263
glimps,4.259
hatr,4.256
25,4.251
subsequ,4.249
transcend,4.241
goer,4.235
ambiti,4.230
fadeout,4.227
nightfal,4.227
gringo,4.227
unbil,4.227
bogard,4.227
tequila,4.227
debat,4.221
pre,4.217
vehicl,4.210
par,4.210
tune,4.209
enorm,4.208
conclud,4.208
argument,4.203
guilti,4.200
wound,4.199
morn,4.194
aggrandiz,4.192
evanesc,4.192
pearli,4.192
peccadillo,4.192
canterburi,4.192
spri,4.192
sahara,4.192
gondola,4.192
rootless,4.192
gilligan,4.192
uhf,4.192
top100project,4.192
lessor,4.192
thriller,4.186
endless,4.186
forgiv,4.183
lucki,4.182
photograph,4.175
accid,4.174
shift,4.173
deliber,4.167
libel,4.160
ebenez,4.160
afficionado,4.160
narcissu,4.160
gnarl,4.160
genious,4.160
buzzard,4.160
somebodi,4.158
frequent,4.153
boat,4.145
anywher,4.145
engross,4.141
explain,4.139
tight,4.138
chief,4.133
rico,4.130
iniqu,4.130
rigeur,4.130
prise,4.130
promulg,4.130
lode,4.130
undiminish,4.130
grittili,4.130
wiri,4.130
amongst,4.130
sensit,4.129
emerg,4.124
retir,4.123
integr,4.122
pair,4.115
storm,4.108
associ,4.107
crash,4.107
aim,4.106
warcraft,4.102
determinist,4.102
dem,4.102
pauper,4.102
nepot,4.102
fondest,4.102
backlot,4.102
limbaugh,4.102
itiner,4.102
resembl,4.095
insult,4.088
unabl,4.084
tabl,4.083
fulfil,4.078
roughneck,4.076
ferment,4.076
dimmer,4.076
squinti,4.076
unacknowledg,4.076
sub,4.074
children,4.067
theori,4.063
respir,4.051
rectitud,4.051
curvebal,4.051
degre,4.050
sad,4.049
everyday,4.046
ourselv,4.044
awesom,4.043
fabul,4.043
refresh,4.041
comed,4.030
scrabbl,4.028
unclean,4.028
clamber,4.028
emblazon,4.028
somethin,4.028
orneri,4.028
luminari,4.028
volumin,4.028
nicotin,4.028
wisp,4.028
finland,4.028
smoke,4.026
highest,4.025
fool,4.023
remov,4.018
piti,4.013
neo,4.010
accord,4.008
cost,4.007
dirtiest,4.005
hombr,4.005
turnabout,4.005
timey,4.005
formula,3.995
remember,3.984
klondik,3.984
electra,3.984
downcast,3.984
dostoyevski,3.984
unpleasantli,3.984
ador,3.982
grade,3.981
confid,3.973
gorgeou,3.971
darker,3.969
relief,3.964
fatter,3.964
carpetbagg,3.964
mountaintop,3.964
irretriev,3.964
prefigur,3.964
miguel,3.964
hey,3.949
degen,3.945
paroxysm,3.945
interlop,3.945
gyp,3.945
mountainsid,3.945
disorderli,3.945
dimension,3.939
documentari,3.939
sake,3.934
hair,3.931
circumst,3.929
sheepish,3.926
understudi,3.926
ignomini,3.926
bamboozl,3.926
timelessli,3.926
baser,3.926
modernis,3.926
nobler,3.926
goal,3.921
strongli,3.915
stewart,3.913
cruz,3.908
peal,3.908
350,3.908
denunci,3.908
ther,3.908
pall,3.908
exept,3.891
errant,3.891
creas,3.891
buffer,3.891
mule,3.891
inventori,3.891
friedrich,3.891
understood,3.891
advanc,3.882
surpass,3.881
sat,3.876
hire,3.876
ebulli,3.875
immut,3.875
trounc,3.875
goldmin,3.875
diego,3.875
edibl,3.875
cheer,3.874
overwhelm,3.863
clobber,3.859
swindler,3.859
citizenship,3.859
workabl,3.859
hookabl,3.859
leaven,3.859
unnervingli,3.859
corrod,3.859
unadorn,3.859
tremend,3.855
account,3.849
whilst,3.849
jumper,3.844
sept,3.844
lastabl,3.844
enshrin,3.844
scummi,3.844
unknown,3.837
hang,3.833
vagrant,3.829
allerg,3.829
avow,3.829
mistook,3.829
qualit,3.829
crackerjack,3.829
silenc,3.826
somewher,3.825
complaint,3.820
anybodi,3.820
player,3.818
podcast,3.815
eureka,3.815
malcont,3.815
stubbl,3.815
materialis,3.815
reptil,3.815
latitud,3.815
extend,3.808
glamouris,3.801
flank,3.801
nickel,3.801
prudent,3.801
greater,3.801
leon,3.801
met,3.797
rage,3.796
hidden,3.795
jaundic,3.788
painterli,3.788
gekko,3.788
summarili,3.788
matur,3.787
tradit,3.784
safe,3.777
idealis,3.775
lug,3.775
courag,3.774
instanc,3.769
stave,3.762
accredit,3.762
itun,3.762
scuttl,3.762
hellhol,3.762
interact,3.757
shrew,3.750
checker,3.750
cvisit,3.750
plum,3.750
parch,3.750
jaw,3.744
windi,3.738
feverishli,3.738
entrepreneuri,3.738
sum,3.731
teach,3.730
sentiment,3.729
ox,3.727
caffein,3.727
spoilersth,3.727
cf,3.727
defraud,3.727
pushi,3.727
marketplac,3.727
refere,3.727
camu,3.727
devious,3.727
angri,3.723
loud,3.723
fearlessli,3.715
winsom,3.715
altruism,3.715
rehab,3.715
hotli,3.715
vendor,3.715
creepi,3.714
girl,3.714
scroung,3.704
burrow,3.704
unenvi,3.704
mele,3.704
readi,3.700
kane,3.697
shadow,3.695
alarmingli,3.694
granddaddi,3.694
specif,3.688
count,3.685
investig,3.683
budg,3.683
bronz,3.683
complicit,3.683
herzog,3.683
provis,3.683
consequenti,3.683
fell,3.675
loon,3.673
notifi,3.673
placat,3.673
curli,3.673
wear,3.672
path,3.666
ordinari,3.664
overestim,3.663
disproportion,3.663
callow,3.663
aww,3.663
subterfug,3.663
trodden,3.663
rel,3.661
mainli,3.656
booti,3.653
jobless,3.653
dun,3.653
bigwig,3.653
transient,3.653
comparison,3.652
multipl,3.651
wad,3.644
madmen,3.644
unconnect,3.644
livingston,3.644
u,3.636
glutton,3.634
breathlessli,3.634
markedli,3.634
seemingli,3.634
complic,3.633
lexicon,3.625
grubbi,3.616
turnaround,3.616
uninhibit,3.616
delight,3.608
pomp,3.607
dung,3.607
eco,3.607
spartan,3.607
backpack,3.607
carolina,3.607
donkey,3.607
crotcheti,3.607
nite,3.607
suddenli,3.607
scrawni,3.599
debonair,3.599
legisl,3.599
debunk,3.599
penthous,3.599
lenin,3.599
1910,3.599
silent,3.595
road,3.592
sizabl,3.590
moviemusereview,3.590
entertainingli,3.590
categoris,3.590
jackpot,3.590
yardstick,3.590
armchair,3.590
diffus,3.590
sheer,3.590
compani,3.588
sharpest,3.582
gulp,3.582
crow,3.575
amberson,3.574
villa,3.574
ambienc,3.566
humphri,3.566
dishevel,3.566
hemingway,3.566
breathtak,3.558
rile,3.558
unflatt,3.558
oncom,3.558
feb,3.558
clive,3.558
romanticis,3.558
topnotch,3.558
blockbust,3.555
osborn,3.550
arid,3.550
expedi,3.550
leer,3.550
tsunami,3.550
overzeal,3.550
reinterpret,3.550
peach,3.550
weird,3.544
90,3.543
summit,3.543
chais,3.543
deservingli,3.543
scenarist,3.543
russel,3.542
provok,3.540
la,3.540
seven,3.538
oasi,3.535
venal,3.535
erstwhil,3.535
incompat,3.535
premonit,3.535
ii,3.529
pluse,3.528
cine,3.528
mirag,3.528
york,3.528
humour,3.522
funnili,3.521
squalid,3.521
charter,3.521
fistfight,3.521
heavi,3.520
drawn,3.515
leitmotif,3.514
smile,3.510
foresight,3.507
languid,3.507
encroach,3.507
flail,3.507
practic,3.507
prefer,3.502
oven,3.500
1926,3.500
iconoclast,3.500
nearer,3.500
l,3.496
reduct,3.493
harsher,3.493
cereal,3.493
causal,3.493
choos,3.492
fresh,3.488
fester,3.487
scriptur,3.487
maraud,3.487
immediaci,3.487
fluidli,3.487
nauseum,3.480
trespass,3.480
hart,3.480
doubli,3.480
fatalist,3.480
wile,3.474
harshest,3.474
compatriot,3.474
born,3.471
horrifyingli,3.468
batch,3.468
stevi,3.468
carelessli,3.468
peski,3.468
angl,3.462
oilman,3.461
iffi,3.461
hitherto,3.461
overwork,3.461
archaic,3.461
overstat,3.455
debas,3.455
fallibl,3.443
chastis,3.443
stigma,3.443
costar,3.443
pact,3.437
takeov,3.437
erron,3.437
machet,3.437
54,3.437
ostrac,3.437
inn,3.437
straddl,3.431
twinkl,3.431
unison,3.431
subsid,3.431
euro,3.431
forcibl,3.431
length,3.429
privat,3.428
unsurpris,3.426
feral,3.426
lookout,3.426
potenc,3.426
scarili,3.426
anglo,3.420
queer,3.420
procur,3.420
66,3.420
freight,3.420
variou,3.419
morbidli,3.414
unprofession,3.414
adag,3.409
shimmer,3.409
wrongdo,3.409
est,3.409
geographi,3.403
singularli,3.403
jeopard,3.403
predatori,3.403
shame,3.401
monochrom,3.398
ribbon,3.398
secret,3.395
displeasur,3.393
devilishli,3.393
laudabl,3.393
garcia,3.393
dandi,3.387
chisel,3.387
inadequaci,3.382
cornerston,3.382
tenaci,3.382
lawman,3.382
enter,3.381
saintli,3.377
foggi,3.377
grill,3.377
ammunit,3.377
raven,3.372
30th,3.372
guild,3.372
ballad,3.372
leftist,3.372
recurr,3.372
voluntarili,3.367
91,3.367
reverber,3.367
unsung,3.367
wb,3.367
jovial,3.367
respons,3.366
honestli,3.365
fraudul,3.362
comatos,3.362
bewilder,3.357
shack,3.357
needi,3.357
werner,3.357
foolishli,3.357
dastardli,3.357
intercept,3.352
nighttim,3.352
etho,3.352
jump,3.352
revelatori,3.347
uneth,3.347
monetari,3.347
administ,3.347
visag,3.347
altruist,3.347
eighteen,3.347
11th,3.347
breath,3.346
red,3.343
cavern,3.343
tuck,3.343
obtus,3.343
clout,3.343
stump,3.343
horribl,3.339
laurel,3.338
scroog,3.338
track,3.338
ledger,3.338
grizzli,3.333
hindu,3.333
eden,3.333
behemoth,3.333
mustn,3.333
immedi,3.332
smart,3.329
thankless,3.329
smarmi,3.329
revuls,3.329
lizard,3.329
shane,3.329
forthcom,3.324
sage,3.324
interperson,3.324
rearrang,3.324
remembr,3.324
admir,3.321
militia,3.320
euphoria,3.320
lithuania,3.320
bask,3.320
600,3.320
hostel,3.315
labori,3.315
iceberg,3.311
erni,3.311
boundless,3.311
wow,3.310
crise,3.306
martha,3.306
pessim,3.306
insati,3.302
trudg,3.302
reveng,3.299
constrain,3.298
unbridl,3.298
outstandingli,3.298
meager,3.294
catalogu,3.294
starkli,3.294
discours,3.294
circul,3.294
devastatingli,3.289
rundown,3.285
rumin,3.285
aimlessli,3.285
peerless,3.285
scrutin,3.285
haunt,3.283
affabl,3.281
unearth,3.281
eighth,3.281
befal,3.277
plummet,3.277
innocu,3.273
deduc,3.273
naivet,3.273
lodg,3.273
expositori,3.273
hearti,3.269
strut,3.269
slump,3.269
contamin,3.269
earthi,3.269
genial,3.269
repertoir,3.269
nietzsch,3.269
macbeth,3.269
squander,3.265
coerc,3.265
sculpt,3.265
katharin,3.265
preoccupi,3.265
picnic,3.265
sullen,3.261
concur,3.261
schmaltz,3.261
indispens,3.261
wobbl,3.257
chic,3.257
nigh,3.257
crimin,3.257
heavier,3.253
achingli,3.253
toil,3.253
tasti,3.253
amiabl,3.249
bumpi,3.249
backseat,3.249
focu,3.248
cock,3.246
banner,3.246
elmer,3.246
summat,3.242
reprehens,3.242
ford,3.239
heyday,3.238
benefici,3.238
perenni,3.238
tropic,3.238
maverick,3.238
harp,3.238
romanc,3.235
sculptur,3.234
foreman,3.231
texan,3.231
nom,3.231
insuffici,3.227
simpleton,3.227
vener,3.224
reccomend,3.224
unprepar,3.220
exert,3.220
virtuou,3.220
whirl,3.220
meati,3.220
steadfast,3.220
seeker,3.220
anticlimact,3.220
thatcher,3.220
insurmount,3.216
salari,3.216
hepburn,3.216
vision,3.211
bitterli,3.209
revisionist,3.209
cop,3.208
discount,3.206
weirdli,3.206
mose,3.206
fastest,3.206
scari,3.205
worthi,3.205
yup,3.203
beli,3.203
unworthi,3.203
throwaway,3.203
plaudit,3.199
1929,3.199
harshli,3.199
innumer,3.196
bygon,3.196
deliver,3.196
oeuvr,3.192
gratif,3.189
ne,3.189
unscrupul,3.186
undercut,3.186
manual,3.182
bolster,3.182
cocktail,3.182
her,3.180
yanke,3.179
mediat,3.179
seeth,3.179
naysay,3.179
96,3.179
cohort,3.179
gig,3.179
mobi,3.176
scumbag,3.176
brew,3.176
member,3.175
softli,3.173
nefari,3.173
caption,3.173
overtak,3.170
malic,3.170
timothi,3.170
comeupp,3.166
reaffirm,3.163
unbalanc,3.163
truer,3.163
breadth,3.163
statuett,3.160
renault,3.160
coldli,3.157
indisput,3.157
regul,3.157
survey,3.157
gleefulli,3.157
nervous,3.157
10http,3.157
precursor,3.157
devolv,3.154
fluffi,3.154
tcm,3.151
disclos,3.151
remedi,3.151
prelud,3.151
wherebi,3.151
outwit,3.148
peg,3.148
companionship,3.148
collis,3.148
adult,3.146
comer,3.145
89,3.145
ca,3.145
bobafett1138,3.142
reagan,3.139
latch,3.139
dissent,3.136
chin,3.136
gusto,3.136
attest,3.136
cub,3.136
godfath,3.136
clutter,3.133
exec,3.130
pulsat,3.130
defici,3.130
pedest,3.130
endang,3.127
stall,3.127
anomali,3.127
indign,3.125
slacker,3.125
hilari,3.123
alfredo,3.122
peterson,3.119
loung,3.119
cinephil,3.116
steinbeck,3.116
illustri,3.113
55,3.113
36,3.113
dessert,3.113
mister,3.113
masterstrok,3.110
thespian,3.110
sneer,3.108
hilt,3.108
befit,3.108
naiveti,3.108
matin,3.108
connect,3.106
solidli,3.105
microcosm,3.105
massag,3.102
seam,3.102
skirt,3.102
wimp,3.100
valentin,3.100
rigor,3.100
poss,3.097
unlucki,3.097
ghastli,3.094
savageri,3.094
frail,3.092
juici,3.092
mutter,3.089
serious,3.088
masterclass,3.086
toxic,3.086
robe,3.086
fractur,3.086
impart,3.086
brisk,3.084
sweati,3.084
outdid,3.081
merchant,3.081
loathsom,3.078
brightli,3.076
suitcas,3.076
georg,3.076
withdraw,3.073
cosmic,3.073
sandwich,3.073
venom,3.073
stupid,3.073
fourteen,3.068
patrol,3.068
giddi,3.068
pee,3.066
commenc,3.061
valiant,3.061
standoff,3.061
seep,3.058
trough,3.058
clouzot,3.058
villaini,3.056
maclain,3.056
withstand,3.056
entail,3.056
righteous,3.053
glorious,3.053
65,3.053
glide,3.053
bloke,3.051
offset,3.049
bigotri,3.049
wikipedia,3.046
rejoic,3.046
gloom,3.046
93,3.046
georgia,3.046
excruciatingli,3.044
booz,3.044
tickl,3.044
downbeat,3.044
uncondit,3.044
randolph,3.042
85,3.042
undercurr,3.042
censorship,3.039
risen,3.039
treacheri,3.039
venic,3.039
unknowingli,3.039
almighti,3.039
shuffl,3.039
hing,3.037
commonplac,3.032
powel,3.032
gratitud,3.030
benevol,3.030
stroll,3.030
shrewd,3.028
yank,3.028
psychosi,3.028
muddi,3.025
1900,3.025
rediscov,3.023
owen,3.023
cormac,3.021
brotherhood,3.019
tilt,3.019
bald,3.019
semblanc,3.016
eponym,3.016
infer,3.016
louder,3.016
wri,3.014
bethani,3.014
temporarili,3.012
shudder,3.012
groan,3.012
forese,3.012
tent,3.010
downer,3.010
glimmer,3.010
astor,3.010
motor,3.010
120,3.007
innuendo,3.007
criteria,3.005
crackl,3.005
afflict,3.003
eagl,3.003
unheard,3.003
everlast,3.001
mantl,3.001
showi,2.999
elegantli,2.997
forehead,2.997
empathis,2.997
plea,2.997
pantheon,2.992
personif,2.992
acut,2.992
bravura,2.992
underbelli,2.992
solac,2.990
vocabulari,2.990
wagon,2.990
oft,2.990
pub,2.990
1936,2.988
unanim,2.988
fore,2.988
qualm,2.986
soften,2.986
savor,2.984
easiest,2.984
marathon,2.982
ambush,2.980
puppi,2.980
wisecrack,2.980
bravado,2.980
feisti,2.978
emin,2.976
baggag,2.976
aficionado,2.976
blvd,2.974
ting,2.974
beacon,2.974
surrog,2.972
unwant,2.972
quantiti,2.970
overwrought,2.970
inexperienc,2.970
appetit,2.968
deck,2.968
dispar,2.964
pledg,2.962
malici,2.962
vicious,2.962
covet,2.960
herd,2.958
hmmm,2.956
concis,2.956
wig,2.956
transpar,2.956
prohibit,2.954
sunni,2.954
willingli,2.954
album,2.954
brighter,2.952
donat,2.952
retribut,2.950
mandatori,2.950
harass,2.950
gen,2.950
ritual,2.948
smartli,2.948
taint,2.947
midway,2.947
repel,2.947
constraint,2.947
temporari,2.945
devour,2.945
abli,2.943
foreground,2.943
cigar,2.941
deft,2.941
cathart,2.941
abid,2.937
intox,2.937
clan,2.937
wiser,2.937
strawberri,2.935
amazon,2.935
29,2.935
breez,2.935
platform,2.933
learnt,2.933
gruff,2.933
tout,2.932
intimaci,2.930
strung,2.928
permit,2.928
leisur,2.926
tooth,2.926
nt,2.926
fort,2.926
problemat,2.924
hover,2.923
freddi,2.923
latin,2.921
wholesom,2.921
coordin,2.921
liar,2.919
splendor,2.919
dismal,2.919
satan,2.917
botch,2.917
bake,2.915
hay,2.915
lore,2.915
januari,2.908
rainbow,2.905
deconstruct,2.905
eyebrow,2.905
overwhelmingli,2.905
arizona,2.903
wari,2.903
indict,2.903
filthi,2.903
firework,2.900
septemb,2.900
blossom,2.900
filth,2.898
beam,2.898
selv,2.898
swell,2.896
omiss,2.893
technicolor,2.891
agreement,2.891
gee,2.891
pc,2.890
stilt,2.890
tide,2.890
outdoor,2.890
inflat,2.890
finer,2.890
dismay,2.888
snub,2.888
persuas,2.888
offic,2.887
summon,2.886
1946,2.886
knuckl,2.886
deadpan,2.885
dir,2.885
lifelong,2.885
glamour,2.883
taunt,2.883
gravita,2.881
jay,2.880
88,2.880
dreami,2.878
incompar,2.877
undeserv,2.875
1958,2.875
lament,2.875
mise,2.875
august,2.873
evad,2.873
cosmo,2.872
rot,2.870
til,2.870
humanist,2.869
incorrect,2.867
deepen,2.867
cox,2.867
crank,2.867
hatch,2.865
retro,2.865
strengthen,2.865
clunki,2.865
diabol,2.864
axe,2.862
veer,2.862
traci,2.859
claustrophobia,2.859
simpson,2.859
poet,2.858
tailor,2.858
misplac,2.856
confus,2.854
distinctli,2.850
defiantli,2.847
taglin,2.845
mercenari,2.845
sock,2.845
courtesi,2.845
goos,2.844
categor,2.842
lightheart,2.839
garfield,2.839
interplay,2.839
transpir,2.838
1942,2.838
irrat,2.837
goodi,2.837
pistol,2.835
crouch,2.834
traitor,2.834
facad,2.834
shadi,2.832
resign,2.831
clinic,2.831
murki,2.829
salt,2.828
cream,2.828
deftli,2.826
shini,2.826
freeli,2.825
upbeat,2.823
commonli,2.823
disput,2.821
overboard,2.821
pleas,2.818
fraud,2.818
whini,2.816
laps,2.816
seedi,2.815
unemploy,2.815
tin,2.812
escap,2.811
rig,2.811
inadvert,2.811
razor,2.808
nope,2.805
signifi,2.805
swamp,2.804
imper,2.804
mi,2.804
rewrit,2.804
drawback,2.803
havoc,2.801
overton,2.800
highway,2.798
trump,2.798
octob,2.797
oblivi,2.796
interfer,2.796
stealer,2.794
retel,2.794
permeat,2.793
jeffrey,2.792
spectacularli,2.790
ring,2.790
stupend,2.789
pander,2.785
bombast,2.785
lanc,2.784
quirk,2.783
democraci,2.780
fail,2.780
tack,2.777
math,2.775
esteem,2.775
patron,2.775
draft,2.772
suav,2.772
dubiou,2.772
unsuccess,2.772
frenzi,2.771
ongo,2.771
plead,2.771
coast,2.770
pronounc,2.769
claw,2.769
statur,2.767
schedul,2.766
lighten,2.766
liquid,2.761
peel,2.761
knack,2.761
simon,2.761
thrive,2.759
mayor,2.759
medal,2.759
rariti,2.757
capt,2.757
romantic,2.756
neutral,2.756
ranger,2.755
canon,2.754
merciless,2.754
broadway,2.754
valley,2.752
stalk,2.751
rio,2.751
couch,2.750
trench,2.750
sway,2.749
st,2.748
eaten,2.748
laud,2.746
elicit,2.746
predica,2.745
mail,2.744
king,2.744
adversari,2.743
scriptwrit,2.742
drivel,2.742
wacki,2.742
lightn,2.741
vinc,2.741
letdown,2.741
loner,2.741
rewatch,2.738
omit,2.736
restraint,2.735
fold,2.732
extraordinarili,2.731
2016,2.730
seed,2.729
stem,2.727
rural,2.727
uncertain,2.725
stanc,2.725
savior,2.724
timelin,2.724
dire,2.723
regist,2.723
sour,2.721
billionair,2.721
encapsul,2.720
abound,2.720
gush,2.718
constitut,2.718
openli,2.718
therebi,2.716
monstrou,2.715
twilight,2.715
bog,2.715
emul,2.714
abruptli,2.713
percent,2.712
shave,2.712
deprav,2.712
flourish,2.712
unnecessarili,2.710
filmographi,2.710
medit,2.710
denial,2.708
juxtapos,2.706
brush,2.705
unquestion,2.704
gloss,2.703
compris,2.702
wrestl,2.702
barrier,2.700
powerhous,2.700
refin,2.699
prologu,2.699
150,2.699
blatantli,2.697
remad,2.697
infect,2.696
worthless,2.696
fellini,2.695
q,2.694
wrongli,2.694
fearless,2.694
stamp,2.693
exud,2.693
ma,2.693
deceit,2.691
burt,2.690
downsid,2.690
scrap,2.689
sought,2.689
benchmark,2.686
contest,2.686
variat,2.685
conrad,2.685
guitar,2.683
bounc,2.682
phase,2.681
lowest,2.681
margin,2.680
skull,2.680
juvenil,2.679
infus,2.679
grit,2.678
enrich,2.678
mumbl,2.676
1954,2.675
homicid,2.674
affirm,2.674
carol,2.674
minu,2.673
chess,2.673
poke,2.672
rapidli,2.672
chip,2.672
jade,2.671
deceas,2.671
inflict,2.670
depriv,2.669
relish,2.668
er,2.668
forg,2.667
personifi,2.667
punk,2.667
reluctantli,2.667
mccarthi,2.667
rumor,2.666
immatur,2.664
allianc,2.664
entic,2.664
unintent,2.663
spellbind,2.662
salvat,2.662
advers,2.662
departur,2.661
weaker,2.660
bud,2.659
soar,2.659
imperfect,2.657
ie,2.656
inclin,2.655
begun,2.653
lousi,2.652
foe,2.651
licens,2.651
gaze,2.650
hunger,2.649
grandios,2.647
sane,2.647
mindset,2.646
sociopath,2.646
revolt,2.645
restrict,2.641
pin,2.641
anguish,2.639
slum,2.639
magnitud,2.639
unstabl,2.639
triumphant,2.638
biblic,2.638
tug,2.637
undermin,2.636
soak,2.635
futur,2.635
retrospect,2.634
stair,2.634
sterl,2.634
pioneer,2.633
cruis,2.632
lurk,2.631
sadden,2.631
fabl,2.631
household,2.629
sucker,2.628
vividli,2.627
empath,2.623
sooner,2.623
roar,2.622
hyper,2.622
bitch,2.622
drunken,2.622
banter,2.619
decay,2.617
clariti,2.615
soviet,2.614
500,2.614
significantli,2.614
belt,2.614
abrupt,2.614
impuls,2.613
oblig,2.613
classifi,2.612
kurtz,2.612
flavor,2.611
intellect,2.609
criticis,2.608
seri,2.608
passiv,2.607
cardboard,2.607
foolish,2.605
disc,2.605
reliabl,2.605
subtext,2.602
bottl,2.601
glare,2.600
clumsi,2.600
alot,2.599
rogu,2.599
necess,2.598
genocid,2.598
sicken,2.598
overblown,2.595
balloon,2.595
exclus,2.595
luxuri,2.594
peculiar,2.593
growth,2.591
plainview,2.590
scout,2.590
sugar,2.588
stagger,2.586
drastic,2.585
conneri,2.583
aura,2.583
cartoonish,2.583
vera,2.582
edgi,2.581
candid,2.580
panic,2.580
jewel,2.580
beer,2.580
interestingli,2.579
underton,2.579
len,2.578
unexplain,2.577
cycl,2.577
energet,2.576
cement,2.574
stray,2.574
upsid,2.573
snap,2.573
communist,2.572
darkli,2.570
elit,2.570
melt,2.570
grin,2.569
provoc,2.569
rambl,2.568
drove,2.568
idol,2.564
dwell,2.562
tightli,2.560
businessman,2.560
dump,2.560
compens,2.559
neighbour,2.557
greet,2.557
baddi,2.556
unconvent,2.556
click,2.556
squar,2.556
anim,2.555
whisper,2.554
district,2.553
gabl,2.553
braveri,2.552
ceas,2.551
gloomi,2.550
fuss,2.550
understat,2.549
disregard,2.549
seldom,2.549
updat,2.548
unconvinc,2.547
worship,2.547
incarn,2.547
flag,2.545
holiday,2.544
rope,2.543
vulgar,2.542
conduct,2.542
futil,2.542
limb,2.542
inabl,2.541
vastli,2.541
snake,2.540
peril,2.540
flair,2.540
absent,2.539
turner,2.539
chicago,2.539
prey,2.538
persuad,2.538
cabl,2.537
unrel,2.535
2013,2.535
employe,2.535
lyric,2.534
conserv,2.534
thiev,2.531
uniform,2.531
brazil,2.531
geek,2.530
royal,2.530
dispos,2.530
shaki,2.528
smoothli,2.527
repris,2.525
pot,2.524
health,2.522
runtim,2.520
4th,2.517
amateur,2.515
summar,2.514
allegori,2.513
ought,2.513
minimum,2.513
fiction,2.511
mortal,2.507
sixti,2.506
texa,2.506
reinforc,2.506
chronicl,2.505
invad,2.505
styliz,2.504
hammer,2.503
asham,2.502
grandeur,2.502
blink,2.502
firm,2.501
afford,2.500
dive,2.499
calib,2.499
ya,2.499
restrain,2.494
baffl,2.494
swim,2.493
judgement,2.493
josh,2.492
stroke,2.492
eric,2.489
effici,2.489
epitom,2.489
toe,2.487
hawk,2.485
aforement,2.485
blur,2.484
literari,2.483
wholli,2.482
characteris,2.480
swing,2.480
predat,2.477
host,2.477
visionari,2.476
bash,2.476
speci,2.475
bow,2.475
plastic,2.473
inject,2.472
websit,2.471
tech,2.471
saber,2.471
neil,2.468
poetri,2.468
diminish,2.465
majest,2.465
item,2.465
underneath,2.464
oppon,2.464
celluloid,2.462
midst,2.461
automat,2.461
enforc,2.461
pill,2.461
forgett,2.459
inferior,2.458
faster,2.458
hack,2.458
robber,2.456
startl,2.456
visibl,2.453
suffici,2.450
foundat,2.450
tap,2.450
exhibit,2.448
drain,2.447
union,2.447
clip,2.444
pseudo,2.442
threw,2.440
rout,2.440
2006,2.439
delici,2.439
vice,2.438
glamor,2.438
crown,2.438
detach,2.436
elimin,2.435
gate,2.435
spring,2.433
sunday,2.433
stylist,2.431
dick,2.431
gray,2.426
compromis,2.424
joaquin,2.424
boil,2.423
gestur,2.423
suffic,2.421
contradict,2.420
cope,2.420
impos,2.419
seamlessli,2.418
shortli,2.418
orient,2.415
sorrow,2.414
insert,2.411
widow,2.410
lastli,2.410
despis,2.409
elsewher,2.409
1998,2.409
critiqu,2.408
fascist,2.408
dont,2.407
fetch,2.406
tall,2.404
transfer,2.404
crystal,2.402
wheel,2.401
stab,2.400
saint,2.400
thick,2.399
musician,2.398
24,2.398
smell,2.397
consciou,2.397
grail,2.396
speechless,2.395
elderli,2.395
knife,2.394
hyster,2.394
vega,2.393
attribut,2.393
climb,2.391
themat,2.391
dose,2.388
1997,2.386
calcul,2.384
convolut,2.384
trend,2.383
behav,2.382
india,2.381
darkest,2.381
cake,2.381
eleg,2.380
luckili,2.376
profan,2.375
versu,2.373
garner,2.372
skeptic,2.372
chop,2.372
quarter,2.372
defens,2.371
intim,2.370
harm,2.370
se7en,2.370
polanski,2.370
2003,2.369
thief,2.367
jordan,2.366
befriend,2.366
loneli,2.366
print,2.366
extens,2.365
culmin,2.363
bravo,2.363
chest,2.362
shorter,2.360
gentl,2.360
clock,2.360
von,2.360
network,2.359
san,2.359
nois,2.358
gotta,2.357
1995,2.357
contend,2.356
unfair,2.356
scratch,2.353
primari,2.353
cloud,2.352
proceed,2.352
dealt,2.349
neck,2.347
harrow,2.346
sunset,2.345
slap,2.345
nose,2.343
deriv,2.342
www,2.342
similarli,2.341
fare,2.341
yoda,2.339
robberi,2.338
mill,2.337
sensibl,2.337
admittedli,2.336
afternoon,2.336
caricatur,2.336
whoever,2.336
ala,2.334
fanci,2.334
keitel,2.333
1977,2.332
intimid,2.330
injustic,2.330
yell,2.330
mentor,2.330
instinct,2.326
happili,2.325
taught,2.323
farm,2.323
newspap,2.321
assembl,2.320
16,2.320
asian,2.320
incorpor,2.320
perceiv,2.317
coincid,2.317
useless,2.316
bless,2.316
throat,2.315
announc,2.314
aggress,2.312
altogeth,2.312
vital,2.312
lend,2.308
ancient,2.306
primarili,2.306
2008,2.305
flew,2.305
territori,2.305
nerv,2.305
ultra,2.303
prejudic,2.302
resolut,2.301
http,2.301
contrari,2.301
beneath,2.301
lt,2.298
ensur,2.298
solut,2.297
label,2.297
sympath,2.296
heist,2.296
crisi,2.293
downright,2.291
judgment,2.291
simplic,2.290
exercis,2.288
relax,2.288
mystic,2.285
feed,2.283
choreograph,2.281
mount,2.281
sink,2.281
endear,2.280
survivor,2.278
standout,2.277
exquisit,2.277
exposit,2.277
confin,2.275
reject,2.275
spaghetti,2.268
prop,2.268
illus,2.266
shed,2.266
firstli,2.261
superfici,2.260
miser,2.260
shop,2.259
crush,2.259
suitabl,2.258
nostalgia,2.258
scientif,2.257
nine,2.256
duel,2.253
strongest,2.253
twelv,2.252
yesterday,2.252
eas,2.251
silver,2.248
pitch,2.248
impli,2.246
hopkin,2.244
revers,2.243
fat,2.240
heaven,2.240
function,2.240
gratuit,2.237
laid,2.237
burst,2.236
colonel,2.236
ingeni,2.236
jimmi,2.235
acknowledg,2.234
vengeanc,2.231
europ,2.226
scar,2.226
undeni,2.225
fist,2.224
shout,2.223
2000,2.223
competit,2.221
infam,2.221
spiritu,2.220
stress,2.219
block,2.218
alli,2.214
european,2.213
deliveri,2.213
vito,2.212
embrac,2.209
restor,2.208
martial,2.207
disbelief,2.206
gori,2.206
offici,2.205
glass,2.204
backdrop,2.198
lean,2.198
watchabl,2.195
swear,2.195
franci,2.192
press,2.192
mechan,2.192
descript,2.191
duti,2.191
expert,2.188
recognit,2.187
slight,2.186
marin,2.186
arrest,2.184
fix,2.184
globe,2.183
bone,2.183
germani,2.183
guilt,2.183
subplot,2.182
imit,2.178
render,2.178
popul,2.176
tree,2.175
cooper,2.175
presid,2.171
percept,2.171
chair,2.168
eeri,2.167
racism,2.166
con,2.165
lift,2.163
urg,2.163
plane,2.161
cinematograph,2.161
sensat,2.158
antagonist,2.158
dazzl,2.158
burton,2.157
proper,2.157
ice,2.155
contriv,2.154
wave,2.153
wing,2.153
quirki,2.151
hors,2.151
notion,2.150
funniest,2.150
advic,2.148
address,2.147
thirti,2.146
foot,2.146
lame,2.144
engin,2.144
keanu,2.144
wherea,2.144
fourth,2.143
lawrenc,2.143
evolv,2.143
servic,2.143
skip,2.142
indulg,2.141
devot,2.140
lay,2.140
reev,2.137
christma,2.136
heck,2.135
switch,2.132
religion,2.132
enthral,2.131
corpor,2.129
corleon,2.128
upset,2.128
clark,2.127
deniro,2.124
adam,2.120
leg,2.119
feet,2.119
immers,2.118
bull,2.118
scope,2.117
aid,2.116
band,2.115
sole,2.113
instantli,2.111
jail,2.110
sport,2.109
contact,2.107
theatric,2.106
attach,2.105
horrif,2.103
pretenti,2.103
smith,2.103
chose,2.101
elev,2.101
flesh,2.101
mid,2.099
compet,2.097
interview,2.097
pretend,2.097
fairi,2.096
taxi,2.094
blew,2.094
spectacl,2.092
kinda,2.089
paper,2.089
ambigu,2.084
section,2.083
proud,2.076
stellar,2.074
exagger,2.074
nowaday,2.074
trash,2.073
homag,2.073
flash,2.071
shallow,2.071
bed,2.069
fals,2.068
thin,2.059
independ,2.057
controversi,2.056
vast,2.055
target,2.055
puzzl,2.054
expos,2.054
credibl,2.052
stunt,2.052
nick,2.052
brown,2.050
metaphor,2.050
patient,2.050
redeem,2.049
charli,2.045
undoubtedli,2.044
convict,2.044
etern,2.043
titan,2.042
exact,2.038
religi,2.038
educ,2.036
mari,2.034
excus,2.033
jew,2.029
succe,2.029
regardless,2.027
introduct,2.025
badli,2.025
topic,2.024
greatli,2.023
substanc,2.022
sympathi,2.014
nail,2.013
rival,2.013
station,2.012
chapter,2.011
enhanc,2.011
hospit,2.008
charl,2.007
profound,2.006
latest,2.004
gut,2.004
essenc,2.001
chosen,1.998
colleg,1.998
ed,1.994
defeat,1.993
intern,1.992
bright,1.991
ex,1.991
sacrific,1.988
idiot,1.986
river,1.983
awaken,1.982
store,1.982
italian,1.981
sentenc,1.980
intellectu,1.979
shape,1.976
method,1.976
colour,1.970
hadn,1.970
bat,1.968
guard,1.968
organ,1.966
keaton,1.965
overli,1.963
nowher,1.963
p,1.959
concentr,1.959
bought,1.955
categori,1.950
affair,1.950
bridg,1.947
board,1.946
replac,1.945
toni,1.945
revel,1.945
anticip,1.942
factor,1.938
environ,1.938
sight,1.934
joseph,1.933
depend,1.931
crowd,1.929
twenti,1.925
gonna,1.924
empti,1.923
fox,1.922
numer,1.921
dislik,1.920
televis,1.919
record,1.918
ass,1.916
giant,1.916
henri,1.916
mass,1.915
daniel,1.914
rape,1.913
sean,1.912
argu,1.910
angel,1.909
student,1.908
sing,1.905
11,1.904
brando,1.896
regret,1.889
g,1.889
robot,1.889
window,1.888
solo,1.886
compos,1.882
arm,1.881
blue,1.875
bigger,1.875
girlfriend,1.873
built,1.872
psycho,1.871
ladi,1.869
thrown,1.861
movement,1.860
scream,1.859
destruct,1.858
sweet,1.856
utterli,1.855
harvey,1.854
grace,1.854
ident,1.848
burn,1.847
clint,1.841
jim,1.839
opposit,1.837
improv,1.829
x,1.829
extraordinari,1.819
remak,1.818
ship,1.817
mess,1.816
copi,1.815
chemistri,1.813
flashback,1.811
mile,1.809
driver,1.808
accent,1.804
suck,1.798
terrifi,1.798
damn,1.796
judg,1.791
steven,1.789
british,1.789
willi,1.788
f,1.788
door,1.778
joe,1.776
scott,1.775
luca,1.771
freedom,1.771
teenag,1.770
depart,1.770
leonardo,1.769
super,1.765
french,1.765
techniqu,1.763
pacino,1.762
grand,1.759
chill,1.756
stone,1.754
send,1.754
armi,1.749
twice,1.748
explos,1.740
shawshank,1.738
dr,1.734
j,1.723
glad,1.721
budget,1.707
unbeliev,1.698
drop,1.697
al,1.695
roll,1.692
drag,1.692
wayn,1.677
dicaprio,1.672
machin,1.671
costum,1.671
pitt,1.671
hitchcock,1.669
comput,1.669
low,1.660
biggest,1.644
scorses,1.639
creativ,1.638
nazi,1.629
pulp,1.625
spielberg,1.596
scienc,1.575
hype,1.567
david,1.548
disturb,1.528
lord,1.525
design,1.500
william,1.495
prison,1.466
storylin,1.464
peter,1.422
soundtrack,1.410
woman,1.382
trilog,1.310
horror,1.307
