kubrick,1125.629
dax,991.733
dougla,970.111
glori,862.020
war,752.852
path,736.870
kirk,735.306
soldier,700.163
trench,610.511
mireau,606.713
french,518.953
men,491.164
gener,438.346
menjou,423.909
macreadi,414.950
cowardic,366.317
colonel,348.749
militari,315.046
stanley,311.175
broulard,308.134
german,294.603
anti,280.107
adolph,268.495
command,254.663
court,248.313
hi,247.677
troop,235.356
attack,233.817
order,232.054
execut,231.300
film,226.763
anthil,216.668
meeker,209.737
georg,195.318
their,192.988
he,185.850
offic,184.791
scene,184.499
as,181.601
three,180.890
armi,178.431
are,166.560
battl,165.251
human,160.148
by,160.082
s,157.178
martial,154.515
on,152.296
enemi,151.524
power,151.428
shot,148.801
trial,146.874
who,144.746
ant,142.586
carey,141.847
fire,141.398
mission,139.973
col,139.744
front,138.046
gen,135.715
an,132.990
1957,132.412
they,130.993
franc,130.004
defend,129.089
sing,127.620
death,127.486
world,127.290
face,124.142
superior,123.861
be,121.661
one,121.333
wwi,121.185
no,119.217
wa,118.190
them,117.712
at,116.835
dure,115.950
warfar,115.720
later,115.373
regiment,114.990
which,114.729
from,114.339
show,111.860
own,111.618
hill,111.043
charg,110.900
made,110.428
battlefield,110.202
with,109.669
onli,108.405
jacket,107.891
timothi,107.767
ralph,107.166
squad,106.876
for,106.179
in,105.957
against,105.938
not,105.627
veri,105.223
metal,104.299
when,103.927
promot,103.827
strangelov,101.749
even,100.913
roget,100.618
about,99.014
there,98.937
man,98.583
kill,97.511
here,97.502
suicid,97.106
condemn,97.021
most,96.968
track,96.794
that,96.078
lead,95.468
we,94.626
great,94.582
or,94.581
full,93.381
artilleri,93.074
exampl,92.765
morri,92.580
other,92.299
all,91.725
end,91.626
more,91.484
but,91.473
posit,90.820
those,90.746
also,90.567
would,90.232
ww1,90.184
make,89.969
take,89.431
rank,88.959
than,88.386
quiet,86.194
camera,85.791
moral,85.512
what,85.356
die,84.871
mani,84.564
so,83.750
imposs,83.539
will,83.291
refus,82.750
were,82.114
such,81.899
1916,81.316
these,81.292
emot,80.901
us,80.789
first,80.707
turkel,80.685
how,80.487
i,80.226
out,79.698
messag,79.619
t,79.579
ban,79.479
is,79.306
final,79.300
fail,79.227
western,79.222
privat,78.847
see,78.797
spartacu,78.618
you,78.341
realli,78.143
work,77.983
act,77.897
have,77.797
becaus,77.756
through,77.179
career,77.072
fight,77.042
up,76.680
then,76.073
move,75.242
ha,75.200
ever,75.144
direct,74.864
ani,74.810
coward,74.784
best,74.763
some,74.644
injustic,74.575
perform,74.158
well,74.152
depict,73.859
play,73.809
futil,73.723
while,73.592
set,73.512
of,73.482
doe,73.416
accus,73.084
can,72.829
where,72.677
movi,72.350
polit,71.930
pari,71.538
assault,71.191
stori,70.757
after,70.698
to,70.567
just,70.210
point,70.115
true,69.783
portray,69.712
into,69.387
director,69.200
befor,69.194
failur,68.946
courtroom,68.276
much,68.222
classic,68.159
girl,68.089
way,67.982
real,67.959
dr,67.615
base,67.609
forc,67.154
if,66.426
time,66.277
viewer,66.064
tri,65.941
scapegoat,65.786
moment,65.774
countri,65.613
song,65.488
over,65.123
retreat,64.553
though,64.309
use,63.715
look,63.690
almost,63.600
too,63.272
greatest,62.882
feel,62.843
know,62.673
call,62.652
been,62.364
shown,62.352
like,62.250
me,62.226
had,62.221
do,62.030
get,61.884
battalion,61.357
place,61.129
cobb,60.725
go,60.254
inhuman,60.163
high,59.975
give,59.924
fact,59.729
masterpiec,59.692
anoth,59.610
alway,59.081
never,59.058
must,59.042
result,59.030
actor,59.017
two,58.980
him,58.938
between,58.846
thing,58.649
insan,58.579
could,58.542
year,58.492
earli,58.336
chosen,57.954
same,57.917
good,57.472
sentenc,57.420
both,57.327
still,57.235
yet,57.224
think,57.037
charact,56.914
excel,56.869
it,56.823
don,56.811
consid,56.643
reason,56.392
want,56.108
everi,56.013
cowardli,56.004
live,55.697
side,55.564
under,55.505
beauti,55.422
pictur,55.409
import,55.130
save,54.645
stand,54.589
last,54.560
life,54.505
advanc,54.344
thi,54.145
theme,53.830
10,53.661
differ,53.537
may,53.449
corrupt,53.250
my,52.967
blame,52.529
2001,52.458
pog,52.225
person,52.217
back,52.186
tell,52.068
seem,52.022
come,51.929
instead,51.882
white,51.845
perhap,51.742
down,51.649
line,51.254
follow,51.206
our,51.009
each,50.975
view,50.956
long,50.827
decid,50.674
given,50.639
especi,50.597
actual,50.332
seen,50.320
realist,50.269
hero,50.160
turn,49.958
divis,49.929
black,49.451
indict,49.355
matter,49.295
rather,49.173
drama,49.102
howev,49.028
author,48.866
put,48.725
kangaroo,48.724
select,48.701
offer,48.586
noth,48.533
probabl,48.511
littl,48.506
truli,48.499
itself,48.279
combat,48.233
cast,47.940
ferol,47.873
patriot,47.842
natur,47.467
despit,47.452
clearli,47.417
strong,47.398
humphrey,47.357
attempt,47.147
land,47.081
fear,46.958
captur,46.945
begin,46.834
corpor,46.828
situat,46.814
bad,46.807
without,46.742
bar,46.521
less,46.465
antiwar,46.358
clockwork,46.297
decis,46.235
justic,45.997
allow,45.654
orang,45.597
walk,45.595
say,45.582
respons,45.441
arrog,45.355
right,45.349
object,45.336
audienc,45.331
lieuten,45.239
a,45.163
histori,45.057
statement,44.792
simpli,44.735
effect,44.713
minut,44.625
whi,44.450
cours,44.439
conflict,44.388
realiz,44.383
geniu,44.037
m,43.921
today,43.712
d,43.556
leav,43.496
subject,43.479
far,43.430
punish,43.399
happen,43.356
complet,43.255
nation,43.218
question,43.212
sad,43.186
guy,43.183
american,43.155
brilliant,43.110
hold,43.105
certainli,42.971
possibl,42.842
cynic,42.807
lawyer,42.703
teau,42.650
lot,42.609
willingham,42.272
innoc,42.267
display,42.221
mere,42.127
part,42.057
young,41.882
releas,41.861
courag,41.515
top,41.474
doesn,41.436
doom,41.410
amp,41.362
carri,41.283
state,41.257
did,41.191
interest,41.139
paul,41.092
role,41.044
bring,40.964
condit,40.906
pick,40.898
stage,40.720
few,40.716
except,40.638
horror,40.531
star,40.449
shoot,40.352
send,40.337
quit,40.250
wayn,40.237
hand,40.173
peopl,40.166
find,40.008
novel,39.810
hell,39.759
concern,39.754
drum,39.736
second,39.648
believ,39.640
ask,39.576
someth,39.481
although,39.423
rest,39.410
ambit,39.350
close,39.334
germani,39.291
superb,39.250
throughout,39.207
sentiment,39.151
ll,39.123
reput,39.077
should,39.040
sever,39.016
day,38.951
serv,38.950
away,38.944
becom,38.864
sequenc,38.686
photographi,38.651
eye,38.627
slaughter,38.452
sens,38.361
present,38.163
leader,38.114
tear,38.099
calder,38.045
fortifi,38.006
march,37.837
contrast,37.814
subordin,37.812
memor,37.661
found,37.640
watch,37.573
off,37.436
sound,37.338
establish,37.337
perfect,37.321
deliv,37.286
simpl,37.260
duti,37.254
along,37.103
often,37.079
understand,37.066
mean,37.030
again,37.002
entir,36.947
wide,36.845
fine,36.804
and,36.789
behind,36.733
certain,36.660
evil,36.631
individu,36.625
field,36.566
name,36.320
examin,36.239
morant,36.226
dialogu,36.222
mind,36.219
better,36.200
remind,36.174
start,36.144
piec,36.114
until,36.011
shell,35.888
staff,35.833
care,35.699
done,35.622
touch,35.596
now,35.579
common,35.569
ch,35.505
particularli,35.072
head,35.019
whole,34.917
hope,34.775
absurd,34.758
open,34.735
might,34.735
hum,34.708
event,34.655
ahead,34.630
action,34.441
cinematographi,34.403
success,34.399
upon,34.395
absolut,34.369
led,34.350
fate,34.334
re,34.232
cinema,34.110
unlik,34.037
thought,33.965
mud,33.882
stalem,33.861
post,33.835
ryan,33.832
whether,33.825
cold,33.748
themselv,33.699
guilti,33.601
outrag,33.545
within,33.544
kraus,33.539
room,33.450
random,33.447
involv,33.405
your,33.350
50,33.285
extrem,33.263
idealist,33.256
randomli,33.222
defens,33.192
thompson,33.177
braveri,33.176
prove,33.060
dehuman,33.059
ve,33.019
definit,32.931
shine,32.922
goe,32.887
passion,32.818
filmmak,32.774
usual,32.693
comment,32.615
form,32.594
case,32.553
gain,32.547
continu,32.491
sure,32.455
level,32.405
wrong,32.379
sometim,32.370
need,32.355
compani,32.291
incompet,32.222
class,32.199
compel,32.170
major,32.153
offens,32.109
inde,32.041
sergeant,31.996
joe,31.968
platoon,31.929
wife,31.914
deal,31.893
wonder,31.836
issu,31.786
toward,31.782
aspect,31.767
critic,31.675
finest,31.659
angri,31.646
featur,31.597
remain,31.586
himself,31.580
system,31.551
appear,31.544
casualti,31.503
run,31.434
choos,31.432
hollywood,31.420
cri,31.402
realiti,31.270
reaction,31.191
stun,31.131
dramat,31.093
kwai,31.090
opinion,31.078
impress,31.073
across,30.994
period,30.987
hierarchi,30.968
talk,30.926
els,30.889
genr,30.847
rowdi,30.830
b,30.799
mad,30.793
anyon,30.775
devast,30.745
clear,30.736
known,30.658
self,30.653
evid,30.465
didn,30.462
woman,30.412
ultim,30.355
soul,30.327
art,30.231
master,30.139
sort,30.139
obvious,30.073
convinc,30.027
outcom,29.996
intens,29.989
bullet,29.957
anger,29.882
thousand,29.787
agre,29.786
hundr,29.752
visual,29.720
script,29.709
focus,29.660
group,29.648
poor,29.567
1,29.550
everyon,29.533
incred,29.532
cockroach,29.503
around,29.492
highli,29.448
cpl,29.383
inevit,29.379
ridicul,29.370
intent,29.346
style,29.336
observ,29.178
isn,29.144
christian,29.087
selfish,29.082
love,29.054
initi,28.916
whilst,28.868
accent,28.867
plot,28.866
controversi,28.790
word,28.766
short,28.746
support,28.715
brilliantli,28.714
fan,28.672
kind,28.650
ignor,28.639
british,28.620
notic,28.592
trademark,28.584
impact,28.523
convent,28.493
lost,28.390
job,28.362
arnaud,28.358
higher,28.338
overal,28.259
compar,28.226
techniqu,28.214
exist,28.198
particular,28.196
told,28.181
cut,28.166
earlier,28.163
repres,28.149
onc,28.065
sent,28.055
breaker,27.920
saw,27.878
prison,27.862
explos,27.840
pawn,27.749
bit,27.738
angl,27.697
truth,27.682
mention,27.671
stupid,27.659
effort,27.654
bodi,27.627
focu,27.610
opposit,27.550
tribun,27.544
amaz,27.457
larg,27.448
technic,27.388
discuss,27.323
everyth,27.321
sadist,27.308
lose,27.186
easi,27.132
cruelti,27.123
frighten,27.075
awar,27.063
cannot,27.044
pass,27.042
87,27.015
screen,26.978
old,26.974
blood,26.923
beyond,26.908
includ,26.763
written,26.757
won,26.742
space,26.740
poignant,26.733
help,26.602
histor,26.581
grip,26.570
unit,26.512
task,26.510
reveal,26.484
shock,26.421
valu,26.336
100,26.297
total,26.245
regard,26.124
incid,26.097
occas,26.089
suffer,26.065
favorit,26.042
suppos,25.975
pure,25.955
read,25.857
loss,25.826
infantri,25.789
detail,25.724
nice,25.645
she,25.639
stark,25.635
hate,25.590
mayb,25.569
number,25.562
creat,25.540
pretti,25.535
highlight,25.501
accur,25.437
occur,25.416
bombard,25.411
perfectli,25.398
pay,25.398
happi,25.356
recommend,25.355
treat,25.297
anderson,25.289
least,25.288
similar,25.276
frame,25.274
plan,25.259
depress,25.177
mcreadi,25.154
civilian,25.036
tragic,25.019
era,24.972
someon,24.971
unjust,24.928
marshal,24.914
night,24.871
bomb,24.791
conclus,24.743
idea,24.726
accomplish,24.724
heroic,24.695
ego,24.608
rate,24.476
quot,24.462
disturb,24.455
next,24.431
victim,24.384
anyway,24.285
note,24.191
add,24.167
fulli,24.137
narr,24.086
tora,24.032
whistl,24.029
none,24.005
speak,23.981
manipul,23.871
surpris,23.855
half,23.853
lyndon,23.809
confront,23.784
relev,23.782
w,23.705
authent,23.605
handl,23.549
terribl,23.534
suggest,23.524
proceed,23.521
social,23.466
seriou,23.464
1950,23.395
horribl,23.374
dark,23.372
vietnam,23.338
scout,23.306
let,23.215
subtl,23.201
doubt,23.155
famou,23.134
taken,23.095
wound,23.095
quickli,23.045
determin,23.027
climax,22.990
chanc,22.980
humanist,22.949
anyth,22.942
fantast,22.921
respect,22.891
either,22.882
enlist,22.873
motion,22.792
centuri,22.792
honor,22.792
somewhat,22.764
guess,22.726
mileston,22.696
prosecutor,22.616
late,22.606
magnific,22.553
miss,22.526
due,22.508
singer,22.434
light,22.416
perspect,22.394
await,22.393
the,22.371
claim,22.342
fascin,22.325
unwinn,22.306
wit,22.281
her,22.258
enough,22.240
variou,22.223
thu,22.198
dead,22.155
ludicr,22.118
attent,22.089
sit,22.002
govern,21.904
singl,21.894
am,21.852
accept,21.839
afraid,21.827
hypocrisi,21.813
1917,21.806
mark,21.803
modern,21.761
screenplay,21.678
motiv,21.632
circumst,21.612
cover,21.601
basic,21.590
manag,21.586
antagonist,21.581
brass,21.513
judg,21.492
spoiler,21.441
approach,21.407
felt,21.343
90,21.260
subsequ,21.245
menjo,21.225
3,21.222
unfair,21.204
barri,21.199
alreadi,21.186
said,21.173
got,21.064
tune,21.047
argu,21.010
somehow,20.997
mr,20.975
desir,20.848
choic,20.814
superbl,20.746
whose,20.727
wire,20.723
small,20.715
strateg,20.706
heavili,20.671
big,20.665
mistak,20.647
integr,20.611
expos,20.537
previou,20.486
remark,20.484
budget,20.480
obey,20.470
distinct,20.465
product,20.452
write,20.444
convict,20.437
headquart,20.433
utterli,20.404
outstand,20.318
answer,20.297
weak,20.288
specif,20.283
describ,20.283
deserv,20.273
senseless,20.249
uniform,20.249
jim,20.233
abov,20.213
home,20.175
sympathi,20.143
lie,20.132
music,20.112
remov,20.090
realis,20.065
character,20.064
virtual,20.053
reduc,20.051
gut,20.038
deem,20.034
cost,20.034
701,20.021
wartim,20.014
hard,19.996
myself,19.989
richard,19.983
held,19.951
defeat,19.933
compass,19.907
heart,19.886
sacrific,19.883
inspir,19.866
danc,19.866
expect,19.853
offici,19.845
left,19.828
palac,19.825
control,19.813
becam,19.796
backdrop,19.783
damn,19.754
convey,19.746
soon,19.724
produc,19.642
institut,19.610
obviou,19.602
yourself,19.602
strike,19.559
seek,19.535
wast,19.531
rememb,19.499
kubrik,19.497
villain,19.494
mutini,19.474
provok,19.469
ration,19.469
achiev,19.465
express,19.433
mental,19.432
pointless,19.390
review,19.373
heavi,19.359
bare,19.350
cannon,19.336
award,19.330
auban,19.317
701st,19.317
comrad,19.301
disgust,19.300
practic,19.286
worth,19.264
demand,19.234
distanc,19.230
consequ,19.222
maker,19.211
leadership,19.200
advantag,19.193
appar,19.035
talent,19.029
million,18.947
score,18.935
tradit,18.922
length,18.860
schleissheim,18.817
marn,18.817
empathi,18.805
easili,18.766
avoid,18.752
indign,18.747
drive,18.735
crime,18.729
shatter,18.714
beat,18.707
shame,18.706
caught,18.700
strategi,18.654
special,18.649
decad,18.577
stop,18.549
center,18.526
target,18.492
patrol,18.410
machin,18.380
exactli,18.355
experi,18.352
drunken,18.351
glide,18.321
repriev,18.314
harlan,18.314
sinc,18.300
wasn,18.300
nor,18.280
priest,18.242
psycholog,18.211
english,18.206
odyssey,18.173
pvt,18.138
equal,18.121
petain,18.113
knew,18.097
stay,18.075
ruthless,18.069
ten,18.066
brave,18.046
jeer,18.037
lolita,17.993
sharp,17.929
went,17.914
age,17.909
deepli,17.902
craft,17.887
bunch,17.880
mccreadi,17.845
ferdinand,17.845
demonstr,17.831
masteri,17.821
chang,17.819
whatev,17.797
pride,17.791
terrif,17.785
4,17.772
characterist,17.749
term,17.745
unfortun,17.744
break,17.734
among,17.734
lack,17.703
hour,17.692
kubrickian,17.677
folk,17.668
20th,17.664
corp,17.656
studio,17.638
enjoy,17.637
worthi,17.630
astonish,17.622
subtleti,17.609
iron,17.603
promis,17.599
further,17.588
fodder,17.568
permit,17.568
mockeri,17.557
build,17.544
problem,17.541
bridg,17.527
maintain,17.524
guilt,17.463
doubl,17.408
voic,17.407
rare,17.387
imdb,17.369
account,17.321
heartbreak,17.264
shut,17.255
brought,17.247
massiv,17.229
wave,17.228
frustrat,17.206
caus,17.201
politician,17.186
9,17.160
public,17.145
tension,17.099
influenc,17.091
lower,17.079
abus,17.078
earliest,17.073
incis,17.071
afar,17.071
abil,17.069
hit,17.064
meaning,17.056
provid,17.055
religion,17.054
bitter,17.051
essenti,17.026
univers,17.003
reflect,16.998
listen,16.980
forward,16.972
whom,16.966
receiv,16.952
flawless,16.916
date,16.903
intellig,16.899
critiqu,16.857
list,16.811
couldn,16.809
compet,16.779
succeed,16.778
movement,16.743
violenc,16.736
eventu,16.712
otherwis,16.702
capabl,16.697
type,16.694
percuss,16.689
oppos,16.669
epic,16.659
readi,16.651
mostli,16.645
unsuccess,16.634
honest,16.623
tight,16.552
keep,16.550
inform,16.544
game,16.524
measur,16.489
nearli,16.463
king,16.463
dilemma,16.451
melodi,16.429
haunt,16.417
key,16.411
atmospher,16.396
brutal,16.370
dare,16.339
rule,16.251
fair,16.248
threaten,16.177
hopeless,16.163
cruel,16.163
wrongli,16.161
averag,16.151
immor,16.142
imag,16.111
principl,16.055
ideal,16.034
bureaucraci,15.979
entrench,15.979
disciplin,15.971
unforgett,15.929
pacifist,15.929
dialog,15.927
nobl,15.922
broullard,15.919
miraud,15.919
nivel,15.919
took,15.918
origin,15.909
intrigu,15.892
spare,15.885
dirt,15.879
stir,15.863
depth,15.862
danger,15.859
anguish,15.833
grand,15.829
near,15.795
hear,15.780
prefer,15.760
reconnaiss,15.705
notch,15.695
typic,15.693
convers,15.689
latter,15.650
presenc,15.616
gave,15.604
push,15.602
justifi,15.592
europ,15.583
hasn,15.583
deni,15.563
victori,15.545
element,15.496
artist,15.483
carnag,15.478
win,15.457
inspect,15.444
insubordin,15.437
kiss,15.420
locat,15.419
alon,15.399
four,15.383
wouldn,15.378
titl,15.374
prestig,15.363
press,15.345
bush,15.344
limit,15.339
pull,15.334
symbol,15.306
wish,15.304
background,15.285
brief,15.271
suzann,15.260
conduct,15.253
protest,15.240
genuin,15.234
develop,15.225
prais,15.214
spite,15.190
rage,15.184
forgotten,15.159
crisp,15.143
barrag,15.138
insight,15.103
statu,15.102
penalti,15.082
grenad,15.070
pace,15.063
fit,15.059
wors,15.050
address,15.027
mood,15.024
contain,15.021
boulang,15.016
bryna,15.016
asham,15.013
manner,15.006
57,15.005
ironi,14.994
despic,14.965
expend,14.952
admir,14.943
book,14.942
spot,14.940
low,14.937
agenda,14.937
affect,14.916
avail,14.910
onto,14.908
horrifi,14.906
heard,14.875
longer,14.872
appli,14.860
merci,14.805
difficult,14.779
relat,14.767
academi,14.759
adapt,14.735
societi,14.726
forget,14.707
hellish,14.686
deep,14.682
29,14.676
decor,14.644
summari,14.639
abl,14.632
benefit,14.622
detach,14.616
photograph,14.611
killer,14.610
check,14.593
onward,14.586
scale,14.581
deeper,14.580
fall,14.570
inher,14.550
stood,14.547
opportun,14.536
wait,14.518
intend,14.479
explor,14.478
consider,14.473
amongst,14.454
vision,14.452
preserv,14.442
necessarili,14.426
thank,14.413
flaw,14.372
unabl,14.296
member,14.288
kubric,14.264
introduc,14.248
third,14.245
learn,14.227
digniti,14.219
disagre,14.217
behavior,14.206
imagin,14.194
ethic,14.174
resign,14.153
venal,14.142
hurt,14.114
haig,14.113
middl,14.107
edit,14.103
dealt,14.092
underst,14.084
enhanc,14.077
prepar,14.076
drink,14.069
greed,14.068
ters,14.056
disastr,14.054
oblivi,13.979
formal,13.966
neg,13.942
overlook,13.940
desk,13.939
surviv,13.937
figur,13.933
occupi,13.928
uniqu,13.911
laugh,13.903
river,13.880
admit,13.876
acclaim,13.874
fill,13.871
arriv,13.847
meyer,13.845
territori,13.830
method,13.830
project,13.823
710,13.822
susann,13.822
medal,13.793
dimension,13.785
endur,13.785
commit,13.780
organ,13.763
school,13.756
judgment,13.743
repeat,13.731
border,13.731
odd,13.723
particip,13.716
defin,13.709
main,13.707
strang,13.705
strongli,13.702
captiv,13.700
return,13.680
dehumanis,13.679
churchil,13.679
ground,13.668
defi,13.667
exquisit,13.662
recur,13.662
travesti,13.656
ill,13.639
drunk,13.626
disast,13.611
miser,13.559
sight,13.537
gloriou,13.524
slowli,13.524
overwhelm,13.520
aliv,13.516
draw,13.513
ye,13.503
design,13.502
articul,13.494
philosoph,13.492
worthless,13.478
huge,13.454
vain,13.431
qualiti,13.429
frenchman,13.428
risk,13.361
scar,13.357
slightli,13.348
insid,13.333
hubri,13.333
struggl,13.329
extend,13.329
immedi,13.327
heartless,13.314
entertain,13.313
punch,13.309
greater,13.303
senior,13.275
fought,13.273
5,13.273
8,13.254
sadli,13.236
impregn,13.225
2,13.220
safe,13.219
albeit,13.213
react,13.201
assign,13.199
constant,13.177
unjustli,13.141
slight,13.119
bold,13.109
showcas,13.095
cinemat,13.091
came,13.070
parti,13.039
barb,13.029
crimin,13.026
foolish,13.024
ugli,13.015
weren,12.995
necess,12.990
opul,12.983
oh,12.979
1956,12.953
logic,12.948
step,12.944
shadow,12.931
douglass,12.919
fade,12.919
driven,12.916
bloodi,12.915
rite,12.909
languag,12.907
satisfi,12.897
loyalti,12.881
spain,12.878
protagonist,12.860
outsid,12.860
sceneri,12.829
tragedi,12.829
ordinari,12.825
illustr,12.813
1975,12.806
comparison,12.781
glimps,12.778
disregard,12.745
skill,12.743
extraordinari,12.731
flag,12.726
predict,12.717
humili,12.703
scope,12.703
complex,12.693
authoritarian,12.691
ambiti,12.691
persuad,12.689
crowther,12.682
000,12.681
cower,12.679
furiou,12.652
pre,12.651
larger,12.646
co,12.624
mansion,12.619
therefor,12.607
terrifi,12.585
silent,12.584
round,12.578
sheer,12.565
ear,12.562
weari,12.559
idioci,12.556
neither,12.556
lunaci,12.544
document,12.535
reinforc,12.532
dread,12.522
refer,12.521
shift,12.519
hammer,12.514
pierc,12.511
pragmat,12.509
tire,12.507
tale,12.503
injur,12.497
tomorrow,12.484
fortif,12.481
judgement,12.464
stellar,12.446
current,12.446
protect,12.438
mesmer,12.431
microcosm,12.420
cross,12.418
explain,12.416
wholli,12.408
realism,12.403
coupl,12.389
counsel,12.387
concept,12.366
etc,12.358
ii,12.353
signatur,12.350
york,12.347
mac,12.324
statist,12.314
mendac,12.307
chill,12.295
undoubtedli,12.265
attorney,12.257
air,12.254
pertin,12.253
pain,12.244
impass,12.243
flinch,12.234
faith,12.228
aristocrat,12.214
legal,12.212
raw,12.206
pan,12.200
excus,12.199
rush,12.186
kept,12.177
succe,12.175
bureaucrat,12.147
topic,12.145
miseri,12.133
edg,12.114
dirti,12.107
splendidli,12.083
storytel,12.046
trio,12.044
piti,12.040
stretch,12.036
extent,12.011
warn,12.005
claustrophob,12.003
favor,12.000
smell,11.987
race,11.958
desper,11.940
unusu,11.932
flick,11.929
confid,11.920
fundament,11.916
context,11.896
forti,11.859
quarter,11.859
futur,11.855
commerci,11.851
surround,11.831
sake,11.803
celebr,11.803
nevertheless,11.800
60,11.785
melodrama,11.782
palati,11.778
marvel,11.777
princip,11.763
stretcher,11.725
crater,11.725
ventur,11.725
storylin,11.714
addit,11.711
breath,11.709
identifi,11.709
conscienc,11.708
launch,11.706
infuri,11.697
landscap,11.683
pov,11.676
decorum,11.625
meticul,11.623
taught,11.616
new,11.555
twenti,11.551
numer,11.529
lust,11.523
88,11.519
refug,11.506
record,11.506
lament,11.500
mise,11.500
lash,11.494
mass,11.491
disappoint,11.490
core,11.486
simplist,11.465
reli,11.464
anybodi,11.459
timeless,11.446
propaganda,11.444
gritti,11.441
appropri,11.422
attitud,11.414
pompou,11.412
prosecut,11.412
echo,11.401
began,11.395
warmong,11.364
matur,11.361
outcast,11.352
ago,11.339
regret,11.336
instanc,11.308
deftli,11.305
firstli,11.303
superfici,11.301
mindless,11.301
distant,11.284
nomin,11.274
share,11.267
decenc,11.266
wall,11.256
prime,11.253
outset,11.249
castl,11.215
physic,11.208
sorri,11.206
advis,11.204
seiz,11.199
sum,11.193
america,11.182
stane,11.180
surprisingli,11.177
speech,11.177
lunch,11.173
standard,11.169
insist,11.167
1970,11.156
sweet,11.134
recreat,11.129
grace,11.126
gun,11.119
signific,11.118
purpos,11.116
recogn,11.115
liter,11.104
central,11.090
1987,11.089
terror,11.089
quick,11.074
engag,11.069
european,11.065
iraq,11.064
aren,11.055
underlin,11.044
vivid,11.028
invit,11.025
grave,11.023
naiv,11.020
boss,10.994
lean,10.989
intact,10.981
fri,10.971
explod,10.960
mechan,10.959
impecc,10.942
liber,10.921
appreci,10.920
crucial,10.919
organis,10.915
1960,10.914
reach,10.913
250,10.903
lesson,10.903
togeth,10.902
illumin,10.902
stanc,10.902
structur,10.895
compassion,10.866
despair,10.853
percept,10.853
unfold,10.849
loos,10.847
filmographi,10.839
proof,10.809
wage,10.808
blown,10.797
cite,10.796
amount,10.794
undertak,10.774
saxon,10.746
sacrifici,10.746
hide,10.744
bleak,10.740
blunt,10.720
normal,10.716
weep,10.704
lay,10.698
affirm,10.696
chess,10.692
slow,10.689
nuanc,10.682
content,10.679
blow,10.677
grow,10.675
facial,10.666
law,10.665
non,10.661
color,10.653
join,10.637
extra,10.623
joffr,10.613
husar,10.613
meraud,10.613
creadi,10.613
fierol,10.613
falkenheyn,10.613
sgn,10.613
chemin,10.613
consist,10.597
wise,10.592
interpret,10.589
melancholi,10.582
stronghold,10.563
hall,10.559
debat,10.554
tv,10.548
lewi,10.544
snare,10.542
horrif,10.517
vividli,10.508
argument,10.507
chose,10.504
flesh,10.503
lavish,10.479
strength,10.470
afghanistan,10.460
wwii,10.458
paper,10.444
decri,10.441
stick,10.438
below,10.419
ambigu,10.418
prevent,10.413
directli,10.408
winston,10.378
miracul,10.378
munich,10.347
fals,10.340
waltz,10.338
progress,10.328
necessari,10.328
candid,10.322
procedur,10.306
spectat,10.296
elit,10.280
finish,10.267
studi,10.262
anglo,10.260
imbecil,10.243
tast,10.224
treatment,10.198
stuff,10.192
stiff,10.184
limb,10.169
blatant,10.166
corps,10.157
exploit,10.152
oper,10.148
frankli,10.148
haven,10.145
existenti,10.133
spoil,10.133
disobey,10.131
fluid,10.124
campaign,10.122
amidst,10.116
binocular,10.116
apolog,10.110
scenario,10.087
58,10.086
breviti,10.086
ww2,10.081
aftermath,10.081
squash,10.071
violent,10.063
summar,10.056
imageri,10.045
report,10.045
declin,10.045
recal,10.041
profound,10.029
tavern,10.028
pack,10.025
preach,10.023
mow,10.014
hussar,10.011
anglosaxon,10.011
boulard,10.011
capel,10.011
persh,10.011
kabul,10.011
essenc,10.007
stimul,10.001
gerald,10.000
honour,9.968
callous,9.959
god,9.941
motif,9.932
virtu,9.921
whenev,9.918
plight,9.916
utter,9.902
intellectu,9.895
video,9.891
visualis,9.881
britain,9.875
mock,9.865
satir,9.865
scrutin,9.855
match,9.855
cun,9.850
midst,9.845
materi,9.844
bert,9.843
safeti,9.843
everybodi,9.837
frontal,9.831
appeal,9.829
pivot,9.828
veteran,9.806
goal,9.802
exhibit,9.791
tactic,9.770
solid,9.769
overact,9.748
occasion,9.746
clich,9.737
spring,9.732
passag,9.718
helplessli,9.714
strive,9.709
hiss,9.703
gray,9.702
surpass,9.702
notabl,9.693
cheer,9.685
troubl,9.683
trail,9.670
philolog,9.658
5o,9.658
coverup,9.658
courtmarti,9.658
condem,9.658
crowd,9.647
hint,9.642
treason,9.639
despis,9.637
grown,9.626
unknown,9.593
dawn,9.581
partli,9.577
spielberg,9.573
tone,9.573
silenc,9.564
somewher,9.562
helpless,9.562
delin,9.547
declar,9.547
behav,9.528
scoundrel,9.499
page,9.499
nervous,9.471
analysi,9.444
option,9.436
steal,9.427
verdun,9.409
chateau,9.409
tend,9.403
friend,9.398
dine,9.391
phenomen,9.384
1930,9.384
harrow,9.384
slap,9.380
humor,9.375
plain,9.373
bigger,9.373
rang,9.365
sang,9.365
fare,9.363
civil,9.342
francoi,9.340
bankrupt,9.340
noir,9.337
dismiss,9.337
folli,9.323
relentless,9.320
connect,9.319
alien,9.317
verdict,9.315
profit,9.311
per,9.309
loud,9.307
five,9.304
blunder,9.299
honesti,9.296
tackl,9.287
ww,9.282
farcic,9.282
promin,9.278
useless,9.266
unaccept,9.243
callou,9.243
scath,9.243
batteri,9.235
insensit,9.235
80,9.228
sick,9.220
row,9.215
tampa,9.215
cognac,9.215
renaud,9.215
paint,9.212
lt,9.193
murder,9.192
sermon,9.190
valiant,9.183
standoff,9.183
suspens,9.179
brillianc,9.164
downright,9.162
exercis,9.154
discov,9.153
de,9.153
improv,9.146
mainli,9.139
testament,9.136
multipl,9.128
box,9.118
scorn,9.118
defenc,9.118
tortur,9.115
represent,9.111
root,9.105
embarrass,9.105
insect,9.104
confin,9.100
reject,9.098
egotist,9.097
separ,9.096
seemingli,9.084
muddi,9.076
worri,9.073
prop,9.071
c,9.067
premis,9.057
dulc,9.056
oscar,9.054
poetic,9.054
combin,9.046
excit,9.043
nine,9.025
reportedli,9.022
shoulder,9.019
dispens,9.016
torn,9.001
impli,8.984
mix,8.984
17,8.983
acut,8.977
parodi,8.960
solemn,8.952
sweetheart,8.946
steven,8.945
ad,8.932
technolog,8.929
dialect,8.928
ophul,8.923
dolli,8.922
sung,8.874
pressur,8.873
local,8.870
gunfir,8.863
moan,8.863
alli,8.856
beaten,8.852
former,8.838
dull,8.828
friendli,8.823
wrench,8.812
scapego,8.807
sandbag,8.807
wherein,8.789
reson,8.774
stone,8.771
splendor,8.757
miniatur,8.752
botch,8.752
recognit,8.750
marin,8.744
settl,8.742
administr,8.741
uncomfort,8.730
portrait,8.717
overwhelmingli,8.715
deviou,8.699
hapless,8.679
damag,8.668
footag,8.660
urg,8.651
besid,8.636
aw,8.633
1958,8.625
familiar,8.615
foxhol,8.613
machineri,8.606
mankind,8.605
height,8.598
kudo,8.593
thirti,8.584
servic,8.572
confus,8.562
indulg,8.562
flare,8.550
estim,8.532
unreleas,8.530
rais,8.514
hatr,8.512
monster,8.511
unbeliev,8.488
secret,8.486
drop,8.485
transcend,8.482
immers,8.473
dug,8.470
asid,8.468
drag,8.458
persecut,8.458
shellshock,8.454
poffi,8.454
bloodili,8.454
mideast,8.454
enter,8.453
supposedli,8.451
instantli,8.443
meant,8.443
straight,8.442
theatric,8.425
conclud,8.415
buff,8.414
honestli,8.413
stoic,8.408
trump,8.395
morn,8.388
emil,8.387
unpatriot,8.385
aggrandiz,8.385
bosley,8.385
jump,8.379
financ,8.364
unnot,8.348
deliber,8.333
deadli,8.326
instil,8.325
somber,8.325
nonetheless,8.321
misunderstand,8.321
bavaria,8.320
requir,8.316
poem,8.313
plead,8.313
proud,8.304
employ,8.300
popular,8.291
waterfront,8.291
writer,8.288
throw,8.288
surrealist,8.283
junior,8.279
canon,8.261
ensembl,8.258
afterward,8.252
unrealist,8.249
emerg,8.247
catch,8.238
biggest,8.222
assess,8.218
storm,8.216
blind,8.215
static,8.211
credibl,8.209
vainglori,8.204
nonsens,8.191
dissect,8.190
exposur,8.187
floor,8.186
screenwrit,8.183
incap,8.183
abandon,8.174
juxtaposit,8.169
abound,8.159
credit,8.159
openli,8.153
martinet,8.152
misguid,8.149
taut,8.136
percent,8.136
farc,8.126
amazingli,8.109
translat,8.109
yard,8.106
rivet,8.101
badli,8.101
annoy,8.096
astound,8.096
blatantli,8.090
ourselv,8.088
awesom,8.086
chao,8.078
freed,8.078
harsh,8.075
nightmar,8.072
inner,8.071
spirit,8.070
immens,8.063
collar,8.062
duplic,8.056
determinedli,8.055
peacetim,8.055
highest,8.050
station,8.047
uncompromis,8.043
roughli,8.043
arguabl,8.039
goof,8.034
parallel,8.033
30,8.031
sear,8.022
bore,8.006
bia,7.986
potent,7.977
pierr,7.971
paid,7.971
hierarch,7.968
voltair,7.968
sk,7.968
300,7.968
cultur,7.963
regain,7.959
idiot,7.943
k,7.940
remors,7.936
precis,7.936
bizarr,7.931
wearisom,7.928
overpow,7.925
file,7.917
soak,7.906
divin,7.892
unassail,7.889
22,7.886
reckon,7.886
dim,7.883
guard,7.872
closer,7.868
derang,7.867
conven,7.852
unconsci,7.851
nowher,7.850
ok,7.849
clariti,7.846
tens,7.844
eloqu,7.838
criticis,7.825
instruct,7.822
artistri,7.822
parod,7.817
unsur,7.812
affair,7.801
comfort,7.797
misconduct,7.783
understood,7.782
unforgiv,7.779
anticip,7.768
cheap,7.764
bear,7.754
puppet,7.744
flat,7.743
belief,7.738
interestingli,7.736
len,7.734
joseph,7.732
unexplain,7.732
array,7.722
nobli,7.718
embroid,7.718
affix,7.718
interior,7.700
desert,7.698
wet,7.698
gonna,7.696
empti,7.693
chicaneri,7.688
explan,7.687
meet,7.674
sourc,7.651
norm,7.642
articl,7.640
player,7.636
request,7.631
rotten,7.624
manifest,7.624
e,7.623
trite,7.615
unnecessari,7.611
unrel,7.604
basest,7.602
met,7.594
domin,7.594
legendari,7.594
dispos,7.589
brando,7.584
breakthrough,7.582
quietli,7.578
embark,7.576
eisenhow,7.576
bandi,7.576
ruffian,7.576
unambigu,7.576
amus,7.566
instrument,7.561
shouldn,7.560
4th,7.552
past,7.550
tonic,7.550
belong,7.547
fiction,7.534
versatil,7.533
area,7.530
crude,7.529
money,7.526
falsifi,7.525
eleventh,7.525
steadi,7.509
swine,7.500
fellow,7.499
bias,7.488
worn,7.486
stanli,7.476
abstract,7.466
camu,7.453
fierc,7.453
meat,7.453
indiffer,7.451
chew,7.447
thrown,7.444
scream,7.435
destruct,7.431
holler,7.431
marri,7.425
en,7.418
heighten,7.416
deed,7.414
hollow,7.412
unpleas,7.410
unenvi,7.409
dispirit,7.409
membership,7.409
fault,7.404
celluloid,7.386
valid,7.382
spaciou,7.366
hungri,7.356
festiv,7.354
ouch,7.346
frenchmen,7.346
firmli,7.345
seal,7.342
drain,7.342
upper,7.336
grandli,7.326
clash,7.324
rel,7.322
threw,7.320
delic,7.315
arrang,7.308
flawlessli,7.306
attract,7.303
crawl,7.299
stylist,7.294
durat,7.277
compromis,7.273
pattern,7.273
boil,7.270
chaplain,7.269
irrelev,7.261
infinit,7.260
copi,7.259
sorrow,7.243
mile,7.237
map,7.233
emigr,7.232
unqualifi,7.232
gripe,7.231
babi,7.230
elsewher,7.226
greedi,7.221
twist,7.207
stab,7.200
preced,7.198
arbitrarili,7.198
strident,7.198
bloodless,7.198
elderli,7.186
process,7.183
battleground,7.181
armchair,7.181
imbal,7.181
distinguish,7.170
toy,7.168
recognis,7.167
unavail,7.164
coalesc,7.164
nobodi,7.161
calcul,7.152
exit,7.151
accolad,7.145
absenc,7.140
machiavellian,7.132
indec,7.132
gap,7.128
sustain,7.122
rascal,7.116
belgium,7.116
decept,7.116
fifti,7.116
thread,7.116
intim,7.111
scott,7.101
expedi,7.101
mortar,7.101
constantli,7.088
ornat,7.086
reprimand,7.086
tower,7.083
la,7.079
transform,7.079
colder,7.071
retain,7.071
treatis,7.056
35mm,7.056
buck,7.055
ensu,7.049
pleas,7.045
tie,7.043
burgeon,7.042
abolish,7.042
silli,7.039
immort,7.035
obsess,7.031
drawn,7.031
wipe,7.031
nose,7.028
similarli,7.022
confirm,7.019
toler,7.011
sensibl,7.011
recent,7.011
hail,7.008
caricatur,7.008
fanci,7.001
companion,6.994
collect,6.992
causal,6.987
ivori,6.987
unattain,6.987
hardli,6.980
blindfold,6.974
induc,6.972
downfal,6.972
1st,6.968
overturn,6.961
viscer,6.952
perceiv,6.952
difficulti,6.947
born,6.941
spark,6.940
capit,6.939
polem,6.935
closest,6.931
lend,6.924
preciou,6.920
month,6.916
femal,6.915
ultra,6.910
glorifi,6.909
plu,6.904
resolut,6.904
duli,6.898
gorg,6.898
reserv,6.895
12,6.892
composit,6.888
defer,6.886
surgeon,6.886
vehement,6.886
symmetr,6.874
carp,6.863
unison,6.863
water,6.861
rat,6.841
dvd,6.838
survivor,6.833
tim,6.830
chain,6.830
joy,6.825
splendid,6.818
attir,6.817
inquiri,6.817
knowingli,6.817
est,6.817
vincent,6.814
fickl,6.807
incent,6.807
older,6.798
sc,6.796
plenti,6.789
imprison,6.789
rear,6.785
unaffect,6.785
simultan,6.767
friction,6.764
strongest,6.759
ponder,6.754
eas,6.753
pro,6.748
phrase,6.736
gl,6.734
91,6.734
grim,6.731
unoffici,6.724
furi,6.719
feat,6.718
underli,6.716
86,6.714
shall,6.711
acknowledg,6.701
slip,6.701
jar,6.695
red,6.686
barrack,6.685
costum,6.683
loyal,6.680
bite,6.676
execution,6.676
doubtless,6.676
microscop,6.676
tour,6.674
cell,6.672
lesser,6.670
monger,6.666
51,6.666
throughli,6.666
infam,6.663
smart,6.658
skirmish,6.657
blacklist,6.657
84,6.657
block,6.655
easier,6.650
defenseless,6.648
challeng,6.645
coda,6.639
beg,6.639
poster,6.638
debacl,6.630
directori,6.629
narrat,6.629
confess,6.628
rhythmic,6.621
accident,6.620
scare,6.617
didact,6.613
pessim,6.613
disown,6.604
practis,6.595
reactionari,6.595
egocentr,6.595
expand,6.595
withdrawn,6.587
watchabl,6.585
conformist,6.579
theater,6.578
descript,6.574
oregon,6.570
46,6.570
henc,6.568
expert,6.563
mice,6.562
basi,6.561
arrest,6.552
bone,6.549
bawl,6.546
subplot,6.545
fiasco,6.538
evok,6.537
squander,6.530
spoken,6.522
expens,6.522
whomev,6.514
presid,6.514
redempt,6.514
charm,6.507
maiden,6.507
concess,6.491
ballroom,6.491
guid,6.491
episod,6.490
stranger,6.484
cloy,6.484
reprehens,6.484
slipperi,6.484
bartend,6.484
cinematograph,6.482
implicit,6.476
struck,6.475
instig,6.469
h,6.465
pursu,6.464
strewn,6.462
contriv,6.461
obedi,6.454
notion,6.451
deplor,6.447
muck,6.447
meta,6.447
momentarili,6.447
idiosyncrasi,6.447
medium,6.446
1999,6.443
foot,6.438
ardent,6.433
wallop,6.433
wherea,6.431
patsi,6.426
spectacular,6.417
women,6.414
travel,6.409
heck,6.405
welfar,6.398
ineffect,6.392
contemporari,6.388
ne,6.378
25,6.376
merit,6.376
amput,6.372
grammar,6.372
rave,6.365
sin,6.359
wither,6.358
feet,6.356
favourit,6.343
toppl,6.339
overtak,6.339
flatter,6.333
jail,6.330
20,6.327
dog,6.320
obliter,6.314
steiger,6.314
uncar,6.308
underpin,6.302
unifi,6.296
fled,6.296
blew,6.282
demean,6.278
martyr,6.278
spectacl,6.275
forgiv,6.275
chin,6.272
frailti,6.272
ditto,6.272
frown,6.272
publicli,6.266
rise,6.255
misti,6.249
celin,6.243
unfathom,6.238
sympathet,6.233
audibl,6.232
nowaday,6.222
empathet,6.221
summaris,6.221
cramp,6.221
crack,6.219
anywher,6.218
anthem,6.215
shallow,6.213
engross,6.212
repercuss,6.210
ruthlessli,6.210
poorli,6.202
chief,6.199
butter,6.188
regular,6.185
weight,6.185
appeas,6.183
denounc,6.183
defianc,6.183
thin,6.178
madden,6.178
serious,6.177
previous,6.174
fractur,6.172
absorb,6.169
vast,6.166
civilis,6.162
muscular,6.162
dame,6.162
aim,6.158
philipp,6.157
metaphor,6.151
philosophi,6.148
dichotomi,6.147
kazan,6.147
cosmic,6.147
withdraw,6.147
accompani,6.141
sardon,6.132
price,6.119
mauric,6.117
exact,6.115
religi,6.114
sadism,6.112
sub,6.111
educ,6.108
righteous,6.107
rein,6.102
7,6.098
downbeat,6.088
regardless,6.080
pois,6.078
wrap,6.077
everyday,6.068
greatli,6.068
commonplac,6.064
maestro,6.060
worst,6.051
culprit,6.051
needlessli,6.046
mercilessli,6.042
smoke,6.040
rival,6.039
brotherhood,6.037
fool,6.035
forth,6.034
playwright,6.028
enrag,6.024
gem,6.019
output,6.015
accord,6.012
unfairli,6.011
grudg,6.011
utilis,6.011
verit,6.006
roman,6.006
teari,5.998
empathis,5.993
calmli,5.989
commiss,5.981
pub,5.981
hook,5.977
ex,5.973
lucid,5.960
darker,5.953
hous,5.952
escort,5.952
semin,5.952
relief,5.946
store,5.945
inexperienc,5.940
interspers,5.932
bottom,5.929
arbitrari,5.924
hey,5.924
vaniti,5.920
sordid,5.920
stain,5.920
powerless,5.912
hadn,5.910
cafe,5.908
documentari,5.908
teacher,5.908
midway,5.893
taint,5.893
panach,5.893
overli,5.890
canada,5.889
abli,5.885
triumph,5.884
loui,5.882
tyrant,5.882
cathart,5.882
faceless,5.878
criterion,5.878
token,5.878
1969,5.878
learnt,5.867
meter,5.867
rip,5.864
truffaut,5.863
toughest,5.863
tout,5.863
correct,5.860
contradictori,5.856
pardon,5.852
steadili,5.849
surfac,5.848
tho,5.841
rob,5.837
apart,5.829
sympathis,5.824
com,5.816
consumm,5.813
energi,5.807
stereotyp,5.807
filthi,5.806
foreign,5.806
marlon,5.800
arous,5.800
korea,5.800
depend,5.794
caf,5.789
treacher,5.786
solidifi,5.786
tremend,5.782
dismay,5.776
persuas,5.776
clean,5.770
saga,5.768
taunt,5.766
elud,5.753
hang,5.749
weaken,5.747
disdain,5.744
poignanc,5.744
dot,5.744
rot,5.740
speilberg,5.740
rape,5.739
belli,5.737
grunt,5.737
hot,5.734
outburst,5.734
appoint,5.731
complaint,5.730
diabol,5.728
student,5.723
barren,5.718
11,5.711
smug,5.709
unwil,5.703
grab,5.702
distinctli,5.700
six,5.698
hopelessli,5.694
perfectionist,5.694
analys,5.694
inter,5.691
trope,5.685
falter,5.685
transpir,5.676
likabl,5.674
irrat,5.673
mors,5.673
robot,5.667
freeli,5.650
simplifi,5.650
scarc,5.650
40,5.649
70,5.649
sign,5.643
arm,5.643
soundtrack,5.640
peac,5.637
interact,5.635
unflinch,5.630
breakfast,5.630
layer,5.624
forbidden,5.624
escap,5.622
rig,5.622
spars,5.619
obscen,5.619
subvers,5.605
reckless,5.602
splatter,5.597
pave,5.594
detest,5.594
son,5.594
inept,5.589
epilogu,5.589
alleg,5.584
economi,5.581
ring,5.579
concret,5.578
distribut,5.568
bargain,5.568
mouth,5.559
eat,5.559
bucket,5.557
barbar,5.550
suav,5.545
factual,5.545
fairli,5.544
denouement,5.540
invok,5.540
outdat,5.535
bewild,5.532
count,5.528
bind,5.527
investig,5.525
unless,5.520
genius,5.515
airplan,5.512
impend,5.507
brink,5.500
loom,5.498
sway,5.498
pessimist,5.490
immacul,5.488
johnson,5.486
trivia,5.474
hung,5.474
restraint,5.469
reich,5.469
bulk,5.467
modest,5.465
forebod,5.462
se,5.458
testimoni,5.453
madman,5.453
uncertain,5.451
complic,5.450
test,5.447
stapl,5.440
encapsul,5.440
monstrou,5.431
relationship,5.424
messi,5.424
deprav,5.424
elect,5.420
mobil,5.417
awe,5.413
exemplifi,5.413
assert,5.413
juxtapos,5.413
suddenli,5.410
younger,5.409
unquestion,5.409
version,5.404
penetr,5.404
arch,5.402
experienc,5.401
bloodsh,5.400
ceremoni,5.398
craftsmanship,5.394
relentlessli,5.394
stamp,5.385
downsid,5.381
wasteland,5.379
anchor,5.370
theatr,5.369
submit,5.366
skull,5.360
deterior,5.356
whine,5.354
auteur,5.352
contempt,5.348
rapidli,5.344
depriv,5.338
subdu,5.338
captain,5.336
1986,5.336
stephen,5.335
illog,5.334
reluctantli,5.334
regularli,5.334
blockbust,5.333
fashion,5.332
disconnect,5.328
entic,5.328
sober,5.326
standpoint,5.320
blah,5.314
freedom,5.313
depart,5.310
likend,5.306
gallieni,5.306
especiallylik,5.306
semidocumentari,5.306
doubla,5.306
irfaan,5.306
exculpatori,5.306
trieshi,5.306
mejou,5.306
107th,5.306
nonsequit,5.306
purposefuli,5.306
anyoneels,5.306
clockwerk,5.306
marjolain,5.306
mireuo,5.306
geiselgasteig,5.306
degradingli,5.306
quintesenti,5.306
drumhead,5.306
kulbrick,5.306
glorydirect,5.306
49that,5.306
wesern,5.306
punkrock,5.306
macredi,5.306
movies10,5.306
kurk,5.306
timothey,5.306
cockaign,5.306
colonet,5.306
onegener,5.306
douglau,5.306
demski,5.306
mucketi,5.306
althouh,5.306
leiten,5.306
satifsi,5.306
kidwho,5.306
giment,5.306
trencheswel,5.306
shennanigan,5.306
slovick,5.306
earegli,5.306
auteurship,5.306
overdetermin,5.306
centopath,5.306
gayan,5.306
gharib,5.306
butin,5.306
variti,5.306
onmwqw,5.306
usethat,5.306
mireu,5.306
hissudden,5.306
mccreedi,5.306
boer,5.306
courteney,5.306
theunit,5.306
directiongreat,5.306
privet,5.306
douglasania,5.306
bardamu,5.306
reconnis,5.306
dertreu,5.306
brotherlik,5.306
foch,5.306
aterr,5.306
comwith,5.306
andsear,5.306
rightwoman,5.306
faddah,5.306
thensuzann,5.306
reiber,5.306
zarathusa,5.306
mostruos,5.306
itlack,5.306
fiveyear,5.306
impossibleth,5.306
shinderl,5.306
mcreidi,5.306
reattempt,5.306
poilu,5.306
sightedli,5.306
nwald,5.306
treue,5.306
nietzchean,5.306
butha,5.306
935,5.306
ingeb,5.306
shuttlecock,5.306
miscelebr,5.306
toofar,5.306
empathsis,5.306
coword,5.306
brooklynes,5.306
susbum,5.306
bitcomet,5.306
heated,5.306
rosenbaumwhi,5.306
tuchman,5.306
unsuccsess,5.306
aqwf,5.306
theyshoot,5.306
christianekubrick,5.306
distinguishedli,5.306
busterla,5.306
spoilersanoth,5.306
clockkwork,5.306
mecreadi,5.306
feita,5.306
unconvict,5.306
wrote,5.302
noteworthi,5.289
gender,5.282
magnitud,5.278
unseen,5.276
untouch,5.276
creatur,5.276
assumpt,5.274
cap,5.274
steer,5.270
sterl,5.269
pioneer,5.267
proce,5.267
bother,5.267
smile,5.265
spent,5.263
imperson,5.263
sadden,5.261
attain,5.259
sex,5.256
acquaint,5.256
28,5.256
kick,5.252
global,5.234
fresh,5.232
significantli,5.229
eighti,5.229
potenti,5.227
intellect,5.218
wannab,5.216
gt,5.216
seri,5.216
righteou,5.213
r,5.211
shortcom,5.198
wive,5.189
luxuri,5.187
fabric,5.186
propos,5.179
rous,5.172
sting,5.172
beer,5.161
tough,5.156
cycl,5.154
preachi,5.153
trust,5.151
suspect,5.142
brain,5.139
endlessli,5.138
admiss,5.137
shelter,5.132
sli,5.123
anxieti,5.118
23,5.115
repuls,5.115
greet,5.113
decent,5.113
squar,5.112
strictli,5.107
petti,5.107
muscl,5.104
afi,5.104
ceas,5.102
harden,5.099
seldom,5.098
unconvinc,5.095
heroism,5.089
momentum,5.086
incident,5.083
vastli,5.081
inabl,5.081
foremost,5.077
radic,5.068
lyric,5.068
steel,5.068
flop,5.065
viewpoint,5.062
appal,5.061
trivial,5.059
y,5.056
explicit,5.049
19,5.048
loath,5.042
thrust,5.042
unawar,5.041
rug,5.032
pray,5.031
allegori,5.027
tempt,5.024
devoid,5.024
mortal,5.014
sacrif,5.009
prevail,5.007
oxbow,5.005
worldwar,5.005
195o,5.005
bax,5.005
unfeelingli,5.005
thatar,5.005
contus,5.005
billet,5.005
colenel,5.005
fornot,5.005
miro,5.005
batll,5.005
gelid,5.005
asound,5.005
isador,5.005
lieder,5.005
boch,5.005
veit,5.005
baiter,5.005
patria,5.005
froggi,5.005
stonecold,5.005
ourfilmreview,5.005
kafkian,5.005
fencepost,5.005
perorm,5.005
jawdropp,5.005
beaurocrat,5.005
noncommiss,5.005
wartorn,5.005
crooked,5.005
deadweight,5.005
shellfir,5.005
99,5.004
afford,5.000
restrain,4.988
colleagu,4.982
invas,4.982
millionair,4.980
epitom,4.978
frank,4.974
strain,4.970
fun,4.970
literari,4.966
craze,4.961
behaviour,4.958
counter,4.955
reviv,4.955
visionari,4.953
warner,4.952
hypnot,4.952
reveng,4.948
pour,4.948
1968,4.944
web,4.944
slightest,4.936
peer,4.934
ace,4.932
majest,4.930
equival,4.926
automat,4.923
chaotic,4.923
zoom,4.921
broad,4.918
inferior,4.916
robber,4.913
startl,4.911
et,4.908
briefli,4.902
suffici,4.900
nativ,4.892
convincingli,4.882
forev,4.877
crown,4.875
elimin,4.871
grotesqu,4.861
intertwin,4.859
conquer,4.848
gestur,4.845
contradict,4.841
cope,4.841
maria,4.841
econom,4.836
seamlessli,4.836
shortli,4.835
skippi,4.829
reductionist,4.829
dmytryk,4.829
10not,4.829
galipoli,4.829
churchyard,4.829
zwrite,4.829
catcal,4.829
rearguard,4.829
firesign,4.829
metonym,4.829
gungho,4.829
stoutli,4.829
eof,4.829
sangu,4.829
cosid,4.829
westfront,4.829
excecut,4.829
ostinato,4.829
kubrickan,4.829
hisown,4.829
evit,4.829
gorgon,4.829
militaris,4.829
pearl,4.829
straightforward,4.825
teeth,4.822
lastli,4.821
champion,4.820
crazi,4.809
tall,4.809
melodramat,4.808
tongu,4.801
saint,4.800
thick,4.798
descend,4.798
daughter,4.795
wick,4.793
awak,4.790
knife,4.788
adequ,4.788
heartfelt,4.786
respond,4.786
brood,4.784
maniac,4.784
comprehend,4.783
moreov,4.781
enthusiast,4.780
tendenc,4.778
fuel,4.776
convolut,4.767
street,4.763
resid,4.762
eleg,4.760
busi,4.757
rightli,4.756
profan,4.751
mistaken,4.751
atroc,4.750
kid,4.749
butt,4.748
fanat,4.748
nervou,4.747
versu,4.746
climact,4.744
myth,4.744
conveni,4.742
harm,4.740
drew,4.740
bulli,4.736
keen,4.731
shade,4.728
strip,4.721
shorter,4.721
von,4.720
deer,4.719
1000,4.718
presum,4.714
shakespear,4.713
primari,4.705
calumni,4.704
quisl,4.704
lewinski,4.704
somon,4.704
degaul,4.704
cacophani,4.704
smidgeon,4.704
porkchop,4.704
hagu,4.704
zootroubl,4.704
tabul,4.704
ionesco,4.704
470,4.704
lejeun,4.704
capaci,4.704
chilliest,4.704
exemplarili,4.704
shirker,4.704
centenari,4.704
myanmar,4.704
opprobrium,4.704
ayr,4.704
archon,4.704
truffant,4.704
fred,4.689
worthwhil,4.688
drown,4.688
deriv,4.684
zone,4.683
centr,4.677
massacr,4.676
overshadow,4.674
afternoon,4.673
reluct,4.668
lengthi,4.666
glu,4.662
meaningless,4.660
wash,4.658
bug,4.657
savag,4.655
halfway,4.654
instinct,4.653
needless,4.641
assembl,4.641
bless,4.633
rubbish,4.632
announc,4.628
psych,4.625
vital,4.624
trait,4.624
oil,4.616
text,4.614
primarili,4.612
rid,4.611
nerv,4.609
trade,4.608
pogo,4.607
cockamami,4.607
unconc,4.607
pudovkin,4.607
encumbr,4.607
baulk,4.607
contrapunt,4.607
mauser,4.607
therear,4.607
snowden,4.607
legato,4.607
difficultli,4.607
chanci,4.607
lum,4.607
prejudic,4.604
recov,4.602
http,4.602
contrari,4.602
commend,4.601
pose,4.601
realm,4.596
label,4.595
polish,4.587
prostitut,4.578
casual,4.578
smaller,4.575
miracl,4.574
portion,4.572
montag,4.572
seat,4.565
plausibl,4.565
choreograph,4.563
sink,4.562
vendetta,4.560
offend,4.559
standout,4.555
conceiv,4.555
exposit,4.554
pursuit,4.553
float,4.548
premier,4.543
emphas,4.538
shed,4.532
illus,4.532
sublim,4.530
primitiv,4.528
2001rulz,4.528
selfsam,4.528
underman,4.528
adumbr,4.528
pusillanim,4.528
somm,4.528
scen,4.528
ria,4.528
suffix,4.528
remarqu,4.528
thusfar,4.528
paral,4.528
yous,4.528
guag,4.528
stiffen,4.528
askanc,4.528
inducingli,4.528
fraulein,4.528
starsso,4.528
subaltern,4.528
adjourn,4.528
maccreadi,4.528
fathomless,4.528
fast,4.528
monologu,4.520
dinner,4.520
suitabl,4.517
shi,4.515
cleverli,4.503
peak,4.500
owe,4.497
silver,4.496
collabor,4.495
backward,4.493
dig,4.487
earth,4.487
leagu,4.485
heaven,4.481
daili,4.480
stumbl,4.479
dub,4.476
hesit,4.475
fatal,4.473
mustachio,4.461
riven,4.461
undocu,4.461
zola,4.461
gn,4.461
offhandedli,4.461
courtier,4.461
ashland,4.461
itwa,4.461
meridian,4.461
croissant,4.461
warzon,4.461
1h30,4.461
halliwel,4.461
crassli,4.461
jurisprud,4.461
imperturb,4.461
bell,4.459
laughter,4.458
church,4.451
varieti,4.449
undeni,4.449
shout,4.446
channel,4.446
spiritu,4.439
stress,4.439
orson,4.433
consum,4.427
lion,4.427
deliveri,4.425
exchang,4.425
mother,4.423
gruesom,4.422
gather,4.418
embrac,4.417
zero,4.417
broke,4.416
indian,4.413
shoe,4.411
creator,4.406
35th,4.403
acter,4.403
straitjacket,4.403
guiltless,4.403
spoilersther,4.403
alltogeth,4.403
hypercrit,4.403
gila,4.403
besmirch,4.403
priestli,4.403
piggish,4.403
hambon,4.403
catech,4.403
nasti,4.390
swear,4.390
inhabit,4.385
gross,4.382
awkward,4.379
destin,4.377
arc,4.374
elabor,4.370
iconoclasm,4.352
clemenc,4.352
extenu,4.352
sherri,4.352
immemori,4.352
punit,4.352
doughboy,4.352
fot,4.352
bierc,4.352
sophistri,4.352
unalloy,4.352
contrarili,4.352
offstag,4.352
forgot,4.351
ran,4.345
indic,4.338
user,4.338
chair,4.337
circl,4.334
sincer,4.332
boot,4.326
lift,4.325
underr,4.323
encourag,4.319
sinist,4.313
sweep,4.309
sudden,4.308
cleft,4.306
odissey,4.306
scamp,4.306
corker,4.306
groupthink,4.306
mabi,4.306
chequer,4.306
bm,4.306
frenchi,4.306
changeov,4.306
kurbick,4.306
slat,4.306
gnostic,4.306
underlay,4.306
wing,4.306
gone,4.299
advic,4.296
engin,4.288
evolv,4.286
skip,4.285
ton,4.282
cheat,4.276
peter,4.267
asymmetr,4.265
stenograph,4.265
wormi,4.265
veto,4.265
teensi,4.265
cogit,4.265
proselyt,4.265
sayeth,4.265
caravaggio,4.265
woolli,4.265
laughingstock,4.265
ils,4.265
disfavor,4.265
dimpl,4.265
noteabl,4.265
nonpareil,4.265
executor,4.265
upset,4.255
skin,4.246
fame,4.239
aid,4.233
jame,4.230
band,4.229
juicier,4.227
resnai,4.227
manon,4.227
turpitud,4.227
watchword,4.227
heartlessli,4.227
preordain,4.227
bogard,4.227
duboi,4.227
drainag,4.227
disentangl,4.227
threat,4.225
sole,4.225
letter,4.216
apocalyps,4.212
vehicl,4.210
attach,4.210
child,4.210
pretenti,4.206
adventur,4.202
stare,4.199
morrow,4.192
festoon,4.192
hamfist,4.192
careerist,4.192
flay,4.192
arithmet,4.192
reportag,4.192
interced,4.192
chessboard,4.192
agonisingli,4.192
infantrymen,4.192
inflammatori,4.192
alda,4.192
speedili,4.192
belov,4.192
warrior,4.189
grasp,4.188
beach,4.187
endless,4.186
prior,4.185
gradual,4.182
split,4.175
dedic,4.175
section,4.166
grist,4.160
gigi,4.160
bavarian,4.160
restlessli,4.160
percol,4.160
bloodfest,4.160
satirist,4.160
barack,4.160
arbit,4.160
patina,4.160
somebodi,4.158
bound,4.156
frequent,4.153
n,4.148
homag,4.145
samuel,4.143
mirror,4.137
russian,4.133
everywher,4.131
overambiti,4.130
accoutr,4.130
recon,4.130
flunki,4.130
sinisterli,4.130
studious,4.130
dynam,4.124
surreal,4.119
thoma,4.117
pair,4.115
assassin,4.115
puzzl,4.109
associ,4.107
heckl,4.102
legitimis,4.102
mallick,4.102
guillotin,4.102
dirk,4.102
judiciari,4.102
paranoiac,4.102
tommi,4.100
importantli,4.099
resembl,4.095
altern,4.090
etern,4.086
site,4.085
welcom,4.084
tabl,4.083
rumpl,4.076
clamour,4.076
nascent,4.076
unfailingli,4.076
timidli,4.076
elk,4.076
disreput,4.076
cat,4.070
children,4.067
overcom,4.063
amelior,4.051
jugular,4.051
undescrib,4.051
merrili,4.051
rectitud,4.051
unevenli,4.051
marienbad,4.051
homesick,4.051
indiscret,4.051
commensur,4.051
unimpeach,4.051
minnelli,4.051
unfaz,4.051
brother,4.051
degre,4.050
model,4.048
substanc,4.043
fabul,4.043
knock,4.041
refresh,4.041
rebel,4.035
youth,4.032
innov,4.031
comed,4.030
fortnight,4.028
darwinian,4.028
kettl,4.028
perfidi,4.028
yeller,4.028
unctuou,4.028
organiz,4.028
nail,4.027
dozen,4.017
charl,4.013
news,4.007
sanctifi,4.005
unsoci,4.005
revelri,4.005
lv426,4.005
abat,4.005
kafkaesqu,4.005
speechifi,4.005
purer,4.005
overextend,4.005
taxicab,4.005
ordain,4.005
gotten,3.997
formula,3.995
ed,3.987
victimis,3.984
midi,3.984
unproven,3.984
brigadi,3.984
expung,3.984
header,3.984
gutless,3.984
ador,3.982
doctor,3.967
excess,3.965
blinker,3.964
scamper,3.964
prefigur,3.964
stymi,3.964
bankrol,3.964
inhumanli,3.964
gallipoli,3.964
noblest,3.964
archenemi,3.964
subtitl,3.960
cult,3.959
shape,3.952
antisept,3.945
detector,3.945
shrapnel,3.945
parter,3.945
statesman,3.945
maddeningli,3.945
attrit,3.945
hunter,3.945
colour,3.941
lone,3.935
reward,3.927
rationalis,3.926
misread,3.926
aggrand,3.926
1918,3.926
tumult,3.926
disloyalti,3.926
jostl,3.926
clatter,3.926
spake,3.926
ignomini,3.926
sparticu,3.926
slave,3.919
concentr,3.917
mediocr,3.917
technicolour,3.908
ambros,3.908
abut,3.908
autocrat,3.908
pandemonium,3.908
denunci,3.908
accru,3.908
categori,3.900
board,3.892
scruff,3.891
bundi,3.891
patriarchi,3.891
disenchant,3.891
undeservedli,3.891
alumni,3.891
clincher,3.891
240,3.891
lassi,3.891
pejor,3.891
calvari,3.891
revel,3.890
dress,3.890
clue,3.890
unexpect,3.880
disappear,3.878
mob,3.877
quest,3.877
environ,3.875
metr,3.875
grippingli,3.875
vase,3.875
1914,3.875
bayonet,3.875
warm,3.867
monica,3.859
blandli,3.859
ogl,3.859
hookabl,3.859
irrepar,3.859
jingoism,3.859
slobber,3.859
quagmir,3.859
bourgeoisi,3.859
misconstru,3.859
trap,3.854
sexual,3.851
stuck,3.847
west,3.846
heretofor,3.844
sausag,3.844
salient,3.844
audi,3.844
gurgl,3.844
egot,3.844
lastabl,3.844
turvi,3.844
vanguard,3.844
dislik,3.841
televis,3.839
weapon,3.838
fortun,3.837
trip,3.834
anim,3.832
henri,3.832
selflessli,3.829
gov,3.829
cheney,3.829
collus,3.829
goate,3.829
cheapest,3.829
regimen,3.829
crumpl,3.829
lenient,3.829
obstin,3.829
encircl,3.829
lob,3.829
fake,3.817
contribut,3.816
undervalu,3.815
kilomet,3.815
229,3.815
corpul,3.815
snoozer,3.815
tantalis,3.815
elegi,3.815
foregon,3.801
1915,3.801
endem,3.801
whereupon,3.801
megalomania,3.801
exoner,3.801
pointedli,3.801
meatier,3.801
plaintiv,3.801
ennobl,3.801
glut,3.801
hidden,3.795
blower,3.788
insultingli,3.788
summarili,3.788
airhead,3.788
peculiarli,3.788
mutin,3.788
topsi,3.788
pleasur,3.777
kamikaz,3.775
wold,3.775
corros,3.775
solemnli,3.775
flack,3.775
sapien,3.775
blabber,3.775
compos,3.763
dissoci,3.762
naff,3.762
smugli,3.762
pork,3.762
versail,3.762
wellb,3.762
solder,3.762
colloqui,3.762
presag,3.762
monarch,3.762
japanes,3.762
thoroughli,3.761
sell,3.761
billi,3.761
winner,3.754
macro,3.750
gambit,3.750
telescop,3.750
pamphlet,3.750
incens,3.750
whittl,3.750
verbiag,3.750
toadi,3.750
built,3.745
militar,3.738
unremit,3.738
senselessli,3.738
throng,3.738
mound,3.738
unwritten,3.738
ringlead,3.738
slander,3.738
trouser,3.738
teach,3.730
eon,3.727
satiris,3.727
plush,3.727
martyrdom,3.727
nastier,3.727
boardroom,3.727
sycophant,3.727
patter,3.727
pitiless,3.727
gourmet,3.715
winsom,3.715
rabbl,3.715
cajol,3.715
comedi,3.712
phoney,3.704
conscript,3.704
lewd,3.704
choral,3.704
moralis,3.694
cruelest,3.694
cad,3.694
virul,3.694
apon,3.694
corral,3.694
cucumb,3.694
airi,3.694
grant,3.685
sartr,3.683
gogh,3.683
twang,3.683
inertia,3.683
stairway,3.683
suprisingli,3.683
deux,3.683
flatteri,3.673
badguy,3.673
imbib,3.673
reptilian,3.673
visit,3.673
sleep,3.672
pathway,3.663
gall,3.663
devalu,3.663
viva,3.663
stalingrad,3.663
inhospit,3.663
incendiari,3.663
subterfug,3.663
earn,3.659
x,3.658
tableau,3.653
sweeter,3.653
outmatch,3.653
underappreci,3.653
stench,3.653
tm,3.653
jarringli,3.653
vichi,3.653
regroup,3.653
egomaniac,3.644
madmen,3.644
absurdist,3.644
demur,3.644
blameless,3.644
ineff,3.644
grung,3.644
aha,3.644
jingoist,3.644
industri,3.639
absolv,3.634
regener,3.634
markedli,3.634
agap,3.634
polaris,3.634
gr,3.634
beaver,3.634
papa,3.634
sugarco,3.634
breathlessli,3.634
churlish,3.634
someplac,3.634
preliminari,3.625
asphalt,3.625
proto,3.625
damnat,3.625
uncheck,3.625
surreptiti,3.625
impel,3.616
garb,3.616
signpost,3.616
bled,3.616
theoriz,3.616
behest,3.616
constitu,3.616
dishonor,3.616
fume,3.607
raucou,3.607
ennui,3.607
marseillais,3.607
deaden,3.607
aa,3.607
donkey,3.607
muni,3.607
banquet,3.607
nite,3.607
underhand,3.599
hairdo,3.599
brunt,3.599
suck,3.596
road,3.592
blubber,3.590
gunner,3.590
paedophil,3.590
prima,3.590
earnestli,3.590
hogwash,3.590
multilay,3.590
counten,3.590
inaud,3.590
quell,3.590
forsak,3.590
jest,3.582
perus,3.582
burli,3.582
erudit,3.582
lax,3.582
hq,3.582
gulp,3.582
73,3.582
ineptitud,3.582
rift,3.574
unreach,3.574
villa,3.574
comfi,3.566
whiff,3.566
overcrowd,3.566
lamest,3.566
ragtag,3.566
misde,3.566
hemingway,3.566
edward,3.560
apotheosi,3.558
geneva,3.558
unflatt,3.558
oxymoron,3.558
huddl,3.558
dint,3.558
disench,3.558
aristocraci,3.558
pamper,3.550
irration,3.550
leer,3.550
peach,3.550
culpabl,3.550
eyewit,3.550
predetermin,3.550
weird,3.544
bestial,3.543
bloodlet,3.543
zealot,3.543
brigad,3.543
citizen,3.538
immobil,3.535
bunuel,3.535
unblink,3.535
cymbal,3.535
montand,3.535
bracket,3.535
militarist,3.535
courthous,3.535
detect,3.535
15,3.534
overr,3.532
super,3.531
modul,3.528
christina,3.528
trick,3.527
humour,3.522
disobedi,3.521
nil,3.521
lookalik,3.521
cumul,3.521
tan,3.521
squalid,3.521
unshak,3.521
elegiac,3.521
unharm,3.521
icon,3.517
deflect,3.514
liabil,3.514
bunk,3.514
caprici,3.514
uproot,3.514
cinemascop,3.514
salti,3.507
mop,3.507
explic,3.507
disquiet,3.507
switzerland,3.507
org,3.507
staunch,3.507
implac,3.507
mettl,3.507
refut,3.500
gallow,3.500
acquisit,3.500
valiantli,3.500
nearer,3.500
twice,3.496
writh,3.493
deplet,3.493
oili,3.493
upheav,3.493
extol,3.493
prowl,3.493
frill,3.487
lavishli,3.487
lass,3.487
immediaci,3.487
presumpt,3.487
abu,3.487
downstair,3.487
coolli,3.480
propag,3.480
shifti,3.480
platitud,3.480
storybook,3.480
flea,3.480
fatalist,3.480
mori,3.474
overstay,3.474
compatriot,3.474
brandish,3.474
narciss,3.468
slyli,3.468
wanton,3.468
calam,3.468
syllabl,3.468
scant,3.468
scold,3.468
balanc,3.466
gang,3.463
obama,3.461
praiseworthi,3.461
ware,3.461
prosaic,3.461
cabaret,3.461
proprietor,3.455
superimpos,3.455
propens,3.449
splendour,3.449
grifter,3.449
def,3.443
outbreak,3.443
pent,3.443
flounder,3.443
warmli,3.443
inn,3.437
makeshift,3.437
pointer,3.437
apparatu,3.437
backstab,3.437
protocol,3.437
populist,3.437
costli,3.437
wicked,3.437
unafraid,3.437
caustic,3.437
melod,3.431
napoleon,3.431
nun,3.431
1937,3.431
cadet,3.426
supper,3.426
cleanli,3.426
unflinchingli,3.426
din,3.426
angrili,3.420
kafka,3.420
forens,3.420
squalor,3.420
inscrut,3.414
stagi,3.414
amusingli,3.414
weepi,3.414
fratern,3.414
miscarriag,3.414
ludwig,3.414
morbidli,3.414
quiver,3.409
aldrich,3.409
wrongdo,3.409
discharg,3.409
dross,3.409
abhor,3.409
whizz,3.409
club,3.407
singularli,3.403
infrequ,3.403
inward,3.403
dismemb,3.403
panick,3.403
definatli,3.403
sharpen,3.403
week,3.401
underl,3.398
monochrom,3.398
renounc,3.393
vertic,3.393
circumstanti,3.387
steak,3.387
relent,3.387
53,3.387
epoch,3.387
workplac,3.387
countrymen,3.382
glean,3.382
posh,3.382
boister,3.382
naval,3.377
scowl,3.377
snif,3.377
portugues,3.372
omnisci,3.372
fli,3.371
bravest,3.367
unemot,3.367
debri,3.367
56,3.367
comatos,3.362
ineffectu,3.362
gunneri,3.362
fervent,3.362
amen,3.362
chiefli,3.362
kumar,3.357
firsthand,3.357
dastardli,3.357
lover,3.355
search,3.352
fingernail,3.352
dissuad,3.352
intercept,3.352
nighttim,3.352
ruin,3.348
underwritten,3.347
1928,3.347
administ,3.347
uneth,3.347
11th,3.347
bourgeoi,3.347
cavern,3.343
iwo,3.343
clout,3.343
fmj,3.343
specialti,3.343
obtus,3.343
cheaper,3.343
crutch,3.343
hitchcock,3.339
sledgehamm,3.338
proxim,3.338
disappointingli,3.338
savour,3.338
indefinit,3.333
unsubtl,3.333
minded,3.333
hastili,3.333
comb,3.333
needn,3.333
demeanour,3.333
o,3.329
logist,3.329
jima,3.329
excis,3.329
squeal,3.329
credenc,3.329
overjoy,3.329
deris,3.329
fring,3.324
forthcom,3.324
spar,3.324
remembr,3.324
famili,3.321
unpopular,3.320
tiniest,3.320
lithuania,3.320
militia,3.320
fervor,3.315
fluke,3.315
reconnect,3.315
robust,3.315
sharper,3.315
weasel,3.315
animalist,3.311
amc,3.311
vindict,3.311
unabash,3.311
boundless,3.311
zenith,3.311
offenc,3.311
senil,3.311
elitist,3.306
breach,3.306
messeng,3.306
marbl,3.306
brows,3.302
umpteenth,3.302
derelict,3.302
constrain,3.298
inquir,3.298
brutish,3.298
unbridl,3.298
dour,3.298
bloodiest,3.298
harri,3.297
unend,3.294
circul,3.294
ambassador,3.294
ahem,3.289
whimsi,3.289
piqu,3.289
verbos,3.289
gospel,3.289
peerless,3.285
dreyer,3.285
rectifi,3.285
unearth,3.281
malick,3.281
homo,3.281
pentagon,3.281
existentialist,3.281
poignantli,3.281
prefac,3.281
vie,3.281
tumultu,3.281
sector,3.277
safer,3.277
dumbest,3.277
hoopla,3.277
simmer,3.277
sluggish,3.273
respit,3.273
affin,3.273
repertoir,3.269
amok,3.269
slump,3.269
contamin,3.269
verifi,3.265
wrack,3.265
fluiditi,3.265
cog,3.265
humanli,3.265
cozi,3.265
lightweight,3.265
classif,3.265
html,3.265
rich,3.264
credenti,3.261
indispens,3.261
mania,3.261
christin,3.261
upright,3.261
catalog,3.261
sinner,3.261
unattract,3.257
insinu,3.257
town,3.254
quotat,3.253
overse,3.253
immeasur,3.253
sip,3.253
heartach,3.249
pedant,3.249
grandest,3.249
default,3.249
rash,3.246
annal,3.246
hark,3.246
riff,3.246
anachronist,3.242
slogan,3.242
manhood,3.242
hole,3.240
perenni,3.238
chronic,3.238
sica,3.238
untold,3.238
1935,3.234
echelon,3.234
forewarn,3.234
panel,3.231
startlingli,3.231
franklin,3.231
snapshot,3.231
curl,3.227
nothing,3.227
minor,3.226
conan,3.224
untrain,3.224
waist,3.224
disarm,3.224
unscath,3.224
diatrib,3.220
altman,3.220
goo,3.220
insurmount,3.216
wale,3.216
torso,3.216
cavalri,3.216
nineteen,3.216
sworn,3.213
softer,3.213
decim,3.213
inconveni,3.213
revisionist,3.209
cop,3.208
1953,3.206
whatnot,3.206
weirdli,3.206
stupidli,3.203
devote,3.203
invalid,3.203
sideway,3.199
misus,3.199
bludgeon,3.199
conspicu,3.196
reloc,3.196
humanitarian,3.192
fingerprint,3.192
outward,3.189
craftsman,3.189
extran,3.189
unsurprisingli,3.189
embarrassingli,3.189
cutout,3.189
throb,3.189
bam,3.186
130,3.186
agil,3.186
undercut,3.186
curb,3.186
unscrupul,3.186
hazard,3.186
gutter,3.182
manual,3.182
bolster,3.182
foray,3.182
virtuos,3.182
shortest,3.182
stomp,3.182
nuremberg,3.179
lent,3.179
repent,3.179
authorit,3.179
patton,3.179
lui,3.179
gi,3.179
activist,3.176
enclos,3.176
exasper,3.176
unadulter,3.176
filmgoer,3.173
tirad,3.173
intercut,3.173
softli,3.173
fiend,3.170
searcher,3.170
defiant,3.170
ceo,3.170
gorgeous,3.166
semit,3.166
eschew,3.166
blister,3.163
physiqu,3.163
truer,3.163
grimac,3.160
steeli,3.160
38,3.160
1949,3.160
connot,3.160
entrust,3.160
coldli,3.157
mustach,3.157
malloy,3.157
quieter,3.157
awkwardli,3.157
gargantuan,3.157
10http,3.157
stutter,3.157
strauss,3.157
missil,3.157
uneas,3.157
masterli,3.154
telegraph,3.154
hamburg,3.154
vindic,3.154
bill,3.153
sickli,3.151
emphat,3.151
idiosyncrat,3.151
quarrel,3.148
companionship,3.148
peni,3.148
cruelli,3.148
turgidson,3.148
conscienti,3.148
cheerlead,3.145
submerg,3.142
downplay,3.142
bobafett1138,3.142
ilk,3.142
bloodthirsti,3.142
cattl,3.142
deafen,3.139
commando,3.139
precari,3.139
blanch,3.136
courtyard,3.136
maneuv,3.136
reborn,3.136
attest,3.136
rife,3.136
undisput,3.133
justli,3.133
monstros,3.133
erich,3.133
abroad,3.130
apathet,3.130
uphold,3.130
pulsat,3.130
supervis,3.130
pornograph,3.130
promptli,3.130
hush,3.130
tact,3.127
blight,3.125
aloof,3.125
undi,3.125
slacker,3.125
hilari,3.123
shooter,3.122
dexter,3.122
gung,3.122
unremark,3.119
loung,3.119
6,3.117
intermin,3.116
sparingli,3.116
capsul,3.116
anxious,3.116
puke,3.116
55,3.113
cart,3.113
afterthought,3.113
dishonest,3.113
outsmart,3.113
masterstrok,3.110
faux,3.108
pa,3.108
befit,3.108
matin,3.108
complac,3.108
inadequ,3.108
sneer,3.108
eclect,3.105
sombr,3.105
villian,3.105
ninth,3.102
seam,3.102
choru,3.100
staircas,3.097
mishap,3.097
gasolin,3.097
unlucki,3.097
poss,3.097
david,3.096
savageri,3.094
symptom,3.094
hone,3.094
frail,3.092
milieu,3.092
juici,3.092
sumptuou,3.089
unapologet,3.089
parasit,3.089
gruel,3.086
strangest,3.084
perish,3.084
94,3.084
feroc,3.084
brisk,3.084
thirdli,3.081
evidenc,3.081
patent,3.076
andrei,3.076
knive,3.076
confeder,3.076
truest,3.076
impot,3.076
meek,3.073
sidelin,3.073
uniti,3.071
monk,3.071
remnant,3.068
cautionari,3.068
inescap,3.066
invari,3.066
winc,3.066
playground,3.066
graini,3.066
pristin,3.063
vapid,3.063
dreyfu,3.063
requisit,3.063
bbc,3.061
trembl,3.061
knot,3.061
vicari,3.061
usher,3.058
pertain,3.058
crux,3.058
saddl,3.058
seep,3.058
hound,3.058
hurl,3.056
frontier,3.056
glorious,3.053
patriarch,3.053
scrambl,3.053
unresolv,3.051
ripe,3.051
austin,3.051
incit,3.051
snort,3.051
marit,3.049
bigotri,3.049
flimsi,3.046
93,3.046
rethink,3.044
pinpoint,3.042
faction,3.042
85,3.042
whale,3.042
risen,3.039
immin,3.039
treacheri,3.039
shamelessli,3.039
banish,3.039
purport,3.039
dearli,3.039
voight,3.037
atom,3.037
lofti,3.037
noisi,3.035
grizzl,3.035
untim,3.032
ploy,3.032
mystifi,3.030
benevol,3.030
chillingli,3.030
transfix,3.030
shrewd,3.028
judici,3.028
snippet,3.028
boldli,3.025
swiftli,3.025
glossi,3.025
onofrio,3.025
delud,3.025
drug,3.025
crafti,3.023
vent,3.023
counterpoint,3.021
deter,3.021
infest,3.021
epiphani,3.019
grimi,3.019
compact,3.019
bark,3.019
lick,3.019
bald,3.019
semblanc,3.016
33,3.016
hoot,3.016
bethani,3.014
trickeri,3.012
scholar,3.012
upris,3.012
glimmer,3.010
zani,3.010
dictatorship,3.007
shameless,3.007
120,3.007
reconsid,3.005
afflict,3.003
introvert,3.003
1963,3.003
everlast,3.001
abysm,3.001
audac,3.001
hartman,3.001
showi,2.999
elegantli,2.997
amalgam,2.997
iranian,2.995
destroy,2.994
pantheon,2.992
swagger,2.992
shrug,2.992
personif,2.992
breakout,2.992
plainli,2.992
slay,2.990
bloodbath,2.990
spous,2.990
vocabulari,2.990
empow,2.988
grossli,2.988
opportunist,2.988
fore,2.988
griffith,2.988
dignifi,2.986
screech,2.984
emili,2.984
outta,2.984
masquerad,2.984
babbl,2.982
ambush,2.980
bravado,2.980
nameless,2.980
swoop,2.980
consol,2.978
april,2.978
impression,2.978
spr,2.978
cloak,2.978
aficionado,2.976
detractor,2.976
uncommon,2.976
expedit,2.976
meld,2.974
fixat,2.972
shelli,2.972
donna,2.972
rehears,2.972
thwart,2.972
thereaft,2.970
wholeheartedli,2.970
accomplic,2.970
embellish,2.968
longtim,2.964
dispar,2.964
pledg,2.962
strikingli,2.962
griev,2.962
rigid,2.960
limbo,2.960
paralyz,2.958
victorian,2.958
refrain,2.958
herd,2.958
unsympathet,2.958
wretch,2.956
pennsylvania,2.956
concis,2.956
broader,2.956
fiddl,2.954
herein,2.954
willingli,2.954
certainti,2.954
distast,2.952
blindli,2.952
suffoc,2.952
train,2.952
42,2.950
scan,2.950
ritual,2.948
smirk,2.948
transmit,2.947
feather,2.947
booth,2.947
download,2.945
drool,2.945
glue,2.945
memori,2.943
foreground,2.943
stricken,2.941
hyperbol,2.941
irrespons,2.939
mutil,2.937
modin,2.937
ether,2.935
offbeat,2.935
medicin,2.933
careless,2.933
dissapoint,2.932
swift,2.932
council,2.932
halt,2.930
intimaci,2.930
unspeak,2.930
sacr,2.928
mash,2.928
policemen,2.928
baron,2.928
hindsight,2.926
mgm,2.926
tangl,2.926
guis,2.924
nauseat,2.924
proven,2.924
defect,2.924
unmistak,2.923
nag,2.923
latin,2.921
wholesom,2.921
penchant,2.919
dismal,2.919
ditch,2.917
bake,2.915
hay,2.915
lens,2.915
nyc,2.915
taboo,2.915
hammi,2.914
frighteningli,2.914
brace,2.914
drench,2.912
tighter,2.910
fictiti,2.910
bestow,2.908
moonlight,2.908
ounc,2.905
ratio,2.905
shaft,2.905
rainbow,2.905
incarcer,2.903
rap,2.903
scrutini,2.902
calibr,2.902
nobil,2.902
underscor,2.900
ripper,2.900
camerawork,2.900
programm,2.900
psychedel,2.898
filth,2.898
underus,2.898
machina,2.898
1964,2.896
eclips,2.896
runaway,2.895
interwoven,2.895
thou,2.893
behalf,2.893
terrenc,2.891
adulthood,2.891
textbook,2.891
finer,2.890
stilt,2.890
tide,2.890
conspir,2.890
ceil,2.888
limp,2.888
proudli,2.888
snub,2.888
framework,2.888
parabl,2.888
summon,2.886
rapist,2.886
thirst,2.886
exceedingli,2.885
jack,2.882
gravita,2.881
austrian,2.881
dispatch,2.880
keeper,2.880
hinder,2.880
franco,2.880
gentli,2.877
18th,2.877
undeserv,2.875
lap,2.875
catharsi,2.875
fortress,2.875
batter,2.873
august,2.873
famous,2.873
misfit,2.872
shaken,2.872
enact,2.872
strap,2.872
apprehens,2.872
dusti,2.872
interven,2.872
pyle,2.870
til,2.870
arti,2.867
cox,2.867
bass,2.867
hatch,2.865
novelti,2.865
mason,2.864
decidedli,2.864
veer,2.862
amateurish,2.862
purpl,2.861
explicitli,2.861
metaphys,2.861
traci,2.859
gunshot,2.858
northern,2.858
richer,2.858
tailor,2.858
knight,2.857
selfless,2.856
stud,2.855
june,2.855
slang,2.852
1971,2.852
intrus,2.850
abomin,2.850
rambo,2.848
bafta,2.848
deciph,2.847
dualiti,2.845
astonishingli,2.845
drab,2.845
concoct,2.845
unveil,2.844
goos,2.844
delusion,2.842
finess,2.842
rail,2.841
exemplari,2.841
puriti,2.841
myriad,2.841
400,2.839
squirm,2.839
interplay,2.839
thorough,2.839
minimalist,2.838
grind,2.837
strangl,2.835
pistol,2.835
readili,2.835
traitor,2.834
rod,2.834
facad,2.834
censor,2.834
overtli,2.832
deaf,2.832
amid,2.832
clinic,2.831
hauntingli,2.831
correspond,2.831
elus,2.831
fascism,2.831
murki,2.829
magnolia,2.828
navig,2.828
applic,2.826
oneself,2.826
rampant,2.825
duck,2.823
upbeat,2.823
keith,2.822
daylight,2.822
disput,2.821
overboard,2.821
etch,2.819
engulf,2.819
railroad,2.819
morph,2.818
plod,2.818
ballet,2.818
omaha,2.818
robert,2.817
adher,2.816
laps,2.816
tin,2.812
eerili,2.812
morbid,2.811
cool,2.809
ach,2.808
fathom,2.808
extravag,2.808
waitress,2.807
mimic,2.805
meantim,2.805
nearest,2.805
elia,2.804
multitud,2.804
irresist,2.804
imper,2.804
superflu,2.804
der,2.804
stitch,2.801
overton,2.800
recept,2.798
aptli,2.797
snappi,2.797
overbear,2.796
mitchel,2.796
muse,2.796
earnest,2.796
permeat,2.793
clutch,2.792
prolong,2.792
spectacularli,2.790
discrimin,2.788
handedli,2.788
clueless,2.788
happier,2.788
disillus,2.787
pad,2.787
bombast,2.785
worm,2.785
feroci,2.783
recollect,2.783
instructor,2.781
26,2.780
lifeless,2.780
democraci,2.780
rashomon,2.779
tack,2.777
electron,2.776
surf,2.775
math,2.775
ermey,2.775
implement,2.774
intoler,2.772
unnatur,2.772
vista,2.772
draft,2.772
19th,2.772
dubiou,2.772
cling,2.770
prowess,2.770
fullest,2.769
lectur,2.769
statur,2.767
yourselv,2.767
perpetr,2.766
scum,2.766
slimi,2.765
allur,2.764
primit,2.762
1962,2.762
knack,2.761
simon,2.761
jeremi,2.761
tarkovski,2.760
brit,2.760
hideou,2.760
exce,2.759
volunt,2.757
rariti,2.757
romantic,2.756
indel,2.755
cow,2.755
adolf,2.754
merciless,2.754
abyss,2.752
tame,2.751
wherev,2.751
starter,2.751
tricki,2.751
perplex,2.750
hallmark,2.749
drone,2.749
introspect,2.748
largest,2.748
parad,2.748
gentlemen,2.746
atroci,2.745
russia,2.744
vietnames,2.743
pervert,2.742
wacki,2.742
letdown,2.741
negoti,2.741
occurr,2.741
lace,2.739
dement,2.738
discard,2.738
dish,2.738
cia,2.737
shred,2.736
omit,2.736
agoni,2.736
toll,2.733
thunder,2.733
dens,2.732
phillip,2.732
extraordinarili,2.731
countrysid,2.731
hallway,2.731
improb,2.730
candl,2.729
seed,2.729
client,2.728
stem,2.727
gentleman,2.725
canva,2.724
inaccur,2.723
starv,2.723
dire,2.723
artsi,2.723
session,2.722
sour,2.721
prompt,2.721
adrian,2.718
sob,2.718
exot,2.716
beforehand,2.715
bog,2.715
masculin,2.714
wore,2.714
polici,2.714
spencer,2.714
harold,2.713
conceal,2.713
abruptli,2.713
voter,2.712
flourish,2.712
bliss,2.711
architectur,2.710
denial,2.708
formid,2.708
laden,2.706
scatter,2.705
corridor,2.705
widescreen,2.705
spectrum,2.704
armor,2.703
phoni,2.703
exclud,2.703
gloss,2.703
wrestl,2.702
wider,2.701
barrier,2.700
weigh,2.699
lunat,2.698
1955,2.698
essay,2.697
disgrac,2.696
akin,2.695
fearless,2.694
primal,2.693
sought,2.689
stern,2.689
foil,2.688
pat,2.687
boost,2.686
benchmark,2.686
variat,2.685
insignific,2.682
harbor,2.682
mole,2.682
jon,2.682
phase,2.681
sgt,2.681
meander,2.679
chord,2.679
rebelli,2.678
mumbl,2.676
comic,2.675
1954,2.675
uncanni,2.675
facil,2.675
appl,2.675
homicid,2.674
disord,2.673
minu,2.673
chip,2.672
ish,2.671
deceas,2.671
utmost,2.671
succumb,2.670
forgiven,2.670
tom,2.668
er,2.668
uneven,2.668
rifl,2.666
quibbl,2.665
exterior,2.664
vocal,2.664
unintent,2.663
demeanor,2.663
gunfight,2.661
pocket,2.661
entiti,2.661
riot,2.660
weaker,2.660
barbara,2.659
thru,2.658
puls,2.658
broadcast,2.655
hug,2.655
lenni,2.653
huh,2.653
invis,2.652
conjur,2.651
slam,2.651
gaze,2.650
africa,2.649
clap,2.649
shove,2.647
sane,2.647
apt,2.647
mediev,2.646
mindset,2.646
mickey,2.646
bunker,2.645
revolt,2.645
1941,2.645
basement,2.644
palpabl,2.644
occup,2.644
outright,2.644
mutual,2.643
esqu,2.643
chees,2.643
improvis,2.642
renown,2.642
stubborn,2.641
nihilist,2.641
pin,2.641
substitut,2.640
amadeu,2.638
biblic,2.638
tug,2.637
mar,2.637
undermin,2.636
tiresom,2.636
flood,2.635
retrospect,2.634
stair,2.634
cruis,2.632
fenc,2.632
lurk,2.631
fabl,2.631
kurt,2.630
retard,2.630
brick,2.628
scandal,2.625
75,2.624
desol,2.624
evoc,2.623
roar,2.622
footbal,2.622
macho,2.622
profil,2.619
rental,2.619
anxiou,2.618
peck,2.618
outing,2.616
reliev,2.616
pinnacl,2.614
maze,2.614
500,2.614
abrupt,2.614
enterpris,2.614
impuls,2.613
flower,2.613
classifi,2.612
howl,2.612
wine,2.611
flavor,2.611
rapid,2.609
anytim,2.608
passiv,2.607
longest,2.607
escal,2.607
cardboard,2.607
nineti,2.607
eastern,2.606
delus,2.606
debt,2.605
mute,2.605
lethal,2.605
quintessenti,2.602
bottl,2.601
shiver,2.600
avid,2.599
rogu,2.599
alot,2.599
miscast,2.598
peculiar,2.593
bonu,2.592
cigarett,2.591
convert,2.590
ooz,2.589
deepest,2.589
spit,2.589
crumbl,2.588
crave,2.588
rosebud,2.588
sugar,2.588
stagger,2.586
drastic,2.585
funer,2.585
slide,2.585
resent,2.585
ho,2.585
cartoonish,2.583
profoundli,2.582
persist,2.581
panic,2.580
gigant,2.580
proclaim,2.579
specul,2.577
imo,2.576
abund,2.576
uneasi,2.576
facet,2.575
banal,2.575
cement,2.574
stray,2.574
snap,2.573
compon,2.572
entitl,2.572
ghetto,2.572
breakdown,2.570
custom,2.570
darkli,2.570
melt,2.570
provoc,2.569
bent,2.568
drove,2.568
rambl,2.568
dwell,2.562
sand,2.561
tightli,2.560
perpetu,2.560
dump,2.560
applaus,2.560
recogniz,2.559
cue,2.558
click,2.556
unconvent,2.556
awhil,2.554
seamless,2.552
overus,2.551
gloomi,2.550
hello,2.550
understat,2.549
optimist,2.547
boo,2.547
talki,2.546
closur,2.544
maximum,2.544
boy,2.544
entireti,2.544
degener,2.543
unimagin,2.541
foreshadow,2.541
interrupt,2.540
flair,2.540
turner,2.539
philip,2.538
perman,2.538
victor,2.538
narrow,2.538
conserv,2.534
amor,2.532
crippl,2.532
brazil,2.531
distort,2.531
kaufman,2.530
spotless,2.529
patho,2.527
equip,2.525
bleed,2.525
qualifi,2.521
envi,2.521
runtim,2.520
sarcast,2.520
moron,2.520
blogspot,2.520
pig,2.520
fragil,2.517
freez,2.517
foul,2.516
wildli,2.515
upcom,2.515
ought,2.513
minimum,2.513
deservedli,2.512
insur,2.511
billion,2.508
sixti,2.506
phenomenon,2.506
heap,2.506
coloni,2.504
blink,2.502
grandeur,2.502
firm,2.501
diseas,2.501
cheek,2.501
sneak,2.498
crop,2.497
homosexu,2.495
baffl,2.494
2014,2.494
swim,2.493
regim,2.493
insecur,2.493
sweat,2.493
stroke,2.492
bro,2.492
saturday,2.491
200,2.491
ga,2.491
effici,2.489
privileg,2.489
hardship,2.488
saniti,2.488
mundan,2.488
le,2.487
toe,2.487
hawk,2.485
rhythm,2.485
blur,2.484
ted,2.483
aris,2.482
inglori,2.481
reign,2.481
korean,2.480
likewis,2.480
characteris,2.480
paradox,2.478
predat,2.477
guest,2.477
speci,2.475
holden,2.475
cathol,2.473
descent,2.473
inject,2.472
websit,2.471
diminish,2.465
underneath,2.464
oppon,2.464
omin,2.463
trace,2.462
enforc,2.461
illeg,2.459
rebellion,2.458
2007,2.456
swept,2.454
trooper,2.453
visibl,2.453
foundat,2.450
poison,2.450
magazin,2.448
union,2.447
rout,2.440
newcom,2.439
pen,2.439
loser,2.439
repli,2.439
creep,2.439
glamor,2.438
blank,2.434
accuraci,2.434
sunday,2.433
boast,2.432
dick,2.431
juli,2.431
congratul,2.430
satisfact,2.428
tag,2.427
coat,2.427
temper,2.424
suffic,2.421
revisit,2.419
secondari,2.418
unbear,2.418
seller,2.415
orchestr,2.415
orient,2.415
1998,2.409
notori,2.408
swallow,2.408
fond,2.406
uncov,2.405
transfer,2.404
crystal,2.402
wheel,2.401
proport,2.400
collaps,2.399
consciou,2.397
boundari,2.397
replic,2.396
hyster,2.394
themat,2.391
climb,2.391
dose,2.388
spotlight,2.387
twin,2.387
glanc,2.386
mann,2.385
jungl,2.385
spine,2.384
showdown,2.384
flee,2.384
trend,2.383
ingredi,2.382
darkest,2.381
tape,2.381
india,2.381
cake,2.381
semi,2.379
luckili,2.376
weather,2.376
uninterest,2.374
21st,2.374
emphasi,2.374
subtli,2.373
chop,2.372
inconsist,2.371
smash,2.370
paus,2.370
nut,2.368
extens,2.365
contempl,2.365
bravo,2.363
enlighten,2.363
tip,2.362
terri,2.361
gentl,2.360
clock,2.360
editor,2.360
nois,2.358
plagu,2.357
pg,2.355
uncl,2.354
eager,2.353
neat,2.353
scratch,2.353
buri,2.353
cloud,2.352
clone,2.350
0,2.349
jr,2.349
disguis,2.347
neck,2.347
valuabl,2.346
coher,2.345
expertli,2.343
www,2.342
torment,2.341
resort,2.341
stake,2.341
da,2.341
literatur,2.339
mill,2.337
suppli,2.337
secondli,2.337
nuclear,2.337
medic,2.336
whoever,2.336
jonathan,2.336
3rd,2.335
wooden,2.334
util,2.333
verbal,2.332
cring,2.332
adopt,2.331
dear,2.330
intimid,2.330
spanish,2.330
yell,2.330
slick,2.328
cowboy,2.326
ken,2.325
farm,2.323
mixtur,2.323
newspap,2.321
delv,2.321
incorpor,2.320
exhaust,2.320
coincid,2.317
vari,2.316
throat,2.315
lloyd,2.312
altogeth,2.312
john,2.309
revolut,2.309
unravel,2.309
linger,2.308
packag,2.306
beneath,2.301
alcohol,2.301
monument,2.299
ensur,2.298
sympath,2.296
heist,2.296
east,2.294
funni,2.294
divers,2.293
crisi,2.293
moon,2.293
ocean,2.292
resolv,2.291
via,2.290
viciou,2.290
landmark,2.290
simplic,2.290
lamb,2.289
format,2.288
oppress,2.288
relax,2.288
mous,2.283
aesthet,2.283
feed,2.283
arthur,2.282
endear,2.280
southern,2.279
applaud,2.276
groundbreak,2.275
destini,2.274
futurist,2.274
corni,2.274
suprem,2.272
vagu,2.269
dust,2.267
screw,2.265
fallen,2.265
detract,2.264
di,2.261
crush,2.259
japan,2.258
jerri,2.257
error,2.255
wanna,2.254
christ,2.254
yesterday,2.252
wander,2.251
soft,2.251
laughabl,2.249
revolutionari,2.246
un,2.246
revers,2.243
fat,2.240
function,2.240
artifici,2.239
smooth,2.238
gratuit,2.237
code,2.237
laid,2.237
burst,2.236
program,2.235
influenti,2.231
rough,2.228
sun,2.224
alex,2.224
humbl,2.224
fish,2.224
properli,2.224
mike,2.223
divid,2.222
competit,2.221
attend,2.221
lazi,2.218
alongsid,2.216
buzz,2.215
pound,2.215
borrow,2.212
volum,2.211
restor,2.208
disbelief,2.206
gori,2.206
stronger,2.203
bird,2.203
chaplin,2.203
reader,2.203
repetit,2.202
prize,2.202
charismat,2.201
brand,2.199
sold,2.198
span,2.191
asleep,2.186
dri,2.186
fix,2.184
whatsoev,2.184
tini,2.182
shark,2.181
pilot,2.181
witch,2.178
render,2.178
research,2.177
assur,2.174
embodi,2.168
oliv,2.167
eeri,2.167
con,2.165
nod,2.164
wed,2.163
spin,2.161
plane,2.161
persona,2.161
irrit,2.159
sensat,2.158
burton,2.157
proper,2.157
kurosawa,2.156
ice,2.155
sea,2.154
buddi,2.152
beast,2.149
string,2.148
treasur,2.148
wilder,2.148
invest,2.147
increas,2.147
galaxi,2.146
stomach,2.143
scheme,2.140
reminisc,2.140
devot,2.140
murphi,2.139
alik,2.138
spell,2.136
christma,2.136
stylish,2.134
switch,2.132
season,2.132
enthral,2.131
instant,2.131
van,2.131
plant,2.126
size,2.124
guarante,2.123
matthew,2.122
adam,2.120
bag,2.120
tool,2.118
goer,2.117
shake,2.115
vulner,2.110
miller,2.110
sport,2.109
garbag,2.109
casablanca,2.109
contact,2.107
heat,2.106
par,2.105
calm,2.104
enorm,2.104
freak,2.102
elev,2.101
mid,2.099
interview,2.097
fairi,2.096
lucki,2.091
link,2.089
accid,2.087
transit,2.086
villag,2.080
mountain,2.079
meanwhil,2.075
exagger,2.074
marriag,2.071
bloom,2.068
sensit,2.064
pathet,2.064
retir,2.062
alan,2.059
runner,2.055
crash,2.054
patient,2.050
redeem,2.049
activ,2.048
jewish,2.045
solv,2.040
fulfil,2.039
kelli,2.030
devic,2.028
vs,2.028
introduct,2.025
lifetim,2.021
hat,2.021
sword,2.011
chapter,2.011
grew,2.011
hospit,2.008
cameron,2.006
steve,2.006
neo,2.005
blade,2.005
latest,2.004
revolv,2.004
cant,2.004
load,2.002
colleg,1.998
dad,1.996
lock,1.995
intern,1.992
grade,1.990
creation,1.990
commentari,1.989
food,1.988
fighter,1.988
gorgeou,1.985
cheesi,1.976
resist,1.972
owner,1.972
hair,1.965
addict,1.962
p,1.959
gladiat,1.958
betray,1.948
robin,1.947
replac,1.945
dumb,1.943
sat,1.938
schindler,1.937
wake,1.937
distract,1.933
ray,1.917
ass,1.916
giant,1.916
weav,1.916
daniel,1.914
anthoni,1.914
rescu,1.913
hotel,1.911
assum,1.908
male,1.898
construct,1.894
g,1.889
invent,1.875
rain,1.872
knowledg,1.872
ladi,1.869
complain,1.866
creepi,1.857
gore,1.852
herself,1.849
kane,1.848
burn,1.847
vote,1.847
v,1.846
bond,1.841
clint,1.841
fell,1.838
camp,1.830
ridley,1.828
rock,1.823
u,1.818
mess,1.816
green,1.815
fellowship,1.814
wood,1.814
wild,1.811
delight,1.804
commun,1.803
eastwood,1.797
flow,1.794
sister,1.789
dollar,1.780
pop,1.780
luke,1.777
teenag,1.770
seven,1.769
shawshank,1.738
trailer,1.737
suit,1.732
alfr,1.727
j,1.723
glad,1.721
lee,1.703
cain,1.701
roll,1.692
nicholson,1.691
planet,1.680
rent,1.673
comput,1.669
graphic,1.661
spend,1.639
scorses,1.639
creativ,1.638
martin,1.629
nazi,1.629
pulp,1.625
joke,1.618
team,1.610
scari,1.603
free,1.575
scienc,1.575
adult,1.573
godfath,1.568
hype,1.567
joker,1.566
chase,1.562
clever,1.554
parent,1.549
buy,1.543
actress,1.515
journey,1.499
tarantino,1.486
fantasi,1.470
thrill,1.465
bruce,1.440
mysteri,1.377
michael,1.298
dream,1.280
father,1.255
