fellini,1560.189
guido,1187.208
8,482.443
mastroianni,377.163
1,303.776
hi,295.177
marcello,274.369
2,270.500
he,231.147
film,216.414
fantasi,210.241
director,199.910
dream,193.320
federico,181.849
claudia,177.433
dolc,171.508
artist,162.568
women,160.357
life,151.973
anselmi,149.340
vita,149.233
la,148.662
s,142.578
memori,141.281
italian,124.831
him,124.145
realiti,123.779
luisa,122.277
cardinal,119.956
about,117.208
art,116.086
anouk,115.319
autobiograph,115.213
confus,114.162
mistress,111.930
self,107.287
creativ,106.498
himself,105.267
as,104.453
or,100.314
what,99.406
block,97.601
own,96.908
make,96.120
with,95.799
saraghina,93.746
i,92.720
sequenc,92.612
critic,92.590
into,91.770
at,90.907
tri,89.775
person,89.026
an,88.065
understand,87.787
from,86.795
childhood,86.590
all,86.222
we,86.177
spa,86.168
carla,86.079
you,84.312
like,83.306
that,82.947
produc,82.776
one,82.274
which,82.090
aime,82.077
by,81.592
scene,81.546
sandra,81.487
love,81.233
becaus,80.574
filmmak,80.444
be,80.277
on,79.949
mind,79.683
wa,79.452
are,79.028
not,78.798
wife,78.013
cathol,76.650
ha,76.225
can,76.156
work,75.339
harem,75.224
seem,74.317
who,74.210
rota,73.758
most,73.736
beauti,73.608
time,72.471
even,71.460
cinema,71.417
there,71.352
movi,70.987
but,70.585
more,70.311
escap,70.277
do,70.051
want,69.793
someth,69.673
me,69.656
onli,68.985
mani,68.817
pressur,68.765
just,68.755
viewer,68.195
symbol,68.025
if,67.989
also,67.925
milo,67.882
see,67.853
say,67.804
masterpiec,67.786
so,67.550
how,67.336
other,67.171
view,66.942
circu,66.185
in,66.132
veri,65.988
surreal,65.907
my,65.381
t,65.343
woman,64.972
way,64.820
will,64.528
charact,64.476
she,63.654
idea,63.427
intellectu,63.328
no,63.115
is,62.737
indulg,62.075
peopl,61.923
watch,60.951
for,60.929
know,60.812
difficult,60.596
noth,60.437
first,59.880
have,59.810
while,59.794
mezzo,58.694
think,58.621
strada,58.606
feel,58.400
inspir,58.273
where,58.002
mean,57.918
struggl,57.761
to,57.495
crisi,57.317
imag,57.122
ever,57.086
them,56.915
open,56.445
man,56.333
then,56.228
problem,56.132
success,56.058
well,55.964
nino,55.916
find,55.396
ani,55.294
after,55.252
come,55.175
direct,54.797
would,54.641
when,54.519
had,54.443
end,53.868
made,53.784
new,53.649
repres,52.987
world,52.910
they,52.893
some,52.663
through,52.232
get,51.887
ff,51.860
white,51.845
present,51.704
interest,51.642
much,51.429
church,51.183
creat,51.079
reflect,50.993
than,50.582
danc,50.567
doe,50.342
e,50.309
music,50.279
too,50.226
relationship,50.171
yet,50.071
it,50.014
imagin,49.680
around,49.471
over,49.356
thing,49.170
differ,49.075
our,49.047
next,48.862
same,48.815
here,48.751
us,48.638
everyon,48.586
both,48.508
still,48.271
these,48.144
thought,48.048
out,48.048
up,47.867
simpli,47.856
her,47.695
experi,47.500
never,47.376
must,47.234
itself,47.129
realli,46.988
ego,46.978
unabl,46.972
actress,46.970
those,46.911
traffic,46.902
whi,46.874
could,46.709
use,46.621
half,46.513
piec,46.271
give,46.096
begin,45.950
face,45.901
enjoy,45.351
itali,45.163
without,45.011
vision,44.961
final,44.937
stori,44.919
retreat,44.907
process,44.892
tell,44.886
lost,44.437
writer,44.201
actual,44.151
cabiria,43.769
camera,43.500
prostitut,43.489
car,43.248
famou,43.183
point,43.083
amarcord,42.993
sure,42.955
great,42.837
relat,42.823
seen,42.801
such,42.794
fact,42.534
main,42.176
muse,41.937
re,41.839
visual,41.828
am,41.804
go,41.755
past,41.528
becom,41.514
surrealist,41.416
play,41.306
their,41.193
otto,41.017
your,40.761
sometim,40.462
real,40.452
need,40.444
demand,40.392
desir,39.959
of,39.933
between,39.834
roma,39.639
realiz,39.451
refer,39.128
thi,39.073
don,39.058
least,38.986
appear,38.824
two,38.642
black,38.596
bath,38.549
failur,38.529
greatest,38.369
said,38.312
ask,38.299
true,38.237
take,38.235
jam,38.220
product,38.178
saw,38.101
ideal,38.080
entertain,37.892
cinemat,37.818
put,37.693
pictur,37.636
figur,37.619
ambigu,37.505
answer,37.471
accept,37.439
sens,37.352
word,37.289
satyricon,37.172
interpret,37.063
again,37.002
narr,36.932
appreci,36.853
best,36.710
rememb,36.705
been,36.618
abl,36.580
everi,36.372
within,36.339
10,36.278
moment,36.223
flashback,36.222
a,36.149
perhap,36.099
1963,36.038
question,36.010
down,35.892
befor,35.790
beach,35.592
look,35.456
doesn,35.393
cardin,35.381
each,35.290
did,35.114
subconsci,35.061
emot,34.935
guilt,34.925
aim,34.897
though,34.628
project,34.557
later,34.493
inner,34.300
style,34.226
cours,34.104
may,34.097
were,34.019
alway,34.016
howev,33.874
place,33.856
creation,33.826
ve,33.805
wonder,33.556
back,33.493
everyth,33.490
pull,33.455
complet,33.425
show,33.197
result,33.115
psycholog,33.111
state,33.006
sit,33.002
perfect,32.981
remain,32.960
import,32.843
follow,32.772
master,32.760
sexual,32.732
daydream,32.729
togeth,32.707
review,32.629
screen,32.560
set,32.482
live,32.421
part,32.294
lot,32.158
titl,32.145
cinematographi,32.109
hard,31.994
strang,31.979
constantli,31.897
consid,31.862
aspect,31.767
ultim,31.734
m,31.721
plot,31.682
almost,31.339
found,31.187
mayb,31.128
complex,31.028
attempt,30.983
offer,30.919
doubt,30.874
audienc,30.863
sinc,30.821
littl,30.798
variou,30.770
suddenli,30.657
myself,30.650
should,30.619
stage,30.540
didn,30.462
steel,30.408
now,30.391
fascin,30.298
pure,30.281
start,30.260
autobiographi,30.230
fiction,30.135
night,30.107
matter,30.058
level,29.912
express,29.897
attent,29.886
form,29.878
abstract,29.865
definit,29.844
els,29.745
away,29.672
priest,29.643
cannot,29.620
year,29.560
certainli,29.466
pretenti,29.439
minut,29.412
often,29.408
anoth,29.397
and,29.248
friend,29.237
felt,29.207
earli,29.168
isn,29.144
shot,29.136
suffer,29.131
human,29.118
name,29.056
except,29.027
hand,29.014
meta,29.012
control,28.958
protagonist,28.936
anyth,28.927
stuck,28.849
call,28.671
geniu,28.411
requir,28.274
marcelo,28.226
insid,28.147
term,28.096
off,27.878
stand,27.875
read,27.846
lack,27.820
especi,27.779
got,27.766
second,27.754
fill,27.742
bit,27.738
truth,27.682
opinion,27.625
captur,27.615
confront,27.443
eight,27.357
masa,27.169
venanzo,27.169
foreign,27.094
actor,27.078
brilliant,27.069
note,27.038
touch,27.004
basic,26.987
number,26.982
trap,26.976
close,26.972
event,26.954
shoot,26.901
few,26.856
fear,26.833
rather,26.821
lead,26.817
frustrat,26.764
reason,26.712
kind,26.603
barbara,26.590
deal,26.577
suffoc,26.570
wish,26.434
insight,26.430
uniqu,26.430
nisi,26.420
keep,26.286
probabl,26.277
quit,26.209
imageri,26.117
describ,26.078
better,26.064
favorit,26.042
clearli,26.003
conscious,25.986
gener,25.976
suppos,25.975
patienc,25.927
full,25.877
element,25.827
subtitl,25.738
easi,25.704
career,25.691
celebr,25.572
delv,25.530
exhaust,25.515
goe,25.461
whether,25.369
deep,25.359
observ,25.287
imposs,25.219
cast,25.189
allen,25.165
onc,25.162
crowd,25.082
magic,25.054
reflex,25.042
alter,24.902
clear,24.881
previou,24.876
mirror,24.820
whole,24.810
until,24.757
whip,24.738
fan,24.717
line,24.678
asa,24.613
chaotic,24.613
obsess,24.608
develop,24.594
expect,24.580
influenti,24.543
order,24.495
comment,24.461
maker,24.450
right,24.419
bergman,24.416
move,24.403
told,24.338
good,24.331
highli,24.327
talk,24.299
narciss,24.273
gale,24.239
troubl,24.208
long,24.203
let,24.182
enough,24.173
last,24.150
fulli,24.137
press,24.113
profound,24.069
dure,24.065
neo,24.061
water,24.014
further,23.983
influenc,23.927
amaz,23.914
thu,23.906
intern,23.902
hope,23.846
embodi,23.845
purpos,23.819
fail,23.629
believ,23.616
structur,23.606
simpl,23.598
fli,23.595
60,23.569
gianni,23.557
suggest,23.524
rossella,23.521
amp,23.438
care,23.428
etc,23.343
high,23.324
challeng,23.258
honesti,23.241
concept,23.187
difficulti,23.156
left,23.133
abov,23.101
despit,23.085
today,23.070
possibl,23.069
eddra,23.037
dreami,23.026
woodi,22.949
bore,22.874
entir,22.820
decid,22.803
might,22.795
began,22.790
marriag,22.776
theme,22.728
write,22.715
convers,22.662
help,22.661
combin,22.614
nine,22.564
metaphor,22.554
portray,22.522
femal,22.475
under,22.466
mix,22.460
antonioni,22.292
score,22.276
conflict,22.194
recommend,22.186
ye,22.096
reveal,22.070
featur,21.980
surround,21.972
sort,21.919
singl,21.894
fall,21.855
gorgeou,21.839
1960,21.828
wagner,21.812
although,21.786
role,21.778
d,21.778
wasn,21.731
instead,21.718
analyt,21.659
ll,21.620
worth,21.531
releas,21.529
qualiti,21.486
someon,21.403
understood,21.401
steam,21.375
happi,21.352
crew,21.341
salvat,21.295
realism,21.262
certain,21.150
exist,21.148
81,21.084
launch,21.070
themselv,21.062
prefer,21.014
subject,20.990
frederico,20.962
includ,20.945
young,20.941
explor,20.913
outsid,20.897
continu,20.794
allow,20.752
kaleidoscop,20.694
depict,20.680
old,20.680
mysteri,20.658
necessari,20.656
mother,20.640
appar,20.622
criterion,20.573
anima,20.380
whom,20.360
turn,20.353
central,20.331
serv,20.254
less,20.254
truli,20.208
chao,20.194
connect,20.192
lie,20.132
search,20.114
costum,20.050
deeper,20.047
test,19.973
nor,19.942
blur,19.868
head,19.844
sound,19.836
perform,19.818
feminin,19.815
similar,19.659
hour,19.658
child,19.646
throughout,19.603
hold,19.593
obvious,19.547
known,19.510
journey,19.484
whore,19.478
kite,19.375
saragina,19.317
eye,19.314
philosoph,19.274
50,19.270
excel,19.262
upon,19.261
freudian,19.195
religion,19.185
hero,19.109
either,19.068
manag,19.046
day,19.043
semi,19.032
perspect,18.948
free,18.906
pleasur,18.885
far,18.883
rougeul,18.817
random,18.814
stardust,18.811
heart,18.781
confer,18.764
light,18.680
analyz,18.655
notic,18.585
involv,18.559
exampl,18.553
revolt,18.518
admit,18.502
spaceship,18.482
extrem,18.480
jungian,18.468
anyon,18.465
impress,18.414
stun,18.395
funni,18.349
school,18.342
act,18.329
multipl,18.256
recent,18.228
ourselv,18.197
nightmar,18.163
mess,18.157
equal,18.121
access,18.082
carnal,18.081
achiev,18.075
awar,18.042
peak,18.002
breakdown,17.990
classic,17.986
silent,17.977
run,17.962
mario,17.934
pay,17.928
fat,17.923
rest,17.914
deepli,17.902
jung,17.892
encount,17.888
bizarr,17.844
shape,17.783
origin,17.780
dvd,17.779
commerci,17.776
languag,17.748
absolut,17.739
stream,17.697
reward,17.672
given,17.665
taken,17.661
alreadi,17.655
fantas,17.623
zzzz,17.613
seriou,17.598
prepar,17.596
case,17.529
top,17.511
journalist,17.511
total,17.496
asleep,17.489
introduc,17.415
presenc,17.351
circl,17.337
remark,17.333
balanc,17.329
comedi,17.322
dislik,17.283
catharsi,17.250
particular,17.231
lose,17.170
happen,17.162
odd,17.154
joy,17.062
construct,17.042
parent,17.034
essenti,17.026
demon,17.017
caught,17.000
serious,16.986
courag,16.983
script,16.977
messag,16.968
5,16.893
draw,16.891
respons,16.830
learn,16.813
list,16.811
mid,16.792
rank,16.785
discov,16.781
chang,16.771
jump,16.758
non,16.752
becam,16.751
endless,16.743
pad,16.719
eventu,16.712
knew,16.705
center,16.673
individu,16.648
mostli,16.645
cut,16.643
came,16.635
specif,16.596
obviou,16.586
toward,16.582
inform,16.544
add,16.536
analysi,16.526
coupl,16.518
design,16.503
parad,16.486
introspect,16.486
histori,16.484
earth,16.451
haunt,16.417
superior,16.393
juliet,16.385
incap,16.366
intens,16.358
tabl,16.332
charm,16.266
version,16.213
mental,16.194
godard,16.191
psych,16.187
step,16.180
bring,16.170
flow,16.148
finish,16.134
easili,16.085
auteur,16.056
segment,16.052
latest,16.034
crazi,16.031
content,16.018
seek,15.983
big,15.968
masterwork,15.960
superego,15.937
forc,15.935
detail,15.924
float,15.919
remind,15.917
vagu,15.880
repress,15.879
realist,15.874
di,15.830
overal,15.825
near,15.795
satir,15.783
scienc,15.747
behind,15.743
usual,15.741
side,15.703
bad,15.602
min,15.600
passion,15.545
pretti,15.543
spiritu,15.537
exactli,15.531
speak,15.517
five,15.506
valu,15.492
space,15.481
claim,15.468
confess,15.466
univers,15.457
public,15.431
brain,15.417
empti,15.386
date,15.367
meet,15.348
avoid,15.343
tast,15.336
henc,15.326
138,15.317
anybodi,15.278
prais,15.214
existenti,15.200
effect,15.171
mere,15.166
issu,15.136
dazzl,15.104
lover,15.098
blend,15.071
ten,15.055
medium,15.040
increas,15.030
lattuada,15.016
intervista,15.016
short,14.998
natur,14.990
honest,14.961
talent,14.951
meaning,14.924
uel,14.906
fantast,14.899
hous,14.880
merit,14.878
signific,14.824
approach,14.820
three,14.810
logic,14.797
memor,14.795
ident,14.780
among,14.778
everybodi,14.755
regard,14.695
ether,14.676
grasp,14.659
sky,14.659
truffaut,14.658
centuri,14.652
summari,14.639
along,14.616
done,14.614
particularli,14.613
annoy,14.573
directli,14.571
power,14.560
industri,14.555
somehow,14.537
wait,14.518
object,14.508
giulietta,14.500
amacord,14.488
rumba,14.488
emerg,14.433
catholic,14.430
reput,14.397
brought,14.372
soul,14.365
support,14.358
comprehend,14.349
distinguish,14.339
nonsens,14.334
cultur,14.333
age,14.327
treat,14.230
contempl,14.189
weird,14.176
beyond,14.162
leav,14.161
transform,14.157
hat,14.144
french,14.121
youth,14.111
innov,14.108
smoke,14.092
enhanc,14.077
conscienc,14.050
wide,14.036
reach,14.030
hail,14.016
boy,13.992
fresh,13.952
flamboy,13.920
mad,13.857
childish,13.830
morin,13.822
felliniesqu,13.822
tarkovskiy,13.822
aw,13.813
star,13.770
situat,13.769
ocean,13.753
base,13.751
special,13.741
nowher,13.738
casual,13.733
repeat,13.731
larg,13.724
strong,13.720
studi,13.683
ground,13.668
discuss,13.661
limit,13.634
neurot,13.621
girl,13.618
artsi,13.616
shame,13.604
poetic,13.580
superfici,13.561
linear,13.543
pass,13.521
overwhelm,13.520
meant,13.508
collabor,13.485
honestli,13.461
marvel,13.459
matern,13.447
dub,13.429
social,13.409
estrang,13.385
slow,13.361
disconnect,13.319
stress,13.316
grab,13.306
admir,13.283
moral,13.269
matur,13.255
esoter,13.243
invit,13.230
egocentr,13.191
reson,13.160
peac,13.153
harmoni,13.126
settl,13.113
built,13.107
wine,13.054
rare,13.040
passiv,13.037
despair,13.023
focu,12.993
oh,12.979
depth,12.978
recogn,12.967
small,12.947
kane,12.939
referenti,12.923
wave,12.921
sauna,12.919
sophist,12.886
capac,12.882
dimens,12.863
ironi,12.852
won,12.836
brillianc,12.829
illustr,12.813
anxieti,12.795
provid,12.791
comparison,12.781
god,12.781
separ,12.734
falk,12.730
manifest,12.707
perfectli,12.699
middl,12.696
impact,12.677
loos,12.655
awe,12.631
calm,12.625
co,12.624
elev,12.605
alon,12.599
adult,12.583
mention,12.578
typic,12.555
father,12.554
forgiv,12.549
judg,12.537
transit,12.517
tale,12.503
drive,12.490
nonetheless,12.482
jean,12.474
frequent,12.458
fun,12.424
explain,12.416
prove,12.397
citizen,12.383
integr,12.367
stop,12.366
studio,12.346
poetri,12.338
absorb,12.337
mock,12.331
fit,12.321
equival,12.316
bava,12.307
effort,12.290
magician,12.263
modern,12.240
exhibit,12.239
collect,12.235
fulfil,12.235
faith,12.228
convent,12.211
narcissist,12.204
marit,12.195
tear,12.192
against,12.177
kept,12.177
vs,12.170
written,12.162
stylist,12.156
intertwin,12.148
somewhat,12.141
ahead,12.121
respect,12.119
immens,12.094
intent,12.084
familiar,12.061
report,12.054
humor,12.053
length,12.002
defin,11.995
decis,11.987
consciou,11.987
ride,11.983
staff,11.944
desper,11.940
commentari,11.933
posit,11.911
initi,11.907
the,11.902
paparazzi,11.892
display,11.822
straight,11.818
hit,11.813
adapt,11.788
alberto,11.778
dealt,11.744
coher,11.727
scaffold,11.725
rate,11.706
resort,11.703
comfort,11.696
dark,11.686
coloss,11.683
inland,11.674
manner,11.672
dismiss,11.671
dress,11.669
motiv,11.648
subtl,11.600
shown,11.600
concern,11.595
wow,11.583
interwoven,11.579
wrong,11.564
twenti,11.551
bfi,11.532
lust,11.523
100,11.505
trip,11.503
flaw,11.498
giant,11.497
chanc,11.490
key,11.488
sourc,11.477
spend,11.476
relax,11.438
claustrophobia,11.437
anyway,11.428
extend,11.425
dreamlik,11.424
haven,11.413
represent,11.389
episod,11.357
tradit,11.353
ago,11.339
joke,11.327
sublim,11.325
elus,11.323
oneself,11.305
spirit,11.298
pace,11.297
constant,11.295
satisfi,11.285
technic,11.277
gloriou,11.270
intellig,11.266
fellow,11.248
rang,11.238
cool,11.236
travel,11.217
paralysi,11.214
ladi,11.213
heaven,11.202
yourself,11.201
sum,11.193
reveri,11.180
standard,11.169
acknowledg,11.169
brilliantli,11.167
capabl,11.131
readi,11.101
voluptu,11.081
engag,11.069
consum,11.068
poster,11.063
paint,11.055
walk,11.053
fell,11.025
wear,11.016
tragedi,10.996
ordinari,10.993
terribl,10.982
coaster,10.979
innoc,10.958
attract,10.955
merg,10.953
referenc,10.948
execut,10.940
dens,10.929
break,10.913
ship,10.902
portrait,10.896
juxtaposit,10.893
roller,10.887
gain,10.849
id,10.848
period,10.845
decad,10.836
denial,10.830
contrast,10.804
cinematograph,10.803
irrit,10.793
w,10.775
sea,10.769
huge,10.763
neither,10.762
experiment,10.753
compar,10.753
notion,10.752
went,10.748
nobodi,10.741
address,10.734
class,10.733
phase,10.724
voic,10.712
guess,10.694
inde,10.680
dizzi,10.679
pop,10.679
soar,10.636
freedom,10.626
unforgett,10.620
daumier,10.613
necropoli,10.613
anoux,10.613
mastroiani,10.613
conocchio,10.613
seraghina,10.613
fame,10.597
worst,10.590
techniqu,10.580
sole,10.563
evas,10.542
smile,10.529
divin,10.522
drama,10.522
wast,10.517
dialogu,10.516
sex,10.513
flesh,10.503
none,10.502
causal,10.480
choos,10.477
hollywood,10.473
unconsci,10.468
oblig,10.450
flavor,10.443
seri,10.432
unsur,10.416
choic,10.407
verg,10.371
turmoil,10.371
besid,10.364
anywher,10.363
gilliam,10.345
excit,10.335
progress,10.328
mistak,10.323
measur,10.305
banal,10.299
previous,10.289
controversi,10.282
puzzl,10.272
patient,10.248
activ,10.239
absurd,10.223
abandon,10.217
solv,10.202
seldom,10.196
stuff,10.192
secret,10.184
room,10.181
futil,10.169
rocket,10.166
blatant,10.166
interrupt,10.160
theori,10.156
astound,10.120
trivial,10.119
everyday,10.114
frame,10.110
substanc,10.108
ignor,10.108
evalu,10.090
sever,10.069
amateur,10.061
upcom,10.061
threshold,10.056
rent,10.037
breath,10.037
revolv,10.019
mood,10.016
fellinian,10.011
mezzabotta,10.011
edra,10.011
pisu,10.011
citt,10.011
fedrico,10.011
favor,10.000
restrain,9.976
insecur,9.971
famili,9.962
spot,9.960
american,9.959
approv,9.950
affect,9.944
english,9.930
longer,9.915
paradox,9.913
hypnot,9.903
video,9.891
method,9.879
merci,9.870
appeal,9.829
hair,9.827
patern,9.819
triumph,9.807
heal,9.806
rich,9.792
latter,9.781
strike,9.780
affair,9.751
rule,9.751
occasion,9.746
gift,9.743
statement,9.737
ration,9.734
crawl,9.732
spring,9.732
collag,9.726
revel,9.724
strive,9.709
misogynist,9.703
unexpect,9.700
compromis,9.698
pattern,9.698
environ,9.688
contradict,9.682
bemus,9.682
infinit,9.679
distract,9.665
orchestr,9.661
rosella,9.658
averti,9.658
rhumba,9.658
share,9.657
compel,9.651
cold,9.642
unfaith,9.628
heartedli,9.628
whilst,9.623
transfer,9.617
numer,9.607
claustrophob,9.602
miner,9.597
descend,9.596
fortun,9.593
cure,9.585
hang,9.582
quiet,9.577
brief,9.545
fine,9.542
student,9.539
lui,9.538
spiral,9.532
eleg,9.520
liter,9.518
bu,9.516
page,9.499
six,9.496
nervou,9.493
domin,9.492
task,9.468
extens,9.461
amus,9.458
culmin,9.453
shouldn,9.450
terri,9.445
gard,9.435
belong,9.434
lynch,9.428
plagu,9.428
infidel,9.426
giorgio,9.417
interact,9.392
stall,9.382
major,9.378
comic,9.363
confirm,9.359
knowledg,9.359
fanci,9.335
il,9.331
util,9.331
companion,9.326
sentiment,9.322
alien,9.317
parti,9.314
condit,9.297
conclus,9.279
grace,9.272
perceiv,9.269
forward,9.258
receiv,9.246
avant,9.243
driven,9.226
exhilar,9.224
beneath,9.205
contrari,9.205
sympath,9.186
composit,9.184
cleans,9.175
hound,9.175
de,9.153
7,9.147
swirl,9.111
highlight,9.107
reject,9.098
afraid,9.095
extraordinari,9.093
tediou,9.092
remak,9.090
maestro,9.090
complic,9.083
wallow,9.083
copi,9.074
painter,9.069
anymor,9.069
stir,9.065
upbring,9.062
increasingli,9.060
wild,9.057
premis,9.057
externalis,9.056
nott,9.056
ringmast,9.056
oscar,9.054
couldn,9.051
intend,9.049
monologu,9.041
fair,9.026
game,9.013
ponder,9.005
experienc,9.001
un,8.984
road,8.981
moviemak,8.977
sheer,8.975
edit,8.974
evid,8.960
parodi,8.960
escapist,8.940
ad,8.932
sexi,8.926
sensual,8.922
birth,8.900
fashion,8.887
dramat,8.884
victori,8.883
characterist,8.874
overlap,8.868
sheet,8.868
intric,8.866
superb,8.863
across,8.855
tower,8.853
extra,8.852
beg,8.852
seven,8.846
20th,8.832
overr,8.831
consist,8.831
home,8.827
ambival,8.823
glass,8.814
kiss,8.812
creator,8.812
lo,8.807
iron,8.802
promis,8.800
grand,8.794
icon,8.792
opera,8.782
bother,8.778
jumbl,8.768
descript,8.766
air,8.753
cemeteri,8.752
ambit,8.744
apart,8.743
twice,8.740
okay,8.740
quot,8.736
institut,8.716
imit,8.712
stick,8.698
ran,8.690
imdb,8.684
punish,8.680
push,8.668
sincer,8.663
month,8.645
biograph,8.635
enigma,8.625
lebeau,8.613
wing,8.611
glad,8.606
arti,8.601
caus,8.601
string,8.593
advic,8.592
diabol,8.592
warn,8.575
guidanc,8.568
b,8.555
third,8.547
probe,8.541
stylish,8.536
budget,8.533
advantag,8.530
psychoanalyst,8.530
examin,8.527
puriti,8.523
unlik,8.509
amid,8.496
transcend,8.482
goer,8.470
asid,8.468
roll,8.459
flawless,8.458
nomin,8.455
omnibu,8.454
bazin,8.454
notti,8.454
ballet,8.453
enter,8.453
supposedli,8.451
ingmar,8.441
larger,8.431
interfer,8.387
psuedo,8.385
concret,8.367
addit,8.365
type,8.347
stay,8.343
immedi,8.329
manifestli,8.320
throw,8.288
tarkovski,8.279
extern,8.272
afterward,8.252
harri,8.244
focus,8.239
poignant,8.226
assess,8.218
front,8.217
expos,8.215
4,8.202
philosophi,8.198
recur,8.197
countless,8.193
resembl,8.190
altern,8.180
welcom,8.168
muddl,8.163
incoher,8.163
credit,8.159
misguid,8.149
motion,8.140
sail,8.136
screenplay,8.129
forev,8.129
formid,8.123
behavior,8.118
heard,8.114
translat,8.109
introduct,8.101
gloria,8.093
suicid,8.092
whatev,8.090
magnific,8.055
highest,8.050
disappoint,8.043
arguabl,8.039
parallel,8.033
envis,8.031
uncanni,8.025
affirm,8.022
cohes,8.022
worthi,8.014
ozjepp,8.011
synecdoch,8.011
extent,8.007
death,7.968
pervers,7.965
incred,7.951
remors,7.936
excess,7.931
acclaim,7.928
9,7.920
aren,7.896
miss,7.884
sooner,7.870
authent,7.868
thank,7.862
clariti,7.846
concentr,7.835
strict,7.830
artistri,7.822
chase,7.808
outfit,7.807
identifi,7.806
surfac,7.797
shortcom,7.796
necess,7.794
ill,7.794
miracul,7.784
luxuri,7.781
poor,7.781
clue,7.779
abil,7.758
quest,7.754
jaunt,7.750
profoundli,7.746
belief,7.738
doubl,7.737
cement,7.722
misconstru,7.718
playboy,7.717
provoc,7.707
grown,7.701
field,7.698
nice,7.694
stupid,7.683
perpetu,7.681
bodi,7.674
pain,7.653
hotel,7.643
background,7.642
complaint,7.640
closur,7.633
dredg,7.630
visconti,7.630
ulyss,7.630
rope,7.629
inabl,7.622
unrel,7.604
nina,7.602
psychoanalyt,7.602
conserv,7.602
synopsi,7.598
fluid,7.593
male,7.591
patho,7.582
health,7.567
safe,7.554
window,7.550
wildli,7.546
instanc,7.539
purposeless,7.525
profession,7.518
invent,7.502
stimul,7.501
duologu,7.500
rossini,7.500
buffooneri,7.500
neglect,7.498
archetyp,7.496
priceless,7.490
destroy,7.485
nearli,7.483
salvador,7.476
impish,7.476
colleagu,7.472
deserv,7.469
privileg,7.466
return,7.462
junk,7.455
atmospher,7.453
agre,7.447
movement,7.441
marri,7.425
flashi,7.414
cleric,7.409
tether,7.409
fairli,7.391
shadow,7.389
overindulg,7.387
celluloid,7.386
valid,7.382
count,7.370
hell,7.363
festiv,7.354
manipul,7.345
reaction,7.339
fartsi,7.326
storylin,7.322
glitzi,7.306
pick,7.303
tortur,7.292
grotesqu,7.292
scale,7.290
absurdist,7.287
satisfact,7.285
root,7.284
inher,7.275
250,7.269
michelangelo,7.269
seemingli,7.267
cope,7.261
held,7.255
driver,7.231
clown,7.221
spoke,7.220
delight,7.215
ennui,7.215
therefor,7.204
damn,7.183
partli,7.182
psychoanalysi,7.181
emancip,7.181
gone,7.165
philistin,7.164
declar,7.160
tragic,7.148
tire,7.147
tape,7.143
chauvinist,7.132
joyc,7.132
decept,7.116
thread,7.116
novel,7.109
pamper,7.101
sideshow,7.101
print,7.098
local,7.096
join,7.091
enlighten,7.089
provok,7.080
besieg,7.071
shakespear,7.069
accomplish,7.064
dull,7.063
scratch,7.058
pleas,7.045
soon,7.044
silli,7.039
immort,7.035
worthwhil,7.032
drown,7.032
torment,7.022
spent,7.018
sensibl,7.011
ala,7.002
iconoclast,7.000
exorcis,7.000
men,7.000
l,6.992
intimid,6.991
meaningless,6.990
spanish,6.990
adrift,6.987
presumpt,6.974
lavishli,6.974
neg,6.971
potenti,6.969
63,6.961
viscer,6.952
recuper,6.948
spark,6.940
romant,6.939
vital,6.936
schoolboy,6.935
carl,6.930
revolut,6.927
hasn,6.926
dead,6.923
heft,6.910
dammit,6.910
plu,6.904
commit,6.890
spineless,6.886
flux,6.886
carri,6.881
apparit,6.874
resolv,6.874
guy,6.870
exercis,6.865
oppress,6.865
particip,6.858
privat,6.856
indecis,6.851
starlet,6.851
misogyni,6.851
captiv,6.850
aesthet,6.848
job,6.846
sink,6.843
conceiv,6.832
chain,6.830
embarrass,6.828
splendid,6.818
del,6.791
womb,6.775
pretext,6.775
nostalgia,6.773
genuin,6.770
post,6.767
simultan,6.767
drag,6.767
slowli,6.762
cleverli,6.754
wander,6.754
build,6.748
owe,6.745
action,6.738
phrase,6.736
phallic,6.734
handl,6.728
advis,6.722
depress,6.714
gratuit,6.711
laid,6.710
outrag,6.709
3,6.702
spoiler,6.700
insist,6.700
ruin,6.695
segu,6.695
martini,6.685
reduc,6.684
march,6.677
tour,6.674
varieti,6.674
aspir,6.674
humbl,6.672
shout,6.670
divid,6.665
siren,6.657
european,6.639
exchang,6.638
popular,6.633
took,6.632
narrat,6.629
embrac,6.626
vivid,6.617
43,6.604
catch,6.590
futur,6.586
watchabl,6.585
rumin,6.570
fatigu,6.570
materi,6.563
liber,6.552
tempor,6.546
earthi,6.538
research,6.532
fluiditi,6.530
hazi,6.522
mingl,6.522
chic,6.514
spite,6.510
indic,6.507
whit,6.507
chair,6.505
craft,6.504
heartach,6.499
reconcili,6.491
freud,6.491
check,6.486
midlif,6.484
travers,6.476
struck,6.475
shut,6.470
pursu,6.464
averag,6.460
nothing,6.454
height,6.448
whirlwind,6.447
win,6.440
whirl,6.440
wall,6.432
upstair,6.426
30,6.425
ton,6.422
reminisc,6.420
cheat,6.414
1953,6.412
scari,6.411
epic,6.407
invalid,6.405
finger,6.405
expression,6.398
hate,6.397
bitter,6.394
avail,6.390
tone,6.382
subsequ,6.374
130,6.372
interchang,6.372
grammar,6.372
machismo,6.358
gun,6.354
chatter,6.339
20,6.327
1965,6.320
enorm,6.312
argument,6.304
chose,6.303
prelud,6.302
stare,6.298
quarrel,6.296
overtur,6.290
ear,6.281
140,6.278
prior,6.277
spectacl,6.275
gradual,6.274
rife,6.272
benefit,6.267
undisput,6.266
isol,6.260
below,6.252
distil,6.249
automobil,6.249
aloof,6.249
prevent,6.248
song,6.237
stood,6.235
fetish,6.226
cart,6.226
meanwhil,6.225
mesmer,6.215
saviour,6.215
shallow,6.213
battl,6.212
fals,6.204
ensembl,6.194
mutter,6.178
amount,6.168
carniv,6.167
stunt,6.156
four,6.153
hanger,6.152
mulholland,6.152
importantli,6.148
anecdot,6.142
accompani,6.141
distinct,6.140
undoubtedli,6.132
mystiqu,6.132
sardon,6.132
etern,6.130
lusciou,6.127
seep,6.117
educ,6.108
unresolv,6.102
blow,6.101
pan,6.100
excus,6.099
bella,6.097
filmic,6.097
disagre,6.093
tickl,6.088
excruciatingli,6.088
seat,6.087
amazingli,6.082
wrap,6.077
badli,6.076
humil,6.074
greatli,6.068
fabul,6.064
juic,6.064
cryptic,6.060
yank,6.055
sympathi,6.043
recoveri,6.033
drink,6.030
recal,6.024
accord,6.012
gut,6.011
juggl,6.006
twist,6.006
essenc,6.004
rebirth,6.002
colleg,5.993
calmli,5.989
erot,5.985
spous,5.981
oft,5.981
griffith,5.977
unanim,5.977
media,5.976
accumul,5.972
grade,5.971
bishop,5.964
yield,5.956
precis,5.952
whenev,5.951
context,5.948
awaken,5.946
relev,5.946
poll,5.944
unwant,5.944
wit,5.942
utter,5.941
appetit,5.936
group,5.930
whose,5.922
unsympathet,5.916
sunglass,5.916
lest,5.912
herein,5.908
endur,5.908
documentari,5.908
train,5.904
lone,5.902
scan,5.901
orgi,5.901
restless,5.897
temporari,5.889
tyrant,5.882
cathart,5.882
inevit,5.876
mediocr,5.875
strongli,5.872
101,5.867
veil,5.867
careless,5.867
wherein,5.860
contradictori,5.856
tangl,5.852
vignett,5.852
categori,5.850
sync,5.849
therapist,5.849
landscap,5.841
cynic,5.837
lens,5.831
catalyst,5.824
assort,5.824
sat,5.815
factor,5.813
cheer,5.811
energi,5.807
fewer,5.806
sight,5.801
warm,5.800
blossom,5.800
farther,5.796
depend,5.794
eclips,5.793
andr,5.789
caf,5.789
outdoor,5.779
broken,5.775
steril,5.769
explan,5.765
gentli,5.753
record,5.753
core,5.743
rescu,5.740
intuit,5.740
hear,5.738
reli,5.732
operat,5.731
auto,5.731
angel,5.727
risk,5.726
contribut,5.724
timeless,5.723
cri,5.709
unnecessari,5.708
museum,5.694
deciph,5.694
analys,5.694
hidden,5.693
forgotten,5.685
unit,5.681
surpris,5.680
grind,5.673
regret,5.668
orchestra,5.667
hauntingli,5.661
command,5.659
freeli,5.650
40,5.649
erupt,5.647
mud,5.647
bombard,5.647
compos,5.645
tend,5.642
morph,5.636
adher,5.633
phenomen,5.630
antonio,5.627
due,5.627
outset,5.624
bigger,5.624
disastr,5.622
extravag,5.616
burnt,5.613
stitch,5.602
recept,5.597
allus,5.594
succeed,5.593
clearer,5.589
loud,5.584
hundr,5.579
madelein,5.576
financ,5.576
happier,5.576
disillus,5.573
submiss,5.568
unpreced,5.568
sweet,5.567
recollect,5.565
shock,5.562
mouth,5.559
cater,5.552
burn,5.540
fullest,5.537
frenet,5.535
loss,5.534
schedul,5.532
bewild,5.532
enslav,5.525
1962,5.525
hideou,5.520
refus,5.517
visit,5.509
crap,5.507
broadway,5.507
accustom,5.505
cann,5.505
tame,5.503
tricki,5.503
st,5.495
rel,5.492
mainli,5.483
biopic,5.481
digress,5.476
rewatch,5.476
discard,5.476
fragment,5.476
till,5.474
realis,5.472
shred,5.472
agoni,5.472
feminist,5.467
fold,5.465
dissect,5.460
unmatch,5.455
u,5.454
testimoni,5.453
accur,5.451
stanc,5.451
canva,5.449
occur,5.446
dare,5.446
bout,5.440
doll,5.433
author,5.430
emul,5.428
abruptli,5.426
flourish,5.424
spontan,5.417
exemplifi,5.413
unparallel,5.411
corridor,5.411
net,5.411
richli,5.402
barrier,5.400
sad,5.398
cite,5.398
suck,5.394
remad,5.394
essay,5.394
awesom,5.391
uncertainti,5.389
freed,5.385
squeez,5.375
sister,5.368
british,5.366
reliv,5.366
insignific,5.364
harbor,5.364
weep,5.352
1954,5.350
forget,5.348
domest,5.336
establish,5.334
personifi,5.334
blockbust,5.333
sober,5.326
spellbind,5.324
pocket,5.322
departur,5.322
inclin,5.310
ricordati,5.306
artfrom,5.306
oldamerican,5.306
guiditta,5.306
varieta,5.306
mastronioni,5.306
canfeel,5.306
hypermast,5.306
typemovi,5.306
heraclitu,5.306
graveit,5.306
rosalla,5.306
eriny,5.306
federicco,5.306
sceico,5.306
rimini,5.306
oneimmedi,5.306
dalinian,5.306
gioachino,5.306
spitless,5.306
mastrionni,5.306
felllini,5.306
tortellini,5.306
boratto,5.306
bygo,5.306
portentu,5.306
timecapsul,5.306
personalstori,5.306
doorjamb,5.306
unidealis,5.306
conocchia,5.306
ninchi,5.306
2thi,5.306
authenticityto,5.306
rondi,5.306
moreentertain,5.306
notstress,5.306
spiro,5.306
gianna,5.306
ofexcit,5.306
lancio,5.306
serarch,5.306
gherardi,5.306
carini,5.306
bellarmin,5.306
acran,5.306
resaw,5.306
whorishli,5.306
spero,5.306
confusion,5.306
alouk,5.306
tentazioni,5.306
ansemi,5.306
rabelasian,5.306
divenzano,5.306
radner,5.306
oito,5.306
moviesanyway,5.306
souli,5.306
filmsay,5.306
constructionist,5.306
bondanella,5.306
viewingth,5.306
prelat,5.306
querri,5.306
variet,5.306
rossela,5.306
farouk,5.306
catechist,5.306
isright,5.306
duringthi,5.306
mastrioanni,5.306
strati,5.306
ecliss,5.306
anachroni,5.306
sequenza,5.306
dottor,5.306
meio,5.306
afterse,5.306
ahorrid,5.306
passerella,5.306
analysand,5.306
matrimonial,5.306
renaldo,5.306
brunello,5.306
filmsallow,5.306
rogeul,5.306
feelyou,5.306
critial,5.306
hareem,5.306
parametr,5.306
mago,5.306
breebaart,5.306
vtheatr,5.306
ecclesiam,5.306
mastriano,5.306
manstroianni,5.306
filmbecaus,5.306
fellinni,5.306
valkari,5.306
pentapod,5.306
hawknos,5.306
after5,5.306
thelead,5.306
stylo,5.306
appeaseimport,5.306
limin,5.306
bianka,5.306
divertiss,5.306
forbiddenli,5.306
tastesleav,5.306
childhoodwhil,5.306
wasb,5.306
yourpocketbook,5.306
mastroinanni,5.306
nowfin,5.306
2ha,5.306
citro,5.306
thepow,5.306
agenzia,5.306
annibal,5.306
rino,5.306
risson,5.306
marstroiani,5.306
mastroanni,5.306
apox,5.306
wentinto,5.306
anuk,5.306
lousi,5.304
seduct,5.302
war,5.302
hurt,5.293
melancholi,5.291
conform,5.289
renown,5.283
bare,5.277
untouch,5.276
assumpt,5.274
undermin,5.272
redund,5.272
tiresom,5.272
stair,5.269
horizon,5.267
imperson,5.263
theater,5.262
inappropri,5.261
bittersweet,5.261
scandal,5.250
lure,5.250
evoc,5.247
meal,5.245
rental,5.238
hardli,5.235
btw,5.232
horror,5.230
pinnacl,5.229
belt,5.227
warp,5.223
luci,5.223
healthi,5.222
intellect,5.218
rapid,5.218
disc,5.210
vi,5.204
gave,5.201
digest,5.199
frantic,5.199
clumsi,5.199
arriv,5.192
overblown,5.191
balloon,5.191
retriev,5.189
wive,5.189
comprehens,5.189
fabric,5.186
slide,5.169
gigant,5.159
proclaim,5.158
seventh,5.151
array,5.148
mold,5.146
35,5.145
deliv,5.143
genr,5.141
melt,5.140
elit,5.140
angst,5.138
rambl,5.135
empir,5.129
sand,5.123
boggl,5.119
psychologist,5.116
prospect,5.113
petti,5.107
seamless,5.104
week,5.102
rever,5.099
older,5.098
worship,5.093
incarn,5.093
momentum,5.086
traumat,5.080
2001,5.077
gothic,5.074
aliv,5.069
radic,5.068
crippl,5.064
brazil,5.062
geek,5.061
kaufman,5.059
laugh,5.056
apolog,5.055
19,5.048
drift,5.046
mileston,5.043
planet,5.041
delet,5.036
bay,5.036
minimum,5.025
sore,5.024
money,5.018
feast,5.015
enigmat,5.014
document,5.014
styliz,5.009
track,5.007
agostini,5.005
fantisi,5.005
alberti,5.005
buona,5.005
addio,5.005
buoyantli,5.005
wankfest,5.005
ttach,5.005
tach,5.005
passolini,5.005
emerc,5.005
vitteloni,5.005
stendhal,5.005
valent,5.005
conga,5.005
tullio,5.005
personal,5.005
assosci,5.005
snoozathon,5.005
struct,5.005
blowsi,5.005
uteru,5.005
intercal,5.005
hemust,5.005
sacco,5.005
ekberg,5.005
unexpurg,5.005
musici,5.005
savio,5.005
soulbut,5.005
ioniz,5.005
presser,5.005
bianco,5.005
meritless,5.005
cheek,5.002
finest,4.999
era,4.994
pool,4.994
smart,4.993
worn,4.991
200,4.983
ga,4.983
grip,4.982
book,4.981
lip,4.979
hardship,4.976
le,4.974
rhythm,4.971
ebert,4.970
aforement,4.970
motif,4.966
german,4.965
aris,4.964
wholli,4.963
host,4.954
descent,4.945
heighten,4.944
web,4.944
hollow,4.941
peer,4.934
biggest,4.933
kill,4.925
midst,4.923
pill,4.921
watcher,4.916
hack,4.915
pivot,4.914
imaginari,4.911
magazin,4.896
pseudo,4.884
clash,4.882
delici,4.879
repli,4.878
outer,4.877
glamor,4.877
detach,4.872
blank,4.867
handsom,4.867
vh,4.861
save,4.857
miseri,4.853
gray,4.851
unreal,4.845
suffic,4.842
minor,4.839
seamlessli,4.836
flaiano,4.829
joyful,4.829
nepotist,4.829
vitelloni,4.829
psychotron,4.829
pysch,4.829
sevil,4.829
rememor,4.829
proustian,4.829
dantean,4.829
privaleg,4.829
charlesmatthew,4.829
ofthem,4.829
trebl,4.829
bloodli,4.829
bosomi,4.829
plumag,4.829
caterina,4.829
dadaist,4.829
southbank,4.829
ofit,4.829
gaudiest,4.829
1a,4.829
pers,4.829
barabara,4.829
intead,4.829
pinelli,4.829
useabl,4.829
pirandello,4.829
upfor,4.829
thefilmmak,4.829
straightforward,4.825
despis,4.819
critiqu,4.816
melodramat,4.808
flight,4.807
physic,4.803
sorri,4.803
tongu,4.801
teller,4.799
musician,4.796
grey,4.796
boundari,4.794
replic,4.793
awak,4.790
heartfelt,4.786
respond,4.786
shell,4.785
brood,4.784
themat,4.783
enthusiast,4.780
curios,4.779
dialog,4.778
recognis,4.778
boredom,4.773
2005,4.772
intrigu,4.768
flee,4.767
convolut,4.767
cake,4.761
absenc,4.760
favourit,4.757
busi,4.757
uninterest,4.749
sustain,4.748
subtli,4.747
forti,4.744
myth,4.744
million,4.737
bend,4.728
gentl,4.721
option,4.718
1000,4.718
supernatur,4.715
retain,4.714
pit,4.712
ok,4.710
librari,4.707
eager,4.706
buri,4.705
dui,4.704
icicl,4.704
piero,4.704
topolog,4.704
swaddl,4.704
showbusi,4.704
vitta,4.704
alexandro,4.704
felini,4.704
liais,4.704
rorshach,4.704
trippin,4.704
bergam,4.704
imput,4.704
apotheos,4.704
boccaccio,4.704
preci,4.704
overdon,4.703
hype,4.702
dilemma,4.700
aka,4.695
slap,4.690
ventur,4.690
hilari,4.685
weak,4.682
literatur,4.678
admittedli,4.673
enchant,4.670
usa,4.669
devil,4.664
die,4.650
induc,4.648
surviv,4.646
mixtur,4.645
tackl,4.644
needless,4.641
incorpor,4.639
bless,4.633
rome,4.629
spread,4.629
aggress,4.625
lend,4.616
ancient,4.613
pile,4.610
mpeg,4.607
outdistanc,4.607
inmost,4.607
lira,4.607
sluttish,4.607
rimbaud,4.607
jacquelin,4.607
imponder,4.607
pretensi,4.607
psychodynam,4.607
ultra,4.607
resolut,4.602
recov,4.602
cape,4.601
solut,4.595
label,4.595
assault,4.593
normal,4.592
landmark,4.579
simplic,4.579
countri,4.578
miracl,4.574
testament,4.568
18,4.561
echo,4.560
defi,4.556
survivor,4.556
exposit,4.554
jazz,4.551
confin,4.550
charisma,4.539
spare,4.539
drug,4.538
disast,4.537
illus,4.532
eccentr,4.531
screw,4.530
seminari,4.528
cognoscenti,4.528
handycam,4.528
animu,4.528
heterogen,4.528
dulc,4.528
luchino,4.528
zzz,4.528
putz,4.528
videoclip,4.528
bardot,4.528
mystif,4.528
chet,4.528
cahier,4.528
tv,4.521
blast,4.518
wolf,4.514
yesterday,4.503
prime,4.501
revolutionari,4.493
dig,4.487
function,4.480
lifestyl,4.479
artifici,4.478
underli,4.477
hesit,4.475
selfish,4.474
flick,4.474
slip,4.467
storyi,4.461
riven,4.461
vadim,4.461
welter,4.461
chasten,4.461
viewfind,4.461
fillet,4.461
immit,4.461
sandpap,4.461
provision,4.461
frugal,4.461
luis,4.461
fecund,4.461
cormack,4.461
laughter,4.458
undeni,4.449
infam,4.442
attend,4.441
lazi,4.436
easier,4.434
compliment,4.431
buzz,4.429
directori,4.420
gather,4.418
restor,4.417
zero,4.417
grave,4.409
bird,4.406
mummifi,4.403
sacrament,4.403
hyperr,4.403
tati,4.403
oversex,4.403
kinji,4.403
throati,4.403
zerkalo,4.403
uncompel,4.403
hungrili,4.403
mayn,4.403
dal,4.403
tarkowski,4.403
catech,4.403
subtleti,4.402
trademark,4.398
expand,4.397
2nd,4.383
dri,4.372
bold,4.370
multi,4.370
arrest,4.368
bob,4.364
mark,4.361
evok,4.358
transport,4.358
popul,4.353
fortuna,4.352
passersbi,4.352
anomi,4.352
seraglio,4.352
harlot,4.352
tunisian,4.352
anita,4.352
outpac,4.352
demagog,4.352
forgot,4.351
expens,4.348
spoken,4.348
occas,4.348
assur,4.348
user,4.338
eeri,4.334
nod,4.327
guid,4.327
urg,4.325
spin,4.323
underr,4.323
persona,4.322
encourag,4.319
corner,4.318
sweep,4.309
sudden,4.308
curiou,4.308
firth,4.306
codepend,4.306
realer,4.306
absente,4.306
cinecitta,4.306
louisvil,4.306
koan,4.306
raccoon,4.306
dwarfish,4.306
prefix,4.306
ninni,4.306
oligarch,4.306
piffl,4.306
sawdust,4.306
quirki,4.303
convinc,4.290
skip,4.285
alik,4.277
spell,4.272
heck,4.270
chimer,4.265
fukasaku,4.265
vulcan,4.265
schema,4.265
roger,4.265
contemporari,4.259
upset,4.255
1950,4.254
appli,4.246
rave,4.243
bag,4.239
feet,4.238
immers,4.237
tool,4.235
scope,4.234
band,4.229
seismic,4.227
vowel,4.227
paternalist,4.227
bray,4.227
panacea,4.227
freewheel,4.227
diaget,4.227
interrelationship,4.227
afield,4.227
mainstream,4.226
instantli,4.221
debat,4.221
vulner,4.221
garbag,4.218
theatric,4.213
apocalyps,4.212
vehicl,4.210
attach,4.210
tune,4.209
buff,4.207
horrif,4.207
sadist,4.201
guilti,4.200
compet,4.195
interview,4.195
pretend,4.194
morn,4.194
wouldn,4.194
foreclos,4.192
gatekeep,4.192
unstructur,4.192
olvidado,4.192
boor,4.192
diff,4.192
ring,4.184
kinda,4.179
paper,4.178
link,4.178
emperor,4.177
dedic,4.175
oppos,4.167
deliber,4.167
section,4.166
beatnik,4.160
condescendingli,4.160
capric,4.160
meaninglessli,4.160
internalis,4.160
traceabl,4.160
somebodi,4.158
bound,4.156
sympathet,4.155
employ,4.150
n,4.148
crack,4.146
flash,4.143
bed,4.139
cloth,4.131
jodorowski,4.130
cin,4.130
overambiti,4.130
drowsi,4.130
rorschach,4.130
intract,4.130
inborn,4.130
mobiu,4.130
sensit,4.129
necessarili,4.122
worker,4.114
independ,4.114
vast,4.110
associ,4.107
crash,4.107
spokesperson,4.102
insens,4.102
nabokov,4.102
religios,4.102
fugu,4.102
buxom,4.102
rainer,4.102
heckl,4.102
dignitari,4.102
pussycat,4.102
zipper,4.102
canvas,4.102
tobe,4.102
screenwrit,4.092
charli,4.090
ghost,4.085
site,4.085
exact,4.077
woozi,4.076
lasso,4.076
abr,4.076
freefal,4.076
trod,4.076
shakesperean,4.076
syntax,4.076
bilg,4.076
disassembl,4.076
paolo,4.076
armori,4.076
mockingli,4.076
sub,4.074
raw,4.069
frankli,4.059
succe,4.058
devic,4.057
regardless,4.053
naked,4.051
marienbad,4.051
harangu,4.051
unendur,4.051
tempest,4.051
austen,4.051
megaphon,4.051
rossellini,4.051
rivet,4.051
degre,4.050
cruel,4.041
harsh,4.038
citi,4.034
speed,4.032
quotidian,4.028
congest,4.028
segway,4.028
obsequi,4.028
hermet,4.028
sidebar,4.028
waken,4.028
reunif,4.028
andrey,4.028
sovereignti,4.028
forth,4.023
grew,4.021
dozen,4.017
character,4.013
cost,4.007
casanova,4.005
cassavet,4.005
gauch,4.005
gilda,4.005
passionless,4.005
recurs,4.005
unanticip,4.005
roman,4.004
fight,4.002
lock,3.990
ed,3.987
paid,3.985
hierarch,3.984
fassbind,3.984
nashvil,3.984
sociabl,3.984
fictiv,3.984
spuriou,3.984
foss,3.984
osmosi,3.984
sharp,3.984
overlook,3.983
ador,3.982
ex,3.982
unusu,3.977
confid,3.973
cartoon,3.967
relief,3.964
ceaseless,3.964
journeyman,3.964
buffoonish,3.964
androgyn,3.964
xxi,3.964
recharg,3.964
irretriev,3.964
leopard,3.964
vivac,3.964
impur,3.964
kentucki,3.964
undistinguish,3.964
chauvin,3.964
2x,3.964
sigmund,3.964
store,3.963
cheesi,3.951
unrestrict,3.945
maddeningli,3.945
thesauru,3.945
wriggl,3.945
hairdress,3.945
colour,3.941
dimension,3.939
sake,3.934
closer,3.934
organ,3.932
folk,3.926
istanbul,3.926
unannounc,3.926
amorph,3.926
enfold,3.926
tobi,3.926
pasolini,3.926
purif,3.926
procrastin,3.926
donn,3.926
possess,3.922
rip,3.909
dissemin,3.908
quilt,3.908
rougher,3.908
castig,3.908
inarticul,3.908
pandemonium,3.908
correct,3.906
justifi,3.898
nebul,3.891
recapitul,3.891
duff,3.891
anatoli,3.891
showgirl,3.891
ssed,3.891
clincher,3.891
vacil,3.891
deni,3.891
advanc,3.882
pointless,3.878
disappear,3.878
com,3.878
bear,3.877
notabl,3.877
hire,3.876
backer,3.875
lascivi,3.875
unwash,3.875
insubstanti,3.875
overemphas,3.875
consecr,3.875
unclutt,3.875
heret,3.875
wake,3.874
award,3.866
disgust,3.860
inbetween,3.859
ascet,3.859
abstrus,3.859
masturbatori,3.859
gaggl,3.859
grovel,3.859
dell,3.859
hint,3.857
clean,3.847
radioact,3.844
noun,3.844
wintri,3.844
inaugur,3.844
terrac,3.844
toga,3.844
stout,3.844
kar,3.844
televis,3.839
melang,3.829
lenient,3.829
celebratori,3.829
flagrant,3.829
massiv,3.829
silenc,3.826
charg,3.824
hot,3.823
player,3.818
shipwreck,3.815
wondrous,3.815
eureka,3.815
restat,3.815
sing,3.810
appropri,3.807
attitud,3.805
etcetera,3.801
gft,3.801
rereleas,3.801
basest,3.801
bulldoz,3.801
foregon,3.801
whereupon,3.801
mojo,3.801
subsist,3.801
honor,3.799
legendari,3.797
witti,3.796
evil,3.789
pacifi,3.788
neorealist,3.788
likabl,3.783
higher,3.778
statu,3.775
solemnli,3.775
tinsel,3.775
spheric,3.775
compliant,3.775
blabber,3.775
70,3.766
snooti,3.762
dogmat,3.762
gargoyl,3.762
hoop,3.762
mover,3.762
thoroughli,3.761
nation,3.758
proffer,3.750
encod,3.750
tableaux,3.750
clearest,3.750
underact,3.750
burlesqu,3.750
grope,3.750
cvisit,3.750
thrall,3.750
layer,3.750
plain,3.749
blue,3.749
mediterranean,3.738
chatti,3.738
portug,3.738
millimet,3.738
suffus,3.738
complain,3.732
teach,3.730
onto,3.727
eon,3.727
sycophant,3.727
threadbar,3.727
plural,3.727
pushi,3.727
neurosi,3.727
purifi,3.727
surprisingli,3.726
thousand,3.723
angri,3.723
thrown,3.722
scream,3.717
vex,3.715
22nd,3.715
pilgrim,3.715
weren,3.713
doppelgang,3.704
unflapp,3.704
neverland,3.704
cogniz,3.704
footprint,3.704
herself,3.698
slavish,3.694
kinship,3.694
vat,3.683
recours,3.683
layman,3.683
complicit,3.683
superstit,3.683
intermix,3.683
photographi,3.681
opposit,3.673
boldest,3.673
camcord,3.673
harbing,3.673
sonata,3.673
heartrend,3.673
dispers,3.673
sleep,3.672
squat,3.663
dovetail,3.663
tchaikovski,3.663
disproportion,3.663
chug,3.663
gymnast,3.663
begrudg,3.663
viva,3.663
earn,3.659
improv,3.658
unasham,3.653
sycoph,3.653
jive,3.653
transient,3.653
undivid,3.653
bgm,3.653
egomaniac,3.644
unconnect,3.644
polarisdib,3.644
slither,3.644
undecid,3.644
matchless,3.644
absolv,3.634
deadlin,3.634
payrol,3.634
convuls,3.634
ailment,3.634
spec,3.634
potti,3.634
smithereen,3.634
opportun,3.634
stagnat,3.625
unmitig,3.625
corusc,3.625
preliminari,3.625
therapeut,3.625
carousel,3.616
font,3.616
unqualifi,3.616
led,3.616
fate,3.614
sloppili,3.607
manur,3.607
pea,3.607
clara,3.607
whet,3.607
fume,3.607
neuros,3.607
faintli,3.607
sticker,3.607
rancor,3.607
commun,3.606
blown,3.599
haphazardli,3.599
dali,3.599
jubil,3.599
overgrown,3.599
supplant,3.599
round,3.594
moviemusereview,3.590
docil,3.590
clownish,3.590
marcel,3.590
tablet,3.590
convey,3.590
compani,3.588
ojo,3.582
1001,3.582
lb,3.582
hide,3.581
steven,3.578
bunch,3.576
f,3.576
luigi,3.574
preclud,3.574
villa,3.574
reactiv,3.574
fetu,3.574
tawdri,3.574
ghoulish,3.566
breathtak,3.558
contemptu,3.558
drape,3.558
haphazard,3.558
huddl,3.558
agonis,3.558
current,3.556
law,3.555
tsunami,3.550
64,3.550
dum,3.550
constrict,3.550
coil,3.550
90,3.543
fruitless,3.543
viril,3.543
elucid,3.543
recoil,3.543
tortuou,3.543
hem,3.543
kael,3.543
clergi,3.543
liver,3.543
determin,3.543
depart,3.540
bunuel,3.535
ingrati,3.535
flap,3.535
autopilot,3.535
tedious,3.528
smoki,3.528
pluse,3.528
modul,3.528
treatis,3.528
pester,3.528
glaringli,3.528
york,3.528
trick,3.527
humour,3.522
squalid,3.521
watersh,3.521
heavi,3.520
hassl,3.514
caprici,3.514
moist,3.514
caress,3.514
mainten,3.514
subterranean,3.514
send,3.508
org,3.507
vortex,3.507
explic,3.507
kidman,3.507
flail,3.507
laserdisc,3.507
prep,3.507
sent,3.507
humanis,3.500
discontinu,3.500
gobbl,3.500
debilit,3.493
decod,3.493
enunci,3.493
unattain,3.493
strength,3.490
notch,3.488
douch,3.487
masina,3.487
dole,3.487
wai,3.487
champagn,3.487
fester,3.487
analyst,3.487
paulin,3.487
victim,3.483
rush,3.482
monopoli,3.480
propag,3.480
definitli,3.480
acerb,3.480
tatter,3.480
livelihood,3.480
ankl,3.480
ostentati,3.480
sanction,3.480
cadenc,3.480
undertaken,3.480
hmmmm,3.480
aftertast,3.480
ore,3.480
explos,3.480
brandish,3.474
synthesi,3.474
conting,3.474
deprec,3.474
complimentari,3.474
r,3.474
trailer,3.473
dote,3.468
satisfactorili,3.468
polem,3.468
ascent,3.468
wanton,3.468
constru,3.468
carelessli,3.468
scant,3.468
scold,3.468
dr,3.467
john,3.464
prosaic,3.461
noos,3.461
bewitch,3.461
wateri,3.461
dishonesti,3.455
nocturn,3.455
vivaci,3.455
postpon,3.455
sensationalist,3.449
fasten,3.449
diminut,3.443
chastis,3.443
feverish,3.443
pier,3.443
flounder,3.443
feign,3.443
stew,3.443
modernist,3.437
fluctuat,3.437
chopin,3.437
apparatu,3.437
ostrac,3.437
nauseou,3.431
coca,3.431
maltin,3.431
euro,3.431
suspect,3.428
locat,3.426
unsurpris,3.426
isak,3.426
singlehandedli,3.426
eisenstein,3.420
angrili,3.420
scissor,3.420
kafka,3.420
indiscrimin,3.414
healer,3.414
awash,3.414
miscarriag,3.414
dissatisfact,3.414
rais,3.406
monster,3.404
amiss,3.403
infrequ,3.403
towel,3.403
marxist,3.403
nuisanc,3.403
fickl,3.403
postwar,3.403
inward,3.403
lite,3.403
zealou,3.403
singularli,3.403
rublev,3.398
listen,3.396
sandi,3.393
manifesto,3.393
common,3.388
visa,3.387
dandi,3.387
plato,3.387
retold,3.382
inadequaci,3.382
posh,3.382
mumbo,3.377
prod,3.372
fedora,3.372
postcard,3.372
hurdl,3.372
recurr,3.372
centric,3.372
relinquish,3.367
91,3.367
fire,3.367
mush,3.362
furnish,3.362
unwit,3.362
entrap,3.362
needi,3.357
werner,3.357
foolishli,3.357
showman,3.352
diva,3.352
puberti,3.352
flown,3.352
insepar,3.352
insan,3.347
touchston,3.347
indistinguish,3.347
engend,3.347
charmingli,3.347
revelatori,3.347
obtus,3.343
disgustingli,3.343
anal,3.343
pack,3.342
otherwis,3.340
indoctrin,3.338
51,3.333
monger,3.333
gaug,3.333
chagrin,3.333
autumn,3.333
comb,3.333
demeanour,3.333
adulter,3.333
o,3.329
purs,3.329
hyperact,3.324
poop,3.324
rearrang,3.324
sponsor,3.320
low,3.319
fervor,3.315
unwillingli,3.315
hearken,3.315
reconnect,3.315
labori,3.315
artific,3.315
pranc,3.315
earlier,3.313
rhythmic,3.311
gleeful,3.311
hasti,3.311
headi,3.311
groundwork,3.311
scare,3.309
elitist,3.306
moreso,3.306
16th,3.306
brows,3.302
weirdest,3.302
toronto,3.298
nonlinear,3.294
catalogu,3.294
1961,3.294
valkyri,3.294
unend,3.294
notebook,3.294
quickli,3.292
whimsi,3.289
swipe,3.289
cola,3.289
onset,3.289
justic,3.285
undesir,3.285
fawn,3.285
rundown,3.285
climax,3.284
existentialist,3.281
deflat,3.281
overdr,3.281
eighth,3.281
franz,3.277
squir,3.277
plummet,3.277
sluggish,3.273
subtract,3.273
naivet,3.273
beatl,3.273
atyp,3.269
slump,3.269
genial,3.269
doze,3.265
cozi,3.265
sketchi,3.261
sinner,3.261
auditorium,3.257
auster,3.257
redempt,3.257
solid,3.256
town,3.254
sip,3.253
jumbo,3.253
quotat,3.253
pulp,3.250
endow,3.249
ti,3.249
aimless,3.246
carrier,3.246
arduou,3.246
clich,3.246
slogan,3.242
skate,3.242
zen,3.242
ford,3.239
implicit,3.238
ozu,3.238
chronic,3.238
discret,3.238
helplessli,3.238
sica,3.238
es,3.234
mm,3.234
goddess,3.234
seinfeld,3.234
centerpiec,3.231
startlingli,3.231
infantil,3.231
unchang,3.231
kilter,3.231
devout,3.227
toast,3.227
obedi,3.227
vener,3.224
disarm,3.224
unscath,3.224
exert,3.220
babel,3.220
gleam,3.216
nineteen,3.216
fink,3.213
predomin,3.213
disillusion,3.213
thee,3.213
spectacular,3.209
vacuou,3.203
devote,3.203
dylan,3.203
trepid,3.203
teeter,3.203
sideway,3.199
harvard,3.199
conundrum,3.199
lumin,3.199
nonexist,3.199
harshli,3.199
conspicu,3.196
stalwart,3.196
reloc,3.196
boyhood,3.192
conductor,3.189
unsurprisingli,3.189
lacon,3.189
fanfar,3.189
craftsman,3.189
nicola,3.189
newbi,3.189
lurid,3.186
undercut,3.186
daredevil,3.186
mischief,3.182
elat,3.182
viabl,3.182
foray,3.182
delin,3.182
misconcept,3.182
sabr,3.182
adulteri,3.179
authorit,3.179
skit,3.179
activist,3.176
unadulter,3.176
exasper,3.176
member,3.175
street,3.175
gossip,3.173
discrep,3.173
tirad,3.173
pregnanc,3.173
negat,3.173
frog,3.170
circular,3.166
ail,3.166
sensori,3.166
hectic,3.166
utopia,3.166
breadth,3.163
reaffirm,3.163
newfound,3.163
dog,3.160
unspoken,3.157
introductori,3.157
sexist,3.157
precursor,3.157
laundri,3.157
histrion,3.154
masterli,3.154
pyrotechn,3.154
fluffi,3.154
subordin,3.151
underpin,3.151
endeavour,3.151
disclos,3.151
idiosyncrat,3.151
elementari,3.151
tranquil,3.148
dome,3.148
confound,3.148
swarm,3.148
zip,3.148
collis,3.148
velvet,3.145
pri,3.145
panoram,3.145
idioci,3.139
demean,3.139
profund,3.139
archiv,3.139
regress,3.139
reborn,3.136
courtyard,3.136
tidi,3.136
giamatti,3.136
shine,3.135
trendi,3.133
pt,3.133
justli,3.133
frivol,3.130
aback,3.130
rise,3.128
polit,3.127
assimil,3.127
ubiquit,3.127
slacker,3.125
lab,3.125
intersect,3.125
birdman,3.125
relay,3.122
postmodern,3.119
naughti,3.119
beat,3.118
6,3.117
voyeurist,3.116
cinephil,3.116
lund,3.116
picturesqu,3.116
francoi,3.113
55,3.113
dishonest,3.113
invigor,3.113
36,3.113
incess,3.113
delinqu,3.113
swiss,3.113
afterthought,3.113
inconsequenti,3.113
tension,3.109
disapprov,3.108
faux,3.108
inadequ,3.108
tumbl,3.108
folli,3.108
anthem,3.108
clever,3.108
repercuss,3.105
sombr,3.105
detour,3.105
affection,3.105
avenu,3.105
eclect,3.105
identif,3.102
maz,3.102
converg,3.102
errat,3.102
grappl,3.102
painstakingli,3.102
privaci,3.102
coz,3.102
seam,3.102
stifl,3.102
abort,3.102
du,3.100
sorta,3.097
shroud,3.097
boyish,3.097
david,3.096
jacqu,3.094
oddbal,3.094
interweav,3.094
1952,3.094
abnorm,3.092
milieu,3.092
avers,3.092
thinli,3.089
buy,3.087
slant,3.086
irrever,3.086
toxic,3.086
baptism,3.086
44,3.086
strangest,3.084
wrought,3.084
callou,3.081
scath,3.081
dame,3.081
vanilla,3.081
esquir,3.078
insensit,3.078
impot,3.076
andrei,3.076
truest,3.076
troup,3.073
hybrid,3.073
clad,3.073
shook,3.073
meek,3.073
allegi,3.068
giddi,3.068
align,3.066
mall,3.066
antihero,3.066
preconceiv,3.063
cheeki,3.063
condescend,3.061
vicari,3.061
commenc,3.061
tasteless,3.061
knot,3.061
saddl,3.058
steep,3.058
weekli,3.056
karat,3.053
glide,3.053
chore,3.053
patriarch,3.053
acceler,3.053
wee,3.051
grow,3.050
lord,3.050
jigsaw,3.044
shear,3.044
renaiss,3.044
color,3.044
faction,3.042
undercurr,3.042
box,3.039
unknowingli,3.039
scorn,3.039
lofti,3.037
atom,3.037
graveyard,3.037
noisi,3.035
ploy,3.032
transfix,3.030
tenth,3.030
edg,3.028
snob,3.028
barrag,3.028
apathi,3.025
swiftli,3.025
crafti,3.023
deter,3.021
splendidli,3.021
gist,3.019
fast,3.018
fountain,3.016
slept,3.016
bethani,3.014
trickeri,3.012
minion,3.012
rhyme,3.012
groan,3.012
zani,3.010
naturalist,3.007
output,3.007
innuendo,3.007
tacki,3.005
contain,3.004
um,3.001
10th,3.001
lolita,2.999
solitud,2.999
pupil,2.997
islam,2.995
cancel,2.995
rhetor,2.995
tighten,2.995
insomniac,2.992
bravura,2.992
unsurpass,2.992
acut,2.992
shrug,2.992
plainli,2.992
vocabulari,2.990
dud,2.990
skew,2.990
empow,2.988
qualm,2.986
whim,2.986
muster,2.982
sooth,2.980
lessen,2.980
paradiso,2.980
bravado,2.980
lucid,2.980
nurtur,2.980
sci,2.979
fi,2.979
consol,2.978
expressionist,2.978
escort,2.976
semin,2.976
ting,2.974
accordingli,2.972
surrog,2.972
rehears,2.972
purest,2.970
accomplic,2.970
embellish,2.968
slew,2.968
gosh,2.968
oblivion,2.968
interspers,2.966
longtim,2.964
overweight,2.964
dungeon,2.964
doesnt,2.964
madonna,2.962
endors,2.962
chant,2.962
griev,2.962
flirt,2.962
rigid,2.960
vaniti,2.960
limbo,2.960
refrain,2.958
78,2.958
curious,2.956
allegor,2.956
tribul,2.954
album,2.954
reappear,2.954
1973,2.952
therein,2.952
academi,2.952
800,2.950
obes,2.950
harass,2.950
smirk,2.948
teaser,2.948
sen,2.948
ritual,2.948
midway,2.947
transmit,2.947
worldli,2.947
ode,2.947
abli,2.943
chock,2.943
forum,2.943
stricken,2.941
deft,2.941
bin,2.941
darken,2.939
1969,2.939
irrespons,2.939
logo,2.937
amazon,2.935
strawberri,2.935
revis,2.935
fuse,2.935
unthink,2.935
meter,2.933
learnt,2.933
medicin,2.933
prison,2.933
council,2.932
thrill,2.930
collid,2.930
intimaci,2.930
reconcil,2.930
strung,2.928
overt,2.926
joyou,2.926
steadili,2.924
obey,2.924
defect,2.924
carefre,2.923
conceit,2.923
nag,2.923
latin,2.921
tho,2.921
coordin,2.921
peek,2.919
pov,2.919
notwithstand,2.917
agenc,2.917
hay,2.915
pervas,2.915
herald,2.914
resili,2.914
lovingli,2.912
fictiti,2.910
tighter,2.910
barber,2.910
januari,2.908
sampl,2.907
ginger,2.905
ratio,2.905
hamlet,2.905
lag,2.903
outstand,2.903
scrutini,2.902
selv,2.898
overload,2.896
1964,2.896
hapless,2.893
deform,2.893
dissolv,2.891
tide,2.890
dismay,2.888
ceil,2.888
framework,2.888
clarifi,2.886
horn,2.885
cleaner,2.883
vessel,2.881
exuber,2.880
incompar,2.877
reassur,2.877
refug,2.877
violent,2.875
grain,2.875
famous,2.873
evad,2.873
interven,2.872
dusti,2.872
cox,2.867
closeup,2.865
bid,2.865
amateurish,2.862
intricaci,2.862
veer,2.862
explicitli,2.861
sieg,2.861
metaphys,2.861
lad,2.861
poet,2.858
gunshot,2.858
misplac,2.856
solitari,2.855
smug,2.855
june,2.855
bye,2.855
barton,2.855
compuls,2.855
pompou,2.853
condens,2.852
maxim,2.852
inan,2.850
flare,2.850
renew,2.848
rambo,2.848
bafta,2.848
defiantli,2.847
courtesi,2.845
concoct,2.845
audit,2.845
peter,2.845
macabr,2.844
soulless,2.844
estim,2.844
bee,2.842
tripe,2.841
woke,2.841
myriad,2.841
exemplari,2.841
artifact,2.841
stabl,2.837
turkish,2.837
eg,2.835
allud,2.835
readili,2.835
blood,2.834
censor,2.834
spout,2.834
grandmoth,2.834
turkey,2.831
th,2.828
cream,2.828
magnolia,2.828
litter,2.826
deftli,2.826
tread,2.826
applic,2.826
extravaganza,2.825
rampant,2.825
wink,2.823
commonli,2.823
daylight,2.822
uncontrol,2.821
overboard,2.821
jame,2.820
engulf,2.819
persecut,2.819
plod,2.818
magnum,2.818
blackmail,2.816
laps,2.816
spacecraft,2.812
morbid,2.811
1978,2.809
voyeur,2.808
palm,2.807
multitud,2.804
rewrit,2.804
imper,2.804
catastroph,2.801
sublimin,2.801
son,2.797
oblivi,2.796
justif,2.796
overbear,2.796
voyag,2.794
retel,2.794
permeat,2.793
mathematician,2.792
prolong,2.792
ambianc,2.792
backbon,2.790
spectacularli,2.790
dreamer,2.789
joint,2.789
clueless,2.788
distribut,2.784
choppi,2.783
unnot,2.783
lifeless,2.780
democraci,2.780
tack,2.777
somber,2.775
surf,2.775
patron,2.775
placement,2.774
implement,2.774
analog,2.774
suav,2.772
1987,2.772
unsuccess,2.772
frenzi,2.771
cling,2.770
prowess,2.770
hopper,2.770
denouement,2.770
brim,2.769
claw,2.769
outdat,2.767
hulk,2.766
roam,2.765
1920,2.765
colin,2.762
liquid,2.761
junior,2.760
rub,2.760
endeavor,2.759
thrive,2.759
1957,2.759
genius,2.757
suppress,2.756
romantic,2.756
triangl,2.755
indel,2.755
nutshel,2.755
impend,2.754
mega,2.752
recount,2.752
perplex,2.750
couch,2.750
brink,2.750
loom,2.749
audaci,2.748
gentlemen,2.746
tempo,2.745
immacul,2.744
mail,2.744
king,2.744
fright,2.743
scriptwrit,2.742
drivel,2.742
whimsic,2.737
trivia,2.737
omit,2.736
heel,2.735
travesti,2.731
improb,2.730
2016,2.730
exposur,2.729
luc,2.729
hypocrisi,2.727
stem,2.727
uncertain,2.725
illumin,2.725
downward,2.725
spooki,2.724
inaccur,2.723
hooker,2.722
gregori,2.722
stuf,2.721
sour,2.721
singular,2.721
filler,2.721
abound,2.720
constitut,2.718
sob,2.718
nightmarish,2.718
therebi,2.716
speaker,2.716
monstrou,2.715
beforehand,2.715
masculin,2.714
messi,2.712
bliss,2.711
medit,2.710
jet,2.709
discern,2.709
assert,2.706
juxtapos,2.706
1959,2.706
widescreen,2.705
brush,2.705
exclud,2.703
pretens,2.702
electrifi,2.702
penetr,2.702
wrestl,2.702
aboard,2.700
articul,2.699
weigh,2.699
mesmeris,2.698
1955,2.698
craftsmanship,2.697
blatantli,2.697
worthless,2.696
artwork,2.695
unfamiliar,2.694
undertak,2.694
ma,2.693
cerebr,2.690
stern,2.689
wasteland,2.689
graham,2.688
collar,2.687
pat,2.687
unnerv,2.687
dreari,2.686
contest,2.686
anchor,2.685
duplic,2.685
submit,2.683
rag,2.681
uncompromis,2.681
roughli,2.681
margin,2.680
skull,2.680
fleet,2.679
virgin,2.679
meander,2.679
sloppi,2.679
whine,2.677
downhil,2.676
slim,2.676
minu,2.673
disord,2.673
poke,2.672
doc,2.672
anonym,2.671
intro,2.671
utmost,2.671
loop,2.670
subdu,2.669
depriv,2.669
tom,2.668
uneven,2.668
forg,2.667
surrend,2.667
immatur,2.664
vocal,2.664
exterior,2.664
choke,2.662
disciplin,2.662
standpoint,2.660
thru,2.658
incomprehens,2.657
unexpectedli,2.657
imperfect,2.657
eagerli,2.655
hug,2.655
spoof,2.654
regain,2.653
begun,2.653
smallest,2.652
conjur,2.651
gaze,2.650
guardian,2.650
hunger,2.649
misunderstood,2.649
chart,2.648
grandios,2.647
sane,2.647
apt,2.647
mindset,2.646
bunker,2.645
neatli,2.645
acid,2.645
1941,2.645
butcher,2.644
palpabl,2.644
chees,2.643
mutual,2.643
esqu,2.643
improvis,2.642
overpow,2.642
restrict,2.641
paradis,2.641
nihilist,2.641
pin,2.641
gender,2.641
buster,2.639
sigh,2.638
opu,2.637
void,2.637
flood,2.635
retrospect,2.634
pioneer,2.633
seduc,2.633
sketch,2.631
sadden,2.631
household,2.629
dim,2.628
equat,2.628
acquaint,2.628
vividli,2.627
diari,2.627
ps,2.623
dysfunct,2.622
mislead,2.622
lavish,2.620
1972,2.620
pant,2.620
porn,2.619
profil,2.619
global,2.617
hr,2.617
maze,2.614
500,2.614
eloqu,2.613
classifi,2.612
rendit,2.609
wannab,2.608
instruct,2.607
escal,2.607
delus,2.606
foolish,2.605
debt,2.605
mute,2.605
degrad,2.603
chuckl,2.603
mildli,2.603
quintessenti,2.602
secretli,2.602
textur,2.602
tea,2.601
bottl,2.601
republ,2.600
ward,2.600
encompass,2.599
rogu,2.599
hardest,2.596
bonu,2.592
growth,2.591
unleash,2.590
convert,2.590
propos,2.590
ooz,2.589
crave,2.588
rosebud,2.588
stagger,2.586
wield,2.585
resent,2.585
aura,2.583
puppet,2.581
persist,2.581
plung,2.580
panic,2.580
dc,2.580
undergo,2.579
len,2.578
specul,2.577
cycl,2.577
energet,2.576
outlin,2.576
abund,2.576
anni,2.576
breathless,2.575
facet,2.575
spectat,2.574
crappi,2.573
compon,2.572
entitl,2.572
biographi,2.572
monoton,2.572
hallucin,2.569
endlessli,2.569
admiss,2.568
vein,2.568
hip,2.567
interior,2.567
trauma,2.565
yearn,2.563
woven,2.561
halloween,2.560
recogniz,2.559
repuls,2.557
1993,2.557
unconvent,2.556
click,2.556
antic,2.554
afi,2.552
muscl,2.552
taylor,2.550
fuss,2.550
updat,2.548
masteri,2.546
stiff,2.546
legitim,2.545
flag,2.545
comedian,2.544
request,2.544
conduct,2.542
mode,2.542
enlist,2.541
incident,2.541
humili,2.541
vastli,2.541
protest,2.540
corps,2.539
trite,2.538
persuad,2.538
warrant,2.537
propel,2.537
spiderman,2.536
toilet,2.535
lang,2.535
senseless,2.531
distort,2.531
viewpoint,2.531
furiou,2.530
royal,2.530
dispos,2.530
profess,2.529
shaki,2.528
y,2.528
mythic,2.527
smoothli,2.527
quietli,2.526
embark,2.525
explicit,2.525
bleed,2.525
warmth,2.523
thrust,2.521
worldwid,2.520
runtim,2.520
unawar,2.520
instrument,2.520
blogspot,2.520
freez,2.517
correctli,2.516
enthusiasm,2.513
deservedli,2.512
devoid,2.512
mortal,2.507
bump,2.507
sixti,2.506
heap,2.506
chronicl,2.505
invad,2.505
deem,2.504
asham,2.502
pierc,2.502
setup,2.501
dive,2.499
crop,2.497
cousin,2.493
honour,2.492
saturday,2.491
cup,2.491
cherish,2.491
mozart,2.489
agenda,2.489
suspici,2.488
saniti,2.488
strain,2.485
lit,2.485
fierc,2.484
ted,2.483
literari,2.483
heartwarm,2.483
reign,2.481
plight,2.479
unhappi,2.478
guest,2.477
ah,2.476
fest,2.476
visionari,2.476
tick,2.474
inject,2.472
signatur,2.470
reel,2.470
divorc,2.470
slightest,2.468
ideolog,2.468
adolesc,2.467
effortlessli,2.466
majest,2.465
diminish,2.465
barrel,2.463
coin,2.460
broad,2.459
inferior,2.458
ludicr,2.458
startl,2.456
overlong,2.454
swept,2.454
bibl,2.453
visibl,2.453
hungri,2.452
briefli,2.451
suffici,2.450
tap,2.450
nake,2.450
implic,2.450
firmli,2.448
vibrant,2.448
2015,2.447
crane,2.447
seal,2.447
drain,2.447
oddli,2.444
decor,2.441
pen,2.439
loser,2.439
delic,2.438
crown,2.438
overact,2.437
flawlessli,2.435
gate,2.435
demis,2.434
sunday,2.433
boast,2.432
habit,2.431
underworld,2.431
numb,2.431
durat,2.426
wreck,2.424
kingdom,2.423
irrelev,2.420
denni,2.418
secondari,2.418
complement,2.418
trail,2.418
obstacl,2.416
seller,2.415
caribbean,2.415
obscur,2.413
teeth,2.411
lastli,2.410
gripe,2.410
elsewher,2.409
labyrinth,2.409
suspend,2.408
pun,2.408
notori,2.408
crystal,2.402
stab,2.400
proport,2.400
thick,2.399
collaps,2.399
smell,2.397
wick,2.396
speechless,2.395
adequ,2.394
hyster,2.394
mytholog,2.393
attribut,2.393
jane,2.391
moreov,2.390
tendenc,2.389
fuel,2.388
spotlight,2.387
fifteen,2.387
1997,2.386
nuditi,2.385
fundament,2.383
carpent,2.383
accolad,2.382
resid,2.381
behold,2.381
fed,2.379
mistaken,2.375
kid,2.375
butt,2.374
queen,2.374
garner,2.372
chop,2.372
climact,2.372
quarter,2.372
ennio,2.371
intim,2.370
smash,2.370
harm,2.370
thief,2.367
loneli,2.366
shade,2.364
tip,2.362
strip,2.360
presum,2.357
unfair,2.356
pg,2.355
wisdom,2.355
uncl,2.354
princip,2.353
primari,2.353
proceed,2.352
clone,2.350
ensu,2.350
nostalg,2.348
pale,2.348
underst,2.347
neck,2.347
harrow,2.346
fred,2.344
flip,2.343
nose,2.343
deriv,2.342
aveng,2.341
2002,2.341
centr,2.338
suppli,2.337
nuclear,2.337
toler,2.337
afternoon,2.336
whoever,2.336
3rd,2.335
evolut,2.333
grate,2.333
lengthi,2.333
glu,2.331
adopt,2.331
dear,2.330
injustic,2.330
stark,2.330
relentless,2.330
wash,2.329
verdict,2.329
bug,2.329
slick,2.328
profit,2.328
downfal,2.324
legaci,2.324
purchas,2.324
taught,2.323
1st,2.323
occupi,2.321
assembl,2.320
16,2.320
restaur,2.318
jerk,2.317
rubbish,2.316
capit,2.313
altogeth,2.312
hopeless,2.309
text,2.307
primarili,2.306
2008,2.305
rid,2.305
territori,2.305
nerv,2.305
moviego,2.304
harder,2.303
glorifi,2.303
prejudic,2.302
commend,2.300
pose,2.300
monument,2.299
realm,2.298
ensur,2.298
principl,2.294
simplist,2.293
divers,2.293
moon,2.293
downright,2.291
viciou,2.290
via,2.290
leonard,2.289
border,2.288
underground,2.287
montag,2.286
portion,2.286
mystic,2.285
mous,2.283
choreograph,2.281
mount,2.281
offend,2.279
standout,2.277
exquisit,2.277
pursuit,2.277
applaud,2.276
makeup,2.272
premier,2.272
drunk,2.271
preview,2.270
arrog,2.268
prop,2.268
dust,2.267
shower,2.266
fallen,2.265
detract,2.264
imprison,2.263
firstli,2.261
cruelti,2.260
mindless,2.260
miser,2.260
dinner,2.260
crush,2.259
suitabl,2.258
shi,2.258
distant,2.257
jerri,2.257
shoulder,2.255
stolen,2.254
christ,2.254
14,2.251
soft,2.251
eas,2.251
merri,2.251
pro,2.249
backward,2.246
impli,2.246
17,2.246
revers,2.243
singer,2.243
tribut,2.242
daili,2.240
await,2.239
smooth,2.238
code,2.237
burst,2.236
program,2.235
london,2.233
discoveri,2.230
bell,2.229
loyal,2.227
scar,2.226
bite,2.225
sun,2.224
fish,2.224
cell,2.224
competit,2.221
murray,2.219
orson,2.216
alongsid,2.216
1990,2.212
compass,2.212
volum,2.211
promot,2.209
accident,2.207
friendli,2.206
chaplin,2.203
repetit,2.202
charismat,2.201
react,2.200
thumb,2.200
sir,2.199
nasti,2.195
explod,2.192
mechan,2.192
awkward,2.190
impecc,2.188
popcorn,2.188
expert,2.188
recognit,2.187
graviti,2.187
basi,2.187
slight,2.186
eve,2.185
crucial,2.184
showcas,2.182
subplot,2.182
holi,2.178
incid,2.175
percept,2.171
luck,2.168
footag,2.165
con,2.165
lift,2.163
trial,2.160
sensat,2.158
burton,2.157
proper,2.157
kurosawa,2.156
h,2.155
unpredict,2.153
fade,2.153
buddi,2.152
hors,2.151
funniest,2.150
invest,2.147
loyalti,2.147
secur,2.145
lame,2.144
wherea,2.144
fourth,2.143
evolv,2.143
servic,2.143
stomach,2.143
outcom,2.143
scheme,2.140
dude,2.138
christma,2.136
switch,2.132
enthral,2.131
glimps,2.130
corpor,2.129
hatr,2.128
25,2.125
size,2.124
predecessor,2.123
skin,2.123
sin,2.120
leg,2.119
ticket,2.119
bull,2.118
select,2.117
curs,2.117
aid,2.116
ambiti,2.115
hall,2.112
jail,2.110
pre,2.109
letter,2.108
contact,2.107
potter,2.107
conclud,2.104
freak,2.102
stock,2.102
warrior,2.095
blew,2.094
wwii,2.092
lucki,2.091
photograph,2.087
accid,2.087
shift,2.087
assist,2.080
mountain,2.079
phone,2.076
stellar,2.074
exagger,2.074
nowaday,2.074
trash,2.073
engross,2.071
tight,2.069
bloom,2.068
consider,2.068
heavili,2.067
russian,2.066
pathet,2.064
teen,2.060
storm,2.054
blind,2.054
redeem,2.049
debut,2.048
floor,2.047
metal,2.045
insult,2.044
price,2.040
religi,2.038
pirat,2.034
overcom,2.032
exploit,2.030
ball,2.030
oper,2.030
topic,2.024
lifetim,2.021
market,2.020
blame,2.020
odyssey,2.019
scenario,2.017
nail,2.013
rival,2.013
station,2.012
greed,2.010
remov,2.009
piti,2.007
stretch,2.006
virtual,2.005
brave,2.005
cant,2.004
news,2.004
gotten,1.998
chosen,1.998
formula,1.997
bullet,1.997
bright,1.991
sacrific,1.988
idiot,1.986
k,1.985
darker,1.984
orang,1.982
demonstr,1.981
cult,1.979
hey,1.975
doom,1.972
hadn,1.970
teacher,1.969
bat,1.968
nevertheless,1.967
keaton,1.965
overli,1.963
addict,1.962
p,1.959
astonish,1.958
holm,1.958
betray,1.948
maintain,1.947
replac,1.945
dumb,1.943
anticip,1.942
surpass,1.940
mob,1.939
stereotyp,1.936
tremend,1.927
account,1.925
consequ,1.922
legend,1.920
weapon,1.919
unknown,1.919
weav,1.916
mass,1.915
somewher,1.912
argu,1.910
fake,1.909
assum,1.908
bomb,1.907
11,1.904
greater,1.900
met,1.898
mine,1.898
abus,1.898
sadli,1.891
g,1.889
area,1.883
billi,1.880
winner,1.877
girlfriend,1.873
psycho,1.871
anger,1.868
noir,1.867
wind,1.866
speech,1.863
ugli,1.859
utterli,1.855
eat,1.853
yeah,1.851
terror,1.848
vote,1.847
80,1.846
quick,1.846
grant,1.842
investig,1.842
mask,1.841
path,1.833
sceneri,1.833
camp,1.830
x,1.829
rock,1.823
richard,1.817
green,1.815
worri,1.815
c,1.813
unfold,1.808
husband,1.808
babi,1.807
frighten,1.805
accent,1.804
younger,1.803
terrifi,1.798
vietnam,1.795
theatr,1.790
stanley,1.788
gari,1.783
captain,1.779
door,1.778
protect,1.777
cross,1.774
mission,1.772
wrote,1.767
detect,1.767
15,1.767
super,1.765
ii,1.765
enemi,1.762
hunt,1.761
drawn,1.758
practic,1.753
system,1.753
kick,1.751
armi,1.749
anti,1.740
born,1.735
leader,1.732
suit,1.732
angl,1.731
hank,1.723
storytel,1.721
tough,1.719
corrupt,1.718
tim,1.707
plenti,1.697
drop,1.697
spoil,1.689
wors,1.672
red,1.672
slightli,1.669
comput,1.669
cover,1.662
histor,1.661
frank,1.658
match,1.643
ridicul,1.632
hole,1.620
romanc,1.617
western,1.617
terrif,1.617
team,1.610
cgi,1.609
daughter,1.598
spielberg,1.596
skill,1.593
predict,1.590
danger,1.586
steal,1.571
godfath,1.568
kubrick,1.531
christian,1.531
late,1.507
tarantino,1.486
plan,1.486
unfortun,1.479
societi,1.473
offic,1.444
robert,1.409
mr,1.398
sequel,1.387
children,1.356
brother,1.350
crime,1.338
anim,1.277
violenc,1.195
