hur,2613.403
ben,1873.186
judah,1250.224
heston,1141.975
chariot,1141.000
messala,1012.388
christ,743.706
race,727.747
roman,696.722
charlton,654.376
wyler,644.149
jesu,570.467
epic,479.264
boyd,454.019
galley,312.778
hi,281.297
1959,267.940
stephen,238.314
arriu,236.253
rome,231.468
biblic,229.503
hawkin,226.481
slave,219.476
griffith,212.168
film,211.331
he,208.499
scene,206.924
esther,206.253
judea,206.227
sister,205.783
jerusalem,203.810
reveng,202.875
s,188.614
as,183.067
religi,181.383
lew,181.074
oscar,180.065
william,176.447
command,169.775
mother,169.543
jewish,167.697
him,165.527
wa,164.439
by,160.703
friend,159.760
harareet,155.580
christian,151.558
1925,150.201
on,149.531
leper,148.786
version,148.620
haya,148.611
stori,147.079
which,146.873
quintu,145.788
princ,144.491
miklo,142.639
water,140.653
leprosi,138.752
an,137.750
sheik,137.414
hugh,136.767
time,136.581
set,135.912
crucifixion,135.390
best,132.961
battl,131.704
long,131.504
pictur,130.681
screen,130.240
are,130.046
governor,129.963
most,129.796
11,129.443
actor,129.143
sequenc,128.953
wallac,128.168
who,127.112
when,126.501
still,125.504
with,125.313
at,124.645
today,123.851
greatest,123.633
hors,122.608
spectacl,121.307
for,121.033
from,120.424
also,119.527
ever,119.414
classic,118.331
ha,117.927
there,117.694
jew,117.694
famili,117.331
award,117.267
year,116.984
tale,116.694
great,116.637
sea,116.303
won,114.456
they,112.811
be,112.465
all,112.134
movi,111.994
one,111.776
score,111.381
hour,110.084
not,109.852
i,108.126
jack,108.089
than,108.087
you,107.719
in,107.028
product,106.353
rozsa,106.059
but,105.878
life,105.163
were,104.989
hollywood,104.734
well,104.465
had,103.886
pilat,103.471
other,103.414
mani,103.226
more,103.069
after,102.780
action,102.573
forgiv,102.484
that,101.682
make,101.119
ten,100.868
even,100.430
have,99.608
we,98.568
perform,98.451
their,98.187
see,98.131
never,97.997
made,97.840
look,97.176
histori,96.708
ship,96.299
so,96.282
some,96.167
faith,96.074
t,95.915
silent,95.277
novel,95.259
veri,94.969
role,94.653
like,94.291
give,94.167
dure,94.073
my,93.934
love,93.685
or,93.353
scale,92.954
will,92.902
act,92.790
win,92.741
just,91.673
onli,91.651
betray,91.549
over,91.172
way,91.170
ani,91.073
everi,90.931
mgm,90.710
watch,89.757
man,89.688
return,89.540
then,88.642
ilderim,88.607
massala,88.041
now,87.466
would,87.225
costum,86.885
music,86.846
good,86.837
no,86.657
is,86.496
about,86.069
titan,85.764
such,85.588
get,85.210
includ,84.944
consul,84.580
big,84.538
between,84.196
if,84.009
what,83.951
can,83.180
effect,83.039
much,82.917
grand,82.665
where,82.461
out,82.368
magnific,82.159
seen,82.131
childhood,81.289
been,80.673
power,80.567
come,80.490
two,79.996
play,79.903
peopl,79.775
them,79.552
becom,79.494
martha,79.352
dvd,79.323
support,78.967
friendship,78.960
back,78.669
jaff,78.523
it,78.140
me,77.550
face,77.198
direct,77.179
spectacular,77.005
do,76.468
juda,76.148
first,76.021
vengeanc,75.860
gener,75.763
10,75.579
academi,75.270
becaus,74.939
later,74.933
histor,74.759
cast,74.754
could,74.735
work,74.678
old,74.628
up,74.356
moment,74.353
famou,74.028
day,73.575
slaveri,73.248
how,73.123
remak,72.718
titl,72.675
into,72.185
show,72.168
while,72.059
three,71.933
better,71.676
take,71.286
too,71.099
befor,70.785
save,70.431
turn,70.311
cours,70.276
hatr,70.222
through,70.163
director,69.968
miriam,69.525
though,69.256
to,69.251
of,69.157
gladiat,68.545
part,68.342
deserv,68.288
tirzah,68.239
both,67.911
those,67.675
quit,67.395
live,67.336
cinema,67.153
doe,67.123
wonder,67.113
god,66.747
should,66.597
rosza,66.443
donnel,66.392
vidal,66.125
charact,66.068
releas,65.782
age,65.665
arab,65.628
say,65.524
spartacu,65.515
name,65.375
realli,65.375
adopt,65.266
excel,65.124
empir,64.971
four,64.609
tile,64.458
alway,64.452
fall,64.350
here,64.189
did,64.150
without,64.054
extra,63.735
centuri,63.493
shot,63.474
amp,63.421
lead,63.287
half,63.210
thi,63.178
find,62.320
cross,62.089
end,61.923
minut,61.866
special,61.837
your,61.513
few,61.508
use,61.384
perhap,61.368
thing,61.019
top,60.828
drama,60.793
excit,60.716
scott,60.359
hate,60.136
again,60.128
messag,60.040
final,59.915
enemi,59.905
rememb,59.645
probabl,59.628
saw,59.474
seem,59.453
record,59.449
die,59.293
feel,59.034
imprison,58.838
heal,58.834
impress,58.694
piec,58.685
tribun,58.531
may,58.056
beauti,58.020
pontiu,58.002
put,57.918
canutt,57.824
consid,57.823
star,57.662
religion,57.556
boyhood,57.463
stunt,57.457
naval,57.408
howev,57.051
present,56.629
ve,56.604
studio,56.441
bibl,56.425
script,56.235
origin,56.148
interest,56.019
against,56.013
rather,55.878
whi,55.764
believ,55.665
especi,55.558
think,55.453
know,55.227
era,54.938
move,54.906
anoth,54.710
go,54.440
down,54.275
re,54.200
audienc,54.011
far,53.815
benhur,53.535
don,53.261
a,52.913
mention,52.826
new,52.823
curri,52.709
cinemat,52.363
must,52.294
lot,52.257
expens,52.178
worth,52.127
same,52.125
view,51.955
although,51.872
full,51.754
along,51.719
bit,51.650
offer,51.531
eye,51.503
whole,51.457
rower,51.179
simonid,51.179
everyth,51.117
own,51.050
last,50.982
simpli,50.977
close,50.572
amaz,50.486
portray,50.407
miracl,50.319
enough,50.281
sheer,50.260
finlay,50.169
death,50.084
polit,50.039
finest,49.988
want,49.950
cathi,49.931
prison,49.859
mind,49.802
heart,49.716
particularli,49.685
ultim,49.671
reason,49.467
cleopatra,49.294
sound,49.006
yakima,48.911
whose,48.858
right,48.838
despit,48.734
emot,48.725
wealthi,48.516
condemn,48.511
tell,48.477
ancient,48.433
done,48.410
onc,48.388
ago,48.189
cinematographi,48.164
follow,48.133
remain,48.066
masala,47.878
freedom,47.815
inspir,47.678
masterpiec,47.551
son,47.546
grandeur,47.529
stage,47.506
meet,47.322
50,47.300
exampl,47.001
hand,46.868
number,46.863
parad,46.710
goe,46.679
doesn,46.615
nomin,46.504
yet,46.494
nearli,46.396
m,46.361
fine,46.345
produc,46.299
robe,46.294
fact,46.154
surte,46.116
row,46.075
perfect,46.001
begin,45.950
actual,45.917
true,45.885
achiev,45.882
success,45.866
instead,45.849
rate,45.760
memor,45.731
send,45.599
cure,45.529
sens,45.428
certainli,45.427
touch,45.416
person,45.369
least,45.308
real,45.306
stand,45.297
place,45.142
each,45.093
comput,45.051
winner,45.050
got,45.000
these,44.987
valu,44.926
run,44.906
mose,44.884
told,44.834
cecil,44.788
word,44.747
3,44.679
standard,44.678
human,44.647
arena,44.596
nobleman,44.583
length,44.577
date,44.564
scope,44.460
sinc,44.305
our,44.142
someth,44.126
and,44.082
need,44.039
upon,44.026
learn,43.974
motion,43.956
around,43.762
4,43.747
tv,43.699
appear,43.677
strong,43.656
event,43.639
eleven,43.595
edit,43.590
design,43.507
passion,43.181
demil,43.171
tunberg,43.063
balthasar,43.063
sure,42.955
home,42.872
until,42.763
mean,42.727
seek,42.621
coloni,42.572
almost,42.400
littl,42.347
said,42.345
bore,42.317
birth,42.275
drink,42.208
noth,42.123
incred,42.027
kind,41.951
differ,41.937
keep,41.863
cgi,41.844
except,41.799
accid,41.735
sever,41.533
didn,41.462
dramat,41.457
tri,41.312
complet,41.289
recommend,41.202
took,41.121
pretti,41.077
aspect,41.032
thrill,41.023
chain,40.978
appreci,40.948
sweep,40.933
book,40.843
1880,40.747
gore,40.733
second,40.639
isn,40.594
glori,40.566
aliv,40.549
hold,40.493
viewer,40.491
truli,40.415
1950,40.409
sam,40.357
fleet,40.185
pace,40.169
gone,40.125
among,39.901
import,39.881
circu,39.711
under,39.647
eventu,39.500
million,39.472
leav,39.450
earli,39.377
superb,39.250
thring,39.169
rich,39.169
breathtak,39.143
itself,39.083
entertain,38.916
drag,38.908
bring,38.808
212,38.757
visual,38.526
featur,38.466
depict,38.407
adapt,38.312
centurion,38.292
massiv,38.287
background,38.212
color,38.047
point,38.014
nazareth,38.012
opinion,37.984
heard,37.864
enjoy,37.793
equal,37.753
wasn,37.743
spiritu,37.734
given,37.685
art,37.486
arabia,37.175
heater,37.172
am,37.054
might,36.906
favorit,36.892
wide,36.845
refus,36.778
chang,36.687
1,36.642
o,36.619
2,36.609
screenplay,36.581
found,36.564
adventur,36.413
compar,36.290
camera,36.250
bitter,36.234
everyon,36.201
men,36.166
call,36.105
brilliant,36.092
awe,36.089
definit,36.019
entir,35.861
intim,35.555
victori,35.531
fantast,35.528
base,35.523
emperor,35.506
thousand,35.372
effort,35.335
forc,35.284
roof,35.245
write,35.209
widescreen,35.170
larg,35.072
recent,35.053
attempt,35.024
huge,34.980
sandal,34.901
outstand,34.832
zimbalist,34.817
theme,34.691
less,34.551
experi,34.545
realiz,34.520
100,34.515
imagin,34.303
detail,34.298
oar,34.120
five,34.114
critic,34.112
behind,34.109
modern,34.001
40,33.896
disc,33.862
speak,33.856
technic,33.832
000,33.816
bad,33.805
sermon,33.696
war,33.578
element,33.576
teach,33.572
lord,33.547
off,33.454
known,33.445
rest,33.439
happen,33.420
stop,33.387
away,33.381
sent,33.315
highli,33.289
lancast,33.278
extrem,33.263
often,33.243
vadi,33.242
result,33.115
mikl,33.042
desir,33.009
hear,32.995
hope,32.788
appeal,32.765
main,32.686
wit,32.679
period,32.536
diseas,32.511
b,32.510
budget,32.427
honor,32.288
line,32.271
theatr,32.212
alon,32.198
sword,32.183
lawrenc,32.143
pick,32.134
american,32.090
charleton,31.873
built,31.831
15,31.809
captur,31.757
decid,31.671
carri,31.651
sunday,31.629
written,31.622
intermiss,31.590
pass,31.549
help,31.529
career,31.400
us,31.326
credit,31.277
matter,31.260
presenc,31.232
easter,31.217
expect,31.197
arriv,31.155
judean,31.131
karl,31.074
70mm,31.050
absolut,31.043
respect,30.971
legion,30.949
redempt,30.939
accident,30.893
tiberiu,30.823
desert,30.792
anyon,30.775
mr,30.764
cut,30.726
fortun,30.698
overal,30.520
inde,30.515
manag,30.474
develop,30.450
enslav,30.385
technolog,30.358
frame,30.329
plot,30.274
etc,30.209
5,30.167
former,30.050
case,30.049
wise,30.012
total,29.994
remark,29.939
destroy,29.938
free,29.934
gave,29.907
civil,29.895
form,29.878
wind,29.855
accept,29.639
cheesi,29.633
creat,29.626
genr,29.562
moral,29.487
ram,29.484
himself,29.475
surviv,29.423
d,29.400
slow,29.395
soldier,29.309
self,29.260
rule,29.252
suffer,29.131
grandios,29.121
anymor,29.020
shown,29.001
zsa,29.001
anyth,28.927
mayb,28.904
abov,28.876
master,28.829
king,28.810
restor,28.709
cultur,28.665
encount,28.620
attent,28.586
start,28.579
kill,28.564
none,28.506
journey,28.476
guy,28.461
print,28.390
statu,28.316
doubt,28.301
instanc,28.271
ye,28.234
peac,28.185
thought,28.166
gallow,28.001
golden,27.924
strength,27.920
read,27.846
messalah,27.644
toward,27.636
theater,27.628
size,27.611
hero,27.468
ground,27.337
came,27.328
conflict,27.316
compet,27.266
intens,27.263
leprou,27.169
obviou,27.141
soul,27.135
contain,27.037
quo,27.009
sometim,26.975
flow,26.913
idea,26.876
qualiti,26.858
addit,26.768
boy,26.711
arabian,26.666
usual,26.639
particular,26.630
requir,26.611
rise,26.584
tgset,26.532
throughout,26.522
review,26.511
possibl,26.364
divin,26.306
lavish,26.197
isra,26.167
ratio,26.145
regard,26.124
1907,26.113
parallel,26.109
world,26.072
2003,26.063
thrown,26.055
cost,26.044
forev,26.012
singl,25.999
offic,25.986
involv,25.982
thirst,25.978
land,25.976
lost,25.922
brought,25.870
terrif,25.868
felt,25.837
taken,25.812
photographi,25.767
sentenc,25.740
convinc,25.737
notic,25.733
captiv,25.688
wooden,25.671
style,25.669
influenc,25.636
late,25.620
abl,25.606
bethlehem,25.590
uncredit,25.566
afi,25.520
rever,25.497
beyond,25.492
holiday,25.444
her,25.437
job,25.428
either,25.424
test,25.420
forget,25.404
understand,25.361
format,25.173
els,25.169
wouldn,25.163
overtur,25.160
round,25.156
search,25.142
term,25.138
unfortun,25.137
convey,25.132
gratu,25.027
nobl,25.020
short,24.997
hard,24.995
drive,24.980
timeless,24.800
thirsti,24.796
longer,24.787
valley,24.772
decad,24.769
sit,24.752
ll,24.709
continu,24.693
tie,24.651
merchant,24.648
match,24.638
miniv,24.613
small,24.599
clearli,24.473
relationship,24.408
overact,24.371
caus,24.368
nice,24.363
20th,24.289
month,24.206
note,24.191
project,24.190
major,24.114
locat,23.984
render,23.954
defeat,23.920
open,23.881
sceneri,23.825
ad,23.819
purpos,23.819
symbol,23.809
earn,23.786
someon,23.782
superior,23.679
copi,23.591
judaea,23.521
macedonian,23.521
allow,23.519
care,23.428
villain,23.393
dialogu,23.369
coloss,23.366
head,23.346
process,23.344
list,23.276
let,23.215
belief,23.215
concern,23.190
describ,23.180
theolog,23.144
receiv,23.116
novarro,23.037
young,23.035
she,22.986
flagship,22.975
materi,22.969
overr,22.960
awesom,22.911
add,22.895
togeth,22.895
cid,22.890
third,22.792
easili,22.787
prefer,22.765
somewhat,22.764
actress,22.727
mostli,22.698
spare,22.693
deep,22.690
the,22.679
balthazar,22.641
heroic,22.637
obvious,22.555
miss,22.526
injur,22.495
homosexu,22.459
9,22.440
pirat,22.377
posit,22.333
wish,22.260
26,22.240
atheist,22.232
problem,22.219
speed,22.177
dead,22.155
relat,22.150
train,22.139
count,22.111
whom,22.056
left,22.031
confront,21.954
militari,21.934
highlight,21.858
subtitl,21.778
spite,21.699
fate,21.685
trial,21.599
grip,21.588
popular,21.558
chanc,21.544
burt,21.523
latter,21.519
lack,21.497
1997,21.471
loyalti,21.468
accolad,21.434
anyway,21.428
voic,21.424
biggest,21.378
aristocrat,21.374
front,21.364
forti,21.347
climact,21.347
fiction,21.346
myself,21.322
ingersol,21.225
alreadi,21.186
interpret,21.179
light,21.170
provinc,21.169
realist,21.166
ambiti,21.152
claud,21.134
heavi,21.119
prepar,21.115
focu,21.113
televis,21.112
letterbox,21.084
cinemascop,21.084
tent,21.068
rescu,21.048
enorm,21.041
risk,20.996
talk,20.986
ring,20.922
legendari,20.883
16,20.880
filmmak,20.856
worthi,20.835
born,20.824
wrong,20.815
choic,20.814
fill,20.807
overblown,20.763
miracul,20.756
compos,20.698
rous,20.690
prove,20.662
imperi,20.657
magic,20.633
state,20.629
order,20.627
liter,20.622
caesar,20.612
imag,20.505
clear,20.491
greet,20.453
older,20.393
comment,20.384
violenc,20.323
basic,20.240
technicolor,20.240
mere,20.221
evil,20.210
opposit,20.203
depth,20.188
tragedi,20.160
reunion,20.148
rank,20.142
ape,20.123
near,20.102
virtual,20.053
guess,20.052
judeah,20.021
lesson,19.988
opportun,19.986
pod,19.982
resurrect,19.980
level,19.941
white,19.940
author,19.908
frank,19.897
8,19.881
younger,19.834
discov,19.832
non,19.798
becam,19.796
whip,19.791
kept,19.787
opera,19.759
box,19.756
swear,19.753
whether,19.731
miniseri,19.711
climax,19.706
due,19.694
endur,19.693
deepli,19.692
similar,19.659
themselv,19.658
tire,19.653
crucifi,19.566
clash,19.530
decor,19.525
figur,19.506
unforgett,19.469
citizen,19.459
garrison,19.457
calvari,19.457
deni,19.454
lumber,19.429
photo,19.372
spirit,19.368
cannot,19.317
compel,19.302
crowd,19.294
practic,19.286
coupl,19.271
devot,19.257
struggl,19.254
twenti,19.252
melodramat,19.230
distanc,19.230
daughter,19.181
enthral,19.180
ask,19.150
rabbi,19.146
suppos,19.139
charg,19.121
skill,19.114
carpent,19.061
storylin,19.036
haven,19.021
impact,19.015
plu,18.987
fifti,18.975
larger,18.969
theatric,18.957
perspect,18.948
buff,18.932
stuff,18.927
melodrama,18.852
freed,18.848
area,18.826
bushman,18.817
money,18.816
thu,18.783
refer,18.781
wealth,18.763
reflect,18.697
serv,18.696
happi,18.683
injustic,18.644
mammoth,18.597
occupi,18.571
marvel,18.506
central,18.483
provid,18.477
futur,18.442
paint,18.425
stuntman,18.416
visit,18.364
slightli,18.354
reaction,18.348
exist,18.328
65,18.321
pleas,18.318
de,18.306
pan,18.300
overcom,18.286
hebrew,18.266
rivet,18.228
wow,18.203
extraordinari,18.186
accur,18.170
wait,18.147
immens,18.141
held,18.137
rival,18.117
type,18.085
driver,18.078
justic,18.070
key,18.053
gloriou,18.032
deliv,18.000
silver,17.983
ridicul,17.948
express,17.938
shoot,17.934
anim,17.882
march,17.806
fashion,17.773
somehow,17.767
fulli,17.700
60,17.677
reward,17.672
folk,17.668
accomplish,17.660
newli,17.657
reveal,17.656
techniqu,17.634
digit,17.618
further,17.588
drawn,17.577
father,17.575
spent,17.544
fascin,17.541
dialog,17.520
miniatur,17.503
ambit,17.489
natur,17.488
truth,17.483
citi,17.480
arrest,17.473
panavis,17.467
member,17.464
factor,17.439
engag,17.395
overwhelm,17.383
aren,17.372
punish,17.360
broken,17.325
demand,17.311
aw,17.267
giant,17.245
disappoint,17.234
core,17.229
cinecitta,17.225
necessari,17.213
rebellion,17.207
contribut,17.173
lose,17.170
beat,17.148
exhibit,17.135
unnecessari,17.124
poor,17.118
pagan,17.071
hit,17.064
augustu,17.060
unit,17.043
construct,17.042
surpris,17.039
contemporari,17.035
unlik,17.019
stun,16.980
amount,16.962
admit,16.960
fame,16.955
tend,16.926
certain,16.920
side,16.911
interact,16.905
draw,16.891
display,16.888
fellow,16.872
pre,16.868
handl,16.821
school,16.813
lover,16.776
7,16.770
crucif,16.770
sheikh,16.770
anatomi,16.737
fail,16.679
recogn,16.672
high,16.660
next,16.658
directli,16.652
issu,16.650
trampl,16.643
worst,16.641
19th,16.634
digniti,16.589
combin,16.584
boat,16.581
throw,16.575
earlier,16.566
inform,16.544
culmin,16.543
perfectli,16.509
path,16.497
largest,16.486
video,16.484
focus,16.478
princip,16.468
quickli,16.461
earth,16.451
fit,16.428
crew,16.416
homo,16.405
heir,16.401
brutal,16.370
mill,16.362
convict,16.349
collector,16.339
treatment,16.317
insid,16.296
solid,16.282
promin,16.237
across,16.235
build,16.195
astound,16.192
racer,16.191
finish,16.134
steven,16.101
british,16.099
treason,16.065
narr,16.057
dollar,16.024
fight,16.009
favor,15.999
mark,15.989
salvat,15.971
patriot,15.947
deal,15.946
rare,15.938
transform,15.927
reject,15.922
wrote,15.907
oh,15.863
pure,15.862
demonstr,15.850
treat,15.811
brick,15.767
guard,15.743
thank,15.723
cri,15.701
dolbi,15.695
triumph,15.691
terribl,15.689
justli,15.666
balanc,15.596
reach,15.589
hasn,15.583
angl,15.579
convert,15.537
exactli,15.531
abil,15.517
notabl,15.509
quest,15.507
soon,15.497
robert,15.494
doubl,15.473
sold,15.389
lean,15.384
toga,15.376
class,15.333
floweri,15.317
pain,15.305
taylor,15.303
sourc,15.302
ramon,15.260
holi,15.248
tear,15.239
incid,15.223
darn,15.222
seat,15.218
six,15.194
writer,15.194
goldwyn,15.151
planet,15.123
struck,15.109
courag,15.096
declin,15.067
breath,15.055
itali,15.054
wors,15.050
otherwis,15.031
horribl,15.026
track,15.020
break,15.006
graphic,14.953
admir,14.943
anger,14.941
le,14.921
affect,14.916
sentiment,14.915
bet,14.906
reunit,14.889
hous,14.880
appli,14.860
marri,14.850
signific,14.824
ideolog,14.809
fault,14.808
difficult,14.779
fear,14.758
spend,14.755
contact,14.750
widest,14.732
hell,14.726
swept,14.723
messiah,14.622
arrang,14.616
joke,14.563
conquer,14.543
rivalri,14.533
proud,14.531
mesuri,14.488
sextu,14.488
share,14.486
fals,14.476
loos,14.463
champion,14.459
physic,14.410
contrast,14.405
controversi,14.395
flaw,14.372
brown,14.352
boredom,14.320
exact,14.269
couldn,14.223
blockbust,14.220
realism,14.175
blood,14.170
strip,14.162
patienc,14.142
soap,14.136
consist,14.129
dull,14.125
niblo,14.113
grew,14.074
icon,14.067
worthwhil,14.064
escap,14.055
character,14.045
child,14.033
accord,14.028
cant,14.027
hudson,13.999
tension,13.990
collect,13.983
pull,13.940
artist,13.934
victim,13.933
grade,13.933
bombast,13.926
sacrific,13.918
stay,13.904
serious,13.898
gorgeou,13.898
r,13.895
romant,13.879
excess,13.879
leader,13.859
john,13.855
ahead,13.852
statur,13.836
primarili,13.835
commerci,13.826
metro,13.820
financi,13.815
bodi,13.814
monument,13.794
colour,13.793
documentari,13.785
12,13.784
commit,13.780
sake,13.770
storytel,13.767
nevertheless,13.767
claim,13.749
via,13.738
blow,13.728
sprawl,13.726
concentr,13.710
testament,13.704
mount,13.686
fun,13.666
simpl,13.662
categori,13.651
affair,13.651
2016,13.650
edg,13.628
cynic,13.620
prop,13.606
41,13.591
listen,13.584
unbeliev,13.581
drop,13.577
inaccuraci,13.571
prefect,13.570
sat,13.568
children,13.558
brian,13.557
common,13.550
asid,13.549
72,13.549
genuin,13.541
vow,13.538
ponder,13.508
meant,13.508
un,13.476
respons,13.464
tribut,13.449
bankruptci,13.447
player,13.363
fake,13.360
mood,13.355
undeni,13.348
properli,13.341
manner,13.339
2000,13.337
76,13.315
spellbind,13.310
nor,13.295
domin,13.289
spot,13.280
compass,13.271
forgotten,13.264
subtl,13.258
sadli,13.236
wrench,13.217
seriou,13.198
stallion,13.174
approach,13.174
gospel,13.157
span,13.148
phenomen,13.137
murder,13.131
apart,13.115
room,13.089
subplot,13.089
attack,13.081
evok,13.074
dodsworth,13.056
el,13.054
gt,13.041
craft,13.009
luck,13.008
glare,13.002
grandest,12.998
episod,12.979
check,12.971
1956,12.953
violent,12.938
western,12.934
stagger,12.931
menac,12.920
65mm,12.919
troubl,12.911
minor,12.905
height,12.897
wilder,12.888
team,12.883
spectat,12.870
lame,12.865
wherea,12.863
protagonist,12.860
fan,12.853
easi,12.852
interior,12.834
sorri,12.807
improv,12.805
comparison,12.781
attract,12.780
avail,12.780
25,12.752
separ,12.734
sin,12.718
green,12.708
object,12.694
favourit,12.686
jail,12.659
gain,12.657
unfold,12.657
20,12.654
stream,12.641
statuett,12.641
accent,12.629
past,12.584
tunic,12.577
colosseum,12.556
neither,12.556
summari,12.547
suggest,12.546
feast,12.538
mortal,12.535
preach,12.528
innoc,12.523
oppos,12.502
intersect,12.498
magi,12.481
assist,12.479
6,12.467
honour,12.461
content,12.458
pop,12.458
connect,12.426
aforement,12.424
drum,12.418
join,12.410
virtu,12.401
tower,12.395
chalic,12.391
cathol,12.363
mont,12.355
cameo,12.350
hurt,12.350
majest,12.325
religios,12.307
nra,12.307
georg,12.303
partial,12.285
system,12.270
talent,12.233
sub,12.222
hardli,12.214
countri,12.207
neg,12.199
potenti,12.196
interlud,12.185
accus,12.181
frankli,12.178
prais,12.171
translat,12.163
banish,12.157
badli,12.152
model,12.145
lifetim,12.126
wallow,12.110
homeland,12.101
warship,12.083
highest,12.075
spoiler,12.061
arguabl,12.058
teeth,12.055
progress,12.049
glad,12.049
comic,12.039
essenc,12.009
question,12.003
public,12.002
subject,11.994
chosen,11.991
erot,11.970
variou,11.966
mytholog,11.963
joy,11.944
dose,11.942
commentari,11.933
essenti,11.918
agre,11.915
week,11.904
behold,11.903
acclaim,11.892
gay,11.885
plenti,11.881
garner,11.862
cave,11.859
dungeon,11.856
phantom,11.847
post,11.842
tribul,11.817
celebr,11.803
authent,11.803
scan,11.801
suspens,11.801
hair,11.792
worldli,11.786
night,11.781
societi,11.781
overli,11.780
inevit,11.752
ensu,11.749
seri,11.736
correct,11.719
ruin,11.717
majesti,11.690
overshadow,11.685
afternoon,11.682
splendor,11.676
pageantri,11.674
util,11.664
immedi,11.661
maximu,11.655
mural,11.625
meticul,11.623
flat,11.614
narrat,11.601
repres,11.591
tremend,11.564
grown,11.551
whilst,11.547
clean,11.540
stuck,11.540
empti,11.540
numer,11.529
lump,11.506
quiet,11.492
enact,11.487
hot,11.468
oppress,11.442
tailor,11.431
strike,11.410
greater,11.403
imax,11.401
began,11.395
ruler,11.388
rage,11.388
hokey,11.376
enmiti,11.364
splendid,11.363
charisma,11.349
stir,11.331
step,11.326
detract,11.319
blend,11.304
middl,11.286
soundtrack,11.280
persecut,11.277
outsid,11.252
peak,11.251
cold,11.249
bigger,11.247
30,11.243
extravag,11.232
jaw,11.231
rewrit,11.216
mediterranean,11.214
heaven,11.202
feat,11.196
fatal,11.182
onto,11.181
surprisingli,11.177
prestigi,11.162
hundr,11.157
adjac,11.146
knew,11.136
loyal,11.134
shock,11.125
center,11.115
danger,11.101
wuther,11.081
driven,11.071
loss,11.068
beaten,11.065
sick,11.064
specif,11.064
grant,11.054
promot,11.045
embrac,11.044
explain,11.037
suppress,11.024
mysteri,11.017
situat,11.015
mom,11.013
adult,11.010
ministri,10.989
rel,10.983
hype,10.972
fri,10.971
sort,10.959
homoerot,10.959
palestin,10.959
referenc,10.948
henc,10.947
rock,10.941
execut,10.940
tortur,10.938
basi,10.935
kirk,10.934
mayer,10.931
crucial,10.919
1960,10.914
hypocrisi,10.906
structur,10.895
occur,10.892
chemistri,10.878
intend,10.859
black,10.855
led,10.847
architectur,10.839
david,10.837
co,10.820
stranger,10.807
w,10.775
contract,10.774
judg,10.746
contest,10.745
nobodi,10.741
treasur,10.740
exodu,10.698
kid,10.686
christma,10.679
grow,10.675
control,10.669
law,10.665
rumor,10.663
unintent,10.652
telli,10.651
advers,10.648
greek,10.644
luca,10.627
malco,10.613
juddah,10.613
proconsul,10.613
judan,10.613
leg,10.596
select,10.587
aid,10.581
fast,10.565
debat,10.554
bother,10.533
pretenti,10.514
chose,10.504
elev,10.504
ride,10.485
maker,10.479
choos,10.477
prior,10.462
pay,10.458
wine,10.443
spurn,10.441
photograph,10.436
titular,10.430
righteou,10.426
nonetheless,10.401
mighti,10.399
necess,10.392
gibson,10.390
bound,10.390
21,10.385
mel,10.377
superbl,10.373
n,10.369
besid,10.364
intent,10.357
shallow,10.355
overlord,10.347
amongst,10.324
sensit,10.322
gigant,10.318
proclaim,10.315
regular,10.308
corrupt,10.306
necessarili,10.304
assassin,10.287
reput,10.283
vast,10.276
campi,10.273
storm,10.270
studi,10.262
gambl,10.251
countless,10.241
resembl,10.237
avoid,10.228
tast,10.224
undoubtedli,10.221
rais,10.217
initi,10.206
shame,10.203
stiff,10.184
flag,10.181
si,10.178
conduct,10.169
futil,10.169
roll,10.151
enter,10.143
surround,10.141
regardless,10.133
spoil,10.133
remind,10.129
crippl,10.127
degre,10.124
substanc,10.108
fabul,10.107
knock,10.103
cruel,10.102
market,10.102
odyssey,10.096
harsh,10.094
innov,10.077
superl,10.076
israel,10.071
forth,10.057
enhanc,10.055
sore,10.047
remov,10.045
gut,10.019
revolv,10.019
prevail,10.014
ariu,10.011
bacterium,10.011
longdon,10.011
ya,9.995
challeng,9.968
cherish,9.963
overlook,9.957
privileg,9.955
geniu,9.944
chuck,9.939
doctor,9.919
whenev,9.918
cristo,9.893
reel,9.880
jame,9.871
underneath,9.855
unchain,9.855
equival,9.852
acquir,9.850
celluloid,9.847
broad,9.835
cool,9.831
creativ,9.831
overlong,9.815
briefli,9.803
bought,9.776
nazi,9.771
occasion,9.746
clich,9.737
understood,9.728
observ,9.726
clue,9.724
vh,9.723
tag,9.709
whatev,9.708
wreck,9.695
centerpiec,9.692
gestur,9.691
cheer,9.685
energi,9.678
woman,9.677
impos,9.675
satisfi,9.673
sight,9.669
joseph,9.665
quinta,9.658
mesala,9.658
1953,9.618
saga,9.614
laurenc,9.609
wheel,9.604
collaps,9.596
ray,9.584
brilliantli,9.571
attribut,9.570
craftsman,9.567
2010,9.560
recognis,9.555
reli,9.553
fifteen,9.547
brief,9.545
assum,9.541
appropri,9.519
appar,9.518
semit,9.499
mine,9.491
matur,9.468
vindic,9.462
keen,9.461
bend,9.455
sad,9.447
regret,9.447
quarrel,9.444
pleasur,9.443
insight,9.439
sunk,9.435
belong,9.434
replica,9.426
welsh,9.426
matthia,9.409
quinto,9.409
bathtub,9.408
shine,9.406
arm,9.405
profession,9.398
plain,9.373
blue,9.373
rang,9.365
aveng,9.365
crime,9.364
weak,9.364
centr,9.353
manli,9.348
audibl,9.348
sensibl,9.348
hail,9.344
55,9.340
ala,9.337
complain,9.331
sum,9.327
wash,9.316
lie,9.292
1st,9.291
mishap,9.291
bookend,9.282
weren,9.282
exhaust,9.278
univers,9.274
grace,9.272
throat,9.260
gruel,9.259
announc,9.255
quick,9.228
feud,9.228
stodg,9.215
ultra,9.213
spear,9.190
kubrick,9.189
ridley,9.140
mainli,9.139
wikipedia,9.139
echo,9.121
deeper,9.112
conceiv,9.109
exquisit,9.108
destini,9.097
corni,9.097
suprem,9.088
drunk,9.084
typecast,9.076
galleon,9.056
33,9.049
playwright,9.042
cruelti,9.041
suitabl,9.033
astor,9.029
accommod,9.029
fair,9.026
nine,9.025
error,9.021
shoulder,9.019
commun,9.016
game,9.013
torn,9.001
laughabl,8.995
owe,8.993
17,8.983
road,8.981
moviemak,8.977
leagu,8.969
evid,8.960
flick,8.947
ny,8.940
influenti,8.925
vaster,8.923
plan,8.915
overwrought,8.910
recreat,8.903
church,8.901
current,8.890
competit,8.884
mission,8.859
beg,8.852
gen,8.851
borrow,8.849
super,8.827
vivid,8.823
offici,8.820
reader,8.810
empress,8.807
veil,8.800
heavenli,8.800
promis,8.800
bare,8.795
backdrop,8.792
quasi,8.784
watchabl,8.780
overt,8.778
impecc,8.754
lens,8.746
settl,8.742
liber,8.737
globe,8.734
1951,8.720
research,8.709
marton,8.704
bitterest,8.704
occas,8.696
presid,8.685
imdb,8.684
percept,8.682
embodi,8.671
push,8.668
sincer,8.663
yr,8.654
taunt,8.649
underr,8.646
galleri,8.644
keeper,8.640
dazzl,8.631
burton,8.629
1958,8.625
tyranni,8.620
pursu,8.619
sudden,8.616
antonia,8.613
fade,8.613
appoint,8.596
medium,8.594
tough,8.593
invest,8.590
thirti,8.584
odd,8.577
dimens,8.575
defin,8.568
pompou,8.559
renew,8.545
spell,8.544
discuss,8.538
advantag,8.530
maxwel,8.530
peplum,8.530
switch,8.529
meaning,8.528
jolt,8.527
north,8.526
limit,8.521
glimps,8.519
outcast,8.514
bread,8.501
caught,8.500
oneself,8.479
pageant,8.454
slowli,8.453
mainstream,8.452
intellig,8.450
adher,8.449
instantli,8.443
letter,8.433
ignor,8.423
meantim,8.416
honestli,8.413
overton,8.400
mid,8.396
interview,8.389
persever,8.379
ambianc,8.375
endless,8.371
went,8.360
red,8.358
benefit,8.355
dedic,8.350
hitchcock,8.346
section,8.331
defend,8.328
barbar,8.325
esteem,8.325
motiv,8.320
vista,8.317
sympathet,8.311
frequent,8.306
nowaday,8.295
anywher,8.290
walk,8.290
primit,8.287
underlin,8.283
marriag,8.282
exce,8.276
endeavor,8.276
heavili,8.268
spittl,8.261
wondrou,8.247
exil,8.247
weight,8.246
laud,8.239
blind,8.215
crash,8.215
aim,8.211
canvas,8.204
jezebel,8.204
gunga,8.204
thunder,8.200
redeem,8.198
philosophi,8.198
everybodi,8.197
debut,8.192
accompani,8.188
exposur,8.187
distinct,8.186
unmatch,8.183
trim,8.176
illumin,8.176
savior,8.173
site,8.170
welcom,8.168
compassion,8.149
emul,8.143
convent,8.141
town,8.135
killer,8.117
devic,8.113
brother,8.102
aboard,8.100
greatli,8.091
salut,8.090
disgrac,8.087
blame,8.081
undertak,8.081
stamp,8.078
nascar,8.055
nail,8.054
imageri,8.036
report,8.036
humor,8.036
rebelli,8.034
recal,8.033
vision,8.029
funni,8.027
charl,8.026
profound,8.023
brave,8.020
blade,8.019
ideal,8.017
news,8.014
ladl,8.011
steed,8.011
belatedli,8.011
manger,8.011
expans,8.001
america,7.987
lock,7.981
paid,7.971
hoof,7.968
ex,7.964
ador,7.964
creation,7.959
food,7.953
intrigu,7.946
revolt,7.936
cartoon,7.934
palpabl,7.931
relief,7.928
magnitud,7.917
triumphant,7.914
hansen,7.889
attain,7.889
household,7.886
diari,7.881
nemesi,7.873
evoc,7.870
circumst,7.859
steal,7.856
samson,7.852
clariti,7.846
abrupt,7.841
astonish,7.832
trainer,7.830
rendit,7.827
inch,7.822
realiti,7.818
eastern,7.817
stretcher,7.817
charleston,7.817
subtext,7.807
identifi,7.806
ill,7.794
replac,7.781
turmoil,7.779
surpass,7.761
bear,7.754
parent,7.743
interestingli,7.736
conclus,7.732
facet,7.724
servant,7.722
unmarri,7.718
stickler,7.718
citizenship,7.718
toothpick,7.718
buy,7.717
bath,7.710
mad,7.698
gonna,7.696
judaism,7.688
citizenri,7.688
boggl,7.679
mass,7.661
florid,7.658
injuri,7.656
temptat,7.647
updat,7.645
student,7.631
shipwreck,7.630
clayton,7.630
agnost,7.630
vulgar,7.627
incident,7.624
e,7.623
vastli,7.622
strang,7.614
persuad,7.613
jonah,7.609
acr,7.602
hillsid,7.602
pieti,7.602
uniform,7.593
male,7.591
hidden,7.590
trivial,7.589
eleph,7.585
laugh,7.583
equip,7.576
worldwid,7.561
higher,7.557
g,7.556
wildli,7.546
deservedli,7.536
70,7.532
senat,7.531
enigmat,7.521
wast,7.512
afford,7.501
delilah,7.500
archetyp,7.496
bias,7.488
arent,7.476
epitom,7.466
hardship,7.464
dougla,7.462
max,7.462
mild,7.460
succeed,7.457
car,7.457
matt,7.455
strain,7.455
lit,7.455
loud,7.445
reign,7.443
condit,7.437
host,7.431
girl,7.428
utterli,7.419
deed,7.414
group,7.412
merci,7.403
readi,7.401
kane,7.394
shadow,7.389
burn,7.387
80,7.382
bloodi,7.380
forgett,7.378
startl,7.367
sequitur,7.366
centrepiec,7.366
bond,7.365
poison,7.349
crap,7.343
seal,7.342
drain,7.342
brillianc,7.331
tactic,7.327
previou,7.317
yearli,7.306
govern,7.301
spring,7.299
till,7.299
entr,7.287
root,7.284
afraid,7.276
2004,7.266
contradict,7.261
c,7.253
quarri,7.250
moham,7.232
moor,7.231
husband,7.231
spoke,7.220
awar,7.217
delight,7.215
pomp,7.215
transfer,7.213
therefor,7.204
proport,7.200
frickin,7.181
climb,7.174
moreov,7.171
distinguish,7.170
tendenc,7.167
unavail,7.164
fuel,7.163
glanc,7.159
nuditi,7.156
crow,7.151
rift,7.148
monti,7.145
exceed,7.142
absenc,7.140
liberti,7.140
semi,7.137
versu,7.119
captain,7.115
establish,7.112
smash,7.111
climat,7.110
protect,7.107
favour,7.105
local,7.096
entranc,7.095
enlighten,7.089
conscious,7.087
tortuou,7.086
russel,7.084
editor,7.081
anamorph,7.071
plagu,7.071
retain,7.071
eager,7.059
anticlimax,7.056
utah,7.056
trick,7.053
dealt,7.046
pale,7.043
vibranc,7.042
iron,7.041
space,7.037
fred,7.033
obsess,7.031
similarli,7.022
stone,7.017
sex,7.008
yourself,7.001
acquisit,7.000
python,6.993
twice,6.992
okay,6.992
dear,6.991
yell,6.990
quot,6.989
within,6.988
upheav,6.987
notch,6.976
lavishli,6.974
scriptur,6.974
convers,6.973
honesti,6.972
legaci,6.972
purchas,6.971
delv,6.963
needless,6.961
doctrin,6.961
59,6.961
secular,6.961
sanctimoni,6.961
uniqu,6.955
perceiv,6.952
viscer,6.952
coincid,6.952
synthesi,6.948
difficulti,6.947
aggress,6.937
vital,6.936
unequ,6.935
humong,6.935
dictat,6.935
closest,6.931
emblemat,6.923
moviego,6.911
splendour,6.898
invert,6.898
ensur,6.893
entri,6.892
spatial,6.886
warmli,6.886
vehement,6.886
segment,6.879
resolv,6.874
trust,6.868
propaganda,6.867
repeat,6.866
smaller,6.863
canal,6.863
warn,6.860
portion,6.858
privat,6.856
mystic,6.854
gallop,6.851
din,6.851
decis,6.850
choreograph,6.844
18,6.842
vendetta,6.841
em,6.833
standout,6.832
exposit,6.831
stagi,6.829
mono,6.829
afar,6.829
embarrass,6.828
confin,6.825
desper,6.823
dark,6.817
emphas,6.807
deathb,6.807
arrog,6.803
dust,6.801
fallen,6.795
crush,6.776
baptist,6.775
usurp,6.775
flawless,6.766
twelv,6.756
chucki,6.754
newman,6.751
pro,6.748
guild,6.744
fli,6.742
zhivago,6.734
unpretenti,6.734
56,6.734
function,6.720
stumbl,6.718
code,6.711
shall,6.711
wayn,6.706
acknowledg,6.701
insist,6.700
england,6.698
horseback,6.685
reduc,6.684
latent,6.676
cell,6.672
fraught,6.666
individu,6.659
credenc,6.657
easier,6.650
chum,6.648
compliment,6.647
cover,6.646
fortitud,6.639
exchang,6.638
gruesom,6.632
luster,6.630
gather,6.627
vindict,6.621
didact,6.613
moreso,6.613
assign,6.599
jersey,6.595
reson,6.580
uninvolv,6.579
braveheart,6.578
inhabit,6.578
duti,6.574
recipi,6.570
unjustli,6.570
haunt,6.567
recognit,6.562
49,6.562
dri,6.558
hd,6.554
sluggish,6.546
1938,6.546
card,6.546
institut,6.537
portent,6.530
tub,6.530
upright,6.522
nigh,6.514
backfir,6.514
banner,6.491
urg,6.488
andrew,6.487
cinematograph,6.482
sensat,6.475
antagonist,6.474
romanc,6.470
averag,6.460
devout,6.454
thx,6.454
notion,6.451
weighti,6.447
vener,6.447
steadfast,6.440
explor,6.435
torso,6.433
wrist,6.433
fourth,6.430
skip,6.427
sworn,6.426
thee,6.426
ton,6.422
queue,6.419
women,6.414
cheat,6.414
wili,6.398
tone,6.382
rekindl,6.378
merit,6.376
indiana,6.376
subsequ,6.374
1800,6.372
dummi,6.372
tedium,6.365
transcend,6.362
machismo,6.358
feet,6.356
immers,6.355
advent,6.352
softli,6.346
sole,6.338
sport,6.328
48,6.327
truer,6.327
1965,6.320
34,6.314
tune,6.314
histrion,6.308
stock,6.307
bill,6.306
guilti,6.300
wound,6.299
ok,6.279
typic,6.277
replet,6.272
attest,6.272
link,6.267
mankiewicz,6.261
ambigu,6.251
deliber,6.250
prevent,6.248
chase,6.246
answer,6.245
stood,6.235
stereo,6.221
mesmer,6.215
affection,6.210
bed,6.208
tight,6.207
poorli,6.202
chief,6.199
cloth,6.196
quicker,6.194
unlucki,6.194
butter,6.188
emerg,6.185
integr,6.183
measur,6.183
concept,6.183
denounc,6.183
indoor,6.183
previous,6.174
slant,6.172
poignant,6.169
unaccept,6.162
toddler,6.162
associ,6.161
credibl,6.157
wildest,6.147
multipli,6.142
anecdot,6.142
screenwrit,6.137
fourteen,6.137
indirectli,6.132
abandon,6.130
etern,6.130
unabl,6.127
pristin,6.127
requisit,6.127
trembl,6.122
price,6.119
righteous,6.107
brag,6.107
glorious,6.107
mari,6.103
superpow,6.102
rein,6.102
bigotri,6.097
behavior,6.088
divulg,6.088
85,6.083
stadium,6.083
amazingli,6.082
risen,6.078
almighti,6.078
censorship,6.078
dearli,6.078
introduct,6.076
threaten,6.066
refresh,6.061
transfix,6.060
permiss,6.060
13,6.059
unbeat,6.055
inner,6.053
handi,6.051
youth,6.048
mercilessli,6.042
infer,6.033
greed,6.029
trickeri,6.024
cameron,6.019
stretch,6.018
criteria,6.011
everlast,6.002
entangl,5.993
mix,5.989
bravura,5.985
sharpli,5.985
1936,5.977
bright,5.974
whim,5.972
solemn,5.968
unusu,5.966
marathon,5.964
sooth,5.960
tyrann,5.960
april,5.956
aficionado,5.952
precis,5.952
context,5.948
italian,5.944
distrust,5.944
thwart,5.944
utter,5.941
purest,5.940
slew,5.936
terenc,5.936
bottom,5.929
endors,5.924
hey,5.924
hord,5.920
detriment,5.916
owner,5.915
broader,5.912
curious,5.912
hadn,5.910
imbu,5.908
focal,5.904
1973,5.904
42,5.901
organ,5.898
allegedli,5.893
reconstruct,5.889
foreground,5.885
tens,5.883
tyrant,5.882
token,5.878
strongli,5.872
29,5.871
breez,5.871
stewart,5.869
rip,5.864
halt,5.860
intimaci,5.860
wherein,5.860
leisur,5.852
problemat,5.849
proven,5.849
justifi,5.847
gift,5.846
statement,5.842
latin,5.841
maintain,5.841
board,5.838
dress,5.834
hay,5.831
dumb,5.828
hammi,5.827
novelist,5.824
cheap,5.823
advanc,5.823
fictiti,5.820
bestow,5.817
com,5.816
disappear,5.816
nobil,5.803
distract,5.799
machina,5.796
depend,5.794
eclips,5.793
1966,5.793
andr,5.789
thou,5.786
solidifi,5.786
trap,5.781
stilt,5.779
pc,5.779
persuas,5.776
proudli,5.776
1946,5.773
knuckl,5.773
clarifi,5.773
horn,5.769
lifelong,5.769
overplay,5.769
fox,5.767
consequ,5.767
legend,5.760
dispatch,5.760
fortress,5.750
lap,5.750
hang,5.749
hill,5.744
closeup,5.731
clunki,5.731
complaint,5.730
axe,5.725
metaphys,5.721
explicitli,5.721
barren,5.718
confus,5.708
attitud,5.707
misfortun,5.706
splash,5.697
met,5.695
museum,5.694
taglin,5.691
astonishingli,5.691
spellbound,5.691
peter,5.690
goos,5.688
400,5.679
tradit,5.677
pole,5.676
amus,5.675
grind,5.673
fluff,5.670
nit,5.670
spike,5.667
traitor,5.667
grandmoth,5.667
safe,5.665
palac,5.664
amid,5.664
vike,5.658
kwai,5.653
extravaganza,5.650
constant,5.647
complex,5.642
sell,5.641
etch,5.638
nation,5.637
plod,5.636
superstar,5.636
laps,5.633
captor,5.627
rain,5.617
knowledg,5.615
detest,5.594
oblivi,5.592
ant,5.592
epilogu,5.589
movement,5.581
stupend,5.578
scream,5.576
capabl,5.566
unnot,5.565
impati,5.563
mouth,5.559
deu,5.557
tack,5.555
misunderstand,5.547
tax,5.545
plethora,5.545
fairli,5.544
plead,5.542
outdat,5.535
creed,5.532
gandhi,5.525
accentu,5.520
chunk,5.520
brit,5.520
mourn,5.517
thrive,5.517
fell,5.513
shorten,5.510
indel,5.510
wear,5.508
canon,5.507
broadway,5.507
ann,5.504
elicit,5.493
camp,5.489
adversari,5.486
assess,5.479
multipl,5.477
trivia,5.474
realis,5.472
coach,5.469
industri,5.458
moder,5.458
250,5.452
seemingli,5.450
canva,5.449
carv,5.449
artsi,5.446
sour,5.442
openli,5.435
stink,5.435
therebi,5.433
newer,5.426
sail,5.424
taut,5.424
ordeal,5.424
flourish,5.424
babi,5.422
exemplifi,5.413
laden,5.413
armor,5.406
phoni,5.406
wider,5.402
experienc,5.401
ceremoni,5.398
prologu,5.398
wrongli,5.387
preval,5.387
compani,5.382
solomon,5.379
sought,5.379
foil,5.377
yawn,5.372
stanley,5.365
insignific,5.364
roughli,5.362
tragic,5.361
meander,5.358
infus,5.358
chord,5.358
enrich,5.356
goof,5.356
envis,5.354
weep,5.352
coma,5.348
affirm,5.348
ryan,5.342
succumb,5.340
forgiven,5.340
domest,5.336
door,5.335
onlin,5.334
quibbl,5.330
joe,5.328
bia,5.324
disciplin,5.324
weaker,5.320
incomprehens,5.314
determin,5.314
300,5.312
teenag,5.311
senior,5.310
depart,5.310
provok,5.310
mycobacterium,5.306
theatrebigg,5.306
quadriga,5.306
greci,5.306
aesthist,5.306
feaur,5.306
archaism,5.306
kowalchuk,5.306
carptent,5.306
intstrument,5.306
archfo,5.306
bluteau,5.306
screendefin,5.306
philippi,5.306
jand,5.306
monmunent,5.306
crawfordsvil,5.306
nazif,5.306
bacilli,5.306
70m,5.306
danova,5.306
biga,5.306
ilderiim,5.306
inclu,5.306
wyller,5.306
airfix,5.306
tizrah,5.306
kreuk,5.306
patrimoni,5.306
teodora,5.306
armauer,5.306
unleaden,5.306
boadicea,5.306
grifith,5.306
arrio,5.306
cheston,5.306
scren,5.306
biblefilm,5.306
aparantli,5.306
bekmambetov,5.306
lothair,5.306
provokingth,5.306
altair,5.306
gethsemen,5.306
stehphen,5.306
easther,5.306
quintiu,5.306
neb,5.306
tirza,5.306
oarsman,5.306
velour,5.306
caftan,5.306
goold,5.306
sejanu,5.306
mcknight,5.306
annabl,5.306
edelkitsch,5.306
itif,5.306
raymund,5.306
messasla,5.306
lordli,5.306
bigar,5.306
magwitch,5.306
condemnatori,5.306
sniffier,5.306
nazereth,5.306
therza,5.306
aldebaran,5.306
vancamp,5.306
rammingspe,5.306
skipp,5.306
stalworthi,5.306
masella,5.306
reverbr,5.306
particuilar,5.306
bijouti,5.306
rigel,5.306
ceserea,5.306
floridli,5.306
caesarea,5.306
illya,5.306
drusu,5.306
andreu,5.306
detached,5.306
jeezu,5.306
signet,5.306
jesusalem,5.306
hazareet,5.306
ildarim,5.306
ruh,5.306
quitu,5.306
bomer,5.306
6o,5.306
valeriu,5.306
place8,5.306
fundi,5.306
carfagno,5.306
chalrton,5.306
girffith,5.306
messallah,5.306
facinelli,5.306
ibderim,5.306
hallelluya,5.306
haraheet,5.306
wallec,5.306
cruxifict,5.306
10ben,5.306
editionit,5.306
turnberg,5.306
haaaa,5.306
wylliam,5.306
roza,5.306
wylder,5.306
trirem,5.306
haifa,5.306
antiquarian,5.306
magicli,5.306
relph,5.306
rozca,5.306
bwhat,5.306
griffithin,5.306
scheler,5.306
charoit,5.306
emperior,5.306
ponciou,5.306
behrman,5.306
hurdirect,5.306
trimarin,5.306
stravaganzza,5.306
pugnac,5.306
masalla,5.306
miryam,5.306
homeopath,5.306
kuryakin,5.306
158here,5.306
kjv,5.306
lepta,5.306
aeriu,5.306
hortat,5.306
hayareet,5.306
bflo,5.306
26ad,5.306
regain,5.306
apt,5.295
york,5.292
occup,5.287
mutual,5.285
overpow,5.283
nearbi,5.283
renown,5.283
substitut,5.280
unseen,5.276
void,5.274
undermin,5.272
tiresom,5.272
steer,5.270
pioneer,5.267
imperson,5.263
kick,5.252
harmoni,5.250
armi,5.248
inclus,5.247
l,5.244
pant,5.239
nitpick,5.238
profil,5.238
anxiou,5.236
someday,5.234
hr,5.234
reliev,5.232
eighti,5.229
pinnacl,5.229
jealousi,5.227
explos,5.220
anti,5.219
quintessenti,5.204
digest,5.199
shortcom,5.198
suit,5.195
comprehens,5.189
luxuri,5.187
femal,5.187
fabric,5.186
verg,5.186
bonu,5.184
growth,5.182
disabl,5.181
enabl,5.179
deepest,5.177
familiar,5.169
resent,5.169
underton,5.158
preachi,5.153
banal,5.150
tail,5.150
35,5.145
entitl,5.145
monoton,5.143
suspect,5.142
elit,5.140
custom,5.140
brain,5.139
paul,5.137
lemmon,5.130
hostil,5.129
dream,5.121
spade,5.119
mexico,5.118
click,5.112
whisper,5.109
seamless,5.104
harden,5.099
seldom,5.098
1939,5.095
norm,5.095
worship,5.093
secret,5.092
momentum,5.086
unimagin,5.083
protest,5.080
turner,5.078
trite,5.077
victor,5.077
2001,5.077
warrant,5.074
conserv,5.068
synopsi,5.065
campaign,5.061
adjust,5.058
smoothli,5.055
mythic,5.055
hardcor,5.054
fire,5.050
evalu,5.045
mileston,5.043
thrust,5.042
runtim,5.041
instrument,5.041
blogspot,5.039
garden,5.036
social,5.028
jump,5.027
ought,5.025
devoid,5.024
rent,5.019
cg,5.015
bump,5.014
reinforc,5.013
heap,5.013
pack,5.013
invad,5.010
deem,5.009
steadi,5.006
actium,5.005
harrah,5.005
bespeckl,5.005
magu,5.005
mesalla,5.005
durg,5.005
gadot,5.005
wurlitz,5.005
collumn,5.005
diector,5.005
cobalt,5.005
phenomeni,5.005
garson,5.005
capitolin,5.005
thio,5.005
oscra,5.005
lenghth,5.005
crusifict,5.005
sansar,5.005
dolorosa,5.005
fuqua,5.005
crashingli,5.005
apur,5.005
oddjob,5.005
queensburi,5.005
legionari,5.005
toshiba,5.005
furthermost,5.005
gur,5.005
70ft,5.005
beh,5.005
greatst,5.005
gatorad,5.005
galilean,5.005
klinger,5.005
spatula,5.005
inpact,5.005
halleluiah,5.005
palestina,5.005
99,5.004
burden,4.996
tomorrow,4.994
crop,4.994
restrain,4.988
honest,4.987
cook,4.987
blu,4.986
cup,4.982
low,4.979
lip,4.979
glow,4.978
junk,4.970
fierc,4.968
chew,4.964
audio,4.964
scare,4.963
counter,4.955
reviv,4.955
comedi,4.949
tick,4.949
pour,4.948
tech,4.941
mock,4.932
oppon,4.927
cun,4.925
enforc,4.923
inferior,4.916
faster,4.915
et,4.908
visibl,4.905
festiv,4.903
implic,4.899
nativ,4.892
bathroom,4.888
martin,4.887
legal,4.885
pseudo,4.884
newcom,4.879
vice,4.877
crown,4.875
flawlessli,4.871
handsom,4.867
fx,4.864
passag,4.859
dwarf,4.858
satisfact,4.857
flame,4.852
inher,4.850
pattern,4.849
temper,4.848
suffic,4.842
pleasantli,4.841
paranoid,4.839
secondari,4.836
shortli,4.835
obstacl,4.833
orchestr,4.831
declam,4.829
savala,4.829
unreturn,4.829
antar,4.829
domini,4.829
morrel,4.829
gerhard,4.829
govenor,4.829
proselytis,4.829
schlockmeist,4.829
footmen,4.829
timur,4.829
lawgiv,4.829
eventough,4.829
copeland,4.829
findlay,4.829
gorgon,4.829
finley,4.829
sawa,4.829
ordinairi,4.829
bankrupci,4.829
shmaltz,4.829
kuni,4.829
sorrow,4.829
obscur,4.826
straightforward,4.825
fascist,4.815
preserv,4.814
dont,4.814
travel,4.807
twist,4.804
boundari,4.794
speechless,4.790
dawn,4.790
partli,4.788
heartfelt,4.786
themat,4.783
comprehend,4.783
helpless,4.781
declar,4.773
predict,4.769
fundament,4.766
gun,4.765
behav,4.764
resid,4.762
cake,4.761
busi,4.757
rightli,4.756
introduc,4.749
skeptic,4.745
thread,4.744
decept,4.744
harm,4.740
tad,4.732
befriend,4.732
contempl,4.730
bravo,4.727
ethic,4.725
scienc,4.724
tip,4.724
clock,4.721
shorter,4.721
san,4.719
presum,4.714
shakespear,4.713
contend,4.713
unfair,4.712
pg,4.710
wisdom,4.710
librari,4.707
primari,4.705
unregener,4.704
brownlow,4.704
gmi,4.704
purplish,4.704
deemphas,4.704
hmmmmmmm,4.704
plangent,4.704
aqueduct,4.704
willima,4.704
panegyr,4.704
intensli,4.704
pontiou,4.704
canut,4.704
golgotha,4.704
bathsheba,4.704
frei,4.704
esspeci,4.704
diptych,4.704
monotheist,4.704
faced,4.704
stilted,4.704
lune,4.704
charlston,4.704
hankerchief,4.704
subthem,4.704
ussual,4.704
arbeit,4.704
rembrant,4.704
kookoo,4.704
direcor,4.704
theistic,4.704
mainspr,4.704
slavemast,4.704
proceed,4.704
cloud,4.704
overdon,4.703
dilemma,4.700
aka,4.695
1930,4.692
valuabl,4.692
harrow,4.692
immort,4.690
wipe,4.687
expertli,4.685
hilari,4.685
deriv,4.684
conscienc,4.683
fare,4.681
torment,4.681
confirm,4.679
suppli,4.675
secondli,4.674
admittedli,4.673
dismiss,4.668
evolut,4.666
lengthi,4.666
cring,4.664
alright,4.664
clever,4.662
intimid,4.661
mentor,4.660
happili,4.650
taught,4.646
mixtur,4.645
tackl,4.644
assembl,4.641
incorpor,4.639
pearc,4.637
jerk,4.634
vari,4.632
forward,4.629
altogeth,4.624
hopeless,4.618
lend,4.616
linger,4.615
furthermor,4.612
exhilar,4.612
childish,4.610
pile,4.610
flew,4.610
territori,4.610
lust,4.609
anno,4.607
macht,4.607
restiv,4.607
tless,4.607
mahabharata,4.607
montecristo,4.607
overlit,4.607
ritualis,4.607
perambul,4.607
excap,4.607
kingston,4.607
baretta,4.607
mila,4.607
herod,4.607
16x9,4.607
whitest,4.607
israelit,4.607
equin,4.607
nooooooo,4.607
gratifyingli,4.607
prejudic,4.604
http,4.602
oz,4.597
ark,4.597
realm,4.596
label,4.595
sympath,4.593
normal,4.592
disturb,4.585
ocean,4.584
viciou,4.579
landmark,4.579
relax,4.575
underground,4.574
particip,4.572
aesthet,4.565
bland,4.565
sink,4.562
defi,4.556
groundbreak,4.549
makeup,4.543
disast,4.537
shower,4.532
sublim,4.530
45,4.530
increasingli,4.530
tester,4.528
hershey,4.528
malfeas,4.528
manc,4.528
fari,4.528
juden,4.528
chooser,4.528
chrisitan,4.528
bradford,4.528
bumblebe,4.528
guthri,4.528
manichaean,4.528
miser,4.520
shop,4.517
duel,4.507
14,4.503
wander,4.503
pitch,4.495
impli,4.492
monkey,4.491
parodi,4.480
underli,4.477
hesit,4.475
ego,4.474
program,4.470
slip,4.467
ralph,4.465
ostent,4.461
garth,4.461
lourd,4.461
mucu,4.461
imposingli,4.461
afer,4.461
guidebook,4.461
sayonara,4.461
spetacular,4.461
unfortunatley,4.461
min,4.457
tour,4.449
varieti,4.449
aspir,4.449
humbl,4.448
fish,4.448
pride,4.448
channel,4.446
divid,4.444
infam,4.442
stress,4.439
characterist,4.437
pressur,4.436
alongsid,4.431
pound,4.429
uplift,4.428
alli,4.428
fought,4.424
memori,4.415
indian,4.413
shoe,4.411
friendli,4.411
invit,4.410
stronger,4.406
kiss,4.406
chaplin,4.406
repetit,4.404
hei,4.403
unswerv,4.403
demographi,4.403
morel,4.403
lyon,4.403
realpolitik,4.403
interpos,4.403
makin,4.403
caeser,4.403
prize,4.403
thumb,4.400
press,4.384
franci,4.384
2nd,4.383
gross,4.382
awkward,4.379
expert,4.376
arc,4.374
trek,4.370
bold,4.370
guilt,4.366
uncomfort,4.365
tini,4.363
jackson,4.353
mintu,4.352
emiss,4.352
reeler,4.352
capri,4.352
inveigl,4.352
devon,4.352
toenail,4.352
contrarili,4.352
dissens,4.352
homefront,4.352
mormon,4.352
easton,4.352
ran,4.345
despair,4.341
indic,4.338
chair,4.337
circl,4.334
damag,4.334
footag,4.330
guid,4.327
wed,4.325
lift,4.325
encourag,4.319
irrit,4.317
sinist,4.313
wave,4.307
ventriloquist,4.306
prettifi,4.306
charasmat,4.306
snorefest,4.306
coitu,4.306
amphitheatr,4.306
preproduct,4.306
cheapo,4.306
roadshow,4.306
71st,4.306
10mpaa,4.306
wing,4.306
mankind,4.303
kudo,4.297
advic,4.296
sophist,4.295
galaxi,4.292
secur,4.289
evolv,4.286
outcom,4.285
scheme,4.280
reminisc,4.280
alik,4.277
nuanc,4.273
finger,4.270
exhibition,4.265
windfal,4.265
fealti,4.265
asund,4.265
uncontest,4.265
senatori,4.265
acn,4.265
season,4.263
instant,4.262
skin,4.246
helm,4.243
shake,4.230
band,4.229
gomorrah,4.227
brillantli,4.227
animist,4.227
carpentri,4.227
nautic,4.227
patrician,4.227
holywood,4.227
recompens,4.227
inviol,4.227
222,4.227
barbra,4.227
alexandria,4.227
starch,4.227
thame,4.227
crowther,4.227
disentangl,4.227
bucketload,4.227
supposedli,4.225
garbag,4.218
anderson,4.215
vehicl,4.210
attach,4.210
freak,4.204
sadist,4.201
flesh,4.201
stare,4.199
krishna,4.192
careerist,4.192
bedfellow,4.192
dvr,4.192
triumphal,4.192
225,4.192
bosley,4.192
diff,4.192
sky,4.188
grasp,4.188
ear,4.187
kinda,4.179
split,4.175
succ,4.160
manifestli,4.160
amnesti,4.160
ari,4.160
mlk,4.160
hullabaloo,4.160
loin,4.160
laughingli,4.160
somebodi,4.158
jean,4.158
flash,4.143
everywher,4.131
quietest,4.130
unfashion,4.130
milder,4.130
stultifi,4.130
overambiti,4.130
horseman,4.130
statut,4.130
beheld,4.130
subtil,4.130
promulg,4.130
discover,4.130
perfor,4.130
thorni,4.130
grandad,4.130
rochest,4.130
ensembl,4.129
afterward,4.126
unrealist,4.125
dynam,4.124
teen,4.119
thin,4.119
pair,4.115
absorb,4.112
runner,4.111
hollywoodis,4.102
dignitari,4.102
middlebrow,4.102
theocrat,4.102
backlot,4.102
dwight,4.102
redoubt,4.102
christo,4.102
socialis,4.102
griffin,4.102
forbear,4.102
forbad,4.102
strenuous,4.102
onetim,4.102
loew,4.102
gibbon,4.102
aggriev,4.102
sistin,4.102
pauper,4.102
importantli,4.099
nonsens,4.095
floor,4.093
gump,4.092
fulfil,4.078
apoge,4.076
nj,4.076
betroth,4.076
goldfing,4.076
especiali,4.076
movieland,4.076
burp,4.076
gargl,4.076
assured,4.076
forrest,4.073
excus,4.066
wrap,4.052
gantri,4.051
bluish,4.051
racetrack,4.051
transienc,4.051
swarthi,4.051
egghead,4.051
municip,4.051
abbot,4.051
minefield,4.051
unecessari,4.051
suicid,4.046
hat,4.041
lotr,4.038
rebel,4.035
8000,4.028
luminari,4.028
132,4.028
dislodg,4.028
kettl,4.028
somersault,4.028
shipmat,4.028
luthor,4.028
quotidian,4.028
mccarthyism,4.028
praetorian,4.028
montreal,4.028
unopen,4.028
lushli,4.028
reunif,4.028
woulda,4.028
fool,4.023
dozen,4.017
latest,4.008
davinci,4.005
sanctifi,4.005
lp,4.005
semant,4.005
sim,4.005
jointli,4.005
unwieldi,4.005
manpow,4.005
mallet,4.005
childless,4.005
homili,4.005
proletarian,4.005
longish,4.005
savori,4.005
gotten,3.997
colleg,3.996
formula,3.995
circus,3.984
210,3.984
fruiti,3.984
stuntwork,3.984
river,3.966
bizarr,3.965
marqui,3.964
hoov,3.964
rediscoveri,3.964
rebuf,3.964
archenemi,3.964
caract,3.964
treacli,3.964
dawdl,3.964
soylent,3.964
greenlight,3.964
unten,3.964
conqueror,3.964
relev,3.964
south,3.963
store,3.963
mountainsid,3.945
missionari,3.945
capsiz,3.945
byzantin,3.945
freer,3.945
pup,3.945
mag,3.945
resist,3.944
christoph,3.941
teacher,3.939
closer,3.934
width,3.926
roundabout,3.926
pretent,3.926
ignomini,3.926
enfold,3.926
tempestu,3.926
ment,3.926
frazzl,3.926
undilut,3.926
nowher,3.925
addict,3.925
p,3.918
mediocr,3.917
liz,3.908
fer,3.908
censur,3.908
autocrat,3.908
unequal,3.908
smidgen,3.908
comfort,3.899
bridg,3.895
michael,3.894
107,3.891
flix,3.891
creas,3.891
inur,3.891
cosmopolitan,3.891
loren,3.891
precept,3.891
antisemit,3.891
shapeless,3.891
colossu,3.891
rafter,3.891
environ,3.875
manchest,3.875
metr,3.875
wealthiest,3.875
fondl,3.875
tellingli,3.875
sadomasochist,3.875
amour,3.875
derbi,3.875
vinyl,3.875
autonomi,3.875
vocifer,3.875
wake,3.874
island,3.873
stereotyp,3.871
foreign,3.871
warm,3.867
monica,3.859
totali,3.859
skid,3.859
hookabl,3.859
lullabi,3.859
eardrum,3.859
eke,3.859
chestnut,3.859
tacit,3.859
lusti,3.859
wishi,3.859
hint,3.857
sexual,3.851
field,3.849
west,3.846
ce,3.844
sobrieti,3.844
hub,3.844
washi,3.844
hee,3.844
frolick,3.844
enumer,3.844
sheppard,3.844
baloney,3.844
deleg,3.844
stout,3.844
bullitt,3.844
godsend,3.844
complianc,3.844
lastabl,3.844
scummi,3.844
faulkner,3.844
chide,3.844
trip,3.834
greer,3.829
eyelin,3.829
micki,3.829
megan,3.829
waaay,3.829
silenc,3.826
somewher,3.825
billow,3.815
ulyss,3.815
snowbound,3.815
wilt,3.815
esthet,3.815
largo,3.815
sing,3.810
eros,3.801
godaw,3.801
holier,3.801
rewrot,3.801
220,3.788
decre,3.788
task,3.787
likabl,3.783
shouldn,3.780
wrangl,3.775
videogam,3.775
outstretch,3.775
circumv,3.775
thusli,3.775
tinsel,3.775
springboard,3.775
atrophi,3.775
quinton,3.775
sign,3.762
quintess,3.762
edifi,3.762
shan,3.762
payn,3.762
boycot,3.762
bedrock,3.762
jilt,3.762
stuntmen,3.762
proffer,3.750
tenderli,3.750
viewabl,3.750
minus,3.750
sundri,3.750
parch,3.750
girlfriend,3.745
pompos,3.738
slender,3.738
durabl,3.738
genteel,3.738
stodgi,3.738
baptiz,3.738
charcter,3.738
hoist,3.738
blindsid,3.727
mitchum,3.727
pilgrimag,3.727
roundli,3.727
unruli,3.727
parti,3.726
angri,3.723
destruct,3.716
ariel,3.715
undu,3.715
shill,3.715
sophia,3.715
humourless,3.715
shirtless,3.715
multicultur,3.715
staid,3.715
sweet,3.711
eat,3.706
homecom,3.704
sneez,3.704
aria,3.704
123,3.704
ff,3.704
desecr,3.704
pungent,3.704
cheesiest,3.704
yeah,3.701
logic,3.699
ident,3.695
melbourn,3.694
vatican,3.694
magnanim,3.694
kristin,3.694
boringli,3.694
corral,3.694
dissappoint,3.694
ellipt,3.694
mancini,3.694
erotic,3.694
vote,3.693
exempt,3.683
unreward,3.683
awok,3.683
bc,3.683
ampute,3.683
jc,3.673
wiki,3.673
fledgl,3.673
imbib,3.673
placat,3.673
sleep,3.672
eighteenth,3.663
consign,3.663
claudiu,3.663
estebueno10,3.663
ambul,3.663
61,3.663
forerunn,3.663
liveli,3.663
blackest,3.663
x,3.658
dun,3.653
hull,3.653
orgin,3.653
stagecoach,3.653
involuntarili,3.644
gooey,3.644
marc,3.644
lazaru,3.644
siegel,3.644
ect,3.644
passer,3.644
belat,3.644
nielson,3.634
michelangelo,3.634
highpoint,3.634
om,3.634
hiroshima,3.634
flog,3.634
richard,3.633
dare,3.631
worri,3.629
yer,3.625
index,3.625
impel,3.616
overprais,3.616
enliven,3.616
monik,3.616
sol,3.616
danc,3.612
manur,3.607
dung,3.607
ww1,3.607
faintli,3.607
blown,3.599
gawk,3.599
cnn,3.599
liven,3.599
bloodless,3.599
upstart,3.599
heresi,3.599
damn,3.592
catacomb,3.590
earnestli,3.590
insincer,3.590
tablet,3.590
emancip,3.590
forsak,3.590
quell,3.590
stargat,3.590
lineag,3.582
rescuer,3.582
lebanon,3.582
bar,3.579
jailer,3.574
schmuck,3.574
villa,3.574
conjectur,3.574
appendix,3.574
highbrow,3.566
nook,3.566
draggi,3.566
purportedli,3.566
awsom,3.566
apotheosi,3.558
50th,3.558
placid,3.558
intermingl,3.558
cinerama,3.558
puni,3.558
contemptu,3.558
disench,3.558
belgium,3.558
agonis,3.558
luke,3.554
fortuit,3.550
pamper,3.550
expedi,3.550
stupor,3.550
withstood,3.550
elaps,3.550
rapt,3.550
chapel,3.550
ch,3.550
elig,3.550
constantli,3.544
90,3.543
thrice,3.543
receipt,3.543
calendar,3.543
reprimand,3.543
scenarist,3.543
la,3.540
seven,3.538
1916,3.535
unturn,3.535
vadar,3.535
erstwhil,3.535
juliu,3.528
orthodox,3.528
tedious,3.528
pedal,3.528
35mm,3.528
fiber,3.528
joyless,3.528
aberr,3.528
nth,3.521
prolifer,3.521
cosi,3.521
squalid,3.521
convoy,3.521
tormentor,3.521
creatur,3.517
lagsreview,3.514
uproot,3.514
leitmotif,3.514
bluster,3.514
chill,3.513
smile,3.510
snitch,3.507
switzerland,3.507
org,3.507
staunch,3.507
gunpoint,3.507
implac,3.507
air,3.501
refut,3.500
1926,3.500
piou,3.500
cavali,3.500
valiantli,3.500
oili,3.493
deject,3.493
leverag,3.493
setpiec,3.493
goliath,3.493
debilit,3.493
acadami,3.487
paulin,3.487
afghanistan,3.487
reinvigor,3.487
fester,3.487
hoard,3.487
bristl,3.487
rush,3.482
rim,3.480
platitud,3.480
aftertast,3.480
elam,3.480
decri,3.480
turgid,3.480
witless,3.480
stamina,3.480
stick,3.479
fluentli,3.474
overstay,3.474
minuscul,3.474
beckon,3.474
wreckag,3.474
slog,3.468
petit,3.468
backsid,3.468
motionless,3.468
12th,3.468
calam,3.468
filmdom,3.468
downgrad,3.468
syllabl,3.468
fuller,3.468
tome,3.461
coulardeau,3.461
archaic,3.461
godlik,3.461
praiseworthi,3.461
overwork,3.461
meyer,3.461
kenneth,3.455
carriag,3.455
overstat,3.455
despot,3.455
alfr,3.455
earthquak,3.449
sacrileg,3.449
propens,3.449
lambast,3.449
j,3.445
barg,3.443
twitter,3.443
implicitli,3.443
creak,3.443
vaudevil,3.443
stew,3.443
mistak,3.441
fluctuat,3.437
54,3.437
abc,3.437
overtim,3.431
nun,3.431
08,3.431
unmemor,3.431
1937,3.431
unison,3.431
wich,3.426
syrupi,3.426
onlook,3.426
supper,3.426
diction,3.426
tandem,3.426
typifi,3.426
individualist,3.426
rko,3.420
mull,3.420
angrili,3.420
freight,3.420
lonesom,3.414
fratern,3.414
miscarriag,3.414
deport,3.414
builder,3.414
awash,3.414
nab,3.414
fallaci,3.414
hymn,3.414
loosen,3.409
stagnant,3.409
predic,3.409
gaudi,3.409
benson,3.409
decent,3.409
frequenc,3.403
fickl,3.403
mint,3.403
backstag,3.403
battleship,3.403
animos,3.403
neverend,3.403
pontif,3.403
definatli,3.403
dismemb,3.403
antoni,3.403
bondag,3.398
boon,3.398
swore,3.398
lili,3.398
whop,3.398
emascul,3.393
zeal,3.393
despond,3.393
breezi,3.393
renounc,3.393
laudabl,3.393
vertic,3.393
unaffect,3.393
al,3.391
slouch,3.387
ulterior,3.387
starri,3.387
brazen,3.387
epoch,3.387
whew,3.387
chisel,3.387
retold,3.382
friction,3.382
entourag,3.382
hercul,3.382
boister,3.382
joshua,3.377
pueril,3.377
billboard,3.377
ranch,3.377
turf,3.377
beliv,3.372
portugues,3.372
graft,3.372
clair,3.372
heiress,3.372
raven,3.372
ira,3.372
phallic,3.367
unsung,3.367
milit,3.367
pastor,3.367
wept,3.367
gladiatori,3.362
excerpt,3.357
dastardli,3.357
depress,3.357
diva,3.352
fingernail,3.352
dissuad,3.352
etho,3.352
nighttim,3.352
moscow,3.347
visag,3.347
eighteen,3.347
indistinguish,3.347
altruist,3.347
diplomat,3.347
cavern,3.343
dissip,3.343
subjug,3.343
hedonist,3.343
dogma,3.343
stump,3.343
caveat,3.343
machin,3.342
jose,3.338
bogey,3.338
iter,3.338
consent,3.338
bereft,3.338
registri,3.338
unfocus,3.333
hubri,3.333
unsubtl,3.333
dove,3.333
comb,3.333
vacant,3.333
needn,3.333
smart,3.329
unmov,3.329
incur,3.329
expel,3.329
camel,3.329
84,3.329
overjoy,3.329
imparti,3.329
talli,3.324
defenseless,3.324
poop,3.324
strife,3.324
wordi,3.320
unabashedli,3.320
lithuania,3.320
revit,3.320
antholog,3.320
thursday,3.320
erect,3.320
juggernaut,3.320
parrot,3.315
troy,3.311
gleeful,3.311
english,3.310
cesar,3.306
sling,3.306
hog,3.306
streamlin,3.306
unsuit,3.306
marbl,3.306
lampoon,3.302
conjunct,3.302
repugn,3.302
firearm,3.302
43,3.302
brows,3.302
trudg,3.302
insati,3.302
outstandingli,3.298
ski,3.298
catch,3.295
unjustifi,3.294
circul,3.294
haze,3.294
rapport,3.294
shakespearian,3.294
piqu,3.289
bi,3.289
downtrodden,3.289
inhibit,3.285
46,3.285
laptop,3.285
distributor,3.281
existentialist,3.281
tumultu,3.281
utopian,3.281
bred,3.281
scorses,3.277
fad,3.277
plummet,3.277
tantal,3.277
contributor,3.273
respit,3.273
trifl,3.273
entwin,3.273
broaden,3.273
alloc,3.269
slump,3.269
inimit,3.269
throttl,3.265
rendezv,3.265
wrack,3.265
mingl,3.261
beggar,3.261
credenti,3.261
vibrat,3.261
auditorium,3.257
balk,3.257
crunch,3.257
dispel,3.257
protract,3.257
toil,3.253
maiden,3.253
burial,3.253
tinker,3.253
pulp,3.250
seper,3.249
oklahoma,3.249
royalti,3.249
alzheim,3.249
snarl,3.246
annal,3.246
opul,3.246
mawkish,3.246
panorama,3.246
elmer,3.246
gunman,3.246
carrier,3.246
cock,3.246
anachronist,3.242
founder,3.242
grittier,3.242
manhood,3.242
certifi,3.242
ford,3.239
annoy,3.238
clumsili,3.234
echelon,3.234
regal,3.231
po,3.231
startlingli,3.231
hedg,3.231
toast,3.227
aggrav,3.227
folklor,3.227
obedi,3.227
deplor,3.224
hunk,3.224
untru,3.224
fittingli,3.224
snack,3.224
duke,3.220
whirl,3.220
overs,3.216
ardent,3.216
cavalri,3.216
wall,3.216
greas,3.213
tonal,3.206
discount,3.206
oldi,3.206
discipl,3.206
lucr,3.206
scari,3.205
trepid,3.203
unworthi,3.203
invalid,3.203
computer,3.199
lumin,3.199
coop,3.199
welfar,3.199
1929,3.199
monotoni,3.196
stalwart,3.196
innumer,3.196
agit,3.196
unsurprisingli,3.189
agil,3.186
odditi,3.186
paradigm,3.186
populac,3.186
fisherman,3.186
hefti,3.186
hut,3.186
unscrupul,3.186
soo,3.186
delin,3.182
dart,3.182
rumbl,3.182
antoin,3.182
bogi,3.182
bolster,3.182
unhealthi,3.182
trader,3.182
misconcept,3.182
anthropomorph,3.182
richest,3.182
stomp,3.182
conquest,3.179
lent,3.179
ole,3.179
seeth,3.179
skit,3.179
enclos,3.176
seventeen,3.176
cargo,3.173
sphere,3.173
discrep,3.173
intercut,3.173
snail,3.173
aton,3.170
prejud,3.170
defiant,3.170
omnipres,3.170
malic,3.170
richardson,3.166
gorgeous,3.166
eschew,3.166
blister,3.163
breadth,3.163
physiqu,3.163
wynn,3.163
newfound,3.163
neglig,3.163
dam,3.163
dog,3.160
renault,3.160
38,3.160
exclaim,3.160
grimac,3.160
unspoken,3.157
39,3.157
regul,3.157
drawer,3.157
quieter,3.157
gargantuan,3.157
column,3.157
10http,3.157
bitten,3.157
masterli,3.154
hustl,3.154
segreg,3.154
endeavour,3.151
wherebi,3.151
emphat,3.151
tcm,3.151
grander,3.151
venu,3.148
collis,3.148
cruelli,3.148
condon,3.148
fled,3.148
panoram,3.145
pri,3.145
decreas,3.145
bobafett1138,3.142
fledg,3.142
virtuoso,3.142
peripher,3.142
denomin,3.139
bestsel,3.139
deafen,3.139
scarlet,3.139
narrowli,3.139
frown,3.136
courtyard,3.136
maudlin,3.136
gusto,3.136
dissent,3.136
chin,3.136
blanch,3.136
reborn,3.136
grindhous,3.133
undisput,3.133
trendi,3.133
sofa,3.133
steroid,3.130
apathet,3.130
shone,3.130
supervis,3.130
nude,3.130
deploy,3.130
frivol,3.130
hush,3.130
tact,3.127
basket,3.127
landau,3.127
atlant,3.127
wane,3.125
undi,3.125
tarnish,3.125
regrett,3.122
bearer,3.119
peterson,3.119
loung,3.119
intermin,3.116
unjust,3.116
cinephil,3.116
36,3.113
incess,3.113
cart,3.113
bankrupt,3.113
certif,3.113
trueli,3.113
absurdli,3.113
escapad,3.113
afterthought,3.113
dessert,3.113
thespian,3.110
profici,3.110
supplement,3.110
tumbl,3.108
cheapen,3.108
sneer,3.108
saviour,3.108
folli,3.108
bearabl,3.108
eclect,3.105
1932,3.105
avenu,3.105
sombr,3.105
quartet,3.105
itch,3.105
solidli,3.105
erad,3.105
upstag,3.102
overflow,3.102
identif,3.102
painstakingli,3.102
du,3.100
liken,3.097
jacqu,3.094
symptom,3.094
appeas,3.092
coliseum,3.089
thinli,3.089
irrever,3.086
skinni,3.086
baptism,3.086
hue,3.086
impart,3.086
sixteen,3.086
perish,3.084
wrought,3.084
thesi,3.084
brisk,3.084
gal,3.084
mould,3.084
commod,3.084
muscular,3.081
callou,3.081
vcr,3.081
circa,3.078
motto,3.078
tearjerk,3.076
brightli,3.076
counti,3.076
infecti,3.076
brass,3.073
tougher,3.073
sinclair,3.073
shook,3.073
fav,3.071
antiqu,3.071
domain,3.071
nich,3.068
unto,3.068
allegi,3.068
chalk,3.068
rebuild,3.066
guerrilla,3.066
unbreak,3.066
mystiqu,3.066
dice,3.063
connel,3.061
knot,3.061
sunlight,3.061
homer,3.058
flinch,3.058
crux,3.058
hurl,3.056
coup,3.056
withstand,3.056
port,3.056
rumour,3.053
glide,3.053
committe,3.051
gratifi,3.051
balconi,3.046
pillar,3.046
excruciatingli,3.044
tint,3.044
cautiou,3.042
brightest,3.042
unknowingli,3.039
immin,3.039
jolli,3.039
treacheri,3.039
purport,3.039
hing,3.037
humil,3.037
awestruck,3.037
tweak,3.037
swirl,3.037
aplomb,3.035
untim,3.032
stepfath,3.032
infant,3.032
benevol,3.030
stroll,3.030
muddi,3.025
boldli,3.025
glossi,3.025
interv,3.025
curtiz,3.023
rediscov,3.023
divert,3.021
upbring,3.021
splendidli,3.021
tee,3.021
astut,3.019
unavoid,3.019
epiphani,3.019
technician,3.019
bark,3.019
bald,3.019
eponym,3.016
hoot,3.016
louder,3.016
undo,3.014
bethani,3.014
systemat,3.012
idyl,3.012
upris,3.012
enrag,3.012
groan,3.012
bench,3.010
campbel,3.010
macdonald,3.010
downer,3.010
unintellig,3.010
dictatorship,3.007
reek,3.007
grudg,3.005
tacki,3.005
dispens,3.005
unheard,3.003
eagl,3.003
1963,3.003
98,3.003
57,3.001
mantl,3.001
aerial,3.001
disfigur,2.999
barbarian,2.997
islam,2.995
pantheon,2.992
swagger,2.992
unsurpass,2.992
acut,2.992
700,2.992
commiss,2.990
oft,2.990
slay,2.990
spous,2.990
grossli,2.988
unanim,2.988
disintegr,2.986
dignifi,2.986
screech,2.984
emili,2.984
unnam,2.984
outta,2.984
vacuum,2.984
masquerad,2.984
daze,2.982
sweetheart,2.982
input,2.982
nurtur,2.980
cairo,2.980
consol,2.978
blanket,2.978
casey,2.978
rehabilit,2.976
uncommon,2.976
detractor,2.976
overhead,2.974
colon,2.974
beacon,2.974
intervent,2.972
accordingli,2.972
rehears,2.972
batti,2.972
poll,2.972
unmiss,2.972
surrog,2.972
loudli,2.970
wholeheartedli,2.970
quantiti,2.970
inexperienc,2.970
lesli,2.968
overdo,2.968
salvag,2.966
interspers,2.966
homework,2.966
longtim,2.964
dispar,2.964
plotlin,2.962
strikingli,2.962
trophi,2.960
covet,2.960
rigid,2.960
shakespearean,2.958
allegor,2.956
kindli,2.956
concis,2.956
wretch,2.956
prohibit,2.954
certainti,2.954
tripl,2.952
obes,2.950
mandatori,2.950
ritual,2.948
orbit,2.948
smartli,2.948
tingl,2.947
transmit,2.947
gladli,2.947
athlet,2.947
vigor,2.945
adept,2.945
temporari,2.945
indescrib,2.945
rack,2.943
forum,2.943
abli,2.943
chock,2.943
cathart,2.941
mistreat,2.941
stricken,2.941
ambival,2.941
darken,2.939
faceless,2.939
mug,2.939
1969,2.939
mutil,2.937
whoa,2.937
lincoln,2.935
torch,2.935
learnt,2.933
101,2.933
tout,2.932
collid,2.930
unspeak,2.930
lacklust,2.930
synonym,2.928
contradictori,2.928
32,2.928
hindsight,2.926
relianc,2.926
championship,2.926
guis,2.924
nauseat,2.924
hover,2.923
seren,2.923
furnitur,2.923
societ,2.923
coordin,2.921
penchant,2.919
rubber,2.917
notwithstand,2.917
unwatch,2.917
satan,2.917
taboo,2.915
halv,2.915
resili,2.914
lovingli,2.912
catapult,2.912
assort,2.912
posthum,2.908
slate,2.907
consumm,2.907
humankind,2.905
arizona,2.903
incarcer,2.903
badg,2.903
fewer,2.903
hmm,2.900
arous,2.900
korea,2.900
beam,2.898
buildup,2.898
swell,2.896
overload,2.896
academ,2.896
whereabout,2.895
interwoven,2.895
deform,2.893
hapless,2.893
radiat,2.891
faultless,2.891
agreement,2.891
ostens,2.890
tide,2.890
outdoor,2.890
inflat,2.890
conspir,2.890
hilar,2.888
limp,2.888
parabl,2.888
wolfgang,2.885
whack,2.883
gravita,2.881
yarn,2.880
dreami,2.878
gentli,2.877
elud,2.877
undeserv,2.875
grain,2.875
lament,2.875
batter,2.873
famous,2.873
fever,2.873
misfit,2.872
shaken,2.872
poignanc,2.872
strap,2.872
intuit,2.870
spray,2.869
humanist,2.869
daunt,2.869
fieri,2.869
cox,2.867
incorrect,2.867
hatch,2.865
operat,2.865
casualti,2.864
z,2.862
sieg,2.861
simpson,2.859
wartim,2.859
advoc,2.858
dreamlik,2.856
solitari,2.855
smug,2.855
babe,2.853
unwil,2.852
distinctli,2.850
intrus,2.850
abomin,2.850
labour,2.850
crescendo,2.850
repair,2.850
urgenc,2.848
bafta,2.848
probe,2.847
analys,2.847
approxim,2.845
farewel,2.845
horrid,2.842
woke,2.841
exemplari,2.841
overdos,2.841
1942,2.838
stabl,2.837
pic,2.837
readili,2.835
deaf,2.832
obligatori,2.831
salt,2.828
applic,2.826
litter,2.826
shini,2.826
canadian,2.823
duck,2.823
emphasis,2.822
historian,2.818
decenc,2.816
saddest,2.816
ingmar,2.814
olivi,2.814
outset,2.812
zombi,2.812
yep,2.811
disastr,2.811
ach,2.808
replay,2.808
palm,2.807
wolv,2.805
nope,2.805
signifi,2.805
adject,2.804
imper,2.804
superflu,2.804
subvers,2.803
drawback,2.803
satur,2.801
reckless,2.801
catastroph,2.801
trump,2.798
beard,2.797
overbear,2.796
uh,2.796
boulevard,2.796
earnest,2.796
voyag,2.794
clearer,2.794
permeat,2.793
formal,2.793
alleg,2.792
prolong,2.792
knockout,2.792
diet,2.792
spectacularli,2.790
redux,2.790
jupit,2.789
joint,2.789
pad,2.787
slash,2.785
mon,2.784
unpreced,2.784
recollect,2.783
feroci,2.783
instructor,2.781
bucket,2.779
devis,2.777
patron,2.775
instil,2.775
placement,2.774
intoler,2.772
remaind,2.772
factual,2.772
dubiou,2.772
frenzi,2.771
ongo,2.771
sydow,2.771
cling,2.770
coast,2.770
prowess,2.770
denouement,2.770
lectur,2.769
brim,2.769
frenet,2.767
iraq,2.766
simon,2.761
daddi,2.760
giggl,2.760
rub,2.760
hideou,2.760
1957,2.759
rariti,2.757
noah,2.756
nutshel,2.755
merciless,2.754
newest,2.754
recount,2.752
rio,2.751
perplex,2.750
hallmark,2.749
drone,2.749
audaci,2.748
intact,2.745
tempo,2.745
mail,2.744
hypocrit,2.743
occurr,2.741
versa,2.741
negoti,2.741
dement,2.738
merg,2.738
melodi,2.738
static,2.737
fruit,2.737
quint,2.735
restraint,2.735
modest,2.732
lake,2.732
dens,2.732
recur,2.732
mistress,2.730
tribe,2.728
testimoni,2.727
uncertain,2.725
inaccur,2.723
dire,2.723
filler,2.721
prompt,2.721
muddl,2.721
dave,2.721
punctuat,2.720
philadelphia,2.719
constitut,2.718
exot,2.716
speaker,2.716
bog,2.715
masculin,2.714
wore,2.714
sfx,2.713
conceal,2.713
messi,2.712
magnet,2.712
voter,2.712
drummer,2.712
percent,2.712
lush,2.711
filmographi,2.710
unnecessarili,2.710
elect,2.710
mobil,2.709
jabba,2.708
formid,2.708
denial,2.708
assert,2.706
aunt,2.706
brush,2.705
unquestion,2.704
exclud,2.703
compris,2.702
pretens,2.702
electrifi,2.702
arch,2.701
swashbuckl,2.700
curtain,2.699
cite,2.699
tyron,2.699
weigh,2.699
articul,2.699
craftsmanship,2.697
relentlessli,2.697
blatantli,2.697
remad,2.697
essay,2.697
worthless,2.696
hara,2.695
q,2.694
exud,2.693
downsid,2.690
inherit,2.690
unnerv,2.687
boost,2.686
variat,2.685
duplic,2.685
brainwash,2.684
uncompromis,2.681
mtv,2.681
blunt,2.680
willem,2.680
virgin,2.679
estrang,2.677
downhil,2.676
uncanni,2.675
cent,2.675
sear,2.674
lighter,2.673
minu,2.673
poke,2.672
chip,2.672
rapidli,2.672
steam,2.672
hurri,2.671
deceas,2.671
loop,2.670
hum,2.670
depriv,2.669
subdu,2.669
ultimatum,2.669
relish,2.668
uneven,2.668
classi,2.668
bett,2.668
mccarthi,2.667
strategi,2.665
asset,2.664
exterior,2.664
immatur,2.664
vocal,2.664
allianc,2.664
sh,2.662
ham,2.661
masterwork,2.660
standpoint,2.660
bloat,2.659
ethnic,2.659
barbara,2.659
thru,2.658
puls,2.658
rex,2.658
inclin,2.655
uninspir,2.655
arrow,2.655
nichola,2.654
begun,2.653
huh,2.653
invis,2.652
lousi,2.652
throne,2.652
licens,2.651
fritz,2.651
foe,2.651
unstopp,2.651
gaze,2.650
africa,2.649
misunderstood,2.649
clap,2.649
chart,2.648
shove,2.647
francisco,2.647
repress,2.646
mindset,2.646
remors,2.645
melancholi,2.645
noteworthi,2.645
cancer,2.644
esqu,2.643
improvis,2.642
stubborn,2.641
nihilist,2.641
gender,2.641
strand,2.640
file,2.639
anguish,2.639
unstabl,2.639
untouch,2.638
bum,2.638
cap,2.637
soak,2.635
flood,2.635
retrospect,2.634
stair,2.634
sterl,2.634
proce,2.633
polar,2.633
horizon,2.633
seduc,2.633
spill,2.632
lurk,2.631
sketch,2.631
fabl,2.631
anniversari,2.631
inappropri,2.631
underwhelm,2.629
reckon,2.629
dim,2.628
28,2.628
vividli,2.627
dafo,2.626
prophet,2.626
desol,2.624
sooner,2.623
chamber,2.622
mislead,2.622
trilog,2.620
slower,2.620
rental,2.619
roberto,2.618
unconsci,2.617
vanish,2.616
rider,2.616
significantli,2.614
500,2.614
eloqu,2.613
templ,2.613
healthi,2.611
flavor,2.611
strict,2.610
criticis,2.608
artistri,2.607
passiv,2.607
cardboard,2.607
nineti,2.607
lethal,2.605
mute,2.605
vibe,2.604
chuckl,2.603
secretli,2.602
textur,2.602
tea,2.601
australian,2.600
clumsi,2.600
alot,2.599
hardest,2.596
exclus,2.595
rhi,2.595
wive,2.595
retriev,2.595
unforgiv,2.593
catchi,2.591
boom,2.590
wire,2.590
propos,2.590
sale,2.590
ooz,2.589
spit,2.589
crave,2.588
goosebump,2.587
sting,2.586
funer,2.585
wield,2.585
ho,2.585
paragraph,2.584
aura,2.583
anakin,2.583
profoundli,2.582
persist,2.581
plung,2.580
recycl,2.580
jewel,2.580
dean,2.580
undergo,2.579
len,2.578
inexplic,2.578
unexplain,2.577
cycl,2.577
outlin,2.576
seventh,2.576
breathless,2.575
cement,2.574
upsid,2.573
dash,2.572
seventi,2.572
jealou,2.572
biographi,2.572
warfar,2.572
grin,2.569
bent,2.568
hip,2.567
shelter,2.566
wet,2.566
idol,2.564
stunningli,2.563
dwell,2.562
sand,2.561
woven,2.561
sli,2.561
tightli,2.560
businessman,2.560
perpetu,2.560
dump,2.560
applaus,2.560
recogniz,2.559
compens,2.559
idealist,2.558
gosl,2.556
squar,2.556
strictli,2.554
substanti,2.554
petti,2.554
awhil,2.554
district,2.553
muscl,2.552
braveri,2.552
fuss,2.550
disregard,2.549
mastermind,2.547
talki,2.546
heroism,2.544
outlook,2.544
closur,2.544
maximum,2.544
entireti,2.544
request,2.544
degener,2.543
rope,2.543
mode,2.542
humili,2.541
traumat,2.540
snake,2.540
northwest,2.540
interrupt,2.540
flair,2.540
absent,2.539
narrow,2.538
propel,2.537
lang,2.535
unrel,2.535
steel,2.534
existenti,2.533
flop,2.533
brazil,2.531
fluid,2.531
viewpoint,2.531
royal,2.530
dispos,2.530
benigni,2.529
shaki,2.528
breakthrough,2.527
embark,2.525
bleed,2.525
crisp,2.524
19,2.524
health,2.522
qualifi,2.521
bastard,2.521
aftermath,2.520
bay,2.518
scottish,2.518
fragil,2.517
foul,2.516
correctli,2.516
rug,2.516
upcom,2.515
pray,2.515
huston,2.515
labor,2.514
summar,2.514
lieuten,2.513
minimum,2.513
tempt,2.512
versatil,2.511
crude,2.510
gimmick,2.510
junki,2.510
obtain,2.508
document,2.507
publish,2.506
sixti,2.506
chronicl,2.505
styliz,2.504
hammer,2.503
asham,2.502
pierc,2.502
journalist,2.502
firm,2.501
cheek,2.501
neglect,2.499
dive,2.499
calib,2.499
priceless,2.497
worn,2.495
baffl,2.494
2014,2.494
suspicion,2.493
regim,2.493
cousin,2.493
stroke,2.492
saturday,2.491
colleagu,2.491
invas,2.491
suspici,2.488
approv,2.487
hawk,2.485
rhythm,2.485
blur,2.484
motif,2.483
literari,2.483
aris,2.482
cliff,2.482
wholli,2.482
characteris,2.480
likewis,2.480
swing,2.480
plight,2.479
behaviour,2.479
ah,2.476
warner,2.476
hypnot,2.476
en,2.473
descent,2.473
butch,2.472
web,2.472
gear,2.471
hollow,2.471
signatur,2.470
peer,2.467
effortlessli,2.466
diminish,2.465
spawn,2.462
automat,2.461
midst,2.461
chaotic,2.461
watcher,2.458
ludicr,2.458
pivot,2.457
politician,2.455
hungri,2.452
nake,2.450
hood,2.449
rant,2.448
vibrant,2.448
mayhem,2.448
egg,2.448
2015,2.447
union,2.447
mate,2.445
upper,2.445
diamond,2.445
simmon,2.444
button,2.444
convincingli,2.441
elizabeth,2.441
pen,2.439
repli,2.439
glamor,2.438
delic,2.438
uk,2.436
detach,2.436
demis,2.434
ration,2.434
slice,2.434
crawl,2.433
cari,2.432
boast,2.432
underworld,2.431
dick,2.431
weakest,2.431
choreographi,2.431
intertwin,2.430
trigger,2.429
miseri,2.427
snatch,2.427
durat,2.426
kingdom,2.423
unreal,2.423
akira,2.418
trail,2.418
seller,2.415
california,2.415
shore,2.415
lastli,2.410
trio,2.409
elsewher,2.409
1998,2.409
fond,2.406
fetch,2.406
fifth,2.406
tall,2.404
slaughter,2.403
tongu,2.401
rick,2.400
preced,2.399
thick,2.399
descend,2.399
24,2.398
consciou,2.397
grail,2.396
replic,2.396
awak,2.395
knife,2.394
adequ,2.394
vega,2.393
brood,2.392
urban,2.389
curios,2.389
2005,2.386
internet,2.386
mann,2.385
toss,2.385
calcul,2.384
spine,2.384
exit,2.384
flee,2.384
tape,2.381
eleg,2.380
fed,2.379
bu,2.379
luckili,2.376
millennium,2.376
uninterest,2.374
distress,2.374
21st,2.374
sustain,2.374
butt,2.374
chop,2.372
myth,2.372
conveni,2.371
paus,2.370
drew,2.370
neighborhood,2.369
repeatedli,2.369
extens,2.365
roy,2.364
wife,2.364
minim,2.363
gentl,2.360
von,2.360
network,2.359
1000,2.359
nois,2.358
supernatur,2.357
neat,2.353
empathi,2.351
neck,2.347
coher,2.345
racial,2.345
sunset,2.345
flip,2.343
nose,2.343
www,2.342
launch,2.341
resort,2.341
shatter,2.339
yoda,2.339
literatur,2.339
toler,2.337
caricatur,2.336
jonathan,2.336
usa,2.335
irish,2.334
fanci,2.334
grate,2.333
verbal,2.332
glu,2.331
stark,2.330
tender,2.330
meaningless,2.330
verdict,2.329
slick,2.328
per,2.327
ain,2.327
cowboy,2.326
downfal,2.324
induc,2.324
electr,2.323
psych,2.312
thug,2.312
trait,2.312
spaceship,2.310
adrenalin,2.309
weekend,2.309
revolut,2.309
oil,2.308
text,2.307
tank,2.307
packag,2.306
glorifi,2.303
resolut,2.301
beneath,2.301
contrari,2.301
commend,2.300
spider,2.299
reserv,2.298
assault,2.296
composit,2.296
principl,2.294
offens,2.294
polish,2.294
simplist,2.293
divers,2.293
downright,2.291
simplic,2.290
exercis,2.288
border,2.288
eras,2.287
montag,2.286
winter,2.284
rat,2.280
southern,2.279
offend,2.279
represent,2.278
pursuit,2.277
float,2.274
vagu,2.269
raider,2.268
shed,2.266
advertis,2.265
poetic,2.263
rear,2.262
monologu,2.260
blast,2.259
linear,2.257
distant,2.257
iv,2.254
yesterday,2.252
cleverli,2.251
soft,2.251
collabor,2.248
backward,2.246
phrase,2.245
alert,2.244
grim,2.244
dig,2.243
singer,2.243
advis,2.241
furi,2.240
lifestyl,2.239
smooth,2.238
selfish,2.237
laid,2.237
outrag,2.236
burst,2.236
ingeni,2.236
pari,2.236
jimmi,2.235
jar,2.232
mcconaughey,2.231
laughter,2.229
scar,2.226
bite,2.225
fist,2.224
alex,2.224
lesser,2.223
blond,2.221
attend,2.221
bergman,2.220
block,2.218
lazi,2.218
truck,2.216
intric,2.216
consum,2.214
deliveri,2.213
volum,2.211
directori,2.210
broke,2.208
martial,2.207
gori,2.206
grave,2.205
creator,2.203
albeit,2.202
arnold,2.202
subtleti,2.201
charismat,2.201
trademark,2.199
expand,2.198
racist,2.198
devast,2.196
nasti,2.195
explod,2.192
destin,2.189
asleep,2.186
eve,2.185
multi,2.185
elabor,2.185
whatsoev,2.184
bone,2.183
showcas,2.182
shark,2.181
pilot,2.181
portrait,2.179
imit,2.178
popul,2.176
tree,2.175
forgot,2.175
spoken,2.174
assur,2.174
remot,2.171
oliv,2.167
3d,2.165
nod,2.164
spin,2.161
persona,2.161
corner,2.159
heartbreak,2.158
proper,2.157
kurosawa,2.156
contriv,2.154
liner,2.153
buddi,2.152
funniest,2.150
string,2.148
1999,2.148
increas,2.147
foot,2.146
servic,2.143
ironi,2.142
indulg,2.141
illustr,2.136
heck,2.135
lower,2.135
examin,2.132
upset,2.128
demon,2.127
guarante,2.123
matthew,2.122
rave,2.122
adam,2.120
bag,2.120
ticket,2.119
tool,2.118
bull,2.118
goer,2.117
lewi,2.109
casablanca,2.109
par,2.105
eight,2.104
calm,2.104
conclud,2.104
horrif,2.103
skywalk,2.102
argument,2.101
morn,2.097
pretend,2.097
combat,2.097
belov,2.096
warrior,2.095
blew,2.094
beach,2.094
gradual,2.091
lucki,2.091
paper,2.089
dread,2.087
shift,2.087
below,2.084
deadli,2.082
mountain,2.079
phone,2.076
meanwhil,2.075
alter,2.075
employ,2.075
exagger,2.074
trash,2.073
crack,2.073
samuel,2.071
engross,2.071
heroin,2.070
mirror,2.068
consider,2.068
retir,2.062
independ,2.057
worker,2.057
target,2.055
expos,2.054
altern,2.045
wizard,2.045
absurd,2.045
coppola,2.044
insult,2.044
solv,2.040
raw,2.034
disagre,2.031
exploit,2.030
ball,2.030
oper,2.030
succe,2.029
vs,2.028
topic,2.024
nightmar,2.018
scenario,2.017
station,2.012
chapter,2.011
hitler,2.010
ruthless,2.008
piti,2.007
extent,2.002
dad,1.996
ed,1.994
hook,1.992
sharp,1.992
intern,1.992
media,1.992
idiot,1.986
cult,1.979
intellectu,1.979
shape,1.976
dimension,1.969
bat,1.968
lone,1.967
darth,1.965
goal,1.960
gold,1.954
surfac,1.949
robin,1.947
landscap,1.947
revel,1.945
unexpect,1.940
pointless,1.939
mob,1.939
schindler,1.937
disgust,1.930
goodfella,1.928
account,1.925
dislik,1.920
unknown,1.919
ass,1.916
henri,1.916
anthoni,1.914
sean,1.912
frustrat,1.912
argu,1.910
anybodi,1.910
angel,1.909
gritti,1.907
extend,1.904
grab,1.901
page,1.900
abus,1.898
agent,1.892
window,1.888
billi,1.880
invent,1.875
layer,1.875
ladi,1.869
harrison,1.856
harvey,1.854
summer,1.853
v,1.846
investig,1.842
unless,1.840
jim,1.839
ordinari,1.832
norton,1.821
u,1.818
mess,1.816
wood,1.814
mile,1.809
frighten,1.805
instal,1.801
superhero,1.800
suck,1.798
terrifi,1.798
toy,1.792
hide,1.791
willi,1.788
f,1.788
edward,1.780
kevin,1.777
weird,1.772
french,1.765
ii,1.765
hunt,1.761
humour,1.761
silli,1.760
fresh,1.744
shawshank,1.738
dr,1.734
gang,1.731
jone,1.706
club,1.704
lee,1.703
insan,1.674
german,1.655
harri,1.649
disney,1.632
languag,1.613
street,1.588
imposs,1.576
alien,1.553
morgan,1.549
bale,1.522
freeman,1.498
sci,1.489
fi,1.489
fantasi,1.470
knight,1.428
thriller,1.395
horror,1.307
