chaplin,2224.917
tramp,1006.405
modern,737.144
factori,547.271
charli,509.167
silent,420.658
machin,409.362
gamin,404.966
goddard,378.142
worker,364.073
paulett,328.663
he,262.455
industri,261.987
time,235.377
hi,227.320
comedi,209.106
1936,197.227
technolog,185.716
sound,184.357
jail,183.561
feed,175.767
assembl,167.074
work,159.930
unemploy,149.194
film,148.876
communist,144.052
societi,139.900
depress,137.635
as,137.438
laugh,135.237
s,134.979
social,132.414
talki,129.842
sheep,129.812
skate,129.676
machineri,126.218
job,124.207
mechan,113.970
scene,112.636
sing,112.382
we,107.580
human,106.765
wa,103.960
by,103.309
satir,102.591
which,102.366
on,102.068
littl,100.093
gag,99.098
at,98.716
era,98.222
use,97.126
with,95.638
funni,95.183
are,93.784
an,93.122
dure,92.979
world,92.017
him,90.287
line,90.168
citi,90.088
into,89.532
lunch,89.380
slapstick,88.721
light,88.417
where,88.051
hilari,87.449
make,87.277
after,86.739
song,85.759
or,85.574
also,85.301
get,85.210
from,85.194
breakdown,84.808
when,84.760
be,83.917
still,83.439
in,82.749
tri,82.625
boss,82.453
man,82.276
while,82.024
cog,81.624
struggl,81.458
today,81.353
smile,80.725
more,80.298
even,79.668
life,79.514
up,79.468
geniu,78.130
girl,77.993
there,77.973
prison,77.721
they,76.034
most,74.746
her,74.723
for,74.683
one,74.586
last,74.237
releas,74.154
waiter,73.639
mani,73.483
great,73.375
individu,73.250
so,72.440
arrest,72.076
class,72.065
through,71.722
had,71.665
commentari,71.601
autom,70.916
live,70.661
onli,70.463
orphan,69.032
not,68.658
poor,68.471
charl,68.225
peopl,68.060
find,67.706
new,67.680
store,67.376
ha,67.338
some,67.317
physic,67.246
becom,67.128
that,66.854
moment,65.774
our,65.723
polit,65.676
were,65.105
first,65.087
togeth,64.324
who,64.291
but,64.247
himself,64.213
their,63.765
all,63.749
food,63.625
yet,63.483
relev,63.420
way,63.239
how,63.127
made,62.938
metropoli,62.866
can,62.847
show,62.786
classic,62.479
end,62.426
alway,61.767
product,61.357
messag,61.345
roller,60.965
other,60.888
these,60.772
pictur,60.636
produc,60.329
out,60.250
bolt,60.162
final,59.915
poverti,59.558
screen,59.538
nervou,59.334
humor,58.928
have,58.460
then,58.213
them,58.209
dehuman,57.853
speak,57.837
dictat,57.790
she,57.466
veri,57.070
doe,56.635
year,56.605
1930,56.301
herd,56.203
age,56.114
t,56.009
audienc,55.940
later,55.902
blindfold,55.789
movi,55.749
is,55.693
just,55.659
street,55.563
open,55.360
homeless,55.129
effect,55.093
seem,54.994
featur,54.951
like,54.927
two,54.912
voic,54.899
depart,54.871
anoth,54.710
set,54.707
come,54.525
love,53.958
employ,53.947
than,53.777
us,53.585
chang,53.458
flag,53.449
part,53.322
cinema,53.296
break,53.202
exampl,53.185
about,53.181
well,53.165
such,53.124
though,52.767
to,52.719
keep,52.572
walk,52.503
becaus,52.401
includ,52.363
would,52.134
condit,52.062
charact,51.740
down,51.649
powder,51.520
bread,51.005
american,50.901
chaplain,50.880
consid,50.742
no,50.592
comed,50.380
will,50.341
music,50.279
radio,49.948
back,49.850
could,49.823
talk,49.703
watch,49.679
what,49.528
gibberish,49.466
take,49.252
word,49.008
shot,48.907
meet,48.600
polic,48.559
without,48.474
idea,48.376
too,48.269
see,48.153
you,48.008
surviv,48.006
between,47.982
did,47.944
best,47.902
theme,47.849
sever,47.826
1927,47.784
labor,47.765
demonstr,47.550
icon,47.475
never,47.376
effici,47.299
howev,47.246
of,47.079
danc,46.955
comic,46.817
over,46.614
cours,46.506
same,46.333
i,46.313
critic,46.295
piec,46.271
capit,46.258
hard,45.992
put,45.967
sequenc,45.720
thing,45.616
system,45.574
look,45.305
funniest,45.146
against,45.054
lead,45.052
actual,45.034
do,44.918
my,44.691
those,44.604
gear,44.472
larg,44.222
beauti,44.165
point,43.928
here,43.876
econom,43.527
day,43.279
again,43.168
old,43.158
face,42.772
capitalist,42.704
garmin,42.451
crowd,42.447
steal,42.421
strike,42.378
both,42.334
dream,42.249
if,42.200
record,42.190
a,42.165
stori,42.136
view,41.964
ever,41.941
tighten,41.924
manag,41.902
direct,41.677
continu,41.588
although,41.498
happi,41.370
short,41.244
quit,41.186
poignant,41.128
much,40.933
few,40.716
comedian,40.711
go,40.698
own,40.667
play,40.629
greatest,40.500
wonder,40.440
me,40.400
pantomim,40.400
help,40.396
singer,40.381
home,40.350
hospit,40.167
situat,39.930
difficult,39.905
remain,39.826
nose,39.824
often,39.636
need,39.545
road,39.517
been,39.478
restaur,39.402
automat,39.380
touch,39.279
perfect,39.057
creat,38.820
found,38.715
almost,38.713
forc,38.699
men,38.500
despit,38.474
control,38.102
imag,38.082
throughout,38.054
entertain,37.892
heard,37.864
now,37.803
place,37.618
accident,37.513
pure,37.491
it,37.395
conveyor,37.153
doesn,37.119
famou,37.014
sent,36.822
onc,36.775
young,36.646
move,36.604
belt,36.589
1931,36.277
watchman,36.048
may,35.940
ani,35.779
compos,35.751
hand,35.709
sinc,35.637
feel,35.548
employe,35.487
eat,35.205
histori,35.167
routin,35.111
art,35.068
interest,35.012
memor,34.971
good,34.819
hope,34.775
fast,34.712
long,34.691
rather,34.644
revolut,34.634
result,34.554
televis,34.548
amp,34.468
start,34.463
increas,34.353
off,34.250
futur,34.249
give,34.242
turn,34.230
befor,34.199
seen,34.125
loaf,34.095
someth,34.062
import,34.016
thi,34.015
fall,33.996
talent,33.980
goe,33.948
conklin,33.817
big,33.815
bodi,33.766
cocain,33.740
don,33.732
critiqu,33.714
titl,33.542
owner,33.519
fact,33.484
laughter,33.435
march,33.386
lost,33.328
remind,33.280
think,33.272
present,33.239
rush,33.076
state,33.006
lang,32.952
lyric,32.942
trap,32.757
especi,32.739
pace,32.637
spoken,32.611
form,32.594
might,32.564
flock,32.517
gener,32.470
each,32.349
sens,32.304
caught,32.299
lot,32.158
stop,32.151
far,32.100
must,32.051
1929,31.991
toward,31.782
red,31.760
marx,31.696
know,31.647
thrown,31.638
dialogu,31.548
want,31.475
favorit,31.467
express,31.392
say,31.338
farewel,31.300
differ,31.230
subway,31.217
fun,31.059
simpl,31.050
among,31.034
attempt,30.983
star,30.982
artist,30.965
highlight,30.965
due,30.948
inadvert,30.919
charm,30.906
follow,30.723
troubl,30.663
earli,30.627
protest,30.479
complet,30.475
aspect,30.443
under,30.396
eventu,30.385
full,30.377
along,30.357
masterpiec,30.352
america,30.351
patho,30.330
run,30.312
skill,30.264
enjoy,30.234
realli,30.134
caus,30.102
perhap,30.082
seri,29.993
iron,29.925
number,29.822
happen,29.807
loud,29.782
hous,29.760
came,29.705
100,29.585
jazz,29.579
depict,29.543
around,29.492
creativ,29.492
union,29.359
seriou,29.330
problem,29.235
power,29.121
everi,29.098
author,28.957
outsid,28.934
definit,28.815
truck,28.814
night,28.798
right,28.779
away,28.745
hold,28.737
mass,28.729
heart,28.725
bit,28.695
absurd,28.625
and,28.618
timeless,28.616
unabl,28.591
liter,28.553
main,28.469
note,28.461
extrem,28.335
probabl,28.298
begin,28.277
fade,27.991
sentiment,27.965
economi,27.905
appear,27.905
chester,27.889
stand,27.875
black,27.741
1940,27.729
centuri,27.676
woman,27.648
call,27.609
progress,27.541
mental,27.529
real,27.507
oppress,27.462
return,27.360
thought,27.338
hear,27.256
test,27.235
replac,27.233
lose,27.186
advanc,27.172
sandford,27.169
element,27.119
delight,27.057
simpli,27.049
contain,27.037
provid,27.004
hungri,26.972
close,26.972
bring,26.950
ago,26.929
shack,26.856
portray,26.812
fashion,26.660
nonsens,26.620
mean,26.586
domin,26.578
amus,26.482
decad,26.317
less,26.211
speed,26.209
master,26.208
attack,26.161
fresh,26.159
speech,26.079
better,26.064
imagin,26.023
isn,26.022
luck,26.017
leader,25.987
sweet,25.979
true,25.810
reason,25.723
style,25.669
score,25.618
mayb,25.569
next,25.542
skit,25.434
usual,25.428
busi,25.370
statement,25.317
escap,25.300
said,25.205
sister,25.052
stay,25.028
stuck,25.002
level,24.927
pick,24.831
period,24.789
approach,24.701
cuff,24.697
sort,24.659
guinea,24.647
unit,24.618
director,24.604
instanc,24.502
clearli,24.473
written,24.325
ladi,24.294
tell,24.238
visual,24.216
obviou,24.125
orwel,24.113
decid,24.070
act,24.057
pass,24.038
els,24.025
card,24.000
whether,23.960
d,23.956
variou,23.932
similar,23.872
inspir,23.839
done,23.748
insid,23.703
wave,23.688
nut,23.678
perform,23.654
uniqu,23.648
cafe,23.633
felt,23.590
fire,23.566
socialist,23.527
sunset,23.449
gold,23.448
commun,23.442
upon,23.389
serv,23.370
convey,23.337
abil,23.275
order,23.205
earlier,23.193
concern,23.190
cannot,23.181
abl,23.168
deliv,23.143
wealthi,23.103
brilliant,23.059
henri,22.989
success,22.933
sure,22.909
inde,22.886
matter,22.844
steel,22.806
motion,22.792
rule,22.752
land,22.729
task,22.723
pig,22.676
godard,22.667
rollersk,22.641
salt,22.622
white,22.599
spirit,22.596
duck,22.588
stunt,22.572
anyon,22.568
soon,22.541
waif,22.500
natur,22.485
viewer,22.377
alreadi,22.363
odd,22.300
known,22.297
involv,22.270
topic,22.266
advent,22.232
pretti,22.204
innov,22.170
relat,22.150
essenti,22.133
symbol,22.108
emot,22.064
remark,22.060
free,22.057
whom,22.056
tray,22.037
coupl,22.024
repetit,22.019
didn,22.000
list,21.983
clear,21.954
everyon,21.911
am,21.852
name,21.792
phonograph,21.761
shipyard,21.761
connect,21.745
taken,21.736
offic,21.655
verdoux,21.532
huge,21.526
compar,21.505
mistakenli,21.496
understand,21.459
comfort,21.443
career,21.409
background,21.399
quickli,21.399
until,21.381
mistaken,21.379
wife,21.276
clock,21.244
ve,21.227
truli,21.218
rich,21.217
michigan,21.213
fritz,21.210
strong,21.204
hunger,21.194
issu,21.191
forev,21.135
humour,21.130
silli,21.116
enorm,21.041
joke,21.035
hit,21.002
sisyphu,20.962
hollywood,20.947
benefit,20.889
orphanag,20.882
knew,20.881
filmmak,20.856
mind,20.826
belong,20.754
allow,20.752
femal,20.746
impress,20.716
cultur,20.703
itself,20.691
everywher,20.653
invent,20.630
ll,20.591
camera,20.542
pursuit,20.489
previou,20.486
floor,20.465
movement,20.463
screw,20.385
signific,20.383
mouth,20.382
industrialis,20.380
optimist,20.380
cinemat,20.364
common,20.325
accus,20.301
enter,20.286
half,20.275
display,20.266
refus,20.228
whi,20.204
blame,20.203
daili,20.160
brought,20.121
easili,20.106
father,20.086
track,20.026
re,19.968
suffer,19.932
hardship,19.905
should,19.903
loos,19.887
awar,19.846
head,19.844
co,19.837
plight,19.832
left,19.828
beyond,19.827
process,19.752
mock,19.730
mostli,19.671
faster,19.660
hour,19.658
ye,19.641
combin,19.599
opinion,19.568
presid,19.541
subject,19.491
mix,19.465
wrote,19.441
kind,19.441
everyth,19.389
posit,19.355
let,19.346
eye,19.314
prove,19.285
women,19.243
noth,19.230
etc,19.224
banana,19.195
fit,19.166
got,19.149
hyster,19.149
appreci,19.109
danger,19.030
introduc,18.998
kid,18.997
athletic,18.939
barrier,18.900
basic,18.891
sometim,18.882
past,18.876
shown,18.851
given,18.843
second,18.833
person,18.833
influenc,18.800
optim,18.789
case,18.781
juvenil,18.753
actor,18.747
develop,18.738
sociolog,18.713
drama,18.705
poke,18.703
reflect,18.697
near,18.667
riot,18.620
saw,18.586
newspap,18.567
1984,18.528
metaphor,18.453
effort,18.436
whole,18.377
enough,18.372
crisi,18.341
middl,18.339
enterpris,18.295
mainli,18.278
becam,18.274
exploit,18.273
jobless,18.266
admir,18.264
attract,18.258
themselv,18.254
govern,18.253
repres,18.214
somewhat,18.211
write,18.172
10,18.139
sympathi,18.129
arguabl,18.087
overal,18.086
type,18.085
brave,18.046
monoton,18.001
nearli,17.960
anyth,17.954
pay,17.928
least,17.912
antic,17.880
episod,17.846
libert,17.845
cell,17.791
establish,17.779
whose,17.766
technic,17.721
amaz,17.714
circuit,17.645
techniqu,17.634
role,17.590
further,17.588
possibl,17.576
policemen,17.568
strung,17.568
money,17.561
standard,17.552
sad,17.544
switzerland,17.535
practic,17.533
top,17.511
observ,17.507
com,17.449
factor,17.439
major,17.416
depend,17.381
heartwarm,17.380
review,17.334
monitor,17.299
signatur,17.290
chanc,17.235
familiar,17.230
jolson,17.225
innoc,17.220
dehumanis,17.099
nou,17.060
sadli,17.018
fight,17.009
robot,17.000
constant,16.942
mad,16.936
arm,16.929
genuin,16.926
three,16.925
ballet,16.907
plot,16.897
believ,16.868
recent,16.825
couldn,16.809
mr,16.780
search,16.761
care,16.734
hero,16.720
figur,16.719
accid,16.694
readi,16.651
requir,16.632
honest,16.623
famili,16.603
specif,16.596
ten,16.560
opposit,16.530
longer,16.525
nois,16.506
sit,16.501
front,16.434
berserk,16.405
www,16.395
altern,16.361
uncertain,16.353
abandon,16.347
usa,16.342
anachron,16.305
your,16.305
entir,16.300
devic,16.226
contrast,16.206
wrong,16.189
leav,16.184
whatev,16.179
respect,16.159
harsh,16.150
compani,16.145
foil,16.130
mechanis,16.110
obsolet,16.100
share,16.096
30,16.062
essenc,16.011
current,16.002
law,15.998
rate,15.963
soul,15.961
tone,15.956
constantli,15.949
policeman,15.936
dialog,15.927
kinesi,15.919
whenev,15.868
conform,15.867
fallen,15.855
recommend,15.847
miser,15.819
mustach,15.786
behind,15.743
meal,15.734
collect,15.731
notic,15.726
easi,15.708
side,15.703
possess,15.689
instead,15.685
anti,15.658
desir,15.636
realiti,15.635
urchin,15.634
the,15.614
bad,15.602
excel,15.593
maintain,15.577
characterist,15.530
pressur,15.527
doubl,15.473
sight,15.470
crusad,15.430
adventur,15.406
thu,15.368
giant,15.329
charg,15.297
fail,15.289
masteri,15.276
fill,15.258
institut,15.252
tear,15.239
non,15.229
minut,15.213
meant,15.197
writer,15.194
began,15.193
carri,15.137
die,15.114
insight,15.103
sign,15.049
ineffici,15.049
medium,15.040
comput,15.017
titin,15.016
fine,14.994
dive,14.993
immedi,14.993
origin,14.973
intertitl,14.953
popular,14.925
affect,14.916
subtl,14.915
avail,14.910
nameless,14.900
corpor,14.900
motif,14.897
version,14.862
wit,14.854
brother,14.853
tool,14.824
sole,14.789
incred,14.766
adapt,14.735
offer,14.723
special,14.723
upper,14.672
finish,14.667
button,14.665
prior,14.646
m,14.640
earn,14.637
vignett,14.631
prevent,14.578
ford,14.575
directli,14.571
assist,14.558
u,14.545
roast,14.537
pratfal,14.537
mark,14.536
opportun,14.536
occur,14.523
cope,14.523
languag,14.521
chemistri,14.504
obstacl,14.499
chaplan,14.488
blyston,14.488
5,14.480
caf,14.474
high,14.438
suddenli,14.427
surveil,14.383
misfit,14.359
countless,14.337
bid,14.327
purpos,14.291
fed,14.277
aren,14.214
million,14.210
extens,14.192
outcast,14.190
join,14.183
introduct,14.177
transform,14.157
consist,14.129
accomplish,14.128
buck,14.110
edit,14.103
soundtrack,14.100
intellig,14.083
hitler,14.071
wide,14.036
send,14.030
yell,13.980
plate,13.972
choos,13.970
perfectli,13.969
five,13.956
valu,13.943
except,13.933
creation,13.928
read,13.923
promin,13.917
stick,13.917
context,13.879
dock,13.824
harder,13.820
waterfront,13.818
enslav,13.811
label,13.784
normal,13.777
mistak,13.764
circumst,13.753
keaton,13.752
exil,13.744
triumph,13.730
russia,13.720
slave,13.717
public,13.716
color,13.697
singl,13.684
identifi,13.660
joy,13.650
surfac,13.646
avoid,13.638
limit,13.634
surpris,13.631
worst,13.616
floorwalk,13.585
imprison,13.578
notabl,13.570
hire,13.566
manic,13.565
late,13.564
realiz,13.561
relationship,13.560
dinner,13.559
workplac,13.549
nine,13.538
obvious,13.533
warm,13.533
assert,13.532
certainli,13.505
preval,13.468
fortun,13.430
qualiti,13.429
ingeni,13.413
bourgeoi,13.389
tour,13.348
dramat,13.325
bergman,13.318
term,13.309
deal,13.289
hidden,13.283
took,13.265
construct,13.255
20th,13.248
ban,13.246
circu,13.237
expect,13.235
invit,13.230
regret,13.226
tati,13.210
gaol,13.210
improvis,13.209
buster,13.194
brand,13.193
lean,13.187
area,13.178
support,13.161
built,13.107
showcas,13.095
eighti,13.072
regard,13.062
toil,13.013
craft,13.009
marri,12.994
recogn,12.967
experi,12.955
small,12.947
wing,12.917
driven,12.916
secur,12.868
doubt,12.864
compon,12.862
evolv,12.857
event,12.835
ordinari,12.825
lower,12.809
highli,12.803
wrigley,12.795
recogniz,12.795
switch,12.794
bitter,12.789
brilliantli,12.762
transcend,12.723
add,12.720
either,12.712
appar,12.690
instantli,12.664
treat,12.649
lack,12.645
tune,12.628
rememb,12.617
argument,12.608
compet,12.584
anarch,12.580
round,12.578
self,12.540
link,12.533
particular,12.532
encount,12.521
refer,12.521
transit,12.517
section,12.497
stint,12.475
exagger,12.445
nowaday,12.443
acrobat,12.431
captur,12.427
determin,12.399
cloth,12.392
provok,12.389
synchron,12.377
univers,12.366
king,12.347
studio,12.346
pair,12.346
forward,12.343
puzzl,12.327
scath,12.324
expos,12.322
crash,12.322
feeder,12.307
hex,12.307
accompani,12.282
jab,12.263
prefer,12.258
milk,12.254
comment,12.231
intercom,12.228
goofi,12.224
countri,12.207
discov,12.204
children,12.202
grow,12.200
neg,12.199
vs,12.170
regardless,12.160
push,12.135
ahead,12.121
chao,12.117
edg,12.114
drug,12.101
wait,12.098
intent,12.084
jailbreak,12.083
equal,12.081
bark,12.074
tv,12.055
inhuman,12.033
claim,12.030
tough,12.030
ideal,12.025
water,12.007
wheel,12.005
everlast,12.004
fiscal,11.952
lucil,11.952
desper,11.940
8,11.929
gorgeou,11.912
ad,11.910
initi,11.907
thwart,11.888
plenti,11.881
repeatedli,11.844
post,11.842
endur,11.816
conscious,11.812
dicken,11.809
nevertheless,11.800
cigar,11.763
coher,11.727
proletariat,11.725
immort,11.725
societ,11.690
manner,11.672
finest,11.664
incorpor,11.598
describ,11.590
useless,11.582
announc,11.569
swan,11.566
grown,11.551
consequ,11.533
catch,11.533
http,11.506
recov,11.506
ask,11.490
poignanc,11.487
spend,11.476
segment,11.465
gone,11.464
anybodi,11.459
billow,11.445
montag,11.430
disrupt,11.400
labour,11.400
chain,11.383
death,11.383
tradit,11.353
unlik,11.346
step,11.326
blend,11.304
scarc,11.300
uncontrol,11.283
minist,11.277
shoulder,11.274
interact,11.270
miss,11.263
reopen,11.250
total,11.248
child,11.226
havoc,11.205
highway,11.194
onto,11.181
within,11.181
camu,11.180
cane,11.136
grace,11.126
varieti,11.123
devis,11.110
dancer,11.110
easier,11.084
quick,11.074
corn,11.049
explain,11.037
shoe,11.028
detail,11.024
wear,11.016
albeit,11.011
sir,10.996
cafeteria,10.989
manufactur,10.986
typic,10.985
suggest,10.978
improv,10.975
shine,10.974
reson,10.967
hurrah,10.959
comparison,10.955
multipl,10.954
fruit,10.948
suppos,10.937
deeper,10.935
tini,10.908
ship,10.902
stanc,10.902
structur,10.895
starv,10.893
lovabl,10.883
held,10.882
object,10.881
fan,10.876
alien,10.870
monstrou,10.861
despair,10.853
damag,10.836
question,10.803
suck,10.789
receiv,10.787
uncertainti,10.779
flow,10.765
neither,10.762
evid,10.752
stanley,10.730
lay,10.698
anonym,10.683
illustr,10.678
facial,10.666
myself,10.661
vocal,10.656
advers,10.648
contemporari,10.647
freedom,10.626
braze,10.613
daniderff,10.613
keyston,10.606
select,10.587
aid,10.581
trick,10.580
overpow,10.567
burgeon,10.563
prepar,10.557
spill,10.530
sketch,10.526
imperson,10.526
prophet,10.504
morn,10.486
1972,10.479
belov,10.479
maker,10.479
hardli,10.469
luci,10.447
friend,10.442
frantic,10.399
group,10.377
alter,10.376
boom,10.361
unfortun,10.351
heroin,10.348
perspect,10.336
excit,10.335
pathet,10.319
magic,10.316
underton,10.315
base,10.313
repeat,10.298
bore,10.293
warn,10.290
drove,10.270
aim,10.264
nice,10.258
properti,10.251
resembl,10.237
distinct,10.233
particularli,10.229
greet,10.226
anim,10.218
rais,10.217
goodby,10.214
afi,10.208
tabl,10.208
apart,10.200
price,10.198
coogan,10.194
wedg,10.194
stuff,10.192
norm,10.190
stage,10.180
manifesto,10.178
2,10.169
inabl,10.163
unrest,10.162
2001,10.153
failur,10.139
draw,10.135
spoil,10.133
adjust,10.116
espous,10.116
everyday,10.114
frame,10.110
equip,10.101
scenario,10.087
rank,10.071
roof,10.070
addit,10.038
piti,10.033
revolv,10.019
cost,10.017
mood,10.016
prevail,10.014
laurel,10.014
goddart,10.011
o,9.987
sharp,9.960
spot,9.960
throw,9.945
inform,9.926
rib,9.919
utter,9.902
video,9.891
commerci,9.876
misadventur,9.868
pleas,9.863
match,9.855
acquir,9.850
kill,9.850
safeti,9.843
daydream,9.819
yourself,9.801
wouldn,9.786
bathroom,9.777
impoverish,9.771
occasion,9.746
ill,9.742
elimin,9.741
achiev,9.733
dress,9.724
romanc,9.704
dead,9.693
gestur,9.691
wall,9.648
champion,9.639
swallow,9.630
won,9.627
spoke,9.626
crazi,9.619
demand,9.617
empti,9.616
slaughter,9.613
legend,9.600
monotoni,9.587
agit,9.587
cure,9.585
4,9.570
silenc,9.564
somewher,9.562
went,9.554
reli,9.553
argu,9.550
1947,9.547
extend,9.520
credit,9.519
authoritarian,9.518
caption,9.518
emphasi,9.496
unspoken,9.471
print,9.463
bill,9.460
underpin,9.453
statu,9.439
san,9.438
cinderella,9.435
reliant,9.435
precari,9.417
cogwheel,9.409
cray,9.409
tend,9.403
sell,9.402
nation,9.395
rise,9.383
wealth,9.382
slap,9.380
blue,9.373
forget,9.359
audibl,9.348
grate,9.331
companion,9.326
clever,9.323
legaci,9.296
mixtur,9.291
twitch,9.291
mishap,9.291
1952,9.282
concept,9.275
difficulti,9.262
9,9.240
date,9.220
limelight,9.220
hybrid,9.220
bonjour,9.215
paint,9.212
soup,9.183
sleep,9.181
school,9.171
tragedi,9.164
acceler,9.160
65,9.160
casual,9.156
committe,9.153
scrape,9.153
de,9.153
e,9.147
particip,9.144
mt,9.139
strang,9.137
tickl,9.132
jigsaw,9.132
prais,9.128
till,9.124
tweak,9.111
superior,9.107
futurist,9.097
inmat,9.090
dare,9.077
worth,9.066
recoveri,9.049
gain,9.041
younger,9.016
strongest,9.012
therefor,9.005
none,9.002
experienc,9.001
wagon,8.971
told,8.967
cut,8.962
artifici,8.956
underli,8.954
deepli,8.951
nobodi,8.951
feisti,8.934
wharf,8.923
overhead,8.922
reduc,8.912
kong,8.912
channel,8.891
hord,8.880
rigid,8.880
stress,8.877
haven,8.877
cross,8.870
absolut,8.869
superb,8.863
alli,8.856
consum,8.855
la,8.849
guy,8.833
french,8.826
interpret,8.824
idl,8.817
stronger,8.813
wrench,8.812
creator,8.812
mention,8.804
thumb,8.799
trademark,8.795
permit,8.784
pardon,8.778
penchant,8.757
ambit,8.744
twice,8.740
sympathis,8.736
reeler,8.704
superstructur,8.704
forgot,8.701
underscor,8.699
imdb,8.684
punish,8.680
spite,8.680
indic,8.676
presenc,8.676
romant,8.674
chair,8.673
circl,8.668
footag,8.660
hasn,8.657
encourag,8.638
besid,8.636
famous,8.620
dusti,8.615
pinko,8.613
toolbox,8.613
spray,8.606
auto,8.596
string,8.593
treasur,8.592
dimens,8.575
servic,8.572
anyway,8.571
skip,8.569
defin,8.568
ironi,8.568
indulg,8.562
theft,8.559
intrus,8.550
third,8.547
heck,8.540
conflict,8.536
novel,8.531
advantag,8.530
stratifi,8.530
meaning,8.528
van,8.522
glimps,8.519
size,8.496
drop,8.485
applic,8.479
asid,8.468
complex,8.462
exist,8.459
slowli,8.453
surround,8.451
letter,8.433
delay,8.424
ignor,8.423
respons,8.415
honestli,8.413
marvel,8.412
handl,8.410
elev,8.403
alon,8.399
bumbl,8.395
allus,8.391
lover,8.388
npr,8.385
alleg,8.375
ruin,8.369
insan,8.368
rest,8.360
otherwis,8.351
dedic,8.350
electron,8.328
smart,8.322
challeng,8.307
frequent,8.306
meanwhil,8.301
n,8.295
anywher,8.290
knack,8.283
mirror,8.273
fals,8.272
cow,8.265
afterward,8.252
parad,8.243
action,8.236
previous,8.232
controversi,8.226
vast,8.221
target,8.219
whimsic,8.211
toll,8.200
everybodi,8.197
ingenu,8.197
debut,8.192
activ,8.191
convict,8.175
canva,8.173
etern,8.173
bout,8.159
treatment,8.159
countess,8.152
revu,8.152
wiper,8.152
crimin,8.141
convent,8.141
partner,8.132
farc,8.126
theori,8.125
vow,8.123
ball,8.120
behavior,8.118
smarter,8.113
wage,8.106
seldomli,8.102
build,8.097
curtain,8.097
relentlessli,8.090
essay,8.090
ourselv,8.088
wrongli,8.081
averag,8.075
inner,8.071
immens,8.063
collar,8.062
variat,8.056
magnific,8.055
fear,8.050
fulli,8.046
enhanc,8.044
explor,8.043
rag,8.043
grew,8.042
ruthless,8.031
narr,8.029
appl,8.025
everyman,8.025
fantast,8.022
hurri,8.013
dynamo,8.011
motherless,8.011
deep,8.008
chocol,8.007
chosen,7.994
unintent,7.989
hierarch,7.968
predict,7.948
noteworthi,7.934
favourit,7.928
21th,7.928
innard,7.928
italian,7.926
paradis,7.922
file,7.917
churn,7.911
20,7.909
bottom,7.905
method,7.903
theater,7.894
imposs,7.881
desol,7.873
guard,7.872
ps,7.870
organ,7.864
waddl,7.852
mic,7.852
1918,7.852
ok,7.849
soviet,7.843
goal,7.842
inevit,7.835
astonish,7.832
rendit,7.827
artistri,7.822
escal,7.822
formalist,7.817
chase,7.808
outfit,7.807
accept,7.800
clumsi,7.799
gift,7.794
cob,7.783
rob,7.782
asylum,7.771
convert,7.769
energi,7.743
foreign,7.741
undergo,7.736
preachi,7.729
unadorn,7.718
synchronis,7.718
seventi,7.717
buy,7.717
admit,7.709
grin,7.707
bent,7.705
twenti,7.701
desert,7.698
shelter,7.698
enshrin,7.688
vagrant,7.658
garbo,7.658
taylor,7.651
brief,7.636
outlook,7.633
boy,7.632
huac,7.630
foreshadow,7.622
attitud,7.609
funnier,7.606
toilet,7.606
server,7.602
legendari,7.594
thiev,7.593
witti,7.592
actress,7.576
nat,7.576
likabl,7.566
instrument,7.561
superl,7.557
g,7.556
pleasur,7.554
70,7.532
sixti,7.519
reinforc,7.519
deem,7.513
steadi,7.509
fellow,7.499
1989,7.492
rang,7.492
suburban,7.486
earth,7.478
bro,7.476
impish,7.476
sate,7.476
throng,7.476
civil,7.474
saniti,7.464
wind,7.464
succeed,7.457
flick,7.456
strain,7.455
satiris,7.453
parti,7.451
brutal,7.441
hundr,7.438
reviv,7.433
buoyant,7.431
plan,7.429
bow,7.425
precaut,7.409
ideolog,7.404
yeah,7.402
central,7.393
ident,7.390
barrel,7.389
spastic,7.387
hobo,7.387
corral,7.387
celluloid,7.386
v,7.385
across,7.379
briefli,7.352
dazzlingli,7.346
visit,7.346
exhibit,7.343
reaction,7.339
clip,7.331
rel,7.322
detach,7.308
loudspeak,7.306
numb,7.292
scale,7.290
charect,7.287
separ,7.277
gray,7.277
inher,7.275
250,7.269
convuls,7.269
mess,7.263
impos,7.256
seamlessli,7.255
secondari,7.255
c,7.253
rare,7.244
insert,7.234
teeth,7.233
electro,7.232
clown,7.221
fond,7.218
oh,7.211
dawn,7.186
partli,7.182
themat,7.174
mann,7.156
trend,7.149
hong,7.149
tragic,7.148
mime,7.148
ingredi,7.145
misde,7.132
pedro,7.132
synch,7.132
gap,7.128
sustain,7.122
subtli,7.120
content,7.119
drew,7.110
protect,7.107
ipod,7.101
local,7.096
jacki,7.093
culmin,7.090
weird,7.088
teenag,7.081
unforgett,7.080
stun,7.075
sexiest,7.071
bunuel,7.071
hooray,7.071
war,7.069
childhood,7.069
exactli,7.060
inconclus,7.056
york,7.056
dealt,7.046
bare,7.036
obsess,7.031
similarli,7.022
spent,7.018
encroach,7.014
sex,7.008
50,7.007
analyz,6.996
adopt,6.993
tender,6.990
downfal,6.972
pull,6.970
farm,6.968
victim,6.967
wish,6.956
coincid,6.952
jerk,6.951
vari,6.948
trait,6.936
dr,6.935
balanc,6.932
oil,6.924
arriv,6.923
overwork,6.923
cabaret,6.923
superimpos,6.910
proprietor,6.910
fasten,6.898
monument,6.897
12,6.892
entri,6.892
assault,6.889
sympath,6.889
vaudevil,6.886
necessari,6.885
glad,6.885
resourc,6.882
simplic,6.869
straddl,6.863
twinkl,6.863
wasn,6.862
length,6.858
suspect,6.856
testament,6.852
decis,6.850
plausibl,6.848
echo,6.841
endear,6.841
dvd,6.838
defi,6.833
standout,6.832
commi,6.829
allan,6.829
sheriff,6.825
tediou,6.819
snatcher,6.817
club,6.814
drunk,6.813
monster,6.808
emphas,6.807
singularli,6.807
disast,6.806
prop,6.803
prescient,6.785
garcia,6.785
superfici,6.781
shop,6.776
crush,6.776
expound,6.775
steak,6.775
scientif,6.771
simultan,6.767
regiment,6.764
perfection,6.764
monsieur,6.764
gloriou,6.762
aliv,6.758
wander,6.754
silver,6.744
clair,6.744
leftist,6.744
ballad,6.744
fli,6.742
backward,6.739
impli,6.738
dilapid,6.734
grim,6.731
revers,6.730
function,6.720
parodi,6.720
lifestyl,6.718
excurs,6.714
hesit,6.712
burst,6.709
ownership,6.704
spoiler,6.700
london,6.700
wors,6.689
mack,6.685
guess,6.684
pack,6.683
europ,6.678
discont,6.676
slightli,6.674
shout,6.670
competit,6.663
honorari,6.648
deliveri,6.638
sped,6.630
offenc,6.621
realist,6.614
detroit,6.587
press,6.576
descript,6.574
2nd,6.574
undesir,6.570
inequ,6.570
fatigu,6.570
awkward,6.569
henc,6.568
haunt,6.567
impecc,6.565
key,6.565
expert,6.563
materi,6.563
basi,6.561
eve,6.555
appeal,6.553
fix,6.551
germani,6.548
inimit,6.538
evok,6.537
transport,6.537
ridicul,6.527
occas,6.522
assur,6.521
auster,6.514
immeasur,6.507
gave,6.502
eeri,6.500
concess,6.491
lift,6.488
anachronist,6.484
lumber,6.476
proper,6.470
cheeri,6.469
learn,6.467
foreman,6.462
curiou,6.461
somehow,6.461
candi,6.459
minor,6.452
notion,6.451
satisfi,6.448
muck,6.447
weighti,6.447
fittingli,6.447
exert,6.440
thirti,6.438
nineteen,6.433
cabinet,6.433
wherea,6.431
protagonist,6.430
stomach,6.429
genr,6.426
flexibl,6.426
setback,6.426
reminisc,6.420
cop,6.415
congress,6.412
travel,6.409
nuanc,6.409
spell,6.408
deserv,6.402
hate,6.397
examin,6.395
bureaucraci,6.392
supervisor,6.392
bet,6.388
humanitarian,6.385
1950,6.380
extran,6.378
subsequ,6.374
percentag,6.372
guarante,6.369
appli,6.368
manual,6.365
blare,6.358
feet,6.356
hall,6.336
nippl,6.333
hectic,6.333
circular,6.333
reaffirm,6.327
newfound,6.327
larger,6.323
1949,6.320
conclud,6.312
chose,6.303
scienc,6.299
mid,6.297
cattl,6.284
downplay,6.284
fledg,6.284
endless,6.278
fiction,6.278
shabbi,6.278
dissent,6.272
split,6.263
promptli,6.261
isol,6.260
pond,6.255
deliber,6.250
indign,6.249
drive,6.245
dexter,6.243
sang,6.243
weak,6.243
nonetheless,6.241
somebodi,6.238
mountain,6.237
beat,6.236
6,6.233
illustri,6.226
recess,6.226
superbl,6.224
boat,6.218
haul,6.210
identif,6.204
lie,6.195
amongst,6.194
hierarchi,6.194
liken,6.194
unlucki,6.194
conclus,6.186
regular,6.185
denounc,6.183
surreal,6.179
irrever,6.172
gruel,6.172
reput,6.170
amount,6.168
blind,6.161
poni,6.157
four,6.153
georg,6.152
antiqu,6.142
bodili,6.137
screwbal,6.137
undoubtedli,6.132
mall,6.132
pertin,6.127
pain,6.122
disturb,6.114
saccharin,6.097
oper,6.089
googl,6.088
dearli,6.078
badli,6.076
astound,6.072
substanc,6.065
lifetim,6.063
hat,6.062
market,6.061
cruel,6.061
maestro,6.060
snippet,6.055
dirti,6.054
classmat,6.046
oscar,6.036
unwittingli,6.033
remov,6.027
recal,6.024
temporarili,6.024
stretch,6.018
reportedli,6.015
knit,6.015
reconsid,6.011
nightclub,6.011
wreak,6.006
smuggl,6.002
design,6.001
favor,6.000
destroy,5.988
plainli,5.985
underbelli,5.985
compil,5.981
paid,5.978
melanchol,5.972
unfinish,5.972
grade,5.971
einstein,5.964
precis,5.952
someon,5.945
loudli,5.940
thereaft,5.940
strikingli,5.924
resist,5.916
strateg,5.916
detriment,5.916
1,5.910
tribul,5.908
autobiograph,5.908
distast,5.904
brighter,5.904
mandatori,5.901
moral,5.897
transmit,5.893
gladli,5.893
ode,5.893
folk,5.889
reveal,5.885
stricken,5.882
fantas,5.874
inventor,5.874
platform,5.867
storylin,5.857
awri,5.856
joyou,5.852
relianc,5.852
mockeri,5.852
board,5.838
understood,5.837
onward,5.834
notwithstand,5.834
truth,5.828
resili,5.827
anticip,5.826
pointless,5.817
bear,5.816
mob,5.816
environ,5.813
cheer,5.811
overwhelmingli,5.810
indict,5.806
incarcer,5.806
belief,5.804
prone,5.803
hapless,5.786
dissolv,5.783
tremend,5.782
memoir,5.779
prosper,5.779
hilar,5.776
clean,5.770
exceedingli,5.769
discourag,5.766
numer,5.764
rewind,5.763
reassur,5.753
shepherd,5.753
trip,5.752
violent,5.750
hang,5.749
disappoint,5.745
cute,5.744
strap,5.744
core,5.743
sourc,5.738
frustrat,5.735
cox,5.734
crank,5.734
risk,5.726
assum,5.725
veer,5.725
student,5.723
richer,5.715
compuls,5.709
babe,5.706
warehous,5.703
maxim,5.703
met,5.695
hopelessli,5.694
perfectionist,5.694
rage,5.694
abus,5.693
astonishingli,5.691
soulless,5.688
matur,5.681
ralli,5.670
overtli,5.664
window,5.663
40,5.649
thoroughli,5.642
disput,5.641
certain,5.640
persecut,5.638
peac,5.637
sprinkl,5.633
breakfast,5.630
space,5.629
legion,5.627
disastr,5.622
1978,5.619
knowledg,5.615
irresist,5.608
subvers,5.605
overton,5.600
sum,5.596
permeat,5.586
persever,5.586
thousand,5.585
3,5.585
angri,5.585
patron,5.550
tax,5.545
romp,5.545
frenzi,5.542
vote,5.540
cling,5.540
coke,5.537
pronounc,5.537
outdat,5.535
loss,5.534
schedul,5.532
mask,5.524
bond,5.524
thrive,5.517
fell,5.513
newest,5.507
recount,5.505
accustom,5.505
filter,5.500
path,5.499
brillianc,5.498
loom,5.498
grape,5.493
tempo,5.490
fold,5.465
root,5.463
park,5.462
seed,5.458
extraordinari,5.456
incap,5.455
rural,5.453
intens,5.453
accur,5.451
punctuat,5.440
encapsul,5.440
diner,5.435
constitut,5.435
wild,5.434
speaker,5.433
intend,5.430
spencer,5.428
damsel,5.426
led,5.424
sparkl,5.422
medit,5.420
screenplay,5.419
1959,5.413
refin,5.398
gloria,5.396
2011,5.396
fellini,5.389
hara,5.389
bust,5.385
sheer,5.385
experiment,5.377
toy,5.376
bar,5.368
british,5.366
bunch,5.364
lowest,5.362
roughli,5.362
tire,5.360
infus,5.358
deterior,5.356
weep,5.352
sibl,5.352
contempt,5.348
affirm,5.348
rapidli,5.344
steam,5.344
jade,5.342
hum,5.340
pop,5.339
breathtak,5.338
domest,5.336
reluctantli,5.334
personifi,5.334
blockbust,5.333
asset,5.328
potent,5.318
90,5.315
tower,5.312
extra,5.311
citizen,5.307
cabman,5.306
ament,5.306
everyjok,5.306
epilet,5.306
dflxur,5.306
poulett,5.306
timesth,5.306
couler,5.306
offlik,5.306
wenta,5.306
welldevelop,5.306
oona,5.306
64in,5.306
depil,5.306
manichaeist,5.306
ithappen,5.306
lumpenproletariat,5.306
dittohead,5.306
monsieour,5.306
offhi,5.306
klopstokian,5.306
titina,5.306
impromtu,5.306
piratelik,5.306
vigoan,5.306
bigmac,5.306
praisal,5.306
survivala,5.306
piecesthat,5.306
butencount,5.306
thisshort,5.306
marmori,5.306
photokinema,5.306
audiencedid,5.306
howerv,5.306
prisonth,5.306
timesonc,5.306
viewersyoung,5.306
billabong,5.306
chapin,5.306
glion,5.306
feelingthat,5.306
barodicharli,5.306
richsound,5.306
leadcharect,5.306
matterwhat,5.306
cineliteraci,5.306
irvington,5.306
atrademark,5.306
hijiink,5.306
overcomplex,5.306
insteadh,5.306
monachopsi,5.306
remarkablli,5.306
intoslapstick,5.306
trici,5.306
movie78,5.306
wrenchwork,5.306
itsauster,5.306
titania,5.306
bindl,5.306
sistenc,5.306
caligiri,5.306
kibner,5.306
orgasmatron,5.306
foraudi,5.306
deathnail,5.306
hasbeauti,5.306
rivoli,5.306
chapliniana,5.306
seenyet,5.306
thisa,5.306
script,5.305
smallest,5.304
former,5.303
knee,5.301
shove,5.295
revolt,5.291
outright,5.287
fund,5.285
nearbi,5.283
grand,5.276
triumphant,5.276
opu,5.274
redund,5.272
horizon,5.267
bittersweet,5.261
attain,5.259
household,5.257
acquaint,5.256
murder,5.252
air,5.252
75,5.248
empath,5.247
sooner,5.247
dysfunct,5.245
l,5.244
okay,5.244
lavish,5.239
strength,5.235
unconsci,5.234
outing,5.232
potenti,5.227
impuls,5.225
eloqu,5.225
classifi,5.223
healthi,5.222
shirt,5.222
criticis,5.216
inch,5.215
longest,5.215
disc,5.210
mute,5.210
born,5.206
secretli,5.204
digest,5.199
cage,5.198
attent,5.197
necess,5.196
suit,5.195
angl,5.193
miracul,5.189
peculiar,5.186
project,5.183
gilliam,5.172
slide,5.169
commit,5.167
persist,5.163
anton,5.163
recycl,5.161
interestingli,5.158
2009,5.158
energet,5.153
grandfath,5.153
win,5.152
uneasi,5.151
friendship,5.150
facet,5.150
custom,5.140
endlessli,5.138
captiv,5.138
b,5.133
studi,5.131
idol,5.129
epic,5.126
sli,5.123
1991,5.121
idealist,5.116
decent,5.113
tast,5.112
salesman,5.109
week,5.102
older,5.098
updat,5.096
underdog,5.093
request,5.087
al,5.086
humili,5.081
peril,5.080
turner,5.078
trite,5.077
perman,5.077
drag,5.075
flawless,5.075
darn,5.074
radic,5.068
straight,5.065
brazil,5.062
stream,5.056
alexand,5.055
mythic,5.055
quietli,5.052
repris,5.051
crisp,5.048
pot,5.048
warmth,5.046
evalu,5.045
thrust,5.042
blogspot,5.039
fragil,5.035
correctli,5.032
wildli,5.031
ought,5.025
counterpart,5.024
senat,5.021
costum,5.013
unostentati,5.005
merion,5.005
marxian,5.005
prolix,5.005
viridiana,5.005
makesy,5.005
ragbag,5.005
goldrush,5.005
oreven,5.005
andfunni,5.005
soemth,5.005
subveris,5.005
attheback,5.005
outrageo,5.005
seeger,5.005
1034,5.005
beauvoir,5.005
twirp,5.005
protestor,5.005
neccess,5.005
heimlich,5.005
demandingli,5.005
telescreen,5.005
longgg,5.005
rsi,5.005
dehaven,5.005
pennyless,5.005
teleconferenc,5.005
flywheel,5.005
mcclintock,5.005
fordist,5.005
cherch,5.005
are1,5.005
merlau,5.005
pscyho,5.005
blink,5.003
firm,5.002
stimul,5.000
bias,4.992
motiv,4.992
worn,4.991
nor,4.985
cover,4.985
colleagu,4.982
low,4.979
abstract,4.978
mundan,4.976
battl,4.970
chuck,4.970
chew,4.964
scare,4.963
behaviour,4.958
unhappi,4.955
visionari,4.953
speci,4.950
inject,4.944
1968,4.944
slightest,4.936
cole,4.935
diminish,4.930
midst,4.923
broad,4.918
partial,4.914
imaginari,4.911
politician,4.910
implic,4.899
disney,4.897
2015,4.894
mate,4.891
legal,4.885
solid,4.885
pen,4.879
gate,4.870
ration,4.867
check,4.864
dick,4.863
choreographi,4.861
grotesqu,4.861
intertwin,4.859
save,4.857
condemn,4.851
compromis,4.849
boil,4.847
contradict,4.841
complement,4.835
scarlett,4.835
shortli,4.835
orient,4.830
490,4.829
hoosegow,4.829
earworm,4.829
straightman,4.829
vitelloni,4.829
rawli,4.829
gameboy,4.829
figt,4.829
elega,4.829
monsiuer,4.829
rhumba,4.829
subcommitte,4.829
humanlik,4.829
purposelessli,4.829
obscur,4.826
straightforward,4.825
vision,4.817
greedi,4.814
preserv,4.814
worthi,4.808
melodramat,4.808
boundari,4.794
respond,4.786
fascin,4.784
distinguish,4.780
urban,4.779
2005,4.772
flee,4.767
behold,4.761
eleg,4.760
impact,4.754
distress,4.749
21st,4.749
fanat,4.748
versu,4.746
forti,4.744
myth,4.744
paus,4.741
dog,4.740
bulli,4.736
loneli,4.732
keen,4.731
bend,4.728
bernard,4.727
minim,4.726
tip,4.724
analysi,4.722
gentl,4.721
adult,4.719
retain,4.714
patienc,4.714
librari,4.707
terribl,4.707
buri,4.705
primari,4.705
callu,4.704
hooter,4.704
lika,4.704
formalis,4.704
deschanel,4.704
rolli,4.704
cornflow,4.704
thrifti,4.704
unthought,4.704
cozier,4.704
dancefloor,4.704
unsanitari,4.704
chateau,4.704
begat,4.704
dinnertim,4.704
totheroh,4.704
furlough,4.704
widget,4.704
proceed,4.704
empathi,4.701
disguis,4.695
execut,4.689
leap,4.685
zone,4.683
resort,4.681
confirm,4.679
shatter,4.679
reach,4.677
robberi,4.676
mill,4.675
toler,4.674
dismiss,4.668
reluct,4.668
fanci,4.667
wooden,4.667
evolut,4.666
lengthi,4.666
verbal,4.665
1977,4.664
injustic,4.661
profit,4.655
happili,4.650
meticul,4.649
induc,4.648
honesti,4.648
taught,4.646
electr,4.646
needless,4.641
perceiv,4.635
spread,4.629
aggress,4.625
lloyd,4.625
vital,4.624
hopeless,4.618
linger,4.615
text,4.614
2008,4.611
pile,4.610
childish,4.610
trade,4.608
unthinkingli,4.607
attitudin,4.607
heehe,4.607
manuel,4.607
buckingham,4.607
astring,4.607
doesnot,4.607
glorifi,4.606
financi,4.605
prejudic,4.604
beneath,4.602
solut,4.595
cinematographi,4.587
landmark,4.579
via,4.579
format,4.577
relax,4.575
kept,4.566
mous,4.566
mount,4.562
sink,4.562
box,4.559
conceiv,4.555
splendid,4.545
suprem,4.544
charisma,4.539
vagu,4.537
dust,4.534
shed,4.532
sublim,4.530
advertis,4.530
sprocket,4.528
freleng,4.528
tester,4.528
oeil,4.528
pollin,4.528
vicar,4.528
charlot,4.528
tromp,4.528
engorg,4.528
tryout,4.528
unclev,4.528
exhibitor,4.528
stratif,4.528
unfix,4.528
waifish,4.528
tamp,4.528
arduous,4.528
intermesh,4.528
access,4.520
fbi,4.508
wast,4.507
game,4.507
peak,4.500
owe,4.497
journey,4.496
pitch,4.495
revolutionari,4.493
stumbl,4.479
dub,4.476
ego,4.474
laid,4.473
outrag,4.473
atmospher,4.472
pari,4.471
acknowledg,4.467
slip,4.467
insist,4.467
influenti,4.462
regenc,4.461
undeclar,4.461
itwa,4.461
portenti,4.461
inveter,4.461
clotheslin,4.461
absurdest,4.461
biotechnolog,4.461
friz,4.461
slung,4.461
choic,4.460
rough,4.456
bite,4.451
birth,4.450
humbl,4.448
pride,4.448
lesser,4.446
divid,4.444
infam,4.442
slaveri,4.439
fought,4.424
restor,4.417
broke,4.416
memori,4.415
friendli,4.411
offici,4.410
songbook,4.403
stard,4.403
straitjacket,4.403
workmen,4.403
prosthesi,4.403
blocki,4.403
storefront,4.403
bungler,4.403
sided,4.403
kop,4.403
thrill,4.395
settl,4.371
elabor,4.370
1960,4.366
room,4.363
subplot,4.363
imit,4.356
render,4.355
research,4.355
popul,4.353
kiosk,4.352
unceasingli,4.352
libidin,4.352
serio,4.352
mindbogglingli,4.352
klutz,4.352
nimoy,4.352
inthi,4.352
striker,4.352
sennett,4.352
supers,4.352
incid,4.349
embodi,4.335
sincer,4.332
urg,4.325
proof,4.324
spin,4.323
trial,4.320
corner,4.318
struck,4.317
shut,4.314
pursu,4.309
contriv,4.308
nonconform,4.306
scamp,4.306
stagecraft,4.306
rigueur,4.306
luddit,4.306
mothbal,4.306
inov,4.306
lavatori,4.306
centenni,4.306
height,4.299
sophist,4.295
address,4.294
convinc,4.290
engin,4.288
fourth,4.287
cri,4.282
confus,4.281
devot,4.279
alik,4.277
distanc,4.273
messili,4.265
watchdog,4.265
veto,4.265
apr,4.265
vehem,4.265
fewest,4.265
chrysler,4.265
interupt,4.265
roger,4.265
season,4.263
merit,4.251
fame,4.239
leg,4.238
imbed,4.227
tendril,4.227
membran,4.227
impeach,4.227
demoralis,4.227
tine,4.227
healthcar,4.227
fabian,4.227
turbin,4.227
anarcho,4.227
outsourc,4.227
fissur,4.227
rethought,4.227
vulner,4.221
pre,4.217
theatric,4.213
vehicl,4.210
buff,4.207
pretenti,4.206
stare,4.199
croon,4.192
inflammatori,4.192
spri,4.192
cordon,4.192
piston,4.192
wwii,4.183
gradual,4.182
random,4.181
kinda,4.179
shift,4.173
woodi,4.172
tale,4.168
foster,4.162
unencumb,4.160
wireless,4.160
median,4.160
compendium,4.160
cloister,4.160
outmod,4.160
springfield,4.160
checkout,4.160
rink,4.160
stood,4.156
sympathet,4.155
trash,4.146
crack,4.146
marriag,4.141
bed,4.139
tight,4.138
poorli,4.135
ls075552387,4.130
iniqu,4.130
impud,4.130
cohabit,4.130
lunchtim,4.130
rugbi,4.130
farrelli,4.130
unpardon,4.130
valentino,4.130
comport,4.130
gm,4.130
emerg,4.124
retir,4.123
measur,4.122
integr,4.122
necessarili,4.122
thin,4.119
absorb,4.112
associ,4.107
ethel,4.102
redoubt,4.102
pp,4.102
matchstick,4.102
mixer,4.102
pawnshop,4.102
bolshevik,4.102
foreword,4.102
ninotchka,4.102
draconian,4.102
cranium,4.102
limbaugh,4.102
bank,4.100
importantli,4.099
metal,4.090
site,4.085
flummox,4.076
turnov,4.076
crystallin,4.076
ls054808375,4.076
lightspe,4.076
splittingli,4.076
dotti,4.076
mkjokvqlsb,4.076
weightier,4.076
crosbi,4.076
collud,4.076
unsettlingli,4.076
shannon,4.076
educ,4.072
pan,4.067
excus,4.066
overcom,4.063
cast,4.063
succe,4.058
amelior,4.051
reenter,4.051
dyke,4.051
hydraul,4.051
crackpot,4.051
buzzer,4.051
jailhous,4.051
nutrit,4.051
deign,4.051
degre,4.050
model,4.048
greatli,4.046
fabul,4.043
knock,4.041
13,4.039
nightmar,4.036
rebel,4.035
mccarthyism,4.028
unctuou,4.028
ap,4.028
orneri,4.028
tele,4.028
ls070242495,4.028
flint,4.028
nagasaki,4.028
nail,4.027
highest,4.025
fool,4.023
station,4.023
forth,4.023
greed,4.019
report,4.018
parallel,4.017
crime,4.013
gem,4.013
profound,4.012
virtual,4.011
slow,4.008
accord,4.008
fawlti,4.005
reorgan,4.005
manpow,4.005
sanctifi,4.005
unsustain,4.005
gallantri,4.005
gesticul,4.005
godfrey,4.005
ellen,4.003
load,4.003
gotten,3.997
formula,3.995
dad,3.992
lock,3.990
ed,3.987
defeat,3.987
hook,3.985
book,3.985
heirloom,3.984
sass,3.984
turnout,3.984
salaci,3.984
stevenson,3.984
voltair,3.984
squawk,3.984
headfirst,3.984
brigadi,3.984
intern,3.984
media,3.984
ex,3.982
sacrific,3.977
confid,3.973
darker,3.969
cartoon,3.967
excess,3.965
acclaim,3.964
overlaid,3.964
journeyman,3.964
vivac,3.964
1922,3.964
exuberantli,3.964
rediscoveri,3.964
handcuf,3.964
incipi,3.964
shopkeep,3.964
sentenc,3.960
intellectu,3.958
ditti,3.945
paroxysm,3.945
bamboo,3.945
undergradu,3.945
impertin,3.945
droop,3.945
unskil,3.945
leapt,3.945
staunchli,3.945
dimension,3.939
lone,3.935
sake,3.934
celebr,3.934
thank,3.931
60,3.928
overli,3.927
sheepish,3.926
tragi,3.926
bamboozl,3.926
mouthpiec,3.926
loveli,3.926
foresaw,3.926
rationalis,3.926
modernis,3.926
nue,3.926
detritu,3.926
imp,3.926
strongli,3.915
stewart,3.913
latter,3.913
bought,3.910
simper,3.908
damper,3.908
wryli,3.908
scratcher,3.908
saunter,3.908
marxism,3.908
app,3.908
denunci,3.908
unfilt,3.908
dark,3.895
inscrib,3.891
loren,3.891
tummi,3.891
restructur,3.891
deni,3.891
cheap,3.882
surpass,3.881
unexpect,3.880
quest,3.877
clank,3.875
cocteau,3.875
derbi,3.875
holdout,3.875
courtney,3.875
bakeri,3.875
workforc,3.875
diplomaci,3.875
precious,3.875
indigest,3.875
1914,3.875
award,3.866
overwhelm,3.863
chast,3.859
iconograph,3.859
computeris,3.859
acclim,3.859
counterbalanc,3.859
bourgeoisi,3.859
gaggl,3.859
sexual,3.851
field,3.849
whilst,3.849
west,3.846
ce,3.844
millard,3.844
belch,3.844
kink,3.844
dislik,3.841
unknown,3.837
regimen,3.829
moribund,3.829
micki,3.829
enclosur,3.829
portabl,3.829
player,3.818
fake,3.817
contribut,3.816
yoke,3.815
esthet,3.815
soulmat,3.815
rummag,3.815
whir,3.815
garment,3.815
pundit,3.815
tram,3.815
duress,3.815
grab,3.802
apologist,3.801
1915,3.801
whereupon,3.801
applianc,3.801
sergei,3.801
shrewdli,3.801
abod,3.801
iraqi,3.801
forgotten,3.790
defunct,3.788
commut,3.788
assemblag,3.788
ibm,3.788
hypnotis,3.788
safe,3.777
felin,3.775
monthli,3.775
twain,3.775
lug,3.775
extric,3.775
courag,3.774
boycot,3.762
scuttl,3.762
finnish,3.762
priorit,3.762
scrutinis,3.762
overrul,3.762
profession,3.759
winner,3.754
phenomen,3.754
gait,3.750
airwav,3.750
unconcern,3.750
fahrenheit,3.750
macro,3.750
incens,3.750
tenur,3.750
gambit,3.750
layer,3.750
plain,3.749
girlfriend,3.745
hardi,3.740
lever,3.738
runway,3.738
grid,3.738
bohemian,3.738
flickstre,3.727
fiendish,3.727
joyous,3.727
thieveri,3.727
delirium,3.727
playtim,3.727
reclin,3.727
ugli,3.719
ingest,3.715
stove,3.715
sophia,3.715
govt,3.715
broom,3.715
susten,3.715
rewound,3.715
swish,3.715
reissu,3.715
aptitud,3.715
mace,3.715
pilgrim,3.715
vendor,3.715
capabl,3.710
artisan,3.704
eliot,3.704
scroung,3.704
dispirit,3.704
fault,3.702
kane,3.697
burn,3.694
longshoreman,3.694
magnanim,3.694
burglari,3.694
stool,3.694
wordplay,3.694
henceforth,3.694
virul,3.694
menac,3.692
80,3.691
loopi,3.683
opin,3.683
sartr,3.683
oath,3.683
slop,3.683
paperwork,3.683
ottoman,3.683
photographi,3.681
unless,3.680
dealership,3.673
downey,3.673
lecher,3.673
imbib,3.673
delux,3.673
auspici,3.673
waffl,3.663
puritan,3.663
nimbl,3.663
vagabond,3.663
slaughterhous,3.663
dystop,3.653
philippin,3.653
sulk,3.653
erm,3.653
realis,3.648
rock,3.647
glum,3.644
cubicl,3.644
spectr,3.644
polarisdib,3.644
irksom,3.644
idolis,3.644
cushion,3.634
demo,3.634
overdrawn,3.634
1917,3.634
hiroshima,3.634
lesson,3.634
complic,3.633
worri,3.629
peripheri,3.625
etiquett,3.625
countercultur,3.625
streetwis,3.625
buffet,3.625
criss,3.625
primer,3.625
unfold,3.616
tract,3.616
mope,3.616
caligari,3.616
uninhibit,3.616
commemor,3.616
babi,3.615
fate,3.614
quicken,3.607
ballpark,3.607
overabund,3.607
pallet,3.607
achil,3.607
twist,3.603
1910,3.599
goad,3.599
voraci,3.599
nationwid,3.599
garbl,3.599
supplant,3.599
acoust,3.599
plop,3.599
damn,3.592
je,3.590
malais,3.590
timefram,3.590
marcel,3.590
earnestli,3.590
perus,3.582
hide,3.581
f,3.576
invulner,3.574
unquest,3.574
clamor,3.566
exodu,3.566
overreact,3.566
traumatis,3.566
commot,3.566
terminolog,3.558
multifacet,3.558
bide,3.558
intermingl,3.558
scurri,3.558
topnotch,3.558
door,3.556
joe,3.552
seek,3.552
duet,3.550
elaps,3.550
triumphantli,3.550
impract,3.543
reprimand,3.543
adenoid,3.543
receipt,3.543
bestial,3.543
fruitless,3.543
deco,3.535
misjudg,3.535
immobil,3.535
unidentifi,3.535
boycott,3.535
besieg,3.535
hearten,3.535
bisexu,3.535
premonit,3.535
detect,3.535
overr,3.532
wise,3.531
super,3.531
bluff,3.528
plank,3.528
haywir,3.528
enemi,3.524
tie,3.522
watersh,3.521
bulki,3.521
heartbreakingli,3.521
elegiac,3.521
heavi,3.520
promis,3.520
creatur,3.517
81,3.514
lagsreview,3.514
infrastructur,3.514
pyramid,3.514
retract,3.507
foresight,3.507
cb,3.507
911,3.507
maelstrom,3.507
kick,3.502
gentler,3.500
forlorn,3.500
dramatis,3.500
damp,3.500
faith,3.494
extol,3.493
67,3.493
adrift,3.493
willpow,3.493
unattain,3.493
stubbornli,3.487
rowan,3.487
tab,3.487
decri,3.480
79,3.480
tatter,3.480
sanctimoni,3.480
doctrin,3.480
livelihood,3.480
harshest,3.474
craziest,3.474
polem,3.468
schoolboy,3.468
mick,3.468
humong,3.468
john,3.464
cumbersom,3.461
herrman,3.461
atkinson,3.461
month,3.458
nocturn,3.455
molli,3.455
gin,3.455
inanim,3.455
cunningli,3.455
agreeabl,3.455
slowest,3.449
gorg,3.449
majorli,3.449
invert,3.449
83,3.449
destitut,3.449
sacrileg,3.449
unobtrus,3.449
propens,3.449
hank,3.447
flounder,3.443
transcendent,3.443
costar,3.443
outbreak,3.443
reevalu,3.443
apparit,3.437
abc,3.437
nosferatu,3.437
54,3.437
nevermind,3.437
grievanc,3.437
scissorhand,3.437
ostrac,3.437
corrupt,3.435
trust,3.434
carp,3.431
editori,3.431
surmis,3.431
melod,3.431
cathedr,3.426
incorrectli,3.426
ak,3.426
onlook,3.426
supper,3.426
skewer,3.426
eisenstein,3.420
churchil,3.420
reproduct,3.420
race,3.417
discuss,3.415
sleight,3.414
risqu,3.414
deport,3.414
epitomis,3.414
cipher,3.414
awash,3.414
famin,3.414
amusingli,3.414
shambl,3.414
hymn,3.414
dissatisfact,3.414
contrapt,3.414
whizz,3.409
uproari,3.409
squirt,3.409
incent,3.403
marxist,3.403
geographi,3.403
government,3.403
twirl,3.403
indomit,3.403
zealou,3.403
shame,3.401
41,3.398
secret,3.395
oversight,3.393
poorer,3.393
ee,3.393
visa,3.387
watchmen,3.387
plucki,3.387
usurp,3.387
fling,3.387
starri,3.387
girli,3.382
irrespect,3.382
87,3.377
repetiti,3.377
uncompl,3.377
leas,3.372
recurr,3.372
graft,3.372
unintend,3.372
mere,3.370
gl,3.367
reverber,3.367
nourish,3.367
objection,3.367
amen,3.362
lurch,3.362
bankruptci,3.362
unfit,3.362
rene,3.362
unoffici,3.362
entrap,3.362
foolishli,3.357
hiatu,3.357
smear,3.357
squash,3.357
disk,3.352
compli,3.352
threshold,3.352
etho,3.352
monetari,3.347
charmingli,3.347
eighteen,3.347
hangov,3.347
breath,3.346
rust,3.343
avert,3.343
dogma,3.343
industrialist,3.343
microscop,3.338
engrav,3.338
latent,3.338
registri,3.338
eden,3.333
behemoth,3.333
adulter,3.333
indefinit,3.333
hynkel,3.333
unfocus,3.333
unsubtl,3.333
nari,3.333
cowork,3.329
siren,3.329
blacklist,3.329
spar,3.324
hyperact,3.324
ism,3.324
infal,3.324
defenseless,3.324
histor,3.323
grip,3.321
stalin,3.320
unpopular,3.320
rarest,3.320
coda,3.320
lithuania,3.320
contort,3.320
boomer,3.320
callous,3.320
sponsor,3.320
unwillingli,3.315
zenith,3.311
afloat,3.311
amc,3.311
astronom,3.311
magnat,3.311
german,3.310
wow,3.310
anew,3.306
sling,3.306
crise,3.306
subservi,3.306
pessim,3.306
derelict,3.302
lampoon,3.302
dank,3.302
inquir,3.298
jersey,3.298
facilit,3.298
mat,3.298
focus,3.296
rapport,3.294
unarm,3.294
charad,3.294
visualis,3.294
unknow,3.294
meager,3.294
swipe,3.289
whimsi,3.289
scapegoat,3.289
downtrodden,3.289
biggest,3.289
justic,3.285
fawn,3.285
inhibit,3.285
laptop,3.285
rundown,3.285
aimlessli,3.285
marceau,3.285
enraptur,3.281
prefac,3.281
tumultu,3.281
variabl,3.281
safer,3.277
fad,3.277
sector,3.277
frontal,3.277
abject,3.277
hast,3.277
graffiti,3.273
respit,3.273
microphon,3.273
lodg,3.273
naivet,3.273
helper,3.269
renam,3.269
amok,3.269
irk,3.269
coerc,3.265
fluiditi,3.265
classif,3.265
cutest,3.265
upright,3.261
juan,3.257
barb,3.257
gwtw,3.257
protract,3.257
insinu,3.257
schmaltzi,3.253
maiden,3.253
heartach,3.249
endow,3.249
focu,3.248
hark,3.246
coax,3.246
spat,3.246
annal,3.246
clich,3.246
slogan,3.242
insuffer,3.242
hole,3.240
annoy,3.238
heyday,3.238
benefici,3.238
helplessli,3.238
lamp,3.238
discret,3.238
breakneck,3.238
sica,3.238
berat,3.238
es,3.234
1935,3.234
echelon,3.234
gutsi,3.234
instig,3.234
western,3.234
snapshot,3.231
prank,3.227
trustworthi,3.224
fumbl,3.224
whirlwind,3.224
team,3.221
derail,3.220
goo,3.220
cgi,3.219
compel,3.217
salari,3.216
softer,3.213
inconveni,3.213
genesi,3.213
treason,3.213
bitterli,3.209
queue,3.209
emit,3.209
shenanigan,3.209
1953,3.206
ingrain,3.206
scari,3.205
beli,3.203
throwaway,3.203
expression,3.199
sizzl,3.199
harshli,3.199
matrix,3.197
conspicu,3.196
oppressor,3.196
stalwart,3.196
throb,3.189
curb,3.186
murnau,3.186
hut,3.186
grammar,3.186
mogul,3.186
47,3.186
rumbl,3.182
croni,3.182
malfunct,3.182
richest,3.182
authorit,3.179
wither,3.179
advert,3.179
mediat,3.179
mantra,3.179
upton,3.179
extraterrestri,3.179
activist,3.176
socio,3.176
member,3.175
1943,3.173
pregnanc,3.173
prehistor,3.170
formul,3.170
coverag,3.170
omnipres,3.170
toppl,3.170
displac,3.170
malign,3.170
gel,3.170
gorgeous,3.166
cuddli,3.166
blister,3.163
entrepreneur,3.163
truer,3.163
1934,3.163
engag,3.163
connot,3.160
exclaim,3.160
blasphemi,3.160
38,3.160
starvat,3.160
sleeper,3.157
rusti,3.157
precursor,3.157
10http,3.157
laundri,3.157
gleefulli,3.157
gargantuan,3.157
uncar,3.154
histrion,3.154
hustl,3.154
copyright,3.154
vindic,3.154
sag,3.154
tcm,3.151
remedi,3.151
elementari,3.151
eater,3.148
fled,3.148
ca,3.145
panoram,3.145
boulder,3.145
decreas,3.145
sunk,3.145
submerg,3.142
woe,3.142
peripher,3.142
bobafett1138,3.142
flavour,3.139
scarlet,3.139
demean,3.139
denomin,3.139
fondli,3.139
maim,3.139
sp,3.136
chin,3.136
correl,3.136
cub,3.136
undisput,3.133
spun,3.133
apathet,3.130
bundl,3.130
supervis,3.130
stall,3.127
ubiquit,3.127
outlet,3.125
bail,3.125
automobil,3.125
answer,3.123
eman,3.122
naughti,3.119
buffoon,3.119
sparingli,3.116
picturesqu,3.116
intermin,3.116
stripe,3.113
absurdli,3.113
escapad,3.113
disadvantag,3.113
delinqu,3.113
outsmart,3.113
swiss,3.113
cramp,3.110
tumbl,3.108
anthem,3.108
mistrust,3.108
bellow,3.108
avenu,3.105
1932,3.105
sombr,3.105
ninth,3.102
rigor,3.100
sorta,3.097
silhouett,3.097
david,3.096
hone,3.094
gullibl,3.094
spurt,3.094
log,3.089
thinli,3.089
serious,3.088
thump,3.086
stabil,3.086
annoyingli,3.086
sixteen,3.086
flicker,3.086
wrought,3.084
unlimit,3.084
dissatisfi,3.084
gal,3.084
mould,3.084
carniv,3.084
floyd,3.084
callou,3.081
shelv,3.078
prot,3.078
tearjerk,3.076
hanger,3.076
infecti,3.076
sinclair,3.073
cosmic,3.073
burglar,3.071
domain,3.071
consumpt,3.068
allegi,3.068
patrol,3.068
playground,3.066
invari,3.066
inescap,3.066
cheeki,3.063
shrimp,3.063
pristin,3.063
valiant,3.061
institution,3.061
steep,3.058
mauric,3.058
custodi,3.056
widespread,3.053
glide,3.053
aristocrat,3.053
rein,3.051
incit,3.051
snort,3.051
incongru,3.051
blow,3.051
7,3.049
honey,3.049
bowman,3.046
flimsi,3.046
downbeat,3.044
shear,3.044
uncondit,3.044
seat,3.044
crass,3.042
85,3.042
jolli,3.039
scorn,3.039
venic,3.039
unknowingli,3.039
vault,3.039
purport,3.039
straw,3.039
bureaucrat,3.037
frederick,3.037
mist,3.035
commonplac,3.032
clees,3.032
benevol,3.030
stroll,3.030
revert,3.030
transfix,3.030
snob,3.028
yank,3.028
boldli,3.025
1900,3.025
swiftli,3.025
handi,3.025
radar,3.023
rediscov,3.023
shuttl,3.021
counterpoint,3.021
divert,3.021
mercilessli,3.021
deter,3.021
compact,3.019
sitcom,3.019
brotherhood,3.019
astut,3.019
33,3.016
infer,3.016
louder,3.016
bethani,3.014
conced,3.014
rotat,3.012
idyl,3.012
stylis,3.010
bench,3.010
zani,3.010
motor,3.010
output,3.007
ghostli,3.007
noon,3.005
utilis,3.005
discomfort,3.005
crackl,3.005
nixon,3.003
unheard,3.003
10th,3.001
veget,2.999
amalgam,2.997
gravit,2.997
mischiev,2.997
rhetor,2.995
grandpar,2.995
bruis,2.992
soil,2.992
breakout,2.992
consensu,2.990
shoot,2.989
desensit,2.988
disintegr,2.986
whim,2.986
pervad,2.986
emili,2.984
solemn,2.984
car,2.983
lessen,2.980
shun,2.980
escapist,2.980
agre,2.979
april,2.978
expressionist,2.978
aficionado,2.976
sensual,2.974
ting,2.974
meld,2.974
sooo,2.974
dolli,2.974
intervent,2.972
accordingli,2.972
rehears,2.972
purest,2.970
appetit,2.968
deck,2.968
oblivion,2.968
pledg,2.962
nonstop,2.960
1967,2.960
sung,2.958
victorian,2.958
sheet,2.956
broader,2.956
allegor,2.956
herein,2.954
moan,2.954
album,2.954
suffoc,2.952
train,2.952
academi,2.952
harass,2.950
smartli,2.948
tube,2.948
taint,2.947
throwback,2.947
feather,2.947
athlet,2.947
allegedli,2.947
worldli,2.947
hell,2.945
forefront,2.945
temporari,2.945
smartest,2.945
unsuspect,2.945
abli,2.943
corp,2.943
foreground,2.943
loui,2.941
hyperbol,2.941
grass,2.939
mug,2.939
faceless,2.939
criterion,2.939
logo,2.937
intox,2.937
29,2.935
lincoln,2.935
testifi,2.933
careless,2.933
learnt,2.933
ampl,2.932
halt,2.930
reconcil,2.930
fodder,2.928
sacr,2.928
overt,2.926
hindsight,2.926
unimport,2.926
fort,2.926
jumbl,2.923
nag,2.923
coloss,2.921
coordin,2.921
hay,2.915
frighteningli,2.914
barber,2.910
esp,2.908
brow,2.908
oldest,2.907
shaft,2.905
eyebrow,2.905
outstand,2.903
scrutini,2.902
revolution,2.900
machina,2.898
recip,2.898
academ,2.896
runaway,2.895
paddi,2.895
whereabout,2.895
behalf,2.893
faultless,2.891
tide,2.890
outdoor,2.890
framework,2.888
parabl,2.888
abov,2.888
embed,2.886
sabotag,2.886
asia,2.885
overplay,2.885
yr,2.885
depth,2.884
eh,2.883
spew,2.881
vessel,2.881
genet,2.881
hinder,2.880
exuber,2.880
dreami,2.878
incompar,2.877
gentli,2.877
refug,2.877
lane,2.875
lap,2.875
flaw,2.874
batter,2.873
apprehens,2.872
ovat,2.872
belli,2.869
humanist,2.869
daunt,2.869
fieri,2.869
9000,2.867
intricaci,2.862
explicitli,2.861
poet,2.858
gunshot,2.858
pod,2.855
bye,2.855
distinctli,2.850
repair,2.850
defiantli,2.847
deciph,2.847
analys,2.847
molest,2.847
probe,2.847
neill,2.847
courtesi,2.845
earliest,2.845
macabr,2.844
bee,2.842
categor,2.842
27,2.841
rail,2.841
puriti,2.841
wardrob,2.841
headlin,2.841
grind,2.837
irrat,2.837
eg,2.835
grandmoth,2.834
palac,2.832
protector,2.832
amid,2.832
tomato,2.831
resign,2.831
feminin,2.831
consumer,2.829
navig,2.828
oneself,2.826
tread,2.826
freeli,2.825
simplifi,2.825
clerk,2.825
rampant,2.825
ing,2.825
upbeat,2.823
erupt,2.823
suburb,2.823
commonli,2.823
tycoon,2.823
jame,2.820
engulf,2.819
superstar,2.818
historian,2.818
morph,2.818
robert,2.817
decenc,2.816
ol,2.814
februari,2.814
outset,2.812
eerili,2.812
cool,2.809
simpler,2.808
willing,2.808
effortless,2.808
meantim,2.805
purist,2.805
swamp,2.804
drawback,2.803
stitch,2.801
satur,2.801
reckless,2.801
barn,2.800
seiz,2.800
vintag,2.800
trump,2.798
kiddi,2.798
aptli,2.797
prioriti,2.797
oblivi,2.796
mitchel,2.796
overbear,2.796
earnest,2.796
clearer,2.794
inept,2.794
formal,2.793
rushmor,2.793
ring,2.790
financ,2.788
happier,2.788
stan,2.787
likeabl,2.784
submiss,2.784
distribut,2.784
mon,2.784
recollect,2.783
quirk,2.783
shock,2.781
deu,2.779
instil,2.775
esteem,2.775
pawn,2.775
implement,2.774
misunderstand,2.774
unsuccess,2.772
ongo,2.771
poem,2.771
prowess,2.770
successor,2.769
randomli,2.769
lectur,2.769
infatu,2.769
brim,2.769
roam,2.765
allur,2.764
bind,2.764
hippi,2.764
gandhi,2.762
stack,2.762
cannon,2.762
simon,2.761
underlin,2.761
surrealist,2.761
giggl,2.760
hideou,2.760
ultim,2.760
endeavor,2.759
mayor,2.759
mourn,2.759
1957,2.759
emotionless,2.757
extinct,2.757
genius,2.757
suppress,2.756
architect,2.756
nutshel,2.755
dual,2.754
merciless,2.754
adolf,2.754
broadway,2.754
mega,2.752
wherev,2.751
tricki,2.751
brink,2.750
dystopian,2.748
eaten,2.748
alarm,2.745
pessimist,2.745
immacul,2.744
reinvent,2.743
pervert,2.742
wacki,2.742
discard,2.738
fragment,2.738
melodi,2.738
dish,2.738
sarcasm,2.737
trivia,2.737
static,2.737
heel,2.735
lake,2.732
recur,2.732
forebod,2.731
hallway,2.731
chicken,2.730
ladder,2.730
invinc,2.729
candl,2.729
moder,2.729
exposur,2.729
stem,2.727
madman,2.727
testimoni,2.727
hypocrisi,2.727
illumin,2.725
phil,2.725
carv,2.724
regist,2.723
basebal,2.722
dodg,2.721
resum,2.721
dave,2.721
sour,2.721
muddl,2.721
openli,2.718
nightmarish,2.718
beforehand,2.715
twilight,2.715
bog,2.715
newer,2.713
harold,2.713
percent,2.712
magnet,2.712
sail,2.712
taut,2.712
discern,2.709
pi,2.708
exemplifi,2.706
unparallel,2.705
brush,2.705
scatter,2.705
spectrum,2.704
unquestion,2.704
exclud,2.703
pretens,2.702
yard,2.702
wider,2.701
articul,2.699
150,2.699
sunris,2.698
mesmeris,2.698
lunat,2.698
remad,2.697
infect,2.696
worthless,2.696
awesom,2.695
contract,2.694
freed,2.693
stamp,2.693
horrend,2.690
scrap,2.689
dreari,2.686
vain,2.686
benchmark,2.686
duplic,2.685
incompet,2.685
deceiv,2.684
submit,2.683
insignific,2.682
jon,2.682
margin,2.680
virgin,2.679
facil,2.675
uncanni,2.675
chip,2.672
reform,2.672
ish,2.671
inflict,2.670
succumb,2.670
forgiven,2.670
subdu,2.669
depriv,2.669
uneven,2.668
expans,2.667
surrend,2.667
mccarthi,2.667
pie,2.666
hater,2.665
entic,2.664
sober,2.663
bubbl,2.663
bia,2.662
pocket,2.661
departur,2.661
masterwork,2.660
standpoint,2.660
soar,2.659
unexpectedli,2.657
arrow,2.655
inclin,2.655
disrespect,2.654
spoof,2.654
5th,2.653
invis,2.652
lousi,2.652
conjur,2.651
pepper,2.651
1992,2.650
clap,2.649
francisco,2.647
apt,2.647
repress,2.646
mickey,2.646
deviat,2.646
dirt,2.646
1941,2.645
butcher,2.644
palpabl,2.644
occup,2.644
restrict,2.641
singin,2.641
stubborn,2.641
biblic,2.638
untouch,2.638
bum,2.638
assumpt,2.637
tiresom,2.636
undermin,2.636
pioneer,2.633
lurk,2.631
fabl,2.631
anniversari,2.631
sadden,2.631
chan,2.630
reckon,2.629
brick,2.628
divis,2.628
inclus,2.623
roar,2.622
chamber,2.622
rental,2.619
global,2.617
decay,2.617
reliev,2.616
clariti,2.615
pinnacl,2.614
abrupt,2.614
disjoint,2.614
kitchen,2.613
templ,2.613
oblig,2.613
strict,2.610
rapid,2.609
anytim,2.608
instruct,2.607
righteou,2.607
nineti,2.607
traffic,2.606
debt,2.605
lethal,2.605
envelop,2.605
unsur,2.604
chuckl,2.603
subtext,2.602
quintessenti,2.602
textur,2.602
tea,2.601
ward,2.600
villain,2.599
encompass,2.599
shortcom,2.599
exclus,2.595
wive,2.595
luxuri,2.594
fabric,2.593
unforgiv,2.593
verg,2.593
bonu,2.592
enabl,2.590
sale,2.590
ooz,2.589
crumbl,2.588
crave,2.588
goosebump,2.587
sting,2.586
stagger,2.586
drastic,2.585
sappi,2.585
resent,2.585
aura,2.583
immigr,2.583
profoundli,2.582
candid,2.580
gigant,2.580
proclaim,2.579
cycl,2.577
procedur,2.576
abund,2.576
seventh,2.576
cement,2.574
entitl,2.572
dash,2.572
ghetto,2.572
elit,2.570
interior,2.567
hostil,2.564
gambl,2.563
stunningli,2.563
perpetu,2.560
23,2.557
unconvent,2.556
awhil,2.554
seamless,2.552
injuri,2.552
fuss,2.550
seldom,2.549
avatar,2.547
unconvinc,2.547
1939,2.547
worship,2.547
incarn,2.547
articl,2.547
bean,2.546
stiff,2.546
legitim,2.545
maximum,2.544
friday,2.544
entireti,2.544
degener,2.543
conduct,2.542
mode,2.542
rotten,2.541
enlist,2.541
incident,2.541
chicago,2.539
philip,2.538
cabl,2.537
tunnel,2.536
unrel,2.535
2013,2.535
conserv,2.534
distort,2.531
uniform,2.531
viewpoint,2.531
campaign,2.530
appal,2.530
trivial,2.530
dispos,2.530
benigni,2.529
profess,2.529
pink,2.528
apolog,2.527
evil,2.526
embark,2.525
explicit,2.525
health,2.522
mileston,2.522
qualifi,2.521
worldwid,2.520
unawar,2.520
aftermath,2.520
tattoo,2.520
garden,2.518
pete,2.517
pray,2.515
summar,2.514
enthusiasm,2.513
minimum,2.513
sore,2.512
weari,2.512
devoid,2.512
versatil,2.511
insur,2.511
gimmick,2.510
crude,2.510
itali,2.509
obtain,2.508
cg,2.508
feast,2.508
chronicl,2.505
styliz,2.504
cheek,2.501
afford,2.500
neglect,2.499
burden,2.498
priceless,2.497
tomorrow,2.497
crop,2.497
baffl,2.494
suspicion,2.493
swim,2.493
regim,2.493
stroke,2.492
ga,2.491
invas,2.491
millionair,2.490
lip,2.489
epitom,2.489
toe,2.487
mild,2.487
rhythm,2.485
aforement,2.485
fierc,2.484
meat,2.484
wrath,2.484
indiffer,2.484
ted,2.483
audio,2.482
cliff,2.482
reunit,2.482
virtu,2.480
craze,2.480
predat,2.477
warner,2.476
hypnot,2.476
tick,2.474
whip,2.474
pour,2.474
reel,2.470
merci,2.468
poetri,2.468
effortlessli,2.466
majest,2.465
item,2.465
sidekick,2.464
underneath,2.464
equival,2.463
trace,2.462
valid,2.461
pill,2.461
illeg,2.459
rebellion,2.458
watcher,2.458
hack,2.458
robber,2.456
startl,2.456
2007,2.456
overlong,2.454
et,2.454
swept,2.454
gadget,2.453
magician,2.453
tap,2.450
firmli,2.448
mayhem,2.448
drain,2.447
convincingli,2.441
outer,2.438
vice,2.438
glamor,2.438
arrang,2.436
demis,2.434
blank,2.434
handsom,2.434
vh,2.431
weakest,2.431
passag,2.430
dwarf,2.429
satisfact,2.428
strive,2.427
durat,2.426
wreck,2.424
pleasantli,2.420
irrelev,2.420
infinit,2.420
shaw,2.420
revisit,2.419
unbear,2.418
orchestr,2.415
california,2.415
map,2.411
moor,2.410
elsewher,2.409
1998,2.409
fascist,2.408
dont,2.407
fetch,2.406
tall,2.404
flight,2.403
tongu,2.401
preced,2.399
collaps,2.399
thick,2.399
24,2.398
consciou,2.397
speechless,2.395
knife,2.394
maniac,2.392
2010,2.390
tendenc,2.389
staff,2.389
spotlight,2.387
fifteen,2.387
boredom,2.387
glanc,2.386
internet,2.386
exit,2.384
convolut,2.384
fundament,2.383
behav,2.382
resid,2.381
tape,2.381
cake,2.381
absenc,2.380
bu,2.379
semi,2.379
gay,2.377
profan,2.375
climact,2.372
quarter,2.372
chronolog,2.372
inconsist,2.371
defens,2.371
smash,2.370
harm,2.370
climat,2.370
neighborhood,2.369
tad,2.366
befriend,2.366
entranc,2.365
shade,2.364
apocalypt,2.363
enlighten,2.363
terri,2.361
network,2.359
option,2.359
presum,2.357
melodrama,2.356
contend,2.356
unfair,2.356
pit,2.356
eager,2.353
scratch,2.353
princip,2.353
ensu,2.350
jr,2.349
im,2.349
nostalg,2.348
pale,2.348
aka,2.347
neck,2.347
ventur,2.345
worthwhil,2.344
expertli,2.343
deriv,2.342
conscienc,2.342
launch,2.341
stake,2.341
farmer,2.340
subconsci,2.337
sensibl,2.337
afternoon,2.336
hail,2.336
caricatur,2.336
whoever,2.336
enchant,2.335
util,2.333
stark,2.330
meaningless,2.330
relentless,2.330
hal,2.330
verdict,2.329
bug,2.329
per,2.327
bounti,2.327
ain,2.327
instinct,2.326
paranoia,2.322
tackl,2.322
occupi,2.321
16,2.320
exhaust,2.320
bless,2.316
throat,2.315
spark,2.313
droid,2.310
closest,2.310
pump,2.308
preciou,2.307
furthermor,2.306
primarili,2.306
nerv,2.305
moviego,2.304
alcohol,2.301
commend,2.300
pose,2.300
oz,2.299
realm,2.298
reserv,2.298
ocean,2.292
resolv,2.291
viciou,2.290
leonard,2.289
smaller,2.288
underground,2.287
miracl,2.287
portion,2.286
mystic,2.285
18,2.281
patriot,2.278
represent,2.278
exquisit,2.277
pleasant,2.277
confin,2.275
spi,2.275
reject,2.275
groundbreak,2.275
nobl,2.275
float,2.274
spare,2.269
increasingli,2.265
detract,2.264
rear,2.262
blast,2.259
suitabl,2.258
jerri,2.257
stolen,2.254
cleverli,2.251
soft,2.251
prime,2.251
collabor,2.248
un,2.246
monkey,2.246
phrase,2.245
alert,2.244
dig,2.243
tribut,2.242
await,2.239
feat,2.239
smooth,2.238
shall,2.237
code,2.237
court,2.237
gratuit,2.237
fatal,2.236
stole,2.233
jar,2.232
min,2.229
loyal,2.227
scar,2.226
undeni,2.225
bang,2.225
aspir,2.225
sun,2.224
fist,2.224
properli,2.224
attend,2.221
victori,2.221
block,2.218
orson,2.216
compliment,2.216
buzz,2.215
pound,2.215
uplift,2.214
beaten,2.213
beg,2.213
borrow,2.212
compass,2.212
cash,2.211
volum,2.211
promot,2.209
embrac,2.209
grave,2.205
wont,2.205
naiv,2.204
mom,2.203
digit,2.202
lo,2.202
jacket,2.202
prize,2.202
subtleti,2.201
react,2.200
assign,2.200
sold,2.198
coaster,2.196
nasti,2.195
duti,2.191
span,2.191
gross,2.191
arc,2.187
dri,2.186
asleep,2.186
multi,2.185
bold,2.185
liber,2.184
whatsoev,2.184
globe,2.183
bone,2.183
uncomfort,2.182
portrait,2.179
tree,2.175
cooper,2.175
expens,2.174
ran,2.172
remot,2.171
percept,2.171
guid,2.164
nod,2.164
boot,2.163
stranger,2.161
persona,2.161
irrit,2.159
sensat,2.158
antagonist,2.158
dazzl,2.158
burton,2.157
w,2.155
h,2.155
sweep,2.154
sea,2.154
unpredict,2.153
quirki,2.151
mankind,2.151
advic,2.148
invest,2.147
foot,2.146
lame,2.144
ton,2.141
phoenix,2.134
religion,2.132
enthral,2.131
instant,2.131
professor,2.131
hatr,2.128
demon,2.127
plant,2.126
25,2.125
1980,2.124
skin,2.123
adam,2.120
sin,2.120
immers,2.118
scope,2.117
curs,2.117
shake,2.115
band,2.115
supposedli,2.113
threat,2.113
lewi,2.109
contact,2.107
heat,2.106
par,2.105
attach,2.105
horrif,2.103
smith,2.103
stock,2.102
freak,2.102
guilti,2.100
pretend,2.097
allen,2.097
franc,2.097
grasp,2.094
blew,2.094
sky,2.094
summari,2.091
lucki,2.091
photograph,2.087
dread,2.087
below,2.084
oppos,2.084
ambigu,2.084
defend,2.082
villag,2.080
jean,2.079
proud,2.076
phone,2.076
homag,2.073
mesmer,2.072
flash,2.071
shallow,2.071
waltz,2.068
consider,2.068
heavili,2.067
russian,2.066
chief,2.066
sensit,2.064
dynam,2.062
ren,2.061
teen,2.060
storm,2.054
patient,2.050
philosophi,2.049
jewish,2.045
wizard,2.045
hugh,2.041
fulfil,2.039
exact,2.038
pirat,2.034
disagre,2.031
frankli,2.030
glori,2.028
translat,2.027
wrap,2.026
suicid,2.023
threaten,2.022
refresh,2.020
odyssey,2.019
drink,2.010
imageri,2.009
dozen,2.009
character,2.006
cameron,2.006
latest,2.004
gut,2.004
news,2.004
extent,2.002
colleg,1.998
golden,1.995
overlook,1.991
bright,1.991
ador,1.991
k,1.985
river,1.983
bizarr,1.983
relief,1.982
shape,1.976
hey,1.975
colour,1.970
hair,1.965
reward,1.964
addict,1.962
tens,1.961
mediocr,1.958
rip,1.955
betray,1.948
bridg,1.947
cynic,1.946
revel,1.945
dumb,1.943
disappear,1.939
sat,1.938
flat,1.936
stereotyp,1.936
marlon,1.933
disgust,1.930
hint,1.928
philosoph,1.927
broken,1.925
saga,1.923
weapon,1.919
weav,1.916
quiet,1.915
hill,1.915
massiv,1.914
rescu,1.913
hot,1.911
hotel,1.911
angel,1.909
appropri,1.904
unnecessari,1.903
punch,1.901
greater,1.900
page,1.900
six,1.899
honor,1.899
mine,1.898
male,1.898
brando,1.896
shouldn,1.890
higher,1.889
command,1.886
bigger,1.875
rain,1.872
psycho,1.871
complain,1.866
teach,1.865
scream,1.859
creepi,1.857
weren,1.856
utterli,1.855
center,1.853
logic,1.850
herself,1.849
fairli,1.848
shadow,1.847
sick,1.844
count,1.843
grant,1.842
clint,1.841
manipul,1.836
confront,1.830
tortur,1.823
afraid,1.819
seemingli,1.817
richard,1.817
copi,1.815
wood,1.814
anymor,1.814
premis,1.811
flashback,1.811
fair,1.805
instal,1.801
eastwood,1.797
judg,1.791
theatr,1.790
dollar,1.780
edward,1.780
russel,1.771
dull,1.766
ii,1.765
hunt,1.761
bother,1.756
quot,1.747
notch,1.744
convers,1.743
explos,1.740
r,1.737
gang,1.731
passion,1.727
aw,1.727
plu,1.726
j,1.723
privat,1.714
locat,1.713
brain,1.713
paul,1.712
tim,1.707
budget,1.707
jone,1.706
listen,1.698
roll,1.692
jump,1.676
rent,1.673
horribl,1.670
graphic,1.661
frank,1.658
narrat,1.657
psycholog,1.656
english,1.655
climax,1.642
nazi,1.629
terrif,1.617
spectacular,1.604
sorri,1.601
gun,1.588
godfath,1.568
hype,1.567
tension,1.554
parent,1.549
stupid,1.537
ride,1.498
fi,1.489
sci,1.489
mother,1.474
fantasi,1.470
god,1.420
blood,1.417
nomin,1.409
son,1.398
thriller,1.395
mysteri,1.377
michael,1.298
violenc,1.195
