gandhi,3350.648
india,802.410
kingsley,733.326
indian,701.611
attenborough,619.935
british,490.120
mahatma,393.456
ben,392.021
hindu,293.324
africa,270.228
richard,257.968
he,253.463
independ,248.886
hi,229.479
man,220.143
south,219.964
muslim,206.495
jinnah,191.512
life,173.134
non,172.093
histor,161.148
mohanda,154.690
pakistan,149.771
nehru,148.247
bergen,146.915
as,144.951
film,144.337
leader,140.327
wa,139.141
nation,139.048
peac,137.169
s,132.298
candic,125.440
histori,124.182
an,121.981
protest,121.917
peopl,120.499
countri,119.019
who,118.295
sir,116.554
by,115.408
epic,114.049
nonviol,113.635
violenc,113.568
biographi,113.148
biopic,109.620
violent,109.252
world,108.120
against,105.938
him,104.081
which,103.849
movement,102.315
we,101.385
actor,100.676
polit,100.077
lawyer,98.892
great,96.702
event,96.263
from,95.443
ghandi,95.030
assassin,94.640
rule,94.256
not,94.008
were,92.672
freedom,92.088
portray,91.162
had,91.109
role,89.627
on,89.396
such,87.802
coloni,87.649
gielgud,87.336
empir,87.197
for,87.061
would,86.723
oscar,86.512
martin,86.328
or,85.983
john,85.439
about,85.369
best,84.612
perform,84.386
sheen,84.122
pictur,82.590
more,81.896
be,81.235
one,81.235
in,80.721
that,80.385
person,79.610
1982,78.924
becaus,78.883
briley,78.475
than,78.270
dyer,77.442
make,76.896
you,76.191
also,75.297
import,75.070
show,75.055
funer,74.976
at,74.975
resist,74.940
veri,74.905
doe,74.814
follow,74.760
power,74.743
movi,74.332
some,74.186
mani,74.066
britain,74.063
i,74.026
they,73.554
inspir,72.842
are,72.776
all,72.692
have,72.626
most,71.716
right,71.512
but,71.305
no,71.129
could,70.998
us,70.896
when,70.705
with,70.640
class,70.532
centuri,70.005
trevor,69.593
did,69.552
their,69.408
through,69.383
figur,68.271
made,68.088
time,67.826
scene,67.276
human,66.971
been,66.942
achiev,66.738
there,66.571
won,66.321
even,66.149
fact,66.064
fight,66.036
hour,65.854
other,65.721
roshan,65.636
then,65.489
long,65.349
well,65.291
after,64.757
what,64.632
director,64.586
too,64.577
how,64.179
believ,64.099
gandhiji,63.974
civil,63.527
much,63.499
bourk,63.408
award,63.144
apartheid,62.818
salt,62.211
crowd,61.741
part,61.583
white,61.150
t,61.143
over,61.010
struggl,60.723
real,60.677
onli,60.608
dure,60.163
cast,60.128
without,59.726
arabia,59.480
do,59.356
can,59.150
stori,58.832
ha,58.451
know,58.330
accur,58.143
ani,57.896
year,57.863
like,57.673
into,57.636
depict,57.610
use,57.499
caus,57.337
will,57.205
watch,57.194
day,57.128
never,57.111
religi,57.064
includ,57.017
way,56.915
truth,56.820
to,56.791
patel,56.715
live,56.529
both,56.445
massacr,56.109
move,55.923
lawrenc,55.715
just,55.659
though,55.240
take,55.084
himself,54.739
english,54.617
these,54.458
deserv,54.417
so,54.407
between,54.320
seem,54.251
rohini,54.083
seth,53.869
tell,53.863
those,53.832
partit,53.815
alway,53.710
rather,53.643
see,53.625
if,53.531
becam,53.298
must,53.138
them,53.035
perhap,52.945
three,52.892
work,52.869
principl,52.751
interest,52.518
end,52.358
charleson,52.225
word,52.205
start,52.114
first,52.069
should,52.053
1948,52.034
say,51.850
direct,51.710
of,51.672
k,51.609
realli,51.585
play,51.463
get,51.411
give,51.364
begin,51.252
religion,51.161
ravi,51.040
hattangadi,50.726
ever,50.678
lead,50.415
train,50.182
out,49.954
amritsar,49.923
howev,49.920
gener,49.787
my,49.657
where,49.616
luther,49.530
subject,49.477
support,49.055
spiritu,48.832
walk,48.358
help,48.278
cinematographi,48.164
point,48.151
greatest,47.961
littl,47.736
whi,47.682
win,47.658
cloth,47.502
raj,47.245
chang,47.169
is,47.044
good,46.984
saeed,46.915
karamchand,46.915
mill,46.748
charact,46.168
tri,46.079
while,45.995
view,45.960
true,45.885
want,45.845
shankar,45.591
jaffrey,45.433
certainli,45.427
think,45.418
perfect,45.133
seen,45.114
philosophi,45.087
me,45.044
shown,44.951
thrown,44.665
truli,44.457
feel,44.435
don,44.384
messag,44.378
thi,44.235
fox,44.214
african,44.132
doubt,43.738
today,43.712
up,43.684
still,43.444
beauti,43.299
war,43.298
problem,43.268
thing,43.246
least,43.200
respect,43.089
last,42.933
young,42.929
major,42.870
look,42.679
appear,42.464
few,42.449
act,42.385
said,42.345
disobedi,42.252
howard,42.237
racial,42.217
govern,41.983
20th,41.953
malcolm,41.793
passiv,41.718
it,41.601
come,41.543
learn,41.387
befor,41.357
academi,41.325
wonder,41.300
winner,41.296
understand,40.967
law,40.884
earli,40.835
10,40.813
educ,40.723
less,40.508
cours,40.305
quit,40.250
toward,40.073
lewi,40.067
here,39.813
own,39.802
led,39.774
hinduism,39.629
may,39.626
stop,39.570
success,39.496
remark,39.393
everi,39.282
fast,39.240
becom,38.864
almost,38.713
two,38.642
eye,38.627
lot,38.590
congress,38.472
done,38.362
1893,38.045
am,38.004
gain,37.972
actual,37.970
kind,37.859
march,37.837
geraldin,37.623
leav,37.427
edward,37.375
complet,37.357
ignor,37.062
a,37.055
entir,36.947
kasturba,36.859
itself,36.784
faith,36.683
oppress,36.616
admir,36.527
someth,36.385
left,36.351
equal,36.243
known,36.232
self,36.227
gods,36.226
better,36.200
job,36.186
exampl,35.869
emot,35.854
england,35.722
present,35.701
sinc,35.637
victori,35.531
found,35.489
speech,35.393
screen,35.351
given,35.330
star,35.285
forc,35.284
oppressor,35.153
soul,35.115
off,35.047
cooper,34.806
million,34.736
racism,34.653
captur,34.518
later,34.493
took,34.489
daniel,34.452
hunger,34.441
idea,34.401
saw,34.383
name,34.244
ideal,34.072
yet,33.977
excel,33.938
puri,33.861
didn,33.846
effort,33.799
christian,33.679
extra,33.638
accomplish,33.554
titl,33.542
impress,33.375
our,33.352
margaret,33.345
divid,33.327
brought,33.056
viewer,33.032
death,33.010
state,33.006
x,32.926
read,32.819
doesn,32.803
ian,32.771
especi,32.739
back,32.714
creat,32.691
men,32.666
until,32.635
injustic,32.626
strike,32.599
felt,32.577
stand,32.521
bit,32.521
decad,32.509
need,32.355
face,32.340
lifetim,32.336
western,32.335
mean,32.282
produc,32.269
nathuram,32.252
half,32.201
although,32.161
differ,32.122
place,31.975
enough,31.909
incred,31.804
nativ,31.798
under,31.717
bio,31.602
jesu,31.567
kill,31.519
moment,31.457
turn,31.455
everyon,31.438
die,31.391
goal,31.366
black,31.359
probabl,31.330
photograph,31.309
mandela,31.267
viceroy,31.229
noth,31.134
rest,31.050
speak,31.034
anoth,31.030
sometim,31.021
period,30.987
receiv,30.821
lean,30.769
influenc,30.764
discrimin,30.666
down,30.639
knew,30.625
liber,30.578
whom,30.540
pandit,30.465
campaign,30.365
amp,30.332
far,30.212
bring,30.184
king,30.182
sweep,30.161
3,30.158
impact,30.108
find,30.006
nor,29.913
level,29.912
cover,29.909
continu,29.891
succeed,29.827
suggest,29.797
someon,29.727
script,29.709
term,29.574
despit,29.497
worth,29.463
put,29.419
famou,29.303
focu,29.234
amaz,29.229
manag,29.205
accuraci,29.203
action,29.200
moslem,29.122
hollywood,29.093
larg,28.973
e,28.966
now,28.908
got,28.723
anyon,28.723
call,28.671
went,28.662
judg,28.656
age,28.654
return,28.603
go,28.541
around,28.541
social,28.494
whole,28.485
walker,28.439
each,28.428
task,28.403
god,28.403
jr,28.191
hate,28.149
meet,28.137
same,28.131
close,28.096
abl,28.045
and,28.015
happen,28.001
justic,27.927
thousand,27.925
taught,27.878
born,27.765
kingsli,27.747
sever,27.689
athol,27.644
padamse,27.644
fugard,27.644
heart,27.620
skin,27.596
refus,27.583
re,27.575
documentari,27.570
upon,27.516
thank,27.516
inde,27.463
possibl,27.463
bore,27.449
lord,27.448
length,27.432
minut,27.384
gave,27.307
lesson,27.256
issu,27.245
rais,27.244
list,27.156
consid,27.141
belief,27.084
simpli,27.049
pass,27.042
miss,27.031
provid,27.004
number,26.982
attorney,26.966
detail,26.948
massiv,26.801
certain,26.790
reason,26.712
manner,26.678
attitud,26.633
activ,26.620
unfortun,26.616
wrong,26.597
side,26.574
throughout,26.522
8,26.508
set,26.499
subcontin,26.420
iron,26.405
pace,26.361
valu,26.336
particularli,26.304
short,26.246
total,26.245
her,26.232
report,26.117
sikh,26.113
amrish,26.113
love,26.090
shot,26.014
piec,25.957
result,25.916
passion,25.909
product,25.906
biograph,25.904
fine,25.899
spirit,25.825
ye,25.779
career,25.691
method,25.685
thought,25.681
attempt,25.594
hagiographi,25.590
scale,25.517
fascin,25.514
rever,25.497
pacifist,25.486
1947,25.460
art,25.394
fenton,25.363
filmmak,25.325
prejudic,25.322
fair,25.274
eight,25.253
commun,25.245
rememb,25.235
flesh,25.207
your,25.198
ve,25.157
kinsley,25.154
moral,25.064
ahimsa,25.027
loin,24.961
requir,24.948
behind,24.926
second,24.780
admit,24.669
describ,24.629
unit,24.618
small,24.599
couldn,24.566
politician,24.551
hand,24.550
courag,24.532
m,24.401
screenplay,24.388
except,24.383
critic,24.366
fought,24.335
bad,24.270
teach,24.247
freed,24.233
sens,24.228
compar,24.193
opinion,24.172
pakistani,24.166
magnific,24.164
audienc,24.112
matter,24.046
hard,23.996
portrait,23.972
studi,23.946
earth,23.929
ground,23.920
hero,23.886
einstein,23.857
posit,23.822
final,23.790
shape,23.711
hawthorn,23.668
wife,23.640
simpl,23.598
wisdom,23.550
rise,23.457
realiti,23.453
care,23.428
realiz,23.424
costum,23.392
old,23.377
bridg,23.370
goe,23.340
high,23.324
ticket,23.307
recommend,23.242
onc,23.226
david,23.222
cannot,23.181
modern,23.121
told,23.057
alyqu,23.037
mountbatten,23.037
mirabehn,23.037
unknown,23.023
flaw,22.996
mass,22.983
els,22.881
stood,22.860
perfectli,22.859
hope,22.852
1915,22.807
question,22.806
open,22.795
domin,22.781
note,22.768
expect,22.689
superl,22.670
broomfield,22.641
definit,22.640
nationalist,22.590
preach,22.551
aspect,22.502
natur,22.485
strong,22.452
discipl,22.442
travel,22.433
review,22.432
tribut,22.415
mistak,22.367
poverti,22.334
locat,22.271
involv,22.270
let,22.248
humbl,22.239
group,22.236
conflict,22.194
absolut,22.174
allow,22.136
essenti,22.133
american,22.131
hitler,22.111
she,22.102
attent,22.089
free,22.057
hindi,22.020
remain,21.973
imag,21.970
order,21.916
extraordinari,21.824
cinemat,21.818
edit,21.795
base,21.772
popul,21.763
calcutta,21.761
comment,21.743
often,21.736
polici,21.713
moham,21.697
motiv,21.632
big,21.604
superb,21.524
uniti,21.496
qualiti,21.486
approach,21.407
mention,21.382
father,21.341
1,21.276
ethnic,21.272
humil,21.258
blood,21.255
citizen,21.228
atle,21.225
sardar,21.169
revolt,21.164
exist,21.148
gita,21.136
icon,21.100
record,21.095
obvious,21.051
armi,20.992
contribut,20.989
student,20.985
krishna,20.962
strength,20.940
secular,20.882
again,20.813
wit,20.796
encompass,20.790
project,20.734
dramat,20.728
imperi,20.657
necessari,20.656
purpos,20.643
ram,20.639
might,20.624
fellow,20.621
propaganda,20.600
etc,20.597
blind,20.537
singl,20.526
makeup,20.445
ask,20.426
credit,20.398
talent,20.388
signific,20.383
form,20.371
overal,20.347
either,20.339
weak,20.288
masterpiec,20.235
offic,20.212
court,20.133
intermiss,20.102
influenti,20.081
gone,20.062
brilliant,20.051
score,20.049
slow,20.042
chronicl,20.040
mayb,20.011
advoc,20.004
bafta,19.939
book,19.923
author,19.908
compass,19.907
sacrific,19.883
pic,19.856
inform,19.853
color,19.784
scarc,19.774
focus,19.773
exactli,19.767
eventu,19.750
sheer,19.745
whether,19.731
neither,19.730
colonialist,19.723
themselv,19.658
arrest,19.657
alon,19.599
hold,19.593
mr,19.577
soldier,19.539
determin,19.484
landscap,19.471
written,19.460
experi,19.432
fall,19.426
schindler,19.373
troubl,19.366
instead,19.305
wide,19.300
deliv,19.286
system,19.281
devot,19.257
twenti,19.252
whose,19.247
featur,19.233
among,19.212
cut,19.204
cinema,19.187
hatr,19.152
releas,19.136
reveal,19.128
run,19.085
inaccur,19.062
scope,19.054
street,19.050
000,19.022
inaccuraci,18.999
new,18.983
lack,18.968
anyth,18.952
commit,18.947
enlighten,18.903
public,18.860
decis,18.836
area,18.826
gandi,18.817
variou,18.804
race,18.792
case,18.781
easili,18.766
answer,18.735
forget,18.718
reach,18.707
near,18.667
adopt,18.647
deal,18.604
meant,18.574
cri,18.556
spread,18.517
fire,18.516
enjoy,18.476
burn,18.468
georg,18.455
entertain,18.434
row,18.430
jawaharl,18.430
compart,18.416
touch,18.412
suffer,18.399
finest,18.329
border,18.308
succe,18.263
recent,18.228
separ,18.192
om,18.171
jallianwala,18.113
biggest,18.089
awar,18.042
none,18.004
full,18.001
explain,17.935
deepli,17.902
acknowledg,17.870
ashram,17.845
albert,17.759
appreci,17.744
colour,17.734
join,17.728
relat,17.720
authent,17.704
isn,17.695
compel,17.694
taken,17.661
tyrant,17.645
astonish,17.622
away,17.618
bose,17.613
physic,17.612
visual,17.612
spent,17.544
basic,17.542
henc,17.515
understood,17.510
light,17.434
scriptur,17.434
foreign,17.418
outstand,17.416
bangladesh,17.408
20,17.399
embodi,17.342
arriv,17.308
andrew,17.299
plu,17.261
nigel,17.215
argu,17.190
accept,17.159
nelson,17.156
odd,17.154
greater,17.104
line,17.085
chandra,17.060
bapu,17.060
enthral,17.049
initi,17.009
command,16.978
asid,16.937
econom,16.927
ambiti,16.921
jame,16.921
minist,16.915
nomin,16.911
surround,16.902
similar,16.851
mere,16.851
octob,16.783
kinglsey,16.770
bagh,16.770
kept,16.743
economi,16.743
dedic,16.700
wish,16.695
recogn,16.672
next,16.658
highli,16.645
fairli,16.631
top,16.589
late,16.578
1983,16.566
weight,16.493
alreadi,16.478
leadership,16.457
music,16.455
100,16.436
pay,16.434
evil,16.421
develop,16.396
highlight,16.393
resembl,16.380
chariot,16.339
occur,16.339
children,16.269
sure,16.227
therefor,16.208
region,16.161
ali,16.111
technic,16.110
contrari,16.108
monument,16.093
fulli,16.091
vision,16.057
ocean,16.046
simplic,16.028
wasn,16.012
myself,15.991
america,15.974
effect,15.969
rate,15.963
rare,15.938
cultur,15.925
nobl,15.922
gujarati,15.919
origin,15.909
surpris,15.903
style,15.890
ii,15.882
abov,15.882
hurt,15.878
stubborn,15.845
introduc,15.831
grand,15.829
smile,15.794
practic,15.780
smut,15.778
imposs,15.762
murder,15.757
along,15.741
nevertheless,15.734
quot,15.726
choos,15.716
easi,15.708
allot,15.651
serv,15.580
recreat,15.580
statement,15.580
stun,15.565
observ,15.562
complex,15.514
element,15.496
intellig,15.491
artist,15.483
due,15.474
ll,15.443
elit,15.420
whilst,15.396
consequ,15.377
avoid,15.343
azad,15.317
shame,15.305
type,15.303
uniqu,15.302
clearli,15.296
fail,15.289
background,15.285
globe,15.284
d,15.244
post,15.226
ultim,15.177
sound,15.169
respons,15.147
sit,15.126
autobiographi,15.115
ronni,15.099
lover,15.098
instanc,15.078
mankind,15.059
suppos,15.038
break,15.006
everyth,14.982
bias,14.977
nearli,14.967
1919,14.953
repres,14.903
brutal,14.882
hundr,14.876
choic,14.867
clergyman,14.861
grace,14.835
aid,14.814
huge,14.799
key,14.770
write,14.765
main,14.762
specif,14.752
paint,14.740
voic,14.729
et,14.723
elev,14.706
heritag,14.676
brillianc,14.662
repli,14.633
forev,14.632
mainli,14.622
land,14.611
keep,14.603
oppos,14.585
step,14.562
nonetheless,14.562
9,14.520
minor,14.518
n,14.517
champaran,14.488
bhanji,14.488
raam,14.488
worthi,14.424
the,14.391
convey,14.361
brilliantli,14.357
charli,14.314
lose,14.308
twentieth,14.288
treatment,14.278
came,14.258
labour,14.250
ruler,14.235
treat,14.230
imagin,14.194
extens,14.192
local,14.192
model,14.169
provok,14.159
ourselv,14.153
unfair,14.136
terribl,14.120
bhagavad,14.113
sitar,14.113
candac,14.113
historian,14.089
farmer,14.041
sensibl,14.022
poor,14.005
chosen,13.989
bullet,13.980
wouldn,13.980
within,13.977
retel,13.972
militari,13.958
media,13.943
financ,13.939
grade,13.933
occupi,13.928
promin,13.917
shock,13.906
cotton,13.900
forward,13.886
relev,13.873
fill,13.871
dr,13.870
demonstr,13.869
factual,13.862
four,13.845
statur,13.836
woman,13.824
barrist,13.796
irwin,13.796
perspect,13.781
east,13.764
carri,13.761
school,13.756
control,13.717
strongli,13.702
prais,13.692
priest,13.681
churchil,13.679
thu,13.660
somewhat,13.659
symbol,13.605
friend,13.574
contain,13.519
prime,13.504
sad,13.496
journey,13.489
frame,13.480
revolutionari,13.478
field,13.472
express,13.454
1906,13.384
brief,13.363
shout,13.339
immedi,13.327
era,13.318
logist,13.315
riot,13.300
challeng,13.291
talk,13.254
classic,13.253
concern,13.251
offer,13.251
offici,13.230
realist,13.229
outright,13.218
insight,13.215
statu,13.214
magnitud,13.194
clear,13.173
2nd,13.148
front,13.147
divis,13.139
ambit,13.117
card,13.091
togeth,13.083
regard,13.062
parti,13.039
urg,12.976
winston,12.973
check,12.971
spin,12.969
encourag,12.958
whatev,12.943
instig,12.938
somehow,12.921
quick,12.919
hear,12.911
address,12.881
convinc,12.869
dialogu,12.853
reaction,12.843
properti,12.814
rel,12.814
sorri,12.807
shawl,12.795
23,12.787
taylor,12.752
appli,12.737
worship,12.733
fame,12.716
tool,12.706
larger,12.646
accent,12.629
home,12.609
past,12.584
clement,12.577
celibaci,12.577
ought,12.563
pull,12.546
journalist,12.508
grandeur,12.508
employ,12.449
writer,12.432
engross,12.423
realism,12.403
prove,12.397
transform,12.388
sensit,12.386
cameo,12.350
amount,12.336
vast,12.331
extrem,12.320
prepar,12.317
contin,12.304
importantli,12.296
nake,12.248
sub,12.222
pretti,12.212
blow,12.203
neg,12.199
crown,12.189
strang,12.182
arrang,12.180
translat,12.163
push,12.135
usual,12.109
inner,12.106
contradict,12.102
camera,12.083
sovereignti,12.083
nail,12.081
familiar,12.061
spoke,12.033
accord,12.024
slaughter,12.016
design,12.002
preced,11.997
captiv,11.988
islam,11.978
partli,11.971
golden,11.968
griffith,11.953
188,11.952
intern,11.951
creation,11.939
limit,11.930
fighter,11.928
resid,11.905
reginald,11.896
colon,11.896
rightli,11.890
stage,11.877
fanat,11.869
common,11.856
hey,11.847
difficult,11.824
bernard,11.817
guard,11.807
across,11.807
celebr,11.803
societi,11.781
overli,11.780
triumph,11.768
troop,11.768
possess,11.767
planet,11.762
finish,11.733
wealth,11.727
350,11.725
charleston,11.725
correct,11.719
wors,11.705
otherwis,11.691
drama,11.691
overshadow,11.685
3hour,11.674
head,11.673
administr,11.655
individu,11.653
januari,11.634
rama,11.625
depend,11.587
longer,11.567
aggress,11.562
account,11.547
demand,11.541
pure,11.536
incompar,11.506
chanc,11.490
spend,11.476
everybodi,11.476
resolv,11.457
player,11.454
format,11.442
condens,11.406
decid,11.402
nazi,11.400
honor,11.396
estim,11.376
forgotten,11.369
reverend,11.364
sign,11.287
christ,11.268
share,11.267
knowledg,11.231
leagu,11.211
further,11.192
2,11.186
insist,11.167
handedli,11.151
dominion,11.146
capabl,11.131
fault,11.106
easier,11.084
engag,11.069
grant,11.054
gather,11.045
brit,11.039
recount,11.010
tragedi,10.996
ordinari,10.993
largest,10.991
racist,10.989
earn,10.978
confront,10.977
press,10.960
sort,10.959
multipl,10.954
dvd,10.941
4,10.937
countrysid,10.925
beat,10.913
intens,10.905
transport,10.895
test,10.894
research,10.887
object,10.881
c,10.880
incid,10.874
mind,10.866
5,10.860
lie,10.841
sincer,10.829
awe,10.827
gloss,10.813
version,10.809
richli,10.804
cinematograph,10.803
build,10.796
cite,10.796
struck,10.792
sea,10.769
imperialist,10.746
bodi,10.744
beast,10.743
increas,10.735
roughli,10.724
secur,10.723
servic,10.714
pain,10.714
uncanni,10.700
de,10.679
establish,10.668
mission,10.631
300,10.624
size,10.620
unforgett,10.620
sabha,10.613
wavel,10.613
miraben,10.613
lok,10.613
actress,10.606
wrote,10.604
dull,10.594
mostli,10.592
untouch,10.552
sequenc,10.551
jail,10.549
50,10.511
argument,10.507
interview,10.487
grasp,10.471
william,10.467
anti,10.439
stick,10.438
titular,10.430
agre,10.425
desir,10.424
presenc,10.411
plan,10.401
rev,10.384
carriag,10.365
disappoint,10.341
fantast,10.315
claim,10.312
thin,10.297
poignant,10.282
controversi,10.282
expos,10.269
b,10.266
idol,10.258
brown,10.252
dream,10.242
apologis,10.226
pick,10.224
absurd,10.223
ghost,10.212
articl,10.187
add,10.176
genuin,10.156
flawless,10.149
warrant,10.148
slowli,10.143
regardless,10.133
saintli,10.131
remind,10.129
introduct,10.127
degre,10.124
fabul,10.107
honestli,10.096
marvel,10.094
depth,10.094
israel,10.071
rival,10.065
search,10.057
jump,10.055
deservedli,10.047
character,10.032
profound,10.029
publish,10.025
news,10.018
sacrif,10.017
slightli,10.011
comput,10.011
kriplani,10.011
ambedkar,10.011
vallabhai,10.011
chelmsford,10.011
arjuna,10.011
subha,10.011
indira,10.011
khadi,10.011
satyagraha,10.011
acharya,10.011
maulana,10.011
halmer,10.011
firm,10.003
cheek,10.003
anyway,10.000
o,9.987
defeat,9.967
paid,9.963
low,9.958
popular,9.950
affect,9.944
earlier,9.940
whenev,9.918
quickli,9.876
commerci,9.876
merci,9.870
migrat,9.868
soon,9.862
space,9.851
dimension,9.846
appeal,9.829
special,9.815
guy,9.814
firmli,9.794
rich,9.792
magazin,9.791
latter,9.781
newcom,9.758
comfort,9.747
justifi,9.745
uk,9.744
stay,9.733
dress,9.724
conquer,9.695
dead,9.693
team,9.663
savid,9.658
tilak,9.658
nayyar,9.658
cgi,9.656
outsid,9.645
teeth,9.644
situat,9.638
30,9.637
women,9.621
clean,9.616
west,9.614
numer,9.607
legend,9.600
saint,9.600
fit,9.583
scoop,9.577
englishman,9.577
quiet,9.577
hill,9.573
skill,9.557
declar,9.547
assum,9.541
patton,9.538
activist,9.528
member,9.526
liter,9.518
radio,9.514
coverag,9.509
atroc,9.500
met,9.492
legendari,9.492
mine,9.491
rage,9.490
myth,9.487
defens,9.483
intim,9.481
digniti,9.479
heard,9.466
segreg,9.462
g,9.445
patienc,9.428
typic,9.416
princip,9.410
liddel,9.409
kallenbach,9.409
resit,9.409
bengal,9.409
shine,9.406
tend,9.403
empathi,9.403
particular,9.399
pedest,9.391
phenomen,9.384
humor,9.375
reincarn,9.374
bigger,9.373
drive,9.368
rang,9.365
confirm,9.359
uneduc,9.348
toler,9.348
anger,9.338
lengthi,9.331
abil,9.310
parent,9.291
conclus,9.279
frail,9.275
serious,9.265
eat,9.264
vari,9.264
center,9.263
revolut,9.236
unravel,9.234
vote,9.233
80,9.228
ascend,9.228
text,9.227
loss,9.224
futur,9.221
lathi,9.215
madra,9.215
glorifi,9.212
photographi,9.203
reserv,9.193
opposit,9.183
discov,9.153
plot,9.153
grow,9.150
miracl,9.149
tear,9.144
patriot,9.113
root,9.105
polic,9.105
reject,9.098
industri,9.097
afraid,9.095
maestro,9.090
seemingli,9.084
worst,9.077
homeland,9.076
held,9.069
thirteen,9.062
subaltern,9.056
rimmer,9.056
bald,9.056
firstli,9.043
unfold,9.041
ten,9.033
shi,9.030
shoulder,9.019
co,9.017
wast,9.014
mix,8.984
calmli,8.984
process,8.978
nice,8.976
dig,8.974
lamotta,8.965
advis,8.963
tragic,8.935
slip,8.935
london,8.933
ad,8.932
hous,8.928
sexi,8.926
loincloth,8.923
vernon,8.923
natal,8.923
embellish,8.904
birth,8.900
undeni,8.899
lesser,8.893
channel,8.891
prayer,8.886
attend,8.883
seek,8.879
famili,8.855
european,8.852
beaten,8.852
gen,8.851
seven,8.846
hell,8.835
embrac,8.835
memori,8.830
navi,8.828
wise,8.827
york,8.819
chaplin,8.812
repetit,8.807
indentur,8.807
bare,8.795
wherein,8.789
obsess,8.789
bother,8.778
send,8.769
unmistak,8.768
sex,8.761
elabor,8.739
bone,8.733
mark,8.721
evok,8.716
render,8.711
margret,8.704
expens,8.696
occas,8.696
despair,8.682
chair,8.673
finer,8.669
prosper,8.669
balanc,8.664
oh,8.653
persona,8.643
trial,8.640
intent,8.631
harlow,8.613
progress,8.607
humanist,8.606
storytel,8.604
medium,8.594
kudo,8.593
dimens,8.575
privat,8.570
suspect,8.570
selfless,8.568
singh,8.568
june,8.564
third,8.547
illustr,8.542
discuss,8.538
advantag,8.530
bitter,8.526
400,8.518
irrat,8.510
unlik,8.509
ago,8.504
spike,8.501
caught,8.500
beyond,8.497
1980,8.497
listen,8.490
plenti,8.486
simplifi,8.475
erupt,8.470
drag,8.458
sectarian,8.454
smarm,8.454
pleas,8.454
plod,8.453
adher,8.449
display,8.444
pre,8.434
par,8.420
calm,8.417
chose,8.403
uhf,8.385
bannen,8.385
nther,8.385
spectacl,8.366
wwii,8.366
addit,8.365
benefit,8.355
democraci,8.340
directli,8.326
bound,8.312
grip,8.303
spot,8.300
superbl,8.299
perpetr,8.298
homag,8.290
bloom,8.273
consider,8.270
suppress,8.268
romantic,8.268
coupl,8.259
afterward,8.252
measur,8.244
catch,8.238
vinc,8.222
aim,8.211
omit,8.207
dignitari,8.204
latrin,8.204
discriminatori,8.204
190,8.204
materi,8.203
modest,8.197
invinc,8.187
attack,8.175
site,8.170
starv,8.169
encapsul,8.159
constitut,8.153
bog,8.146
wore,8.143
convent,8.141
motion,8.140
craft,8.131
medit,8.129
vow,8.123
accus,8.120
jew,8.117
episod,8.112
bloodsh,8.100
topic,8.097
ceremoni,8.097
articul,8.097
averag,8.075
harsh,8.075
dirti,8.072
memor,8.070
sought,8.068
languag,8.067
immens,8.063
sympathi,8.057
fear,8.050
lowest,8.043
grew,8.042
cold,8.035
piti,8.026
gem,8.026
guess,8.021
hordern,8.011
homili,8.011
peru,8.011
deep,8.008
extent,8.007
happi,8.007
depriv,8.007
favor,8.000
quibbl,7.995
strategi,7.995
daughter,7.992
masterwork,7.980
standard,7.978
dialog,7.963
predict,7.948
idiot,7.943
apt,7.942
deviat,7.939
occup,7.931
favourit,7.928
fund,7.928
renown,7.925
flood,7.906
sketch,7.894
statesman,7.889
freer,7.889
bill,7.883
endur,7.877
inclus,7.870
ps,7.870
organ,7.864
lavish,7.859
clariti,7.846
500,7.843
godfath,7.840
eloqu,7.838
templ,7.838
strict,7.830
refer,7.826
gt,7.825
instruct,7.822
inflam,7.817
preemin,7.817
mildli,7.809
villain,7.798
maintain,7.788
board,7.785
deni,7.782
tension,7.772
factor,7.751
misnom,7.750
energi,7.743
cycl,7.732
preachi,7.729
concept,7.729
univers,7.729
overwhelm,7.726
stray,7.722
tremend,7.710
philosoph,7.710
drove,7.703
eleven,7.693
briefest,7.688
reverenti,7.688
date,7.683
idealist,7.674
fortun,7.674
yadda,7.658
charg,7.648
disregard,7.647
reli,7.643
legitim,7.636
risk,7.635
timeless,7.631
figurehead,7.630
blatant,7.624
enlist,7.624
toilet,7.606
sect,7.602
radic,7.602
began,7.597
appal,7.591
male,7.591
trivial,7.589
health,7.567
worldwid,7.561
ww2,7.561
aftermath,7.561
higher,7.557
obviou,7.539
counterpart,7.536
crude,7.529
money,7.526
thoroughli,7.523
billi,7.522
document,7.521
reinforc,7.519
gait,7.500
minus,7.500
neglect,7.498
restrain,7.482
nz,7.476
englishmen,7.476
ladi,7.475
shoot,7.473
privileg,7.466
complain,7.465
battl,7.455
pilgrimag,7.453
yada,7.453
fierc,7.453
surprisingli,7.451
angri,7.446
wholli,7.445
virtu,7.441
host,7.431
briton,7.431
ah,7.429
cleric,7.409
reassembl,7.409
lost,7.406
readi,7.401
herself,7.396
central,7.393
ident,7.390
indigen,7.387
illeg,7.378
inferior,7.374
1890,7.366
unless,7.360
imbib,7.346
visit,7.346
sleep,7.345
wear,7.344
seriou,7.332
path,7.332
sceneri,7.331
tactic,7.327
decor,7.322
improv,7.317
mao,7.306
palestin,7.306
blank,7.301
realis,7.296
boast,7.296
save,7.286
inher,7.275
opportun,7.268
factori,7.265
secondari,7.255
tirelessli,7.250
orchestr,7.246
garb,7.232
1998,7.226
stepdaught,7.215
proport,7.200
travail,7.198
collaps,7.197
road,7.185
forsak,7.181
counten,7.181
flow,7.177
compani,7.176
moreov,7.171
evid,7.168
whitewash,7.164
glanc,7.159
behav,7.146
accolad,7.145
absenc,7.140
content,7.119
skeptic,7.117
current,7.112
harm,7.110
fashion,7.109
buddha,7.101
vilifi,7.101
extrovert,7.101
keen,7.096
ji,7.086
shorter,7.081
editor,7.081
boycott,7.071
focuss,7.071
presum,7.071
contend,7.069
interpret,7.060
eager,7.059
studio,7.055
trick,7.053
soundtrack,7.050
dealt,7.046
dd,7.042
immort,7.035
drawn,7.031
koran,7.028
launch,7.023
resort,7.022
child,7.016
admittedli,7.009
air,7.002
photojournalist,7.000
dramatis,7.000
deiti,7.000
evolut,7.000
son,6.992
instinct,6.979
meticul,6.974
legaci,6.972
potenti,6.969
tackl,6.965
sanctimoni,6.961
rim,6.961
dissid,6.961
exhaust,6.959
slumdog,6.948
minuscul,6.948
tale,6.946
altogeth,6.936
suit,6.926
ahead,6.926
linger,6.923
fan,6.921
primarili,6.918
trade,6.911
harder,6.910
besid,6.909
financi,6.907
aw,6.907
resolut,6.904
solut,6.892
particip,6.858
mystic,6.854
testament,6.852
furious,6.851
18,6.842
endear,6.841
anglo,6.840
jurass,6.821
splendid,6.818
suprem,6.816
tast,6.816
lee,6.811
charisma,6.809
emphas,6.807
week,6.802
reflect,6.799
stir,6.798
unbeliev,6.790
relationship,6.780
suitabl,6.775
relent,6.775
unrest,6.775
roll,6.767
error,6.766
countrymen,6.764
irrespect,6.764
shindler,6.764
aliv,6.758
draw,6.757
pro,6.748
espous,6.744
milit,6.734
handl,6.728
bulg,6.724
unoffici,6.724
parodi,6.720
ppl,6.714
excerpt,6.714
breath,6.691
subjug,6.685
pack,6.683
loyal,6.680
tour,6.674
pride,6.672
slain,6.666
coexist,6.666
demeanour,6.666
infam,6.663
shane,6.657
sponsor,6.639
deliveri,6.638
poster,6.638
earthli,6.630
throw,6.630
directori,6.629
narrat,6.629
restor,6.625
broke,6.624
invit,6.615
theolog,6.613
glass,6.611
reader,6.608
prize,6.605
charismat,6.603
practis,6.595
sold,6.595
backdrop,6.594
devast,6.588
routin,6.583
downtrodden,6.579
span,6.574
duti,6.574
notorieti,6.570
inequ,6.570
climax,6.569
hit,6.563
slight,6.559
master,6.552
crucial,6.551
tempor,6.546
spoken,6.522
impoverish,6.514
solid,6.513
remot,6.513
favorit,6.510
footag,6.495
clich,6.491
michael,6.490
founder,6.484
annoy,6.477
craig,6.476
proper,6.470
wave,6.460
fade,6.459
devout,6.454
notion,6.451
satisfi,6.448
vener,6.447
idiosyncrasi,6.447
disarm,6.447
bhagat,6.447
invest,6.442
explor,6.435
cabinet,6.433
insurmount,6.433
wherea,6.431
protagonist,6.430
evolv,6.429
outcom,6.428
skip,6.427
ironi,6.426
narr,6.423
ton,6.422
reminisc,6.420
spectacular,6.417
nuanc,6.409
devote,6.405
glimps,6.389
fingerprint,6.385
spielberg,6.382
lennon,6.378
merit,6.376
curb,6.372
transcend,6.362
boy,6.360
immers,6.355
bull,6.353
select,6.352
softli,6.346
appar,6.345
haven,6.340
malign,6.339
sole,6.338
eschew,6.333
dutch,6.333
letter,6.325
enorm,6.312
fruition,6.302
wound,6.299
condon,6.296
adult,6.292
combat,6.291
niec,6.284
fiction,6.278
demean,6.278
martyr,6.278
prior,6.277
dissent,6.272
rife,6.272
ditto,6.272
split,6.263
abroad,6.261
shift,6.260
confer,6.255
deliber,6.250
distil,6.249
section,6.249
prevent,6.248
villag,6.241
ratzenberg,6.232
picturesqu,6.232
frequent,6.229
proud,6.228
exagger,6.222
flash,6.214
marriag,6.212
ruthlessli,6.210
erad,6.210
painstakingli,6.204
fals,6.204
five,6.203
poorli,6.202
unbias,6.199
chief,6.199
amongst,6.194
surviv,6.194
pathet,6.191
emerg,6.185
milieu,6.183
necessarili,6.183
teen,6.179
heroic,6.174
railway,6.172
reput,6.170
absorb,6.169
associ,6.161
patient,6.149
reiter,6.142
chalk,6.137
unto,6.137
undoubtedli,6.132
normal,6.123
institution,6.122
solv,6.121
hound,6.117
disturb,6.114
stuart,6.112
7,6.098
exploit,6.091
oper,6.089
seat,6.087
glori,6.085
faction,6.083
amazingli,6.082
banish,6.078
pois,6.078
noisi,6.069
aplomb,6.069
hat,6.062
market,6.061
blame,6.061
tapestri,6.060
13,6.059
1900,6.051
wait,6.049
youth,6.048
highest,6.038
forth,6.034
combin,6.031
drink,6.030
tv,6.027
nazism,6.019
brave,6.015
incom,6.011
twist,6.006
essenc,6.004
formula,5.992
sharpli,5.985
skew,5.981
food,5.965
flick,5.965
gorgeou,5.956
concert,5.956
radcliff,5.952
precis,5.952
river,5.949
excess,5.948
utter,5.941
sentenc,5.940
bribe,5.940
ancestor,5.940
intellectu,5.937
bottom,5.929
refrain,5.916
78,5.916
reappear,5.908
sake,5.901
obes,5.901
adapt,5.894
constraint,5.893
worldli,5.893
folk,5.889
glue,5.889
canada,5.889
modifi,5.885
concentr,5.876
inevit,5.876
compress,5.874
bigot,5.871
lincoln,5.871
testifi,5.867
na,5.867
medicin,5.867
prison,5.866
parliament,5.860
mgm,5.852
passabl,5.852
unimport,5.852
categori,5.850
defect,5.849
seren,5.845
notwithstand,5.834
apart,5.829
room,5.817
esp,5.817
notabl,5.816
consumm,5.813
cheer,5.811
wake,5.810
indict,5.806
bait,5.803
imdb,5.790
thou,5.786
adulthood,5.783
dissolv,5.783
grown,5.776
1946,5.773
lifelong,5.769
trip,5.752
grain,5.750
brute,5.750
tyranni,5.747
enact,5.744
core,5.743
sourc,5.738
anybodi,5.729
1945,5.728
pacif,5.721
appropri,5.711
11,5.711
solitari,5.709
unnecessari,5.708
1971,5.703
maxim,5.703
grab,5.702
page,5.699
abus,5.693
peter,5.690
headlin,5.682
construct,5.681
matur,5.681
tradit,5.677
1942,5.676
sadli,5.673
eg,5.670
ralli,5.670
regret,5.668
amid,5.664
belong,5.660
oneself,5.653
kwai,5.653
blend,5.652
1981,5.647
compos,5.645
arm,5.643
persecut,5.638
underdevelop,5.624
escap,5.622
wolv,5.611
potato,5.600
wind,5.598
sum,5.596
aptli,5.594
hammond,5.594
clearer,5.589
alleg,5.584
submiss,5.568
utterli,5.565
cater,5.552
violat,5.547
19th,5.545
pronounc,5.537
outdat,5.535
incomplet,5.532
1920,5.530
dock,5.530
count,5.528
colin,5.525
cannon,5.525
endeavor,5.517
neutral,5.512
intact,5.490
sprawl,5.490
australia,5.483
negoti,5.481
comparison,5.478
attract,5.477
till,5.474
deeper,5.467
park,5.462
organis,5.458
stem,5.453
rural,5.453
testimoni,5.453
illumin,5.451
canva,5.449
structur,5.447
mess,5.447
collector,5.446
session,5.444
prompt,5.442
stink,5.435
flashback,5.433
therebi,5.433
intend,5.430
magnet,5.424
lush,5.422
danc,5.418
formid,5.415
assert,5.413
exemplifi,5.413
delight,5.411
suddenli,5.410
younger,5.409
arch,5.402
contrast,5.402
brother,5.401
curtain,5.398
damn,5.387
citi,5.378
spoiler,5.360
tire,5.360
chord,5.358
estrang,5.354
reform,5.344
steam,5.344
utmost,5.342
inflict,5.340
breathtak,5.338
vocal,5.328
heartless,5.326
scott,5.326
bia,5.324
disciplin,5.324
cross,5.322
ie,5.312
broadcast,5.310
suuuuur,5.306
mohandra,5.306
udham,5.306
satygraha,5.306
congre,5.306
parsi,5.306
gieguld,5.306
seervai,5.306
attenbor,5.306
rakha,5.306
arica,5.306
arth,5.306
monitori,5.306
walesa,5.306
tabla,5.306
myerson,5.306
meerabaham,5.306
harijan,5.306
shreeram,5.306
cinnah,5.306
borra,5.306
stength,5.306
kingssley,5.306
bagavad,5.306
hattangidi,5.306
dasani,5.306
summarygandhi,5.306
kripalani,5.306
turkoman,5.306
neena,5.306
lagoo,5.306
candanc,5.306
videother,5.306
unappoint,5.306
swadeshi,5.306
chakrabarti,5.306
eisntein,5.306
filmhous,5.306
netaji,5.306
subjecet,5.306
attenborouggh,5.306
beignini,5.306
gnadhi,5.306
contentwis,5.306
mahatmaji,5.306
pranami,5.306
prabhakar,5.306
klomp,5.306
ustad,5.306
carder,5.306
nodoubt,5.306
christiaan,5.306
over40,5.306
ramlal,5.306
sitarist,5.306
vallabh,5.306
ranjan,5.306
subhaschandra,5.306
bengladesh,5.306
vithalbhai,5.306
majumdar,5.306
swaraj,5.306
unpatronis,5.306
brockway,5.306
hinduist,5.306
brahmacharya,5.306
beaverbrook,5.306
hindhu,5.306
musul,5.306
antoganist,5.306
naoroji,5.306
hardiman,5.306
bahadur,5.306
macmahon,5.306
183gandhi,5.306
marginalist,5.306
meerabahen,5.306
revd,5.306
sucheta,5.306
neru,5.306
vallabbhai,5.306
hepton,5.306
chauri,5.306
valabhhai,5.306
nahari,5.306
satyagrah,5.306
supriya,5.306
palsikar,5.306
gujurat,5.306
khilafat,5.306
pathak,5.306
kinnoch,5.306
holdern,5.306
presbyt,5.306
beatles,5.306
abha,5.306
gangadhar,5.306
zakir,5.306
porbandar,5.306
spielbergista,5.306
goalkrishna,5.306
shastri,5.306
javaharl,5.306
jinah,5.306
nathuran,5.306
mohannda,5.306
feeblemind,5.306
uvtar,5.306
mahavira,5.306
halifax,5.306
attenbough,5.306
ganhdi,5.306
religionth,5.306
subhash,5.306
kirkuk,5.306
feroz,5.306
fenner,5.306
kastuba,5.306
aquafina,5.306
gokhal,5.306
razdan,5.306
muhatma,5.306
lajpat,5.306
ahmasa,5.306
zaffrey,5.306
aurobindo,5.306
birtish,5.306
aheadrichard,5.306
cripp,5.306
ethnocultur,5.306
rohanda,5.306
outrid,5.306
marabehn,5.306
subash,5.306
parliamentarian,5.306
brilley,5.306
amristar,5.306
mohandaa,5.306
grandniec,5.306
redfort,5.306
kasmir,5.306
gokhl,5.306
patankar,5.306
hnidu,5.306
poiniant,5.306
vicereg,5.306
bhose,5.306
14minut,5.306
inida,5.306
isadora,5.306
phiolsophi,5.306
vallabhbhai,5.306
porband,5.306
atlle,5.306
gahandi,5.306
15,5.301
knee,5.301
overr,5.298
consist,5.298
super,5.296
grandios,5.295
techniqu,5.290
enemi,5.286
elder,5.282
imperson,5.263
secretari,5.263
theater,5.262
sent,5.260
diari,5.254
prefer,5.253
harmoni,5.250
evoc,5.247
mislead,5.243
maker,5.239
rental,5.238
hardli,5.235
global,5.234
eighti,5.229
disjoint,5.227
rush,5.223
r,5.211
breed,5.210
mighti,5.199
necess,5.196
hasn,5.194
angl,5.193
21,5.192
overblown,5.191
comprehens,5.189
enabl,5.179
propos,5.179
stagger,5.172
resent,5.169
paragraph,5.167
excit,5.167
aura,5.166
immigr,5.166
persist,5.163
beer,5.161
jewel,5.161
gigant,5.159
tough,5.156
unexplain,5.154
corrupt,5.153
outlin,5.153
spectat,5.148
defin,5.141
vein,5.135
stunningli,5.126
budget,5.120
joy,5.119
desper,5.117
greet,5.113
decent,5.113
strictli,5.107
ceas,5.102
older,5.098
incarn,5.093
secret,5.092
flag,5.090
al,5.086
interrupt,5.080
perman,5.077
persuad,5.075
enter,5.072
lol,5.067
viewpoint,5.062
dispos,5.059
amidst,5.058
profess,5.058
y,5.056
laugh,5.056
apolog,5.055
patho,5.055
evalu,5.045
newli,5.045
runtim,5.041
instrument,5.041
scottish,5.036
correctli,5.032
pet,5.024
billion,5.017
mortal,5.014
civilian,5.007
track,5.007
buit,5.005
pancha,5.005
cavalryman,5.005
fakir,5.005
kinglsley,5.005
hatfield,5.005
unescort,5.005
virendra,5.005
sethi,5.005
scrpit,5.005
chora,5.005
shahe,5.005
tunzelmann,5.005
palest,5.005
greeter,5.005
desserv,5.005
assain,5.005
rast,5.005
kings,5.005
hindustan,5.005
kigsley,5.005
siva,5.005
edwina,5.005
dilatori,5.005
attenburgh,5.005
ulitim,5.005
gollywood,5.005
terrifc,5.005
spead,5.005
karam,5.005
unbiased,5.005
croney,5.005
atenborough,5.005
tugger,5.005
doordarshan,5.005
sawth,5.005
asham,5.004
honest,4.987
suspicion,4.987
cousin,4.986
honour,4.984
200,4.983
saturday,4.983
invas,4.982
cherish,4.982
colleagu,4.982
millionair,4.980
eric,4.979
effici,4.979
approv,4.975
frank,4.974
strain,4.970
psycholog,4.967
wow,4.964
behaviour,4.958
bow,4.950
video,4.945
cathol,4.945
descent,4.945
inject,4.944
deed,4.943
ideolog,4.936
diminish,4.930
majest,4.930
crew,4.925
celluloid,4.924
trace,4.924
midst,4.923
enforc,4.923
zoom,4.921
broad,4.918
graduat,4.918
watcher,4.916
partial,4.914
startl,4.911
overlong,4.908
visibl,4.905
upper,4.891
oddli,4.888
clash,4.882
convincingli,4.882
town,4.881
flawlessli,4.871
ration,4.867
spring,4.866
habit,4.863
mental,4.858
compromis,4.849
kingdom,4.845
photo,4.843
maria,4.841
impos,4.837
obstacl,4.833
foodstuff,4.829
reorganis,4.829
alin,4.829
laundrett,4.829
wetli,4.829
havel,4.829
disun,4.829
1869,4.829
kurd,4.829
brahmin,4.829
motil,4.829
mishima,4.829
tricolor,4.829
abjur,4.829
dhoti,4.829
stipend,4.829
asassin,4.829
mqueen,4.829
pluralist,4.829
chand,4.829
kringl,4.829
hollyood,4.829
jewison,4.829
greeley,4.829
einstien,4.829
rioter,4.829
ghandhi,4.829
shale,4.829
assisi,4.829
bergin,4.829
transnat,4.829
sukhdev,4.829
telecom,4.829
schoolbook,4.829
babri,4.829
obscur,4.826
straightforward,4.825
lastli,4.821
inhuman,4.813
transfer,4.809
wheel,4.802
descend,4.798
24,4.796
awak,4.790
elderli,4.790
tone,4.787
attribut,4.785
comprehend,4.783
enthusiast,4.780
recognis,4.778
tendenc,4.778
internet,4.771
calcul,4.768
spine,4.767
flee,4.767
eleg,4.760
liberti,4.760
mistaken,4.751
emphasi,4.748
fifti,4.744
inc,4.744
climact,4.744
quarter,4.744
favour,4.737
contempl,4.730
gentl,4.721
von,4.720
network,4.719
retain,4.714
steal,4.713
dinosaur,4.711
librari,4.707
buri,4.705
peasantri,4.704
anglican,4.704
191,4.704
kroll,4.704
yoko,4.704
welland,4.704
sprinter,4.704
cale,4.704
ce3k,4.704
myanmar,4.704
underpow,4.704
decolon,4.704
exclusionari,4.704
enfield,4.704
excell,4.704
proceed,4.704
overdon,4.703
0,4.698
pale,4.696
slap,4.690
khan,4.690
conscienc,4.683
similarli,4.681
shatter,4.679
afternoon,4.673
hail,4.672
caricatur,4.672
grate,4.666
glu,4.662
clever,4.662
connect,4.660
honesti,4.648
assembl,4.641
16,4.640
bless,4.633
useless,4.633
rubbish,4.632
difficulti,4.631
rome,4.629
announc,4.628
capit,4.626
thug,4.624
wealthi,4.621
mad,4.619
lend,4.616
packag,4.613
furthermor,4.612
stupid,4.610
nerv,4.609
lust,4.609
shakier,4.607
ao,4.607
attenbourough,4.607
azam,4.607
ungovern,4.607
manu,4.607
predictor,4.607
cessat,4.607
unimpos,4.607
undigest,4.607
eclectic,4.607
lakh,4.607
90th,4.607
pose,4.601
lt,4.596
ensur,4.595
entri,4.595
label,4.595
judgment,4.581
smaller,4.575
portion,4.572
winter,4.568
mount,4.562
box,4.559
offend,4.559
pleasant,4.554
exquisit,4.554
destini,4.548
vagu,4.537
arrog,4.535
illus,4.532
shed,4.532
sublim,4.530
increasingli,4.530
saharan,4.528
sediti,4.528
zwick,4.528
ind,4.528
scorsese,4.528
rai,4.528
ov,4.528
turban,4.528
303,4.528
pak,4.528
nana,4.528
yankov,4.528
zzz,4.528
yash,4.528
godhood,4.528
cruelti,4.520
yesterday,4.503
14,4.503
owe,4.497
impli,4.492
revers,4.487
function,4.480
feat,4.479
smooth,4.476
fatal,4.473
colonel,4.471
stole,4.466
hagiograph,4.461
nft,4.461
separatist,4.461
waspish,4.461
gandhian,4.461
shanker,4.461
unshaken,4.461
slade,4.461
kashmir,4.461
thyself,4.461
skinnier,4.461
3s,4.461
monocl,4.461
unequip,4.461
luis,4.461
laughter,4.458
reduc,4.456
rough,4.456
europ,4.452
bite,4.451
varieti,4.449
aspir,4.449
properli,4.447
2000,4.446
characterist,4.437
alongsid,4.431
jason,4.429
uplift,4.428
lion,4.427
beg,4.426
mother,4.423
shoe,4.411
naiv,4.408
digit,4.404
albeit,4.404
monogam,4.403
scurril,4.403
acclimat,4.403
digitis,4.403
mousetrap,4.403
aspers,4.403
piggish,4.403
lal,4.403
selma,4.403
laissez,4.403
shh,4.403
ratnam,4.403
shadowland,4.403
thumb,4.400
storylin,4.393
braveheart,4.385
recognit,4.375
basi,4.374
dri,4.372
settl,4.371
psychot,4.370
stuff,4.368
whatsoev,4.368
dragon,4.364
holi,4.357
alongwith,4.352
excruti,4.352
dada,4.352
attenbourgh,4.352
destabilis,4.352
contigu,4.352
thickest,4.352
bal,4.352
grandaddi,4.352
1913,4.352
33rd,4.352
kingley,4.352
rajguru,4.352
abdul,4.352
shiit,4.352
presid,4.342
luck,4.336
damag,4.334
guid,4.327
nod,4.327
boot,4.326
lift,4.325
underr,4.323
corner,4.318
sensat,4.317
ice,4.311
h,4.310
curiou,4.308
streisand,4.306
douglass,4.306
edict,4.306
65th,4.306
agress,4.306
yester,4.306
71st,4.306
homegrown,4.306
fakeri,4.306
wing,4.306
hors,4.302
height,4.299
advic,4.296
treasur,4.296
sophist,4.295
foot,4.292
notic,4.289
murphi,4.279
alik,4.277
spell,4.272
lower,4.270
sainthood,4.265
irregardless,4.265
stratifi,4.265
erwin,4.265
midrang,4.265
pratic,4.265
cyril,4.265
chandrashekhar,4.265
assay,4.265
enema,4.265
miserli,4.265
thalberg,4.265
fusillad,4.265
indo,4.265
season,4.263
geniu,4.262
indiana,4.251
subsequ,4.249
shake,4.230
enclav,4.227
darki,4.227
zooland,4.227
outsourc,4.227
barbra,4.227
malaria,4.227
threat,4.225
instantli,4.221
debat,4.221
garbag,4.218
theatric,4.213
heat,4.213
tune,4.209
conclud,4.208
buff,4.207
jake,4.200
mid,4.198
compet,4.195
franc,4.194
55th,4.192
dicki,4.192
minh,4.192
speedili,4.192
unerringli,4.192
belov,4.192
beach,4.187
gradual,4.182
summari,4.182
lucki,4.182
paper,4.178
below,4.168
doen,4.160
zealotri,4.160
limn,4.160
himalayan,4.160
remonstr,4.160
enquiri,4.160
mlk,4.160
lanka,4.160
assist,4.160
gibson,4.156
sympathet,4.155
mel,4.151
alter,4.150
stellar,4.149
nowaday,4.148
heavili,4.134
feebli,4.130
gupta,4.130
quietest,4.130
bonk,4.130
evilli,4.130
penc,4.130
degeneraci,4.130
dynam,4.124
integr,4.122
worker,4.114
puzzl,4.109
schlinder,4.102
religios,4.102
loa,4.102
nucleu,4.102
tori,4.102
pp,4.102
mosqu,4.102
conflagr,4.102
rainer,4.102
lama,4.102
spokesperson,4.102
dropper,4.102
unsworth,4.102
metaphor,4.101
nonsens,4.095
accompani,4.094
distinct,4.093
screenwrit,4.092
jewish,4.090
insult,4.088
convict,4.087
abandon,4.087
etern,4.086
unabl,4.084
welcom,4.084
titan,4.084
tabl,4.083
petroleum,4.076
rigour,4.076
thunderbird,4.076
weightier,4.076
inopportun,4.076
hallelujah,4.076
tung,4.076
raw,4.069
overcom,4.063
theori,4.063
disagre,4.062
frankli,4.059
behavior,4.059
wrap,4.052
incandesc,4.051
hissabl,4.051
vo,4.051
rectitud,4.051
shortsight,4.051
prakash,4.051
indiscret,4.051
friendlier,4.051
rivet,4.051
suicid,4.046
greatli,4.046
everyday,4.046
awesom,4.043
cruel,4.041
rebel,4.035
undet,4.028
marginalis,4.028
taper,4.028
kg,4.028
motherland,4.028
advocaci,4.028
kri,4.028
registr,4.028
smoke,4.026
arguabl,4.019
remov,4.018
dozen,4.017
parallel,4.017
crime,4.013
charl,4.013
stretch,4.012
extant,4.005
skittish,4.005
ecumen,4.005
abat,4.005
expenditur,4.005
purer,4.005
sanctifi,4.005
subsidiari,4.005
lao,4.005
sim,4.005
santoshi,4.005
equivoc,4.005
mohammad,4.005
tse,3.984
spokesman,3.984
pinter,3.984
satya,3.984
zelig,3.984
prejudici,3.984
unpleasantli,3.984
shortfal,3.984
pix,3.984
overlook,3.983
bright,3.983
ador,3.982
commentari,3.978
confid,3.973
context,3.965
bizarr,3.965
acclaim,3.964
buffoonish,3.964
31st,3.964
34th,3.964
overproduc,3.964
sociologist,3.964
cheesi,3.951
dictum,3.945
anathema,3.945
foreknowledg,3.945
baggi,3.945
sri,3.945
missionari,3.945
ph,3.945
newsweek,3.945
newsman,3.945
doom,3.944
teacher,3.939
lone,3.935
suspens,3.934
circumst,3.929
60,3.928
night,3.927
telecast,3.926
inculc,3.926
mouthpiec,3.926
parlanc,3.926
foresaw,3.926
propagand,3.926
nowday,3.926
p,3.918
bought,3.910
lala,3.908
deifi,3.908
urchin,3.908
complexli,3.908
indefatig,3.908
identifi,3.903
affair,3.900
gift,3.897
ill,3.897
betray,3.896
creas,3.891
argonaut,3.891
144,3.891
replac,3.890
revel,3.890
anticip,3.884
advanc,3.882
disappear,3.878
com,3.878
mob,3.877
quest,3.877
sat,3.876
hire,3.876
environ,3.875
exemplar,3.875
1914,3.875
allah,3.875
consecr,3.875
flat,3.871
citizenship,3.859
optimum,3.859
jingoism,3.859
143,3.859
unaccount,3.859
hint,3.857
genr,3.856
trap,3.854
sexual,3.851
broken,3.850
watkin,3.844
nauseatingli,3.844
transcrib,3.844
snip,3.844
gestat,3.844
televis,3.839
weapon,3.838
weav,3.832
insular,3.829
uncivil,3.829
viz,3.829
mistook,3.829
encircl,3.829
assuag,3.829
silenc,3.826
somewher,3.825
frustrat,3.823
angel,3.818
wondrous,3.815
gaunt,3.815
protray,3.815
yoke,3.815
kilomet,3.815
sing,3.810
punch,3.803
shrewdli,3.801
nazareth,3.801
whereupon,3.801
eros,3.801
outlast,3.801
defunct,3.788
dapper,3.788
eventhough,3.788
picaresqu,3.788
topper,3.788
enmiti,3.788
badger,3.788
irv,3.788
likabl,3.783
safe,3.777
ungodli,3.775
arisen,3.775
bespectacl,3.775
impercept,3.775
spearhead,3.775
solicit,3.775
epitaph,3.775
revision,3.775
strenght,3.775
commonwealth,3.775
40,3.766
sanjeev,3.762
snooti,3.762
stave,3.762
homespun,3.762
uneasili,3.762
bedrock,3.762
leeri,3.762
prattl,3.762
upheld,3.762
marque,3.762
monarch,3.762
jokingli,3.750
bryant,3.750
tableaux,3.750
shortchang,3.750
cvisit,3.750
becuas,3.750
thrall,3.750
whittl,3.750
jaw,3.744
dop,3.738
castaway,3.738
senselessli,3.738
hobbl,3.738
hurd,3.738
trouser,3.738
stolid,3.738
acolyt,3.738
onto,3.727
papillon,3.727
malnutrit,3.727
enviabl,3.727
martyrdom,3.727
quench,3.727
plural,3.727
blacken,3.727
marketplac,3.727
fearlessli,3.715
akim,3.715
govt,3.715
reissu,3.715
weren,3.713
marri,3.713
mouth,3.706
eliot,3.704
cogniz,3.704
tonn,3.704
acumen,3.704
sugarcoat,3.704
scroung,3.704
desecr,3.704
bequeath,3.704
bugsi,3.704
literaci,3.704
levit,3.704
unenvi,3.704
prettiest,3.704
yeah,3.701
tamiroff,3.694
hussein,3.694
para,3.694
sick,3.688
whelm,3.683
kathleen,3.683
doggedli,3.683
particl,3.683
niro,3.677
packet,3.673
dazzlingli,3.673
thoreau,3.673
flatteri,3.673
intercours,3.673
manipul,3.672
gymnast,3.663
gibb,3.663
sunil,3.663
rodney,3.653
simplif,3.653
pavement,3.653
bingo,3.653
institutionalis,3.653
rock,3.647
tortur,3.646
sprint,3.644
sneaker,3.644
uglier,3.644
idolis,3.644
superior,3.643
u,3.636
1917,3.634
vouch,3.634
unargu,3.634
accost,3.634
amsterdam,3.634
dare,3.631
copi,3.629
chi,3.625
etiquett,3.625
hasten,3.625
encyclopedia,3.625
ba,3.625
premis,3.623
isl,3.616
emigr,3.616
unqualifi,3.616
constitu,3.616
barley,3.616
husband,3.615
frighten,3.610
pomp,3.607
modestli,3.607
bhai,3.607
disloc,3.607
travelogu,3.607
hump,3.607
raucou,3.607
deficit,3.607
gracious,3.607
purveyor,3.607
experienc,3.601
1910,3.599
dali,3.599
tolstoy,3.599
gentlemanli,3.599
retic,3.599
silent,3.595
delhi,3.590
insincer,3.590
quell,3.590
malais,3.590
soni,3.590
umpteen,3.590
haughti,3.590
patchi,3.590
punchi,3.590
rubin,3.590
paragon,3.590
moviemusereview,3.590
emancip,3.590
afor,3.590
landlord,3.590
theme,3.589
provinci,3.582
ascens,3.582
mightili,3.582
saxon,3.582
lebanon,3.582
dissolut,3.582
slickli,3.582
nobodi,3.580
steven,3.578
rift,3.574
obstruct,3.574
technolog,3.571
unselfish,3.566
exodu,3.566
cradl,3.566
paralys,3.566
indec,3.566
atleast,3.566
kid,3.562
ryan,3.561
disench,3.558
feb,3.558
persev,3.558
door,3.556
plutonium,3.550
expedi,3.550
hodg,3.550
groov,3.550
constantli,3.544
weird,3.544
impract,3.543
cartel,3.543
dictatori,3.543
tower,3.541
depart,3.540
bracket,3.535
1916,3.535
inspit,3.535
houston,3.535
mitig,3.535
former,3.535
childhood,3.534
pluse,3.528
aberr,3.528
unfurl,3.528
tie,3.522
tan,3.521
muhammad,3.521
burgeon,3.521
cleopatra,3.521
plunder,3.521
funnili,3.521
infrastructur,3.514
extrapol,3.514
hassl,3.514
uproot,3.514
chill,3.513
modesti,3.507
staunch,3.507
kick,3.502
humanis,3.500
nearer,3.500
briskli,3.500
twice,3.496
upheav,3.493
ivori,3.493
guffaw,3.493
harsher,3.493
goliath,3.493
willpow,3.493
fresh,3.488
62,3.487
fundamentalist,3.487
analyst,3.487
lister,3.487
victim,3.483
truncat,3.480
tepid,3.480
decri,3.480
minutia,3.480
propag,3.480
chopra,3.480
godli,3.480
platitud,3.480
monopoli,3.480
verac,3.480
personag,3.474
succinct,3.474
recuper,3.474
disparag,3.468
slog,3.468
gang,3.463
necessit,3.461
kinder,3.461
silliest,3.461
invalu,3.461
month,3.458
pare,3.455
squabbl,3.455
breakup,3.455
proprietor,3.455
despot,3.455
dishonesti,3.455
splendour,3.449
intang,3.449
j,3.445
diminut,3.443
vehement,3.443
1921,3.443
glad,3.442
discreet,3.437
amber,3.437
trust,3.434
friendship,3.433
repeat,3.433
twinkl,3.431
forcibl,3.431
water,3.431
brain,3.426
wich,3.426
unsurpris,3.426
singlehandedli,3.426
eisenstein,3.420
angrili,3.420
strait,3.420
squalor,3.420
indiscrimin,3.414
hoo,3.414
diss,3.414
pagan,3.414
fallaci,3.414
hymn,3.414
jone,3.412
inquiri,3.409
knowingli,3.409
adag,3.409
mussolini,3.409
fizzl,3.403
interject,3.403
lite,3.403
animos,3.403
gooder,3.398
unriv,3.398
drop,3.394
undergon,3.393
lor,3.387
unwind,3.387
gnaw,3.387
fallout,3.387
dandi,3.387
expound,3.387
friction,3.382
torrent,3.382
cornerston,3.382
teem,3.382
spoil,3.378
turf,3.377
scowl,3.377
unexplor,3.377
straight,3.377
ira,3.372
portugues,3.372
amistad,3.372
castro,3.372
stormi,3.372
fli,3.371
unpretenti,3.367
allevi,3.367
mire,3.367
jovial,3.367
squash,3.357
opium,3.357
depress,3.357
dustin,3.352
geeta,3.352
ownership,3.352
1928,3.347
visag,3.347
altruist,3.347
administ,3.347
err,3.343
dogma,3.343
edinburgh,3.343
cheaper,3.343
mood,3.339
engrav,3.338
jeep,3.338
discont,3.338
latent,3.338
pontecorvo,3.333
monger,3.333
paramet,3.333
gerald,3.333
comb,3.333
unsubtl,3.333
needn,3.333
imparti,3.329
ism,3.324
infal,3.324
defenseless,3.324
graphic,3.323
stalin,3.320
pm,3.320
donnel,3.320
brothel,3.320
derid,3.320
thursday,3.320
callous,3.320
sharper,3.315
hostel,3.315
reconnect,3.315
proxi,3.315
lawless,3.315
coron,3.315
unwillingli,3.315
subtl,3.314
esoter,3.311
offenc,3.311
unwelcom,3.311
hasti,3.311
elitist,3.306
sling,3.306
messeng,3.306
colonist,3.306
demolit,3.306
unsuit,3.306
umpteenth,3.302
reveng,3.299
extremist,3.298
mat,3.298
extinguish,3.294
ambassador,3.294
widen,3.294
discours,3.294
onset,3.289
gospel,3.289
outwardli,3.285
fatigu,3.285
tumultu,3.281
utopian,3.281
nah,3.281
enraptur,3.281
inquisit,3.277
illicit,3.277
fidel,3.277
alibi,3.277
deposit,3.277
abject,3.277
rational,3.273
patern,3.273
subtract,3.273
broaden,3.273
trifl,3.273
sluggish,3.273
strut,3.269
coerc,3.265
fluiditi,3.265
chap,3.265
wrinkl,3.261
indispens,3.261
buddhist,3.257
rajkumar,3.257
protract,3.257
immeasur,3.253
tribal,3.253
toil,3.253
egypt,3.253
17th,3.249
default,3.249
costner,3.249
grandest,3.249
mutini,3.246
reconcili,3.246
opul,3.246
panorama,3.246
dilig,3.246
katherin,3.242
collag,3.242
crusti,3.238
benefici,3.238
maverick,3.238
egregi,3.238
heyday,3.238
joke,3.236
echelon,3.234
terrif,3.234
rite,3.227
obedi,3.227
partak,3.224
momentarili,3.224
untru,3.224
fumbl,3.224
verisimilitud,3.224
fittingli,3.224
seeker,3.220
geograph,3.220
steadfast,3.220
altman,3.220
niggl,3.220
hepburn,3.216
axi,3.216
wrist,3.216
wall,3.216
setback,3.213
pillow,3.209
lowli,3.209
mutat,3.209
cop,3.208
1953,3.206
cecil,3.199
uncredit,3.196
ineffect,3.196
bygon,3.196
heed,3.192
kenni,3.189
extran,3.189
presidenti,3.189
ars,3.189
overview,3.186
shackl,3.186
hefti,3.186
unhealthi,3.182
delin,3.182
rumbl,3.182
misconcept,3.182
mantra,3.179
wither,3.179
partisan,3.179
intrigu,3.178
storyboard,3.176
sandal,3.173
intercut,3.173
1943,3.173
authoritarian,3.173
unapp,3.173
caption,3.173
danger,3.172
painstak,3.170
prejud,3.170
omnipres,3.170
toppl,3.170
ceo,3.170
predominantli,3.166
unbalanc,3.163
newfound,3.163
connot,3.160
1949,3.160
1965,3.160
statuett,3.160
aren,3.159
laundri,3.157
denzel,3.157
10http,3.157
uneas,3.157
hurrican,3.154
emphat,3.151
personnel,3.151
disclos,3.151
isnt,3.151
tranquil,3.148
confound,3.148
venu,3.148
cruelli,3.148
terrestri,3.145
spur,3.145
decreas,3.145
bobafett1138,3.142
onslaught,3.142
regress,3.139
colosseum,3.139
idioci,3.139
antithesi,3.139
140,3.139
correl,3.136
replet,3.136
publicli,3.133
justli,3.133
innoc,3.131
hush,3.130
apathet,3.130
har,3.130
glitter,3.130
defici,3.130
uphold,3.130
herman,3.127
anomali,3.127
execut,3.126
wane,3.125
coffin,3.125
shoddi,3.125
bail,3.125
cambodia,3.122
fluent,3.122
kapoor,3.119
naughti,3.119
cinephil,3.116
unjust,3.116
dishonest,3.113
55,3.113
bankrupt,3.113
afterthought,3.113
trueli,3.113
supplement,3.110
profici,3.110
sneer,3.108
recap,3.108
disapprov,3.108
stinker,3.108
alien,3.106
affection,3.105
microcosm,3.105
70mm,3.105
ninth,3.102
errat,3.102
waver,3.100
mammoth,3.100
newsreel,3.100
hierarchi,3.097
liken,3.097
bookend,3.094
1952,3.094
analyt,3.094
butter,3.094
defianc,3.092
buy,3.087
slant,3.086
stabil,3.086
den,3.084
demil,3.084
grandpa,3.084
merchant,3.081
muscular,3.081
callou,3.081
outdid,3.081
basanti,3.078
batteri,3.078
infecti,3.076
counti,3.076
tearjerk,3.076
tougher,3.073
cosmic,3.073
meek,3.073
turbul,3.071
insipid,3.071
allegi,3.068
remnant,3.068
fourteen,3.068
jfk,3.066
indirectli,3.066
lusciou,3.063
sermon,3.063
overthrow,3.063
bbc,3.061
impass,3.061
commenc,3.061
surgeri,3.058
pertain,3.058
weekli,3.056
entail,3.056
pizza,3.056
sleepi,3.056
port,3.056
widespread,3.053
righteous,3.053
rumour,3.053
pedophil,3.051
superpow,3.051
bloke,3.051
incit,3.051
committe,3.051
wee,3.051
penguin,3.049
rejoic,3.046
gloom,3.046
stride,3.044
jan,3.044
stadium,3.042
collin,3.042
pinpoint,3.042
defenc,3.039
tweak,3.037
frederick,3.037
ploy,3.032
preconcept,3.032
gratitud,3.030
benevol,3.030
shrewd,3.028
barrag,3.028
judici,3.028
superhuman,3.025
distraught,3.025
rediscov,3.023
classmat,3.023
divert,3.021
mercilessli,3.021
unavoid,3.019
bark,3.019
technician,3.019
slept,3.016
orwel,3.014
guidelin,3.014
bethani,3.014
conced,3.014
enrag,3.012
shudder,3.012
scholar,3.012
bench,3.010
motor,3.010
reportedli,3.007
innuendo,3.007
shameless,3.007
utilis,3.005
game,3.004
nixon,3.003
abysm,3.001
quo,3.001
hermann,2.999
bs,2.999
glorif,2.999
bullshit,2.997
forehead,2.997
gravit,2.997
ride,2.996
destroy,2.994
moviemak,2.992
releg,2.992
personif,2.992
commiss,2.990
forbid,2.988
opportunist,2.988
qualm,2.986
dignifi,2.986
overkil,2.984
savor,2.984
car,2.983
wizardri,2.982
marathon,2.982
muster,2.982
atmospher,2.981
lessen,2.980
swoop,2.980
emin,2.976
aficionado,2.976
beacon,2.974
shelli,2.972
intervent,2.972
accordingli,2.972
thwart,2.972
distrust,2.972
loudli,2.970
inexperienc,2.970
brawl,2.968
terenc,2.968
endors,2.962
strikingli,2.962
chant,2.962
griev,2.962
flirt,2.962
covet,2.960
strateg,2.958
overlap,2.956
concis,2.956
flock,2.956
galor,2.956
kindli,2.956
herein,2.954
moan,2.954
distast,2.952
brighter,2.952
cockroach,2.950
ritual,2.948
smartli,2.948
magic,2.948
taint,2.947
gladli,2.947
forefront,2.945
temporari,2.945
devour,2.945
smartest,2.945
reconstruct,2.945
abli,2.943
forum,2.943
loui,2.941
ambival,2.941
stricken,2.941
mistreat,2.941
hyperbol,2.941
socialist,2.941
darken,2.939
visitor,2.939
democrat,2.939
token,2.939
clan,2.937
wiser,2.937
29,2.935
revis,2.935
council,2.932
ampl,2.932
thrill,2.930
intimaci,2.930
baron,2.928
mash,2.928
overt,2.926
relianc,2.926
leisur,2.926
infuri,2.924
problemat,2.924
steadili,2.924
grandson,2.923
dark,2.921
coordin,2.921
onward,2.917
pervas,2.915
ignit,2.914
brace,2.914
novelist,2.912
catapult,2.912
cd,2.912
posthum,2.908
brow,2.908
eyebrow,2.905
ratio,2.905
overwhelmingli,2.905
fewer,2.903
mississippi,2.900
septemb,2.900
hmm,2.900
recip,2.898
swell,2.896
vers,2.896
hoffman,2.896
nobel,2.896
omiss,2.893
behalf,2.893
faultless,2.891
agreement,2.891
textbook,2.891
outdoor,2.890
inflat,2.890
dismay,2.888
thirst,2.886
asia,2.885
dir,2.885
yr,2.885
gravita,2.881
rewind,2.881
netflix,2.880
peasant,2.878
environment,2.878
18th,2.877
weaken,2.873
famous,2.873
shaken,2.872
dusti,2.872
belli,2.869
annihil,2.869
daunt,2.869
telephon,2.867
cox,2.867
outburst,2.867
appoint,2.865
hatch,2.865
competitor,2.859
vomit,2.858
misplac,2.856
stud,2.855
compuls,2.855
fog,2.850
simplest,2.847
analys,2.847
macabr,2.844
anyhow,2.844
falter,2.842
finess,2.842
horrid,2.842
levin,2.842
trope,2.842
27,2.841
tripe,2.841
thorough,2.839
sander,2.838
readili,2.835
bread,2.834
spout,2.834
overtli,2.832
palac,2.832
resign,2.831
turkey,2.831
clinic,2.831
fascism,2.831
tread,2.826
veng,2.823
middl,2.821
disput,2.821
etch,2.819
harmless,2.818
robert,2.817
sprinkl,2.816
seedi,2.815
februari,2.814
forbidden,2.812
1927,2.811
cool,2.809
fathom,2.808
willing,2.808
delay,2.808
passeng,2.807
meantim,2.805
vivien,2.805
preposter,2.805
adject,2.804
drawback,2.803
uniformli,2.801
overton,2.800
seiz,2.800
trump,2.798
recept,2.798
pave,2.797
justif,2.796
muse,2.796
interfer,2.796
earnest,2.796
caution,2.792
thriller,2.791
spectacularli,2.790
disillus,2.787
pander,2.785
stardom,2.785
bombast,2.785
unpreced,2.784
quirk,2.783
impati,2.781
tack,2.777
devis,2.777
china,2.777
instil,2.775
surf,2.775
barbar,2.775
patron,2.775
somber,2.775
implement,2.774
misunderstand,2.774
1987,2.772
tax,2.772
intoler,2.772
plethora,2.772
hiccup,2.772
ongo,2.771
sydow,2.771
clooney,2.771
coast,2.770
lectur,2.769
infatu,2.769
yourselv,2.767
patch,2.766
creed,2.766
roam,2.765
footstep,2.764
bind,2.764
primit,2.762
enslav,2.762
1962,2.762
underlin,2.761
1957,2.759
thrive,2.759
shelf,2.759
volunt,2.757
airplan,2.756
nutshel,2.755
cow,2.755
impend,2.754
merciless,2.754
stale,2.751
tricki,2.751
drone,2.749
loom,2.749
st,2.748
mockingbird,2.746
grape,2.746
gentlemen,2.746
predica,2.745
alarm,2.745
pessimist,2.745
immacul,2.744
mail,2.744
russia,2.744
adversari,2.743
unclear,2.739
assess,2.739
merg,2.738
fragment,2.738
1988,2.737
trivia,2.737
pow,2.736
restraint,2.735
journal,2.733
extraordinarili,2.731
candl,2.729
seed,2.729
moder,2.729
client,2.728
incap,2.728
trim,2.725
underestim,2.725
spooki,2.724
regist,2.723
dave,2.721
singular,2.721
punctuat,2.720
openli,2.718
compassion,2.716
speaker,2.716
exot,2.716
emul,2.714
harold,2.713
manic,2.713
shave,2.712
flourish,2.712
elect,2.710
governor,2.708
widescreen,2.705
scatter,2.705
spectrum,2.704
unquestion,2.704
pretens,2.702
wrestl,2.702
penetr,2.702
rude,2.701
blaze,2.701
mina,2.701
wider,2.701
powerhous,2.700
prologu,2.699
sunris,2.698
2011,2.698
mesmeris,2.698
salut,2.697
essay,2.697
disgrac,2.696
wrongli,2.694
unfamiliar,2.694
undertak,2.694
preval,2.694
contract,2.694
penni,2.693
inherit,2.690
foil,2.688
experiment,2.688
collar,2.687
pat,2.687
vain,2.686
submit,2.683
bounc,2.682
insignific,2.682
harbor,2.682
uncompromis,2.681
phase,2.681
margin,2.680
enrich,2.678
deterior,2.678
envis,2.677
downhil,2.676
slim,2.676
weep,2.676
sibl,2.676
comic,2.675
1954,2.675
contempt,2.674
chess,2.673
rapidli,2.672
oskar,2.672
aviat,2.672
jade,2.671
deceas,2.671
loop,2.670
nicknam,2.669
uneven,2.668
er,2.668
1986,2.668
forg,2.667
onlin,2.667
surrend,2.667
regularli,2.667
asset,2.664
unintent,2.663
spellbind,2.662
sh,2.662
entiti,2.661
refuge,2.661
departur,2.661
soar,2.659
inclin,2.655
senior,2.655
arrow,2.655
novemb,2.653
invis,2.652
youngster,2.652
foe,2.651
gaze,2.650
guardian,2.650
rita,2.649
misunderstood,2.649
chart,2.648
repress,2.646
ash,2.644
mutual,2.643
esqu,2.643
restrict,2.641
file,2.639
amadeu,2.638
biblic,2.638
assumpt,2.637
tug,2.637
mar,2.637
churn,2.637
cap,2.637
undermin,2.636
redund,2.636
soak,2.635
retrospect,2.634
sterl,2.634
pioneer,2.633
horizon,2.633
proce,2.633
anniversari,2.631
divin,2.631
attain,2.630
acquaint,2.628
courtroom,2.626
prophet,2.626
barrymor,2.625
scandal,2.625
arab,2.625
empath,2.623
sooner,2.623
arena,2.623
slower,2.620
nitpick,2.619
roberto,2.618
unconsci,2.617
hr,2.617
vanish,2.616
soviet,2.614
abrupt,2.614
kitchen,2.613
flower,2.613
shirt,2.611
rapid,2.609
seri,2.608
escal,2.607
cardboard,2.607
righteou,2.607
envelop,2.605
outfit,2.602
tea,2.601
glare,2.600
digest,2.600
shiver,2.600
miscast,2.598
luxuri,2.594
turmoil,2.593
growth,2.591
wire,2.590
asylum,2.590
convert,2.590
crumbl,2.588
tiger,2.588
rous,2.586
drastic,2.585
ho,2.585
cartoonish,2.583
plung,2.580
interestingli,2.579
underton,2.579
proclaim,2.579
inexplic,2.578
specul,2.577
procedur,2.576
grandfath,2.576
energet,2.576
breathless,2.575
seventi,2.572
monoton,2.572
melt,2.570
provoc,2.569
admiss,2.568
bent,2.568
hip,2.567
shelter,2.566
hostil,2.564
dwell,2.562
sand,2.561
woven,2.561
compens,2.559
bush,2.557
neighbour,2.557
guin,2.554
goodby,2.554
substanti,2.554
seamless,2.552
braveri,2.552
fuss,2.550
seldom,2.549
updat,2.548
unconvinc,2.547
1939,2.547
boo,2.547
holiday,2.544
bedroom,2.544
outlook,2.544
request,2.544
momentum,2.543
conduct,2.542
humili,2.541
foreshadow,2.541
inabl,2.541
absent,2.539
turner,2.539
prey,2.538
victor,2.538
cabl,2.537
spiderman,2.536
steel,2.534
flop,2.533
crippl,2.532
distort,2.531
fluid,2.531
furiou,2.530
adjust,2.529
stream,2.528
mythic,2.527
explicit,2.525
pot,2.524
crisp,2.524
warmth,2.523
qualifi,2.521
sarcast,2.520
blogspot,2.520
garden,2.518
bay,2.518
fragil,2.517
wildli,2.515
huston,2.515
labor,2.514
enthusiasm,2.513
weari,2.512
tempt,2.512
declin,2.511
abraham,2.511
vol,2.510
mend,2.509
obtain,2.508
sixti,2.506
heap,2.506
invad,2.505
prevail,2.504
quotabl,2.503
99,2.502
injur,2.499
priceless,2.497
pool,2.497
regim,2.493
blu,2.493
stroke,2.492
marshal,2.491
cup,2.491
agenda,2.489
lip,2.489
abstract,2.489
suspici,2.488
bollywood,2.488
le,2.487
ebert,2.485
aforement,2.485
chuck,2.485
fun,2.485
extract,2.484
meat,2.484
wrath,2.484
indiffer,2.484
blur,2.484
audio,2.482
chew,2.482
reunit,2.482
likewis,2.480
characteris,2.480
plight,2.479
chines,2.478
counter,2.478
visionari,2.476
bash,2.476
speci,2.475
whip,2.474
birthday,2.473
tech,2.471
signatur,2.470
slightest,2.468
poetri,2.468
peer,2.467
effortlessli,2.466
item,2.465
oppon,2.464
equival,2.463
cun,2.462
valid,2.461
helicopt,2.460
coin,2.460
juri,2.459
ludicr,2.458
imaginari,2.456
swept,2.454
bibl,2.453
festiv,2.451
suffici,2.450
tap,2.450
implic,2.450
hood,2.449
egg,2.448
union,2.447
clip,2.444
legal,2.442
hur,2.442
pseudo,2.442
elizabeth,2.441
delici,2.439
loser,2.439
glamor,2.438
delic,2.438
gate,2.435
handsom,2.434
juli,2.431
numb,2.431
passag,2.430
congratul,2.430
intertwin,2.430
strive,2.427
miseri,2.427
snatch,2.427
flame,2.426
durat,2.426
boil,2.423
gestur,2.423
rivalri,2.422
infinit,2.420
revisit,2.419
shortli,2.418
unbear,2.418
orient,2.415
pearl,2.414
sorrow,2.414
map,2.411
gripe,2.410
moor,2.410
champion,2.410
trio,2.409
critiqu,2.408
fascist,2.408
swallow,2.408
notori,2.408
tall,2.404
melodramat,2.404
tongu,2.401
teller,2.399
consciou,2.397
boundari,2.397
replic,2.396
wick,2.396
speechless,2.395
adequ,2.394
respond,2.393
mytholog,2.393
norman,2.392
themat,2.391
jane,2.391
climb,2.391
distinguish,2.390
urban,2.389
dose,2.388
pregnant,2.387
1997,2.386
exit,2.384
ingredi,2.382
tape,2.381
darkest,2.381
behold,2.381
fed,2.379
luckili,2.376
gap,2.376
millennium,2.376
uninterest,2.374
sustain,2.374
subtli,2.373
versu,2.373
forti,2.372
thread,2.372
kung,2.371
paus,2.370
drew,2.370
2003,2.369
bulli,2.368
washington,2.367
jordan,2.366
tad,2.366
print,2.366
befriend,2.366
culmin,2.363
bravo,2.363
minim,2.363
ethic,2.362
conscious,2.362
chest,2.362
tip,2.362
analysi,2.361
strip,2.360
gotta,2.357
neat,2.353
scratch,2.353
primari,2.353
cloud,2.352
dilemma,2.350
underst,2.347
1930,2.346
valuabl,2.346
harrow,2.346
coher,2.345
sunset,2.345
ventur,2.345
worthwhil,2.344
drown,2.344
wipe,2.344
expertli,2.343
stake,2.341
da,2.341
centr,2.338
shutter,2.338
subconsci,2.337
secondli,2.337
whoever,2.336
3rd,2.335
usa,2.335
dismiss,2.334
ala,2.334
reluct,2.334
fanci,2.334
verbal,2.332
cring,2.332
analyz,2.332
companion,2.331
dear,2.330
intimid,2.330
tender,2.330
spanish,2.330
yell,2.330
wash,2.329
verdict,2.329
bug,2.329
savag,2.328
ain,2.327
downfal,2.324
1st,2.323
delv,2.321
incorpor,2.320
asian,2.320
coincid,2.317
spark,2.313
trait,2.312
vital,2.312
dictat,2.312
1940,2.311
closest,2.310
weekend,2.309
hopeless,2.309
tank,2.307
ancient,2.306
rid,2.305
territori,2.305
childish,2.305
ultra,2.303
http,2.301
cape,2.300
sympath,2.296
composit,2.296
hamilton,2.295
resourc,2.294
polish,2.294
princ,2.294
segment,2.293
via,2.290
lamb,2.289
casual,2.289
montag,2.286
bland,2.282
arthur,2.282
sink,2.281
echo,2.280
defi,2.278
represent,2.278
conceiv,2.277
standout,2.277
pursuit,2.277
applaud,2.276
embarrass,2.276
confin,2.275
corni,2.274
vincent,2.271
drunk,2.271
walter,2.269
disast,2.269
raider,2.268
dust,2.267
fallen,2.265
screw,2.265
advertis,2.265
detract,2.264
imprison,2.263
monologu,2.260
access,2.260
mindless,2.260
miser,2.260
crush,2.259
boston,2.258
linear,2.257
scientif,2.257
nine,2.256
strongest,2.253
twelv,2.252
cleverli,2.251
wander,2.251
newman,2.250
torn,2.250
laughabl,2.249
collabor,2.248
pitch,2.248
backward,2.246
phrase,2.245
hopkin,2.244
daili,2.240
hesit,2.237
ego,2.237
shall,2.237
selfish,2.237
laid,2.237
outrag,2.236
min,2.229
church,2.225
alec,2.225
bang,2.225
fist,2.224
alex,2.224
competit,2.221
stress,2.219
pressur,2.218
lazi,2.218
compliment,2.216
alli,2.214
consum,2.214
exchang,2.213
borrow,2.212
confess,2.209
promot,2.209
martial,2.207
friendli,2.206
vivid,2.206
wont,2.205
stronger,2.203
kiss,2.203
creator,2.203
bird,2.203
brand,2.199
trademark,2.199
watchabl,2.195
reson,2.193
inhabit,2.193
explod,2.192
franci,2.192
descript,2.191
awkward,2.190
destin,2.189
impecc,2.188
asleep,2.186
marin,2.186
bogart,2.185
multi,2.185
bold,2.185
1960,2.183
germani,2.183
guilt,2.183
showcas,2.182
subplot,2.182
tini,2.182
institut,2.179
boxer,2.179
forgot,2.175
percept,2.171
punish,2.170
spite,2.170
indic,2.169
eeri,2.167
3d,2.165
plane,2.161
antagonist,2.158
heartbreak,2.158
shut,2.157
pursu,2.155
contriv,2.154
1999,2.148
loyalti,2.147
thirti,2.146
fourth,2.143
scheme,2.140
lay,2.140
cheat,2.138
switch,2.132
meaning,2.132
professor,2.131
avail,2.130
bet,2.129
corpor,2.129
demon,2.127
1950,2.127
plant,2.126
liam,2.126
helm,2.121
sin,2.120
feet,2.119
curs,2.117
terrorist,2.113
miller,2.110
neeson,2.110
casablanca,2.109
contact,2.107
potter,2.107
apocalyps,2.106
vehicl,2.105
attach,2.105
freak,2.102
patrick,2.095
sky,2.094
ear,2.094
endless,2.093
kinda,2.089
link,2.089
emperor,2.089
transit,2.086
ambigu,2.084
defend,2.082
deadli,2.082
foster,2.081
somebodi,2.079
jean,2.079
phone,2.076
meanwhil,2.075
trash,2.073
boat,2.073
samuel,2.071
shallow,2.071
bed,2.069
tight,2.069
mirror,2.068
unrealist,2.062
regular,2.062
retir,2.062
runner,2.055
countless,2.048
debut,2.048
holocaust,2.045
fulfil,2.039
exact,2.038
excus,2.033
devic,2.028
badli,2.025
astound,2.024
threaten,2.022
substanc,2.022
refresh,2.020
odyssey,2.019
nightmar,2.018
scenario,2.017
innov,2.015
fool,2.012
station,2.012
sword,2.011
imageri,2.009
recal,2.008
ruthless,2.008
steve,2.006
virtual,2.005
blade,2.005
latest,2.004
cost,2.003
gotten,1.998
colleg,1.998
ed,1.994
ex,1.991
unusu,1.989
darker,1.984
cartoon,1.984
store,1.982
italian,1.981
cult,1.979
hadn,1.970
bat,1.968
closer,1.967
hair,1.965
reward,1.964
tens,1.961
stewart,1.956
gold,1.954
surfac,1.949
occasion,1.949
robin,1.947
rob,1.946
surpass,1.940
pointless,1.939
bear,1.939
island,1.937
sight,1.934
warm,1.933
marlon,1.933
joseph,1.933
distract,1.933
prequel,1.930
disgust,1.930
desert,1.925
empti,1.923
stuck,1.923
explan,1.922
ray,1.917
giant,1.916
cute,1.915
hotel,1.911
fake,1.909
gritti,1.907
six,1.899
witti,1.898
brando,1.896
pleasur,1.889
70,1.883
constant,1.882
japanes,1.881
sell,1.880
profession,1.880
girlfriend,1.873
max,1.866
sentiment,1.864
condit,1.859
ugli,1.859
scream,1.859
harrison,1.856
termin,1.854
summer,1.853
logic,1.850
terror,1.848
menac,1.846
driven,1.845
bloodi,1.845
investig,1.842
bond,1.841
crap,1.836
ann,1.835
ridley,1.828
remak,1.818
250,1.817
ship,1.817
complic,1.817
worri,1.815
incept,1.814
anymor,1.814
mile,1.809
loos,1.808
driver,1.808
suck,1.798
round,1.797
vietnam,1.795
toy,1.792
theatr,1.790
sister,1.789
bar,1.789
encount,1.789
bunch,1.788
f,1.788
pop,1.780
blockbust,1.778
kevin,1.777
protect,1.777
teenag,1.770
french,1.765
heavi,1.760
creatur,1.759
stone,1.754
quentin,1.753
l,1.748
okay,1.748
collect,1.748
notch,1.744
convers,1.743
femal,1.729
hank,1.723
12,1.723
warn,1.715
paul,1.712
monster,1.702
cain,1.701
2001,1.692
rank,1.678
ruin,1.674
insan,1.674
rent,1.673
red,1.672
horribl,1.670
smart,1.664
harri,1.649
match,1.643
scorses,1.639
creativ,1.638
ridicul,1.632
redempt,1.628
matrix,1.599
gun,1.588
scienc,1.575
ok,1.570
song,1.559
6,1.558
edg,1.514
insid,1.481
fantasi,1.470
previou,1.463
jack,1.441
confus,1.427
adventur,1.401
yourself,1.400
ring,1.395
mysteri,1.377
anim,1.277
girl,1.238
comedi,1.237
funni,1.147
