anni,3458.987
allen,3344.879
woodi,2269.831
alvi,2145.590
hall,1989.349
keaton,884.034
relationship,730.876
dian,700.867
singer,560.848
comedi,477.602
neurot,405.919
romant,359.119
he,347.387
hi,343.293
love,315.446
york,298.099
funni,288.989
film,287.584
comedian,287.520
s,254.911
her,253.580
talk,231.948
joke,231.389
manhattan,215.872
charact,214.123
new,212.119
1977,202.870
life,197.501
audienc,196.754
we,194.321
they,189.671
humor,188.837
break,188.252
as,187.098
best,183.549
laugh,183.264
romanc,182.766
about,179.485
with,178.212
she,177.702
their,176.624
i,176.140
wa,175.112
like,170.883
are,168.310
scene,165.131
how,164.657
you,158.354
t,157.991
himself,157.901
him,157.376
at,156.509
between,153.906
use,153.848
self,153.266
play,153.035
make,152.639
intellectu,152.382
time,150.827
line,149.015
veri,148.918
walken,148.510
fourth,147.901
camera,147.416
pictur,147.408
what,146.826
us,146.739
lobster,146.724
flashback,146.698
realli,146.072
sex,145.425
when,144.816
wall,144.719
mcluhan,142.502
so,142.130
which,140.444
marshal,139.520
just,138.964
on,138.932
other,137.724
that,137.391
up,137.095
who,136.664
mani,136.468
were,135.488
from,135.477
there,135.349
or,135.116
hilari,134.297
two,134.230
can,134.198
oscar,133.791
becaus,132.975
one,132.760
them,132.587
more,132.232
movi,131.692
not,131.611
some,130.055
out,130.034
ha,129.549
also,129.532
but,127.630
seem,127.081
work,126.887
most,126.766
even,126.503
differ,125.811
way,125.424
feel,125.051
tell,124.783
jewish,124.750
think,124.636
while,123.420
past,122.066
person,121.555
alway,120.848
my,120.831
moment,120.108
in,119.477
be,119.362
an,119.304
subtitl,118.789
directli,118.649
say,118.514
peopl,118.268
end,117.805
great,117.485
into,116.392
by,114.788
enjoy,114.218
for,114.156
had,113.886
much,113.354
both,112.891
techniqu,112.858
have,112.649
me,110.985
see,110.534
get,110.439
witti,110.090
if,109.798
direct,109.594
thought,109.351
where,109.016
stori,108.918
don,108.889
screen,108.843
all,108.236
tri,108.047
never,107.732
star,107.578
would,107.276
show,106.809
well,106.797
write,106.762
thing,106.635
split,106.465
through,105.244
simon,104.920
made,104.134
woman,103.679
watch,103.534
though,102.235
over,102.140
each,101.949
brickman,101.619
re,100.793
coupl,100.486
togeth,100.302
point,99.682
onli,98.057
ever,97.861
know,97.423
back,97.363
uniqu,95.983
cultur,95.551
these,95.499
interest,95.407
toni,95.314
is,95.255
stand,95.240
want,95.111
start,94.142
dialogu,93.477
meet,93.364
first,92.683
seen,92.542
then,91.950
no,91.166
doe,90.895
wonder,90.344
everi,90.203
too,90.016
written,90.001
go,89.853
anoth,89.823
whi,89.708
style,89.231
convers,88.904
citi,88.743
intellig,88.722
look,88.641
present,88.636
real,88.185
to,88.110
such,87.802
understand,87.787
man,87.464
california,86.953
still,86.887
70,86.623
goldblum,86.569
own,86.525
live,86.456
award,86.339
give,86.264
those,86.132
could,85.945
perfect,85.925
it,85.733
take,85.543
ani,85.218
littl,84.694
been,84.678
part,84.114
good,83.901
after,83.769
doesn,83.735
favorit,83.550
than,83.062
do,82.885
comed,82.623
fall,82.563
director,82.271
narr,81.892
yorker,81.538
yet,81.365
won,81.296
someth,80.511
come,80.490
here,80.439
view,78.931
year,78.618
win,78.572
classic,78.572
find,78.478
chemistri,77.960
kind,77.764
actress,77.273
lot,77.179
befor,77.148
fan,77.117
women,76.972
date,76.834
relat,76.786
ve,76.258
christoph,76.200
screenplay,75.873
sens,75.713
script,75.333
actual,75.057
comic,74.907
m,74.828
thi,74.791
awkward,74.451
edit,74.360
la,74.331
off,74.076
begin,73.344
throughout,72.648
innov,72.555
again,72.461
refer,71.995
didn,71.924
fact,71.494
howev,71.314
wit,71.300
found,70.977
act,70.451
cours,70.276
later,70.175
linear,69.971
carol,69.521
quit,69.267
speak,69.122
becom,68.895
nervou,68.828
full,68.630
obsess,68.551
perform,68.404
of,68.086
exampl,68.028
autobiograph,67.946
appear,67.942
opinion,67.912
academi,67.891
anim,67.696
shot,67.637
jeff,67.537
natur,67.454
funniest,66.644
around,66.595
portray,66.494
brilliant,66.168
bit,65.998
interact,65.743
entertain,65.543
childhood,65.384
same,65.363
role,65.335
clever,65.261
neuros,64.933
1970,64.704
liner,64.585
fresh,64.526
behind,64.283
did,64.150
will,64.070
modern,63.922
goe,63.653
may,63.586
either,63.560
robert,63.385
keep,63.281
better,62.988
complet,62.917
turn,62.910
titl,62.892
viewer,62.868
friend,62.651
a,62.399
insight,62.300
main,62.209
move,62.024
need,62.014
today,61.926
girl,61.899
chang,61.843
along,61.838
origin,61.763
usual,61.754
definit,61.746
beauti,61.484
type,61.211
help,61.087
our,60.818
someon,60.643
long,60.508
10,60.463
actor,60.406
often,60.094
now,60.040
slapstick,59.947
everyth,59.930
paul,59.926
few,59.775
experi,59.375
everyon,59.065
consid,59.003
lead,58.997
down,58.652
charm,58.559
includ,58.181
structur,58.107
quirki,58.086
idea,58.052
writer,58.014
sometim,57.996
drive,57.767
pessimist,57.650
probabl,57.607
sinc,56.826
annoy,56.671
masterpiec,56.657
shelley,56.323
gener,56.281
ditsi,56.251
almost,56.226
death,55.775
career,55.663
pretti,55.510
place,55.487
bittersweet,55.242
touch,55.236
world,55.210
whole,55.132
fashion,55.096
mean,55.070
met,55.055
lo,55.047
name,54.998
problem,54.962
and,54.390
put,54.241
war,53.901
situat,53.698
abl,53.651
rather,53.643
herself,53.623
reason,53.424
themselv,53.357
paranoid,53.225
right,53.198
humour,52.824
fail,52.818
hate,52.459
insecur,52.348
creat,52.101
breakup,51.826
kane,51.757
mind,51.613
realist,51.592
especi,51.589
memori,51.509
masturb,51.508
dure,51.412
plot,51.395
narrat,51.377
told,51.238
hollywood,51.203
d,51.178
greatest,51.158
without,51.070
hard,50.991
happi,50.712
semit,50.664
filmmak,50.650
felt,50.550
typic,50.218
call,49.909
coast,49.856
tenni,49.856
monologu,49.725
geniu,49.719
bring,49.588
apart,49.544
instead,49.469
follow,49.157
da,49.154
guy,49.071
big,48.844
grow,48.801
pull,48.789
critic,48.731
set,48.723
old,48.553
issu,48.435
success,48.414
seriou,48.394
manner,48.353
sweet,48.247
your,48.173
sexual,48.135
deserv,48.015
famou,47.810
open,47.761
noth,47.617
am,47.505
must,47.234
address,47.229
non,47.211
simpl,47.196
cinema,46.901
word,46.878
isn,46.839
girlfriend,46.819
observ,46.685
jew,46.672
connect,46.597
done,46.583
sort,46.578
dewhurst,46.116
top,46.082
day,45.876
hannah,45.791
simpli,45.776
perhap,45.725
sequenc,45.720
perfectli,45.717
human,45.618
enough,45.446
certainli,45.427
myself,45.309
should,45.163
happen,45.162
colleen,45.125
appreci,45.043
fun,44.726
ask,44.682
els,44.618
wasn,44.605
mantra,44.509
approach,44.461
discuss,44.399
wisconsin,44.323
creativ,44.238
walk,44.213
sleeper,44.200
anyon,44.110
opposit,44.080
sit,44.003
true,43.973
angel,43.905
brief,43.905
believ,43.857
gag,43.788
nyc,43.731
saw,43.676
away,43.580
although,43.573
art,43.532
highli,43.532
form,43.459
mix,43.423
mayb,43.356
ll,43.241
cameo,43.226
question,43.212
absurd,42.937
allow,42.888
rob,42.802
deal,42.523
adult,42.469
least,42.147
famili,42.062
pretenti,42.055
last,42.038
analyz,41.973
broke,41.953
sing,41.905
analyst,41.842
explor,41.826
artist,41.803
knew,41.762
memor,41.696
deprec,41.686
far,41.542
leav,41.473
flash,41.427
truli,41.426
earlier,41.416
itself,41.382
duval,41.336
element,41.324
recommend,41.202
100,41.090
drug,40.841
earli,40.835
bad,40.739
overal,40.693
produc,40.687
expect,40.651
asid,40.648
describ,40.566
subject,40.481
broken,40.426
period,40.283
analysi,40.135
midwestern,40.054
captur,40.041
high,39.983
amp,39.983
genr,39.844
co,39.674
cartoon,39.670
minut,39.554
coaster,39.524
piec,39.499
realiz,39.451
invent,39.385
marriag,39.341
wrong,39.317
salli,39.217
came,39.210
roller,39.191
club,39.181
essenti,39.159
wouldn,39.143
quirk,38.956
stay,38.932
cynic,38.915
bore,38.886
fill,38.839
learn,38.800
final,38.769
order,38.676
heart,38.668
emot,38.612
lover,38.584
social,38.551
matter,38.474
numer,38.429
miser,38.418
said,38.312
got,38.298
extrem,38.191
street,38.100
amaz,38.086
comment,38.051
random,37.628
figur,37.619
contain,37.552
duan,37.442
drama,37.411
reflect,37.395
frequent,37.375
express,37.371
parti,37.255
mysteri,37.184
notic,37.170
featur,37.092
close,37.086
signific,37.061
might,36.906
onc,36.775
certain,36.660
neg,36.598
particularli,36.533
american,36.516
realiti,36.482
somewhat,36.423
import,36.362
short,36.245
materi,36.095
guess,36.093
amus,35.939
nice,35.904
ultim,35.874
commentari,35.800
constant,35.767
cast,35.752
less,35.742
aspect,35.738
ad,35.729
ralph,35.722
etc,35.701
easi,35.700
winner,35.665
common,35.569
cinematographi,35.549
struggl,35.545
number,35.502
constantli,35.441
consist,35.323
sure,35.318
crazi,35.269
middl,35.268
class,35.266
incred,35.211
standard,35.104
continu,35.090
basic,35.084
recent,35.053
slightli,35.040
dialog,35.039
5,34.993
eventu,34.943
within,34.941
member,34.927
anyth,34.911
level,34.897
alfi,34.875
light,34.869
known,34.839
voic,34.814
anti,34.796
repres,34.773
late,34.663
age,34.623
next,34.426
beverli,34.370
anyway,34.284
haven,34.238
theater,34.206
alreadi,34.133
rule,34.127
whose,34.052
sever,33.981
mention,33.959
cocain,33.740
entir,33.687
weird,33.667
couldn,33.617
inde,33.566
muse,33.550
strang,33.502
involv,33.405
stop,33.387
face,33.383
center,33.346
smart,33.288
absolut,33.261
affair,33.152
affect,33.146
add,33.071
excel,33.021
surreal,32.954
review,32.629
odd,32.593
exactli,32.474
heard,32.455
persona,32.413
nomin,32.412
step,32.360
fellini,32.336
averag,32.302
compar,32.258
share,32.191
matur,32.190
forth,32.183
therapist,32.168
genuin,32.160
rememb,32.117
wasp,32.094
frame,32.014
banana,31.991
ye,31.917
tone,31.911
brilliantli,31.904
wrote,31.813
manag,31.744
explain,31.731
teach,31.707
rose,31.682
therapi,31.656
engag,31.627
hear,31.560
miss,31.536
weaver,31.514
young,31.411
pace,31.382
harri,31.326
anhedonia,31.229
match,31.209
effect,31.140
impress,31.073
went,31.050
sad,31.040
complic,30.883
lost,30.859
philosoph,30.839
chronolog,30.834
angst,30.830
studi,30.787
influenc,30.764
somehow,30.688
normal,30.616
wish,30.608
worth,30.596
sigourney,30.540
grammi,30.520
took,30.509
develop,30.450
prais,30.428
rare,30.427
funnier,30.426
topic,30.363
everyday,30.342
mostli,30.264
stranger,30.261
remain,30.213
4th,30.210
hit,30.190
hand,30.129
singl,30.104
introduc,30.080
ironi,29.988
let,29.986
indulg,29.967
honest,29.921
theme,29.906
sharp,29.881
smile,29.833
neurosi,29.813
l,29.716
focus,29.660
endear,29.643
sneez,29.634
beat,29.620
term,29.574
similar,29.489
ditzi,29.383
admit,29.294
familiar,29.292
receiv,29.280
snow,29.189
head,29.182
deni,29.181
inspir,29.137
lifestyl,29.111
seinfeld,29.110
toward,29.018
shown,29.001
sorrow,28.971
awar,28.867
delight,28.861
californian,28.859
west,28.843
dislik,28.806
total,28.744
hyster,28.723
support,28.715
straight,28.701
frustrat,28.676
fantast,28.652
sister,28.631
possibl,28.561
depress,28.534
kid,28.496
jump,28.489
small,28.483
dri,28.419
surpris,28.399
imagin,28.389
tradit,28.383
free,28.359
music,28.339
attempt,28.288
knock,28.288
instanc,28.271
event,28.237
tend,28.210
whether,28.188
subtl,28.173
until,28.133
gem,28.090
forget,28.078
pursu,28.011
alon,27.998
complain,27.993
offer,27.974
reveal,27.956
fantasi,27.934
care,27.890
except,27.866
appeal,27.850
forward,27.773
sarcast,27.723
cinemat,27.636
misdemeanor,27.612
spider,27.593
perspect,27.561
case,27.545
background,27.513
remind,27.492
histori,27.474
strong,27.441
public,27.432
defin,27.418
identifi,27.321
flaw,27.307
mid,27.287
whom,27.146
dee,27.067
note,27.038
run,26.944
despit,26.932
selfish,26.845
against,26.789
remark,26.787
margolin,26.768
poignant,26.733
timeless,26.708
content,26.696
varieti,26.696
aspir,26.696
terribl,26.672
particular,26.630
difficult,26.603
yourself,26.602
among,26.601
superb,26.589
polit,26.583
toorop,26.532
trick,26.449
murder,26.262
night,26.180
prove,26.172
deconstruct,26.145
rosenblum,26.113
recal,26.106
piti,26.086
loud,26.059
gave,26.006
conscious,25.986
colleg,25.971
hasn,25.971
larg,25.923
read,25.857
talent,25.825
sophist,25.772
angelo,25.760
cannot,25.756
repeat,25.746
confus,25.686
method,25.685
brother,25.655
worthi,25.643
variou,25.641
tast,25.559
major,25.454
inabl,25.407
complex,25.387
roll,25.377
meant,25.328
1978,25.285
white,25.258
mr,25.170
psychoanalysi,25.132
grasp,25.130
flow,25.119
under,25.110
forc,25.041
mood,25.040
finest,24.994
individu,24.972
priceless,24.968
pop,24.917
cute,24.891
popular,24.874
concern,24.846
psycholog,24.833
argu,24.830
realism,24.805
cloth,24.784
broadway,24.783
second,24.780
decad,24.769
univers,24.731
given,24.731
introspect,24.729
fit,24.642
philosophi,24.593
acknowledg,24.571
belong,24.527
men,24.500
session,24.498
blend,24.491
egg,24.478
credit,24.477
rate,24.476
chanc,24.416
2,24.406
vs,24.339
miseri,24.267
respect,24.238
worst,24.205
revisit,24.187
provid,24.162
side,24.158
disappoint,24.128
critiqu,24.082
lack,24.026
deep,24.025
vote,24.007
specif,23.971
confid,23.839
agre,23.829
pontif,23.823
relev,23.782
aren,23.689
display,23.644
imposs,23.643
tale,23.617
hold,23.512
era,23.307
stuff,23.295
abil,23.275
detail,23.274
three,23.272
flat,23.228
pessim,23.144
longer,23.134
left,23.133
amount,23.130
argument,23.116
interior,23.101
chippewa,23.037
90,23.032
unconvent,23.003
brooklyn,23.000
transit,22.949
casual,22.889
purpl,22.886
rom,22.882
huge,22.872
qualiti,22.829
began,22.790
prefer,22.765
stream,22.754
tediou,22.729
wardrob,22.728
releas,22.725
okay,22.724
freud,22.720
pot,22.715
likabl,22.697
ago,22.677
pleasur,22.663
whatev,22.651
di,22.614
hour,22.607
tv,22.603
spirit,22.596
minor,22.583
technic,22.555
balanc,22.528
due,22.508
job,22.494
femal,22.475
nearli,22.450
physic,22.415
futur,22.393
convent,22.387
progress,22.377
devic,22.311
liter,22.208
inner,22.194
quick,22.147
grew,22.116
societi,22.089
list,21.983
ok,21.978
formula,21.971
godfath,21.952
previou,21.950
shine,21.948
fli,21.910
attract,21.909
multipl,21.907
ador,21.901
suppos,21.873
doubt,21.869
hope,21.859
truth,21.854
separ,21.831
fine,21.810
wait,21.777
stereo,21.773
forgot,21.754
chair,21.684
classroom,21.659
younger,21.637
oh,21.632
serious,21.619
encourag,21.596
heartbreak,21.581
consciou,21.576
brought,21.559
throw,21.548
four,21.536
farrow,21.532
bodi,21.488
fear,21.467
willi,21.456
home,21.436
discov,21.357
religion,21.317
doubl,21.276
editor,21.244
regard,21.226
8,21.206
exist,21.148
soon,21.132
sitcom,21.130
iron,21.124
focu,21.113
instantli,21.107
lacey,21.084
obvious,21.051
nightclub,21.037
none,21.004
sound,21.003
troubl,20.980
twice,20.976
ride,20.970
quot,20.967
master,20.967
maker,20.957
honesti,20.917
protagonist,20.898
car,20.878
flick,20.876
titular,20.859
choic,20.814
loudli,20.789
appar,20.622
special,20.612
necessarili,20.608
seventi,20.579
finish,20.534
cut,20.484
eccentr,20.392
standup,20.380
educ,20.361
brow,20.359
mark,20.350
the,20.311
rest,20.302
drag,20.300
accept,20.279
decid,20.270
version,20.266
existenti,20.266
ego,20.133
gordon,20.093
insan,20.084
character,20.064
otherwis,20.042
chronicl,20.040
quotabl,20.023
industri,20.013
cook,19.947
admir,19.924
zelig,19.921
mismatch,19.917
school,19.870
contrast,19.807
9,19.800
becam,19.796
kept,19.787
divorc,19.760
satir,19.729
evid,19.713
rumin,19.711
teacher,19.693
everybodi,19.673
celebr,19.671
equal,19.632
fast,19.620
latter,19.563
goofi,19.559
establish,19.557
pass,19.531
comfort,19.494
episod,19.469
former,19.444
overr,19.428
wise,19.419
terrif,19.401
com,19.388
island,19.366
silli,19.357
rosenbloom,19.317
recount,19.267
reminisc,19.259
queue,19.257
stuck,19.233
dream,19.204
depict,19.203
across,19.187
further,19.186
glimps,19.167
urban,19.115
dissect,19.110
reli,19.107
boredom,19.094
half,19.082
push,19.070
taken,19.019
marx,19.018
intim,18.963
book,18.927
elementari,18.906
capot,18.874
suggest,18.819
wist,18.817
shift,18.779
oppos,18.753
answer,18.735
ladi,18.688
listen,18.678
stage,18.663
sum,18.654
caus,18.635
yada,18.633
five,18.608
enter,18.596
slowli,18.596
convinc,18.588
dynam,18.559
concept,18.549
unlik,18.437
keeton,18.430
screwbal,18.410
fell,18.376
dysfunct,18.357
east,18.351
base,18.335
sub,18.334
brillianc,18.327
93,18.278
spot,18.259
seri,18.257
deeper,18.225
superior,18.215
afraid,18.189
seemingli,18.168
test,18.157
author,18.098
combin,18.092
access,18.082
unfold,18.082
dinner,18.079
achiev,18.075
deliv,18.000
journey,17.985
rambl,17.973
coney,17.910
unusu,17.898
ny,17.880
cairo,17.880
hous,17.856
acclaim,17.839
laughter,17.832
mental,17.813
outlook,17.811
interrupt,17.780
divid,17.774
dramat,17.767
attend,17.766
satisfi,17.733
product,17.725
closer,17.702
transform,17.697
outsid,17.682
30,17.668
accomplish,17.660
dull,17.656
kiss,17.623
fascin,17.541
statement,17.527
dress,17.503
choos,17.462
room,17.452
hardli,17.449
favourit,17.443
busi,17.442
easili,17.425
stereotyp,17.421
desir,17.373
slow,17.370
gentil,17.338
angl,17.310
empti,17.309
besid,17.273
near,17.231
buick,17.225
fade,17.225
gone,17.196
fake,17.177
song,17.152
wherea,17.150
kafka,17.099
page,17.098
pseudo,17.093
illustr,17.084
manhatten,17.060
examin,17.054
professor,17.044
thank,17.034
irrat,17.019
spout,17.002
plenti,16.973
messag,16.968
draw,16.891
layer,16.873
breath,16.728
tendenc,16.722
marri,16.706
horribl,16.696
trend,16.682
jasmin,16.641
central,16.635
unsuccess,16.634
fairli,16.631
nor,16.618
challeng,16.613
sick,16.596
obviou,16.586
shallow,16.569
ten,16.560
refus,16.550
wife,16.548
visit,16.527
game,16.524
deer,16.516
reaction,16.513
upon,16.510
design,16.503
quickli,16.461
nostalg,16.438
front,16.434
pay,16.434
dish,16.429
4,16.405
distinct,16.372
mess,16.341
tabl,16.332
worri,16.331
rich,16.320
groucho,16.304
dah,16.304
insid,16.296
centuri,16.280
forev,16.257
theori,16.250
ti,16.247
behavior,16.235
suddenli,16.230
clich,16.228
restaur,16.225
vari,16.212
therefor,16.208
wrap,16.206
psych,16.187
convey,16.156
smoke,16.106
eye,16.095
fulli,16.091
arguabl,16.077
auteur,16.056
vacuou,16.013
essenc,16.011
montag,16.002
current,16.002
ex,15.928
albi,15.919
15,15.904
depth,15.862
pure,15.862
result,15.837
icon,15.825
retrospect,15.806
polar,15.800
nervous,15.786
peak,15.751
strength,15.705
kitchen,15.676
flighti,15.634
occasion,15.593
reach,15.589
beyond,15.578
maintain,15.577
understood,15.565
peculiar,15.557
bergman,15.537
pleas,15.500
storytel,15.488
warm,15.466
cool,15.449
visual,15.410
grown,15.402
whilst,15.396
ground,15.377
routin,15.361
joy,15.356
goodby,15.321
initi,15.308
shock,15.296
clearli,15.296
liber,15.289
uncomfort,15.277
boy,15.264
student,15.262
portrait,15.255
occas,15.219
indic,15.183
male,15.182
edg,15.142
snob,15.138
carri,15.137
sam,15.134
irrit,15.111
search,15.085
fiction,15.067
40,15.065
rent,15.056
stardust,15.049
wast,15.024
lurv,15.016
outcom,14.998
janet,14.929
mundan,14.929
max,14.925
bitter,14.920
bicker,14.910
surprisingli,14.902
literari,14.897
unhappi,14.866
fixat,14.859
transcend,14.844
capabl,14.841
acquir,14.775
80,14.765
spend,14.755
allison,14.723
rant,14.690
storylin,14.643
clear,14.636
confront,14.636
mainli,14.622
link,14.622
comparison,14.607
stylist,14.588
passer,14.574
extraordinari,14.549
unreal,14.536
employ,14.524
dare,14.523
3,14.521
crack,14.510
bed,14.485
mirror,14.478
straightforward,14.476
imdb,14.474
schtick,14.465
loos,14.463
pair,14.403
absorb,14.393
america,14.377
partli,14.365
theatr,14.316
encount,14.310
predict,14.306
tire,14.293
purpos,14.291
pompou,14.265
queen,14.243
partner,14.232
blockbust,14.220
novel,14.218
cross,14.192
regardless,14.187
enlighten,14.177
bread,14.168
interpret,14.119
nail,14.094
innoc,14.089
whini,14.082
drawn,14.062
wide,14.036
accord,14.028
favor,13.999
evolut,13.999
verbal,13.994
formal,13.966
golden,13.962
grade,13.933
food,13.918
incorpor,13.917
perceiv,13.904
born,13.883
vital,13.872
sentenc,13.860
randomli,13.843
brim,13.843
stupid,13.829
hunter,13.806
doom,13.803
accentu,13.799
segment,13.759
state,13.752
claim,13.749
possess,13.728
shtick,13.702
fragment,13.691
surfac,13.646
gift,13.640
incap,13.639
avoid,13.638
decent,13.634
artsi,13.616
emphas,13.614
symbol,13.605
fallen,13.590
loav,13.585
cossack,13.585
simultan,13.534
scatter,13.527
aliv,13.516
refin,13.494
underli,13.431
record,13.424
kierkegaard,13.384
nutcrack,13.384
crime,13.378
pack,13.367
bite,13.352
refriger,13.333
bia,13.310
punch,13.309
unfortun,13.308
requir,13.306
deliveri,13.275
inform,13.235
melancholi,13.227
regret,13.226
higher,13.224
glass,13.221
esqu,13.213
prize,13.209
react,13.201
egocentr,13.191
watchabl,13.171
sketch,13.157
acquaint,13.139
key,13.129
lauren,13.124
rang,13.111
banter,13.094
marijuana,13.092
500,13.072
imit,13.068
disjoint,13.068
lovabl,13.060
classifi,13.059
sentiment,13.050
intellect,13.046
passiv,13.037
motion,13.024
chuckl,13.015
attent,12.994
utterli,12.984
exclus,12.973
yeah,12.954
propos,12.948
sidewalk,12.938
woddi,12.919
interestingli,12.894
diatrib,12.880
lose,12.877
thirti,12.875
compel,12.868
jealou,12.862
evolv,12.857
sleep,12.854
wear,12.852
ton,12.845
sorri,12.807
advantag,12.795
yi,12.795
die,12.789
midwest,12.783
gloomi,12.752
smother,12.743
skill,12.743
appli,12.737
goer,12.705
barcelona,12.682
supposedli,12.676
garbag,12.653
treat,12.649
breakthrough,12.637
mia,12.637
patho,12.637
child,12.629
awkwardli,12.629
stutter,12.629
commun,12.623
buff,12.622
silent,12.584
comedienn,12.577
road,12.573
neither,12.556
prior,12.554
gimmick,12.549
hide,12.535
nonetheless,12.482
somebodi,12.475
postmodern,12.475
phone,12.455
exagger,12.445
join,12.410
poorli,12.404
heavili,12.402
provok,12.389
unforgett,12.389
previous,12.347
independ,12.341
reput,12.340
target,12.328
georg,12.303
stone,12.280
floor,12.279
unfunni,12.263
etern,12.259
air,12.254
unabl,12.253
pain,12.244
soup,12.243
collect,12.235
lovemak,12.228
moriar,12.228
oddli,12.221
narcissist,12.204
excus,12.199
tear,12.192
disagre,12.186
stick,12.178
threaten,12.133
fabul,12.129
refresh,12.122
month,12.103
classmat,12.092
passion,12.091
plu,12.083
glad,12.049
profound,12.035
innuendo,12.030
fond,12.030
latest,12.025
revolv,12.023
cant,12.023
extent,12.011
boundari,11.984
thu,11.953
scorpion,11.952
curios,11.947
melanchol,11.945
fifteen,11.934
posit,11.911
semi,11.895
group,11.859
bottom,11.858
repeatedli,11.844
post,11.842
1,11.820
hadn,11.819
1973,11.809
authent,11.803
mere,11.795
mother,11.794
inevit,11.752
addit,11.711
carefre,11.690
pick,11.685
track,11.682
hail,11.680
grate,11.664
lengthi,11.664
dumb,11.655
outgrow,11.625
depend,11.587
stammer,11.578
psychotherapi,11.578
abov,11.550
truman,11.534
romcom,11.532
packag,11.532
nerv,11.523
resolut,11.506
quiet,11.492
assum,11.449
relax,11.438
particip,11.430
ridicul,11.422
unnecessari,11.416
attitud,11.414
strike,11.410
greater,11.403
third,11.396
bafta,11.394
craft,11.383
jazz,11.377
forgotten,11.369
construct,11.361
god,11.361
interplay,11.358
window,11.325
languag,11.294
distant,11.284
gloriou,11.270
cleverli,11.257
prime,11.253
blue,11.248
effortless,11.232
revolutionari,11.232
knowledg,11.231
action,11.231
phrase,11.226
ingeni,11.178
insist,11.167
influenti,11.156
grace,11.126
undeni,11.123
sun,11.121
characterist,11.093
shadow,11.084
exchang,11.063
photographi,11.043
manipul,11.017
crap,11.015
chaplin,11.014
ann,11.009
brand,10.994
ordinari,10.993
earn,10.978
reson,10.967
occurr,10.962
sarcasm,10.948
referenc,10.948
realis,10.944
expert,10.939
chase,10.931
ambit,10.931
fold,10.929
highlight,10.929
settl,10.927
fix,10.919
globe,10.917
card,10.909
intens,10.905
anymor,10.882
object,10.881
intend,10.859
lie,10.841
parent,10.840
spontan,10.835
farc,10.835
sincer,10.829
conclus,10.825
phoni,10.813
plane,10.804
buy,10.804
experienc,10.802
weigh,10.796
struck,10.792
shut,10.784
damn,10.775
julia,10.774
process,10.774
cerebr,10.762
notion,10.752
erudit,10.746
variat,10.741
advic,10.740
bar,10.736
bunch,10.728
phase,10.724
dorki,10.722
whine,10.708
cohes,10.696
poke,10.687
jade,10.683
distanc,10.683
e,10.672
strategi,10.660
color,10.653
imperfect,10.628
unexpectedli,10.628
extra,10.623
frishberg,10.613
intelligenti,10.613
javanes,10.613
katwijk,10.613
invis,10.609
smallest,10.609
fame,10.597
chart,10.593
mindset,10.586
hurt,10.586
casablanca,10.543
spent,10.526
flesh,10.503
pretend,10.486
unattain,10.480
fairi,10.480
belov,10.479
gradual,10.456
kinda,10.447
acerb,10.441
rapid,10.436
atmospher,10.434
unsur,10.416
digest,10.399
suit,10.390
sympathet,10.388
cabaret,10.384
superbl,10.373
aw,10.360
sappi,10.338
consider,10.338
recycl,10.322
proclaim,10.315
undergo,10.315
integr,10.305
facet,10.299
thin,10.297
entitl,10.289
elit,10.280
skewer,10.277
decis,10.274
vein,10.270
aim,10.264
hostil,10.258
activ,10.239
accompani,10.235
desper,10.234
charli,10.224
danni,10.221
ghost,10.212
interject,10.210
older,10.197
religi,10.190
optimist,10.190
norm,10.190
raw,10.171
absent,10.157
frankli,10.148
surround,10.141
y,10.113
ourselv,10.110
conspiraci,10.107
fire,10.100
respons,10.098
honestli,10.096
marvel,10.094
handl,10.092
health,10.090
scenario,10.087
loath,10.084
rank,10.071
wildli,10.061
summar,10.056
drink,10.050
counterpart,10.047
remov,10.045
report,10.045
money,10.035
wors,10.033
document,10.028
virtual,10.027
costum,10.025
score,10.024
news,10.018
macluhan,10.011
mcluan,10.011
munk,10.011
alvey,10.011
fight,10.005
chosen,9.992
media,9.959
low,9.958
creation,9.949
english,9.930
gorgeou,9.927
precis,9.920
behaviour,9.916
catch,9.885
hey,9.873
biggest,9.867
mock,9.865
space,9.851
documentari,9.846
chaotic,9.845
tumultu,9.843
fidel,9.831
hack,9.830
overli,9.817
folk,9.816
implic,9.798
preoccupi,9.795
firmli,9.794
strongli,9.787
solid,9.769
columbia,9.760
loser,9.756
repli,9.756
glamor,9.753
disagr,9.748
detach,9.744
ill,9.742
flawlessli,9.741
tic,9.737
habit,9.725
chronic,9.714
power,9.707
cheap,9.705
kilter,9.692
quest,9.692
sat,9.691
factor,9.688
cheer,9.685
foreign,9.676
fumbl,9.671
sight,9.669
magnific,9.666
pastrami,9.658
literati,9.658
shiksa,9.658
luff,9.658
overwhelm,9.657
insert,9.646
lastli,9.642
account,9.623
clean,9.616
freudian,9.597
awak,9.581
dvd,9.573
hill,9.573
shell,9.570
distinguish,9.560
anybodi,9.549
delin,9.547
toss,9.541
11,9.518
radio,9.514
dutch,9.499
weirdo,9.499
uninterest,9.498
six,9.496
honor,9.496
fanat,9.496
domin,9.492
versu,9.491
vicki,9.471
nut,9.471
culmin,9.453
idiosyncrat,9.453
shouldn,9.450
quarrel,9.444
gentl,9.442
statu,9.439
ca,9.435
patienc,9.428
wisdom,9.420
tofu,9.409
hagu,9.409
loophol,9.408
sign,9.406
arm,9.405
thoroughli,9.403
profession,9.398
reflex,9.391
disguis,9.389
underst,9.389
valuabl,9.384
rise,9.383
worthwhil,9.376
fellow,9.373
psycho,9.356
6,9.350
serv,9.348
util,9.331
folli,9.323
onto,9.318
thousand,9.308
errat,9.307
pitfal,9.307
thrown,9.305
happili,9.300
condit,9.297
sporad,9.291
unlucki,9.291
butter,9.282
16,9.280
jerk,9.268
mutter,9.267
eat,9.264
summer,9.264
fault,9.255
preciou,9.227
driven,9.226
furthermor,9.224
primarili,9.224
loss,9.224
territori,9.220
lust,9.218
effort,9.218
marsha,9.215
waspi,9.215
anecdot,9.212
suffer,9.199
crisi,9.171
via,9.159
simplic,9.159
blow,9.152
7,9.147
control,9.145
thereof,9.139
box,9.118
offend,9.118
rock,9.117
embarrass,9.105
park,9.103
groundbreak,9.098
corni,9.097
prolif,9.083
copi,9.074
screw,9.060
costanza,9.056
bald,9.056
paraphras,9.049
weed,9.042
driver,9.039
fate,9.035
nostalgia,9.030
downer,9.029
nerdi,9.022
eas,9.004
blown,8.997
owe,8.993
earth,8.973
daili,8.960
judg,8.955
smooth,8.953
easiest,8.952
nobodi,8.951
hesit,8.950
burst,8.945
slip,8.935
uncommon,8.928
semin,8.928
jar,8.926
plan,8.915
recreat,8.903
longtim,8.892
door,8.891
hmmm,8.868
kill,8.865
distast,8.857
magic,8.843
confess,8.838
20th,8.832
invit,8.820
cristina,8.807
hypercrit,8.807
tie,8.804
bare,8.795
trademark,8.795
imag,8.788
vignett,8.778
bother,8.778
henc,8.758
penchant,8.757
impecc,8.754
templat,8.752
basi,8.748
showcas,8.730
shark,8.725
witch,8.713
outstand,8.708
garfunkel,8.704
symbolist,8.704
cavett,8.704
woodman,8.704
blossom,8.699
assur,8.695
academ,8.689
embodi,8.671
circl,8.668
offic,8.662
sabotag,8.659
ahead,8.658
arriv,8.654
lift,8.651
urg,8.651
proof,8.647
spin,8.646
corner,8.636
reunion,8.635
rocki,8.619
poignanc,8.615
contriv,8.615
wave,8.614
misdemeanour,8.613
mistak,8.603
friendship,8.583
privat,8.570
brain,8.565
cri,8.564
materialist,8.559
intrus,8.550
budget,8.533
instant,8.523
rais,8.514
ralli,8.505
grandmoth,8.501
size,8.496
stun,8.490
unbeliev,8.488
rave,8.487
applic,8.479
oneself,8.479
immers,8.473
commonli,8.470
aid,8.465
mayonnais,8.454
pygmalion,8.454
sole,8.451
debat,8.443
black,8.443
pre,8.434
razor,8.424
ignor,8.423
vehicl,8.420
conclud,8.415
stare,8.397
snappi,8.391
allus,8.391
uh,8.387
handicap,8.387
idiosyncraci,8.385
nebbish,8.385
screamingli,8.385
lunch,8.379
syndrom,8.379
endless,8.371
wwii,8.366
flamboy,8.352
photograph,8.349
recollect,8.348
below,8.336
immedi,8.329
deli,8.320
corki,8.320
narrar,8.320
infatu,8.306
alter,8.301
n,8.295
hippi,8.291
homag,8.290
giggl,8.279
thrive,8.276
airplan,8.268
tricki,8.254
afterward,8.252
unrealist,8.249
regular,8.246
associ,8.215
expos,8.215
tr,8.204
daffi,8.204
toll,8.200
importantli,8.198
countless,8.193
nonsens,8.191
chicken,8.190
resembl,8.190
altern,8.180
undoubtedli,8.177
insult,8.176
encapsul,8.159
exact,8.154
nouveau,8.152
messi,8.136
flourish,8.136
town,8.135
filmographi,8.129
exemplifi,8.119
spectrum,8.113
failur,8.111
amazingli,8.109
check,8.107
penetr,8.106
pretens,8.106
richli,8.103
wider,8.103
diann,8.102
cite,8.097
lifetim,8.084
uncertainti,8.084
hat,8.082
john,8.082
q,8.081
preval,8.081
experiment,8.065
squeez,8.062
fool,8.047
meander,8.037
parallel,8.033
envis,8.031
everyman,8.025
stretch,8.024
spectacular,8.021
travel,8.012
unanticip,8.011
loop,8.010
expans,8.001
regularli,8.001
daughter,7.992
dad,7.984
soul,7.981
stevenson,7.968
phoeb,7.968
flout,7.968
bright,7.966
doctor,7.935
whenev,7.934
context,7.931
bizarr,7.931
mutual,7.928
melancholia,7.928
morass,7.928
impact,7.923
gender,7.922
cult,7.918
unstabl,7.917
redund,7.908
tiresom,7.908
alvin,7.889
scienc,7.873
organ,7.864
hair,7.861
60,7.856
anxiou,7.854
endearingli,7.852
beautifi,7.852
addict,7.849
p,7.837
nineti,7.820
traffic,7.817
formalist,7.817
correct,7.813
weak,7.803
categori,7.801
wive,7.784
alien,7.764
unexpect,7.760
drastic,7.756
excit,7.751
environ,7.750
belief,7.738
distract,7.732
capac,7.729
mold,7.719
drove,7.703
hip,7.700
ms,7.693
tracey,7.688
1975,7.684
perpetu,7.681
televis,7.677
anxieti,7.677
click,7.668
ray,7.667
hang,7.666
weav,7.664
awhil,7.661
insular,7.658
core,7.657
disturb,7.642
player,7.636
humili,7.622
trite,7.615
persuad,7.613
conserv,7.602
legendari,7.594
distort,7.593
mine,7.593
profess,7.587
bumper,7.576
warmth,7.569
drift,7.569
mileston,7.565
envi,7.563
bespectacl,7.550
navel,7.550
versatil,7.533
area,7.530
reinforc,7.519
asham,7.507
blink,7.505
snobberi,7.500
plain,7.499
archetyp,7.496
built,7.490
stroke,7.476
minstrel,7.476
saturday,7.474
colleagu,7.472
return,7.462
toe,7.460
strain,7.455
ebert,7.455
quinten,7.453
motif,7.449
heartwarm,7.449
craze,7.441
characteris,7.439
swing,7.439
hundr,7.438
counter,7.433
guest,7.431
vex,7.431
ah,7.429
mouth,7.412
signatur,7.410
recogn,7.410
membership,7.409
ident,7.390
nasal,7.387
flak,7.387
celluloid,7.386
midst,7.384
broad,7.376
inferior,7.374
imaginari,7.367
lowbrow,7.366
intermix,7.366
wittic,7.366
hell,7.363
unless,7.360
downey,7.346
evinc,7.346
intercours,7.346
wittiest,7.346
mate,7.336
bathroom,7.333
tragedi,7.331
duo,7.329
barney,7.326
rel,7.322
2006,7.318
creep,7.317
1979,7.306
till,7.299
psychiatrist,7.290
absurdist,7.287
save,7.286
root,7.284
tag,7.282
inher,7.275
compromis,7.273
u,7.272
boil,7.270
pratfal,7.269
lesson,7.268
opportun,7.268
rivalri,7.266
occur,7.262
contradict,7.261
held,7.255
unbear,7.253
therapeut,7.250
obstacl,7.249
orient,7.244
obscur,7.239
gain,7.233
caligari,7.232
spoke,7.220
manur,7.215
dramedi,7.215
warmest,7.215
wheel,7.203
tongu,7.202
descend,7.197
terrifi,7.191
wick,7.189
illusori,7.181
eachoth,7.181
surnam,7.181
heartfelt,7.179
respond,7.179
themat,7.174
recognis,7.167
philistin,7.164
glanc,7.159
tragic,7.148
schmuck,7.148
behav,7.146
ingredi,7.145
rightli,7.134
gap,7.128
subtli,7.120
garner,7.117
chop,7.117
meg,7.116
intermingl,7.116
haphazard,7.116
multifacet,7.116
oncom,7.116
forti,7.116
thread,7.116
irration,7.101
extrovert,7.101
vernacular,7.101
curdl,7.101
loneli,7.098
rove,7.086
teenag,7.081
option,7.077
clunker,7.071
incompat,7.071
sift,7.071
shakespear,7.069
super,7.062
neat,7.059
cumul,7.042
heavi,7.040
expertli,7.028
resort,7.022
similarli,7.022
literatur,7.016
bipolar,7.014
afternoon,7.009
jonathan,7.007
adventur,7.003
alright,6.996
tender,6.990
bug,6.986
per,6.982
notch,6.976
taught,6.970
paranoia,6.965
tackl,6.965
delv,6.963
coincid,6.952
hodgepodg,6.948
difficulti,6.947
trait,6.936
keenli,6.935
outgo,6.935
dr,6.935
closest,6.931
hopeless,6.927
text,6.920
flew,6.915
project,6.911
yin,6.910
biz,6.910
intent,6.905
http,6.904
commit,6.890
spatial,6.886
jitteri,6.886
costar,6.886
divers,6.878
undress,6.874
trust,6.868
exercis,6.865
border,6.865
napoleon,6.863
kooki,6.863
nun,6.863
warn,6.860
length,6.858
sunshin,6.857
testament,6.852
captiv,6.850
feed,6.848
bland,6.847
sink,6.843
conceiv,6.832
pleasant,6.831
amusingli,6.829
spi,6.825
reject,6.824
splendid,6.818
concurr,6.817
sauc,6.817
uproari,6.817
limit,6.817
suprem,6.816
frequenc,6.807
vagu,6.806
week,6.802
drop,6.788
breezi,6.785
children,6.779
fallout,6.775
fling,6.775
shi,6.773
cornerston,6.764
boister,6.764
iv,6.763
yesterday,6.755
ponder,6.754
billboard,6.754
mumbo,6.754
pueril,6.754
sweetest,6.754
build,6.748
hurdl,6.744
espous,6.744
centric,6.744
pitch,6.743
collabor,6.743
awesom,6.738
alert,6.731
dig,6.730
revers,6.730
moros,6.724
function,6.720
artifici,6.717
court,6.711
whimper,6.704
spoiler,6.700
charmingli,6.695
sexi,6.695
red,6.686
reduc,6.684
competit,6.663
victori,6.662
easier,6.650
intric,6.649
interperson,6.648
compliment,6.647
alongsid,6.647
cover,6.646
alli,6.642
wordi,6.639
incestu,6.639
poster,6.638
borrow,6.637
frank,6.632
embrac,6.626
esoter,6.621
freeway,6.621
disbelief,6.618
vivid,6.617
naiv,6.612
creator,6.609
albeit,6.607
uncharacterist,6.604
lean,6.593
devast,6.588
rapport,6.587
inhabit,6.578
descript,6.574
disco,6.570
yang,6.562
slight,6.559
multi,6.554
juliet,6.554
charley,6.554
whatsoev,6.551
crucial,6.551
tempor,6.546
bob,6.546
tini,6.545
fiasco,6.538
popul,6.529
spoken,6.522
expens,6.522
sketchi,6.522
indispens,6.522
jumbo,6.507
pedant,6.499
happiest,6.499
footag,6.495
reconcili,6.491
nod,6.491
underr,6.484
alpha,6.484
collag,6.484
trial,6.480
heyday,6.476
proper,6.470
benign,6.469
gutsi,6.469
western,6.467
w,6.465
sweep,6.463
sudden,6.462
startlingli,6.462
curiou,6.461
wing,6.459
bemus,6.454
height,6.448
medium,6.446
string,6.445
treasur,6.444
steadfast,6.440
precoci,6.440
seclud,6.440
ardent,6.433
dimens,6.431
cold,6.428
vision,6.423
bitterli,6.419
jumpi,6.412
nuanc,6.409
christma,6.407
dylan,6.405
finger,6.405
switch,6.397
avail,6.390
contemporari,6.388
scoop,6.385
hatr,6.384
upset,6.383
25,6.376
subsequ,6.374
grammar,6.372
tedium,6.365
wither,6.358
mellow,6.358
tool,6.353
curs,6.350
caption,6.346
shake,6.345
dishearten,6.339
cylind,6.339
mainstream,6.339
sport,6.328
20,6.327
letter,6.325
connot,6.320
tune,6.314
enorm,6.312
devolv,6.308
chose,6.303
collis,6.296
peni,6.296
ear,6.281
lucki,6.274
replet,6.272
apathet,6.261
bundl,6.261
tact,6.255
execut,6.251
cinephil,6.232
55,6.226
meanwhil,6.225
poor,6.225
nowaday,6.222
trash,6.219
tension,6.218
anywher,6.218
cultiv,6.204
seam,6.204
converg,6.204
chief,6.199
valu,6.197
pathet,6.191
analyt,6.188
measur,6.183
skinni,6.172
credibl,6.157
metaphor,6.151
dichotomi,6.147
hybrid,6.147
nich,6.137
jfk,6.132
jab,6.132
align,6.132
vapid,6.127
requisit,6.127
price,6.119
fulfil,6.118
pertain,6.117
entail,6.112
intrins,6.112
countri,6.104
incongru,6.102
saccharin,6.097
balconi,6.093
jan,6.088
ness,6.088
brightest,6.083
translat,6.081
shamelessli,6.078
introduct,6.076
degre,6.075
shawn,6.064
guru,6.055
autobiographi,6.046
painter,6.046
sympathi,6.043
upbring,6.042
enhanc,6.033
wri,6.028
playwright,6.028
conced,6.028
unintellig,6.019
tent,6.019
nihil,6.015
unheard,6.006
twist,6.006
bullet,5.991
sharpli,5.985
acut,5.985
oft,5.981
diana,5.981
skew,5.981
quip,5.977
grossli,5.977
intern,5.976
hero,5.971
marathon,5.964
sweetheart,5.964
babbl,5.964
nurtur,5.960
wisecrack,5.960
idiot,5.957
ting,5.948
relief,5.946
shelli,5.944
demonstr,5.944
tarantino,5.944
utter,5.941
overdo,5.936
interspers,5.932
overlap,5.912
suffoc,5.904
lone,5.902
ritual,5.897
reward,5.891
forefront,5.889
recaptur,5.885
grass,5.878
concentr,5.876
abid,5.874
thinker,5.874
fantas,5.874
offbeat,5.871
heritag,5.871
veil,5.867
medicin,5.867
lacklust,5.860
wherein,5.860
contradictori,5.856
32,5.856
hindsight,5.852
justifi,5.847
societ,5.845
dark,5.843
bridg,5.842
robin,5.841
pov,5.838
clue,5.834
pervas,5.831
pointless,5.817
hmm,5.800
selv,5.796
buildup,5.796
demograph,5.786
hint,5.785
faultless,5.783
tremend,5.782
hilar,5.776
twenti,5.776
summon,5.773
beef,5.769
whack,5.766
rewind,5.763
biograph,5.756
fella,5.756
reassur,5.753
trip,5.752
famous,5.747
disdain,5.744
apprehens,5.744
sourc,5.738
somewher,5.737
daunt,5.737
telephon,5.734
mason,5.728
risk,5.726
veer,5.725
contribut,5.724
metaphys,5.721
simpson,5.718
richer,5.715
compuls,5.709
bye,5.709
grab,5.702
distinctli,5.700
flare,5.700
fog,5.700
glover,5.700
johnni,5.697
headach,5.694
dynamit,5.694
drab,5.691
taglin,5.691
sock,5.691
jolt,5.685
rampag,5.685
unit,5.681
safe,5.665
litter,5.653
upbeat,5.647
saddest,5.633
yep,5.622
jaw,5.615
meantim,5.611
irresist,5.608
anger,5.603
satur,5.602
reckless,5.602
borderlin,5.602
succeed,5.593
justif,5.592
retel,5.589
prolong,5.584
movement,5.581
disillus,5.573
pad,5.573
pander,5.570
stardom,5.570
unnot,5.565
violat,5.547
analog,5.547
remaind,5.545
terror,5.544
ongo,5.542
pronounc,5.537
lighten,5.532
patch,5.532
schedul,5.532
grant,5.527
corn,5.525
bond,5.524
genius,5.515
romantic,5.512
streak,5.512
adolf,5.507
stale,5.503
path,5.499
elicit,5.493
chat,5.490
improv,5.488
reinvent,5.486
wacki,5.483
drivel,5.483
lightn,5.481
discard,5.476
static,5.474
95,5.474
whimsic,5.474
phillip,5.465
jam,5.460
seed,5.458
exposur,5.458
250,5.452
accur,5.451
timelin,5.449
sour,5.442
dave,5.442
abound,5.440
openli,5.435
wild,5.434
bog,5.431
masculin,5.428
id,5.424
led,5.424
babi,5.422
medit,5.420
awe,5.413
gym,5.411
net,5.411
unquestion,5.409
barrier,5.400
lobbi,5.398
suck,5.394
blatantli,5.394
round,5.391
larri,5.389
artwork,5.389
sheer,5.385
compani,5.382
sought,5.379
stern,5.379
vain,5.372
benchmark,5.372
deepli,5.371
insignific,5.364
infus,5.358
deterior,5.356
enrich,5.356
weep,5.352
wendi,5.346
ish,5.342
coward,5.342
nicknam,5.338
smack,5.338
1986,5.336
rumor,5.332
pie,5.332
hater,5.330
immatur,5.328
disconnect,5.328
seek,5.328
bubbl,5.326
departur,5.322
standpoint,5.320
luca,5.314
broadcast,5.310
spoof,5.308
nerd,5.308
seven,5.307
citizen,5.307
luuurv,5.306
seinfi,5.306
bitersweet,5.306
greenan,5.306
esemplast,5.306
entretain,5.306
nuerot,5.306
cunnilingu,5.306
macbeal,5.306
menswear,5.306
semiautobiograph,5.306
smaulz,5.306
woodyallen,5.306
singerand,5.306
guernivica,5.306
marihuana,5.306
spicier,5.306
theconsumm,5.306
purili,5.306
additicion,5.306
deleri,5.306
portchnik,5.306
drasticli,5.306
dukey,5.306
300th,5.306
avli,5.306
wilki,5.306
timeshift,5.306
reviewboth,5.306
keation,5.306
aaaall,5.306
intelligensia,5.306
misdermeanor,5.306
lovedlov,5.306
2millioni,5.306
ownright,5.306
bergmansqu,5.306
transplendid,5.306
boistrou,5.306
macuhan,5.306
deves,5.306
tazz,5.306
1891,5.306
melanomedi,5.306
unconvert,5.306
homor,5.306
doumanian,5.306
valetudinarian,5.306
splendifor,5.306
quich,5.306
maclughan,5.306
miscredit,5.306
challeg,5.306
thesixti,5.306
mordecai,5.306
yuppieseighti,5.306
symington,5.306
dismissingli,5.306
narrativesweet,5.306
woodyhol,5.306
lawner,5.306
puhleeeez,5.306
poerworedjo,5.306
dyad,5.306
iconis,5.306
proxem,5.306
jigg,5.306
awkawrd,5.306
luuf,5.306
appreici,5.306
perfessor,5.306
discustingli,5.306
minaret,5.306
luurv,5.306
humourist,5.306
nmndaru1kbu,5.306
bricmont,5.306
whm,5.306
andsexi,5.306
hallth,5.306
selig,5.306
whipsmart,5.306
neurotis,5.306
egotis,5.306
136i,5.306
curvilinear,5.306
presumptiousless,5.306
moments9,5.306
marashal,5.306
dianekeaton,5.306
woodyism,5.306
narcissust,5.306
stadtneurotik,5.306
gto,5.306
begun,5.306
pepper,5.302
gaze,5.301
misunderstood,5.299
repress,5.293
neatli,5.291
conform,5.289
improvis,5.283
pal,5.282
promis,5.280
buster,5.278
grand,5.276
opu,5.274
void,5.274
steer,5.270
sadden,5.261
sent,5.260
50,5.256
kick,5.252
lure,5.250
suspens,5.245
hyper,5.245
unconsci,5.234
someday,5.234
reliev,5.232
alic,5.231
pinnacl,5.229
jealousi,5.227
potenti,5.227
eloqu,5.225
warp,5.223
healthi,5.222
criticis,5.216
wannab,5.216
instruct,5.215
cardboard,5.213
mute,5.210
vibe,5.208
mildli,5.206
presenc,5.205
outfit,5.204
subtext,5.204
quintessenti,5.204
mighti,5.199
clumsi,5.199
ridden,5.198
shortcom,5.198
necess,5.196
comprehens,5.189
growth,5.182
convert,5.179
crumbl,5.176
paragraph,5.167
unorigin,5.164
candid,5.161
underton,5.158
grandfath,5.153
water,5.146
35,5.145
compon,5.145
melt,5.140
locat,5.140
endlessli,5.138
yearn,5.126
properti,5.126
tightli,5.121
spade,5.119
1993,5.113
chick,5.109
afi,5.104
seamless,5.104
shame,5.102
hello,5.101
seldom,5.098
underdog,5.093
talki,5.092
bedroom,5.089
futil,5.084
mode,5.084
foremost,5.077
narrow,5.075
tunnel,5.072
spoil,5.066
viewpoint,5.062
amidst,5.058
spotless,5.058
quietli,5.052
stallon,5.052
repris,5.051
embark,5.051
midnight,5.049
planet,5.041
moron,5.039
fragil,5.035
tempt,5.024
weari,5.024
styliz,5.009
deem,5.009
steadi,5.006
completionist,5.005
zzzzzzzzz,5.005
wuld,5.005
intelligencia,5.005
metroplex,5.005
coe,5.005
aldi,5.005
rashmon,5.005
psychotherapeut,5.005
slimli,5.005
chalantli,5.005
conclusionthi,5.005
coni,5.005
omnisc,5.005
sidelong,5.005
everysingl,5.005
polymorph,5.005
spadework,5.005
callin,5.005
titualar,5.005
latenc,5.005
receiev,5.005
interpretaion,5.005
grandeur,5.003
setup,5.002
cheek,5.002
stimul,5.000
dive,4.998
bias,4.992
motiv,4.992
effici,4.979
privileg,4.978
hardship,4.976
mild,4.974
battl,4.970
aforement,4.970
extract,4.968
fierc,4.968
wholli,4.963
plight,4.958
woo,4.949
plastic,4.946
video,4.945
heighten,4.944
poetri,4.935
effortlessli,4.931
diminish,4.930
zoom,4.921
milk,4.902
briefli,4.902
foundat,4.900
magazin,4.896
exhibit,4.896
2015,4.894
nativ,4.892
clip,4.887
delic,4.877
crown,4.875
arrang,4.872
killer,4.870
rehash,4.868
demis,4.868
dick,4.863
dwarf,4.858
satisfact,4.857
durat,4.851
pattern,4.849
wreck,4.848
gestur,4.845
cope,4.841
seamlessli,4.836
orchestr,4.831
nebbishi,4.829
4million,4.829
thehkneo,4.829
fife,4.829
obbsess,4.829
loaner,4.829
allenish,4.829
amacord,4.829
aan,4.829
buffett,4.829
novacain,4.829
analyi,4.829
hoar,4.829
slyvia,4.829
minit,4.829
catskil,4.829
splitscreen,4.829
fictic,4.829
sunroof,4.829
doghous,4.829
schlemiel,4.829
dux,4.829
comedien,4.829
blacktop,4.829
joff,4.829
unstag,4.829
unlin,4.829
boyfriend,4.823
map,4.822
despis,4.819
notori,4.815
fascist,4.815
tonight,4.814
transfer,4.809
preced,4.799
thick,4.798
grey,4.796
cure,4.793
attribut,4.785
maniac,4.784
schwarzenegg,4.783
comprehend,4.783
enthusiast,4.780
dose,4.777
twin,4.773
declar,4.773
intrigu,4.768
daisi,4.766
fundament,4.766
accolad,4.763
monti,4.763
behold,4.761
fed,4.759
distress,4.749
butt,4.748
sustain,4.748
skeptic,4.745
decept,4.744
climact,4.744
conveni,4.742
smash,4.741
million,4.737
keen,4.731
extens,4.731
contempl,4.730
clock,4.721
nois,4.716
soap,4.712
scratch,4.705
mostest,4.704
bullett,4.704
aphrodit,4.704
recommenc,4.704
hexagon,4.704
contradictorili,4.704
plath,4.704
telethon,4.704
henni,4.704
antithes,4.704
quadrangl,4.704
flibbertigibbet,4.704
sparklingli,4.704
revealingli,4.704
connipt,4.704
fwiw,4.704
intempor,4.704
premarit,4.704
beverley,4.704
worthiest,4.704
discomfitur,4.704
artsier,4.704
sybarit,4.704
thruout,4.704
drumrol,4.704
thefirst,4.704
acces,4.704
ofhi,4.704
charactersth,4.704
cloud,4.704
dilemma,4.700
dealt,4.697
1930,4.692
coher,4.691
ventur,4.690
sunset,4.690
wipe,4.687
deriv,4.684
launch,4.682
centr,4.677
mill,4.675
sensibl,4.674
toler,4.674
caricatur,4.672
usa,4.669
dismiss,4.668
ala,4.668
fanci,4.667
cring,4.664
companion,4.663
python,4.662
adopt,4.662
mentor,4.660
wash,4.658
induc,4.648
legaci,4.648
needless,4.641
bless,4.633
throat,4.630
announc,4.628
spark,4.627
capit,4.626
aggress,4.625
dictat,4.623
revolut,4.618
unravel,4.617
moviego,4.608
hollywoodesqu,4.607
tog,4.607
pringl,4.607
equilibr,4.607
sampler,4.607
40ish,4.607
mannish,4.607
youngman,4.607
schmooz,4.607
willowi,4.607
maginific,4.607
placard,4.607
hiphop,4.607
witter,4.607
morley,4.607
screwup,4.607
goy,4.607
dicov,4.607
gimmickeri,4.607
kvetch,4.607
beneath,4.602
contrari,4.602
recov,4.602
pose,4.601
realm,4.596
entri,4.595
solut,4.595
sympath,4.593
composit,4.592
offens,4.587
resolv,4.583
downright,4.581
landmark,4.579
de,4.577
portion,4.572
plausibl,4.565
defi,4.556
em,4.556
standout,4.555
charisma,4.539
walter,4.538
arrog,4.535
shed,4.532
sublim,4.530
increasingli,4.530
timor,4.528
cupid,4.528
eventuali,4.528
methadon,4.528
pleb,4.528
friar,4.528
defient,4.528
mathi,4.528
adjunct,4.528
unclev,4.528
poundston,4.528
entrain,4.528
onan,4.528
everywoman,4.528
qv,4.528
pedantri,4.528
lah,4.528
detract,4.528
mindless,4.520
backward,4.493
impli,4.492
leagu,4.485
shoot,4.484
stumbl,4.479
code,4.474
shall,4.474
outrag,4.473
pari,4.471
brutal,4.465
jong,4.461
thesam,4.461
lourd,4.461
topeka,4.461
oleagin,4.461
unassumingli,4.461
brooklynit,4.461
rosenbaum,4.461
absentmindedli,4.461
1886,4.461
hubrist,4.461
everymen,4.461
nad,4.461
razz,4.461
nuf,4.461
afterglow,4.461
equu,4.461
discoveri,4.459
bell,4.459
min,4.457
fist,4.449
fish,4.448
2000,4.446
uplift,4.428
consum,4.427
european,4.426
beg,4.426
directori,4.420
promot,4.418
accident,4.413
friendli,4.411
shoe,4.411
stronger,4.406
bird,4.406
repetit,4.404
psychosexu,4.403
sacrament,4.403
mahogani,4.403
scatti,4.403
guiltless,4.403
woodpeck,4.403
wiseau,4.403
dervish,4.403
dingbat,4.403
semetari,4.403
stoopid,4.403
defec,4.403
diegesi,4.403
dangerfield,4.403
subtleti,4.402
charismat,4.402
expand,4.397
span,4.383
gross,4.382
recognit,4.375
arc,4.374
asleep,4.372
bold,4.370
elabor,4.370
germani,4.366
holi,4.357
naif,4.352
mira,4.352
multitask,4.352
dharma,4.352
pryor,4.352
tree,4.351
ran,4.345
remot,4.342
despair,4.341
spite,4.340
user,4.338
jack,4.324
ice,4.311
sea,4.308
unpredict,4.307
scattershot,4.306
cranial,4.306
bistro,4.306
desultori,4.306
reanim,4.306
ditz,4.306
cinemaphotographi,4.306
1905,4.306
midsumm,4.306
bleak,4.296
invest,4.295
secur,4.289
skip,4.285
lower,4.270
facial,4.266
newyork,4.265
java,4.265
feelin,4.265
espcial,4.265
kat,4.265
schmoe,4.265
unquot,4.265
dulli,4.265
recrimin,4.265
shyster,4.265
lowdown,4.265
psychos,4.265
ike,4.265
earplug,4.265
roger,4.265
meaning,4.264
north,4.263
bet,4.259
plant,4.252
1980,4.248
ticket,4.238
feet,4.238
select,4.235
ambiti,4.230
soundtrack,4.230
hangup,4.227
decipher,4.227
erica,4.227
importun,4.227
solips,4.227
epigram,4.227
coursework,4.227
vulner,4.221
escap,4.217
apocalyps,4.212
wound,4.199
compet,4.195
cupcak,4.192
festoon,4.192
ardor,4.192
wounder,4.192
ulcer,4.192
glo,4.192
outr,4.192
oyl,4.192
armouri,4.192
teeve,4.192
mightn,4.192
brillanc,4.192
unscript,4.192
beach,4.187
paper,4.178
benefit,4.178
accid,4.174
prevent,4.165
lettuc,4.160
frasier,4.160
hiker,4.160
yetanotherfilmreviewblog,4.160
olympu,4.160
narcissu,4.160
onstag,4.160
assist,4.160
jean,4.158
bound,4.156
dead,4.154
stellar,4.149
mesmer,4.144
tight,4.138
bloom,4.137
everywher,4.131
subtil,4.130
actuat,4.130
jagger,4.130
wiri,4.130
mispronounc,4.130
exhum,4.130
inborn,4.130
veggi,4.130
amongst,4.130
sensit,4.129
emerg,4.124
weight,4.123
teen,4.119
assassin,4.115
worker,4.114
puzzl,4.109
crash,4.107
hahahaha,4.102
foreword,4.102
brussel,4.102
psychotherapist,4.102
unhero,4.102
giggli,4.102
tiffani,4.102
youtu,4.102
gibbon,4.102
robbin,4.096
screenwrit,4.092
site,4.085
solv,4.081
treatment,4.079
barnum,4.076
slovenli,4.076
timeli,4.076
yammer,4.076
unromant,4.076
banjo,4.076
rumpl,4.076
zeu,4.076
chaplinesqu,4.076
generalis,4.076
darci,4.076
mari,4.069
pirat,4.069
ball,4.060
succe,4.058
glori,4.057
unendur,4.051
hypochondriac,4.051
angelica,4.051
ite,4.051
quizzic,4.051
lovebird,4.051
model,4.048
astound,4.048
suicid,4.046
greatli,4.046
substanc,4.043
nightmar,4.036
rebel,4.035
speed,4.032
immens,4.031
nascar,4.028
1400,4.028
demerit,4.028
kettl,4.028
incapac,4.028
excori,4.028
orign,4.028
hitler,4.020
imageri,4.018
dozen,4.017
ideal,4.008
exploratori,4.005
casanova,4.005
bozo,4.005
scatterbrain,4.005
centered,4.005
warmheart,4.005
10grade,4.005
floozi,4.005
skittish,4.005
haw,4.005
sprightli,4.005
flatul,4.005
fairer,4.005
bigg,4.005
gotten,3.997
paid,3.985
amic,3.984
shortfal,3.984
tittl,3.984
nashvil,3.984
shlock,3.984
fruiti,3.984
acm,3.984
rollin,3.984
sacrific,3.977
intelligentsia,3.964
sincerest,3.964
sodomi,3.964
masoch,3.964
ceaseless,3.964
journeyman,3.964
sociologist,3.964
cheesi,3.951
aaa,3.945
borefest,3.945
disorderli,3.945
johnston,3.945
woodwork,3.945
rif,3.945
resist,3.944
endur,3.939
sake,3.934
nevertheless,3.933
vicissitud,3.926
zee,3.926
linearli,3.926
foresaw,3.926
genu,3.926
imp,3.926
nowher,3.925
mediocr,3.917
bought,3.910
rip,3.909
censur,3.908
charmless,3.908
exhort,3.908
castig,3.908
sweeten,3.908
broach,3.908
afresh,3.908
pall,3.908
quilt,3.908
abut,3.908
complexli,3.908
snugli,3.908
accru,3.908
gold,3.908
superbad,3.891
beulah,3.891
mule,3.891
disenchant,3.891
undeservedli,3.891
clincher,3.891
straightforwardli,3.891
antisemit,3.891
replac,3.890
revel,3.890
advanc,3.882
notabl,3.877
bear,3.877
immut,3.875
caveman,3.875
dickensian,3.875
fluster,3.875
orsen,3.875
libido,3.875
energi,3.871
unglamor,3.859
abstrus,3.859
knick,3.859
irrepar,3.859
pompous,3.859
predispos,3.859
ellips,3.859
landslid,3.859
demand,3.847
wafer,3.844
beetl,3.844
falsiti,3.844
ontolog,3.844
biscuit,3.844
terrac,3.844
antipathi,3.844
inflex,3.844
hurriedli,3.844
explan,3.843
legend,3.840
unknown,3.837
fortun,3.837
ass,3.833
giant,3.832
procliv,3.829
retool,3.829
wether,3.829
mcbeal,3.829
rabbi,3.829
mistook,3.829
rape,3.826
silenc,3.826
charg,3.824
xx,3.815
extremli,3.815
geni,3.815
terrificli,3.815
snoozer,3.815
ballyhoo,3.815
rube,3.815
duress,3.815
esthet,3.815
soulmat,3.815
materialis,3.815
herebi,3.815
leeway,3.815
bomb,3.814
psychoanalyt,3.801
eisenhow,3.788
gremlin,3.788
dk,3.788
task,3.787
sadli,3.782
cal,3.775
circumv,3.775
uncr,3.775
psychobabbl,3.775
idealis,3.775
snooti,3.762
prattl,3.762
effac,3.762
phenomen,3.754
plotwis,3.750
lauri,3.750
cvisit,3.750
showbiz,3.750
paula,3.750
tenfold,3.750
whiney,3.750
encrust,3.750
rain,3.745
huff,3.738
insul,3.738
pseudonym,3.738
interim,3.738
sate,3.738
bohemian,3.738
civil,3.737
wind,3.732
clu,3.727
devious,3.727
absorpt,3.727
speech,3.726
oodl,3.715
rye,3.715
chairman,3.715
inconsider,3.715
fearlessli,3.715
nouvel,3.715
rewound,3.715
constip,3.715
creepi,3.714
weren,3.713
harrison,3.712
termin,3.709
pest,3.704
prettiest,3.704
unhappili,3.704
antz,3.704
flagel,3.704
readi,3.700
logic,3.699
burn,3.694
twit,3.694
boringli,3.694
soliloqui,3.694
irat,3.694
airi,3.694
presumptu,3.694
v,3.693
paint,3.685
unreward,3.683
widest,3.683
pragu,3.683
bronz,3.683
1890,3.683
followup,3.683
predilect,3.673
flatteri,3.673
loudmouth,3.673
delux,3.673
bergen,3.673
easygo,3.673
begrudg,3.663
icki,3.663
spotti,3.663
uninform,3.663
x,3.658
gimmickri,3.653
cheech,3.653
rodney,3.653
yearli,3.653
prism,3.653
pithi,3.653
scale,3.645
smoker,3.644
involuntarili,3.644
potemkin,3.644
migrain,3.644
touchingli,3.644
jokey,3.644
livingston,3.644
matchless,3.644
remak,3.636
induct,3.634
papa,3.634
unargu,3.634
c,3.627
bullock,3.625
stagnat,3.625
encyclopedia,3.625
snobbi,3.625
hasten,3.625
presto,3.625
glisten,3.625
currenc,3.625
unforget,3.625
etiquett,3.625
diametr,3.625
premis,3.623
flirtati,3.616
unqualifi,3.616
songwrit,3.616
enliven,3.616
husband,3.615
fair,3.611
headlight,3.607
sloppili,3.607
boney,3.607
groovi,3.607
catholic,3.607
semest,3.607
reshap,3.607
achil,3.607
netherland,3.599
brunt,3.599
cineast,3.599
kahn,3.599
voraci,3.599
workahol,3.590
moviemusereview,3.590
categoris,3.590
frickin,3.590
jealous,3.590
yardstick,3.590
naught,3.590
armchair,3.590
engagingli,3.590
patchi,3.590
quota,3.590
haughti,3.590
thinner,3.590
upstand,3.590
toy,3.584
sharpest,3.582
dissolut,3.582
jot,3.582
envisag,3.582
lebanon,3.582
bookish,3.582
f,3.576
premium,3.574
plateau,3.574
reactiv,3.574
unreach,3.574
gari,3.566
coldest,3.566
haggard,3.566
joyc,3.566
highbrow,3.566
bennett,3.566
shrine,3.566
residu,3.566
prerequisit,3.566
purportedli,3.566
ryan,3.561
dollar,3.561
rascal,3.558
dint,3.558
disench,3.558
protect,3.554
joe,3.552
vilifi,3.550
withstood,3.550
swerv,3.550
stratospher,3.550
spunk,3.550
elig,3.550
pixel,3.550
horni,3.543
hem,3.543
sandra,3.543
kael,3.543
determin,3.543
tower,3.541
sexiest,3.535
houston,3.535
french,3.530
utah,3.528
bolder,3.528
1858,3.528
pam,3.528
picasso,3.528
aberr,3.528
christina,3.528
hunt,3.523
fret,3.521
funnili,3.521
skyrocket,3.521
cliqu,3.521
ts,3.521
tan,3.521
watersh,3.521
prolifer,3.521
abolish,3.521
lookalik,3.521
springer,3.514
caprici,3.514
snare,3.514
chill,3.513
absolutli,3.507
modesti,3.507
practic,3.507
exorcis,3.500
smiley,3.500
thicker,3.500
psychiatri,3.500
clandestin,3.500
refut,3.500
guffaw,3.493
setpiec,3.493
breather,3.493
raunchi,3.493
euphor,3.493
harsher,3.493
counselor,3.487
immediaci,3.487
snobbish,3.487
paulin,3.487
presumpt,3.487
unrestrain,3.487
victim,3.483
snicker,3.480
trespass,3.480
sanctimoni,3.480
witless,3.480
afro,3.474
seclus,3.474
shovel,3.474
succinct,3.474
sentinel,3.474
fanatic,3.474
conting,3.474
complimentari,3.474
trailer,3.473
slog,3.468
narciss,3.468
backsid,3.468
carelessli,3.468
seattl,3.468
constru,3.468
mick,3.468
wacko,3.468
iffi,3.461
71,3.461
smoother,3.461
emblemat,3.461
someway,3.461
syrup,3.461
seasid,3.461
sultri,3.455
inanim,3.455
invert,3.449
reevalu,3.443
eavesdrop,3.443
ohio,3.443
vaudevil,3.443
stew,3.443
necessari,3.443
hormon,3.437
populist,3.437
catcher,3.437
apparit,3.437
snivel,3.437
oral,3.437
unafraid,3.437
symmetr,3.437
bancroft,3.431
pb,3.431
straddl,3.431
suspect,3.428
cadet,3.426
incorrectli,3.426
onlook,3.426
furious,3.426
b,3.422
dosen,3.420
procur,3.420
transplant,3.420
irreplac,3.414
unrequit,3.414
incis,3.414
nab,3.414
fallaci,3.414
pensiv,3.414
allan,3.414
attir,3.409
unlov,3.409
inquiri,3.409
stagnant,3.409
compat,3.409
privi,3.409
freshli,3.409
ruse,3.409
knowingli,3.409
infrequ,3.403
nuisanc,3.403
fickl,3.403
mint,3.403
fizzl,3.403
battleship,3.403
phobia,3.403
caught,3.400
swore,3.398
jag,3.398
wedg,3.398
seagul,3.398
snore,3.398
beset,3.398
munch,3.393
renounc,3.393
unaffect,3.393
sexism,3.393
expound,3.387
denizen,3.387
crossroad,3.387
incessantli,3.387
flawless,3.383
teem,3.382
courtship,3.382
omnisci,3.372
leas,3.372
graft,3.372
30th,3.372
unintend,3.372
mire,3.367
soliloquy,3.367
retort,3.362
inact,3.362
entrap,3.362
foolishli,3.357
excerpt,3.357
bypass,3.357
advisor,3.357
conglomer,3.357
insepar,3.352
dismantl,3.352
ownership,3.352
underag,3.352
etho,3.352
ruin,3.348
monetari,3.347
1928,3.347
anatomi,3.347
bourgeoi,3.347
lingo,3.347
amass,3.347
transpos,3.347
disgustingli,3.343
bleep,3.343
caveat,3.343
recomend,3.338
unsubtl,3.333
throughli,3.333
vacant,3.333
sham,3.333
expel,3.329
hyperact,3.324
rearrang,3.324
histor,3.323
derid,3.320
lithuania,3.320
boomer,3.320
fluke,3.315
earthli,3.315
sinatra,3.315
weasel,3.315
rerun,3.311
gleeful,3.311
headi,3.311
vindict,3.311
unabash,3.311
exponenti,3.311
wow,3.310
scare,3.309
elitist,3.306
demolit,3.306
freshman,3.306
tempera,3.306
crise,3.306
federico,3.306
orderli,3.306
conjunct,3.302
ahh,3.302
lampoon,3.302
preform,3.302
verv,3.298
metamorphosi,3.298
dour,3.298
notebook,3.294
geeki,3.294
choir,3.294
customari,3.294
instabl,3.294
rodriguez,3.294
nonlinear,3.294
withdrawn,3.294
onset,3.289
justic,3.285
inhibit,3.285
warren,3.285
aimlessli,3.285
climax,3.284
haunt,3.283
crew,3.283
malick,3.281
enraptur,3.281
overdr,3.281
pentagon,3.281
existentialist,3.281
mushi,3.281
overhear,3.281
sector,3.277
fad,3.277
addison,3.277
simmer,3.277
contributor,3.273
petul,3.273
instantan,3.273
adul,3.273
humorless,3.273
naivet,3.273
shrill,3.273
deduc,3.273
daydream,3.273
repertoir,3.269
hearti,3.269
payment,3.269
nietzsch,3.269
squander,3.265
coerc,3.265
wrack,3.265
doo,3.265
inferno,3.265
cutest,3.265
karma,3.261
mingl,3.261
sullen,3.261
schmaltz,3.261
layout,3.261
backfir,3.257
dispel,3.257
insinu,3.257
barb,3.257
mangl,3.257
nazi,3.257
quotat,3.253
trumpet,3.253
immeasur,3.253
tribal,3.253
fray,3.249
droll,3.249
amiabl,3.249
undoubt,3.249
seper,3.249
dilig,3.246
uptight,3.246
bulb,3.246
nutti,3.242
midlif,3.242
bartend,3.242
hole,3.240
lumber,3.238
berat,3.238
alison,3.238
godard,3.238
gnome,3.234
rd,3.234
woefulli,3.234
kit,3.231
referenti,3.231
snapshot,3.231
devout,3.227
deplor,3.224
muck,3.224
meta,3.224
partak,3.224
smitten,3.224
disarm,3.224
idiosyncrasi,3.224
geograph,3.220
whirl,3.220
seeker,3.220
incredul,3.216
hepburn,3.216
predomin,3.213
helen,3.213
locker,3.213
ingrain,3.206
fastest,3.206
discount,3.206
throwaway,3.203
stupidli,3.203
conundrum,3.199
aloud,3.199
harvard,3.199
whoop,3.199
lumin,3.199
wooki,3.199
bluray,3.199
heartili,3.196
vest,3.196
sleepwalk,3.196
reap,3.196
innumer,3.196
reloc,3.196
harbour,3.189
lennon,3.189
embarrassingli,3.189
interchang,3.186
curb,3.186
odditi,3.186
percentag,3.186
heartbroken,3.182
viabl,3.182
rumbl,3.182
37,3.182
elat,3.182
foray,3.182
cocktail,3.182
impetu,3.182
misfir,3.182
shortest,3.182
authorit,3.179
voiceov,3.179
skit,3.179
extraterrestri,3.179
definetli,3.176
exasper,3.176
unadulter,3.176
authoritarian,3.173
discrep,3.173
filmgoer,3.173
midget,3.173
intercut,3.173
unapp,3.173
novic,3.173
chatter,3.170
jewelri,3.170
prejud,3.170
formul,3.170
defiant,3.170
coverag,3.170
gorgeous,3.166
kramer,3.166
hectic,3.166
nippl,3.166
blister,3.163
newfound,3.163
romeo,3.163
reaffirm,3.163
unbalanc,3.163
truer,3.163
cartooni,3.163
grimac,3.160
38,3.160
regul,3.157
drawer,3.157
34,3.157
masterli,3.154
fluffi,3.154
bill,3.153
wherebi,3.151
sickli,3.151
emphat,3.151
unifi,3.148
combo,3.145
reliant,3.145
meh,3.142
brake,3.142
demean,3.139
denomin,3.139
profund,3.139
archiv,3.139
scarlet,3.139
antithesi,3.139
bathtub,3.136
dissent,3.136
frailti,3.136
enamor,3.136
ruth,3.133
publicli,3.133
godzilla,3.130
retread,3.130
pedest,3.130
basket,3.127
atlant,3.127
stall,3.127
quaint,3.125
pastich,3.125
phenomena,3.125
birdman,3.125
wane,3.125
aloof,3.125
coffin,3.125
misti,3.125
outlet,3.125
indign,3.125
shooter,3.122
subway,3.122
relay,3.122
cusack,3.119
stint,3.119
voyeurist,3.116
uneduc,3.116
capsul,3.116
wagner,3.116
fusion,3.113
incess,3.113
dishonest,3.113
inconsequenti,3.113
profici,3.110
faux,3.108
naiveti,3.108
stinker,3.108
heartbeat,3.108
orgasm,3.108
bearabl,3.108
eclect,3.105
microcosm,3.105
detour,3.105
repercuss,3.105
unreason,3.102
identif,3.102
overflow,3.102
painstakingli,3.102
mimick,3.102
wimp,3.100
valentin,3.100
blunder,3.100
david,3.096
bong,3.094
rollercoast,3.094
symptom,3.094
oddbal,3.094
farcic,3.094
punchlin,3.092
unorthodox,3.092
abnorm,3.092
defianc,3.092
juici,3.092
thinli,3.089
unapologet,3.089
marvin,3.086
stabil,3.086
impart,3.086
hash,3.086
slant,3.086
incest,3.086
sixteen,3.086
wrought,3.084
brisk,3.084
gal,3.084
thesi,3.084
mould,3.084
evidenc,3.081
unaccept,3.081
mad,3.079
motto,3.078
brightli,3.076
patent,3.076
infecti,3.076
mulholland,3.076
daphn,3.073
venom,3.073
sandwich,3.073
withdraw,3.073
blurri,3.071
devilish,3.071
bodili,3.068
unto,3.068
giddi,3.068
inescap,3.066
mall,3.066
sardon,3.066
ive,3.066
pertin,3.063
diverg,3.063
condescend,3.061
magnifi,3.058
crux,3.058
withstand,3.056
maclain,3.056
glide,3.053
tangent,3.053
onscreen,3.053
chore,3.053
snort,3.051
filmic,3.049
wikipedia,3.046
stride,3.044
tickl,3.044
uncondit,3.044
seat,3.044
venic,3.039
unknowingli,3.039
jolli,3.039
defenc,3.039
purport,3.039
swap,3.037
bureaucrat,3.037
lofti,3.037
noisi,3.035
tenth,3.030
barrag,3.028
haha,3.028
gu,3.028
yank,3.028
snippet,3.028
grandma,3.025
swiftli,3.025
31,3.023
vent,3.023
sorvino,3.021
counterpoint,3.021
divert,3.021
deter,3.021
unavoid,3.019
33,3.016
prototyp,3.014
bethani,3.014
guidelin,3.014
reproduc,3.012
scholar,3.012
stylis,3.010
scroll,3.010
tow,3.010
zani,3.010
knit,3.007
swedish,3.007
discomfort,3.005
utilis,3.005
crackl,3.005
afflict,3.003
introvert,3.003
everlast,3.001
wade,3.001
rebirth,3.001
palat,2.999
empathis,2.997
forehead,2.997
amalgam,2.997
calmli,2.995
theoret,2.995
agon,2.995
destroy,2.994
pantheon,2.992
7th,2.992
shrug,2.992
personif,2.992
erot,2.992
plainli,2.992
compil,2.990
mama,2.990
slay,2.990
solac,2.990
fore,2.988
desensit,2.988
pervad,2.986
qualm,2.986
unfinish,2.986
dignifi,2.986
savor,2.984
muster,2.982
proverbi,2.982
unfulfil,2.982
elvi,2.982
wizardri,2.982
input,2.982
lung,2.982
lucid,2.980
sci,2.979
fi,2.979
consol,2.978
concert,2.978
april,2.978
blanket,2.978
emin,2.976
burger,2.976
sensual,2.974
meld,2.974
accordingli,2.972
unwant,2.972
purest,2.970
quantiti,2.970
thereaft,2.970
unimpress,2.966
volatil,2.966
dispar,2.964
endors,2.962
flirt,2.962
prayer,2.962
sordid,2.960
stain,2.960
vaniti,2.960
covet,2.960
refreshingli,2.958
78,2.958
detriment,2.958
kindli,2.956
powerless,2.956
transpar,2.956
sunni,2.954
tribul,2.954
cafe,2.954
moan,2.954
brighter,2.952
dicken,2.952
susan,2.950
cockroach,2.950
hackney,2.950
gen,2.950
hbo,2.948
smartli,2.948
chapman,2.948
restless,2.948
tube,2.948
athlet,2.947
booth,2.947
ode,2.947
panach,2.947
download,2.945
adept,2.945
shirley,2.945
temporari,2.945
smartest,2.945
sulli,2.941
stricken,2.941
darken,2.939
1969,2.939
wiser,2.937
inventor,2.937
clan,2.937
strawberri,2.935
ether,2.935
fuse,2.935
unthink,2.935
29,2.935
careless,2.933
learnt,2.933
101,2.933
truffaut,2.932
breast,2.932
swift,2.932
disori,2.932
tout,2.932
intimaci,2.930
quasi,2.928
fodder,2.928
sacr,2.928
ping,2.928
strung,2.928
overt,2.926
mockeri,2.926
unimport,2.926
savvi,2.924
sync,2.924
infuri,2.924
proven,2.924
defect,2.924
jumbl,2.923
conceit,2.923
coordin,2.921
onward,2.917
botch,2.917
unwatch,2.917
bake,2.915
hay,2.915
taboo,2.915
johansson,2.912
timid,2.912
conceptu,2.908
slate,2.907
1951,2.907
firework,2.900
revolution,2.900
psychedel,2.898
farther,2.898
recip,2.898
caf,2.895
sleev,2.895
hapless,2.893
behalf,2.893
terrenc,2.891
swan,2.891
prosper,2.890
framework,2.888
exceedingli,2.885
lifelong,2.885
cleaner,2.883
airport,2.883
spew,2.881
genet,2.881
jay,2.880
exuber,2.880
netflix,2.880
dreami,2.878
differenti,2.877
grain,2.875
lap,2.875
lament,2.875
mise,2.875
fever,2.873
weaken,2.873
cosmo,2.872
interven,2.872
testosteron,2.870
til,2.870
humanist,2.869
fieri,2.869
cox,2.867
arti,2.867
incorrect,2.867
crank,2.867
auto,2.865
appoint,2.865
1945,2.864
decidedli,2.864
pacif,2.861
outweigh,2.861
explicitli,2.861
lad,2.861
traci,2.859
twentieth,2.858
smug,2.855
fuzzi,2.855
kasdan,2.853
outshin,2.853
1971,2.852
expertis,2.852
unwil,2.852
condens,2.852
disrupt,2.850
defiantli,2.847
deciph,2.847
analys,2.847
ruler,2.847
simplest,2.847
courtesi,2.845
approxim,2.845
concoct,2.845
mercenari,2.845
hokey,2.844
anyhow,2.844
soulless,2.844
delusion,2.842
wtf,2.841
exemplari,2.841
tripe,2.841
thorough,2.839
transpir,2.838
grind,2.837
goodi,2.837
1974,2.835
fluff,2.835
eg,2.835
readili,2.835
dial,2.831
turkey,2.831
rooftop,2.831
correspond,2.831
elus,2.831
tomato,2.831
obligatori,2.831
clinic,2.831
feminin,2.831
cream,2.828
navig,2.828
partnership,2.825
freeli,2.825
ing,2.825
duck,2.823
erupt,2.823
wink,2.823
uncontrol,2.821
overboard,2.821
disput,2.821
superstar,2.818
magnum,2.818
morph,2.818
adher,2.816
laps,2.816
sprinkl,2.816
ving,2.816
00,2.815
breakfast,2.815
180,2.814
rhame,2.814
februari,2.814
ingmar,2.814
forbidden,2.812
exorcist,2.811
disastr,2.811
delay,2.808
simpler,2.808
ach,2.808
fathom,2.808
extravag,2.808
palm,2.807
multitud,2.804
der,2.804
shrink,2.798
kiddi,2.798
aptli,2.797
pave,2.797
beard,2.797
prioriti,2.797
oblivi,2.796
clearer,2.794
inept,2.794
plate,2.794
clutch,2.792
vacat,2.792
jeffrey,2.792
caution,2.792
ambianc,2.792
backbon,2.790
prestigi,2.790
ring,2.790
stupend,2.789
joint,2.789
clueless,2.788
handedli,2.788
desk,2.788
happier,2.788
bombast,2.785
likeabl,2.784
unpreced,2.784
whore,2.783
instructor,2.781
bucket,2.779
dancer,2.777
instil,2.775
somber,2.775
sequel,2.774
misunderstand,2.774
intoler,2.772
vista,2.772
draft,2.772
romp,2.772
19th,2.772
invok,2.770
fullest,2.769
brat,2.769
lectur,2.769
coke,2.769
statur,2.767
outdat,2.767
incomplet,2.766
bewild,2.766
scum,2.766
1920,2.765
bind,2.764
cannon,2.762
underlin,2.761
knack,2.761
chunk,2.760
junior,2.760
extinct,2.757
neutral,2.756
nutshel,2.755
indel,2.755
valley,2.752
filter,2.750
couch,2.750
brink,2.750
sway,2.749
st,2.748
largest,2.748
audaci,2.748
laud,2.746
predica,2.745
atroci,2.745
immacul,2.744
pervert,2.742
versa,2.741
biopic,2.741
assess,2.739
dement,2.738
digress,2.738
merg,2.738
fruit,2.737
hung,2.737
cia,2.737
heel,2.735
bulk,2.733
journal,2.733
extraordinarili,2.731
improb,2.730
candl,2.729
moder,2.729
se,2.729
luc,2.729
unmatch,2.728
stem,2.727
rural,2.727
gentleman,2.725
phil,2.725
carv,2.724
inaccur,2.723
juxtaposit,2.723
incoher,2.721
muddl,2.721
resum,2.721
prompt,2.721
stapl,2.720
punctuat,2.720
bout,2.720
riski,2.720
constitut,2.718
misguid,2.716
therebi,2.716
monstrou,2.715
beforehand,2.715
shockingli,2.715
wore,2.714
emul,2.714
conceal,2.713
damsel,2.713
newer,2.713
abruptli,2.713
sylvest,2.713
taut,2.712
ordeal,2.712
discern,2.709
denial,2.708
1959,2.706
aunt,2.706
unparallel,2.705
smarter,2.704
kennedi,2.704
exclud,2.703
gloss,2.703
wage,2.702
electrifi,2.702
aboard,2.700
ceremoni,2.699
prologu,2.699
1955,2.698
2011,2.698
mesmeris,2.698
sunris,2.698
relentlessli,2.697
salut,2.697
disgrac,2.696
akin,2.695
opt,2.694
unfamiliar,2.694
bust,2.693
ma,2.693
downsid,2.690
unnerv,2.687
contest,2.686
yawn,2.686
dreari,2.686
duplic,2.685
deceiv,2.684
mathemat,2.683
harbor,2.682
roughli,2.681
blunt,2.680
virgin,2.679
chord,2.679
fleet,2.679
grit,2.678
goof,2.678
estrang,2.677
cent,2.675
appl,2.675
affirm,2.674
contempt,2.674
lighter,2.673
anonym,2.671
dizzi,2.670
inflict,2.670
chocol,2.669
classi,2.668
personifi,2.667
forg,2.667
imho,2.665
teas,2.664
asset,2.664
vocal,2.664
unintent,2.663
heartless,2.663
choke,2.662
pocket,2.661
greek,2.661
riot,2.660
masterwork,2.660
bud,2.659
blah,2.657
incomprehens,2.657
policeman,2.656
hug,2.655
uninspir,2.655
pervers,2.655
disrespect,2.654
5th,2.653
throne,2.652
licens,2.651
knee,2.650
1992,2.650
ban,2.649
clap,2.649
shove,2.647
circu,2.647
apt,2.647
dirt,2.646
noteworthi,2.645
1941,2.645
occup,2.644
reiner,2.644
outright,2.644
payoff,2.643
renown,2.642
restrict,2.641
pin,2.641
strand,2.640
anguish,2.639
unseen,2.638
sigh,2.638
bum,2.638
assumpt,2.637
mar,2.637
undermin,2.636
cruis,2.632
fenc,2.632
inappropri,2.631
divin,2.631
household,2.629
equat,2.628
sucker,2.628
dim,2.628
28,2.628
divis,2.628
diari,2.627
schizophrenia,2.625
empath,2.623
evoc,2.623
ps,2.623
derang,2.622
meal,2.622
lavish,2.620
1972,2.620
profil,2.619
rental,2.619
global,2.617
hr,2.617
btw,2.616
vanish,2.616
rider,2.616
outing,2.616
maze,2.614
belt,2.614
abrupt,2.614
enterpris,2.614
decemb,2.614
flavor,2.611
wine,2.611
rendit,2.609
anytim,2.608
unansw,2.607
delus,2.606
foolish,2.605
envelop,2.605
tea,2.601
glare,2.600
obnoxi,2.600
frantic,2.600
encompass,2.599
miscast,2.598
hardest,2.596
maid,2.596
21,2.596
miracul,2.595
unforgiv,2.593
bonu,2.592
boom,2.590
disabl,2.590
enabl,2.590
kay,2.590
triniti,2.589
backstori,2.588
funer,2.585
slide,2.585
aura,2.583
profoundli,2.582
edgi,2.581
gigant,2.580
2009,2.579
inexplic,2.578
len,2.578
specul,2.577
cycl,2.577
imo,2.576
energet,2.576
abund,2.576
tail,2.575
banal,2.575
cement,2.574
array,2.574
stray,2.574
crappi,2.573
upsid,2.573
dash,2.572
custom,2.570
darkli,2.570
grin,2.569
campi,2.568
bent,2.568
admiss,2.568
wet,2.566
trauma,2.565
epic,2.563
stunningli,2.563
sli,2.561
dump,2.560
recogniz,2.559
psychologist,2.558
bush,2.557
prospect,2.557
greet,2.557
squar,2.556
salesman,2.554
petti,2.554
overus,2.551
taylor,2.550
rever,2.550
fuss,2.550
understat,2.549
temptat,2.549
updat,2.548
unconvinc,2.547
avatar,2.547
1982,2.546
legitim,2.545
friday,2.544
closur,2.544
entireti,2.544
request,2.544
rope,2.543
momentum,2.543
vulgar,2.542
conduct,2.542
enlist,2.541
manifest,2.541
tramp,2.541
vastli,2.541
foreshadow,2.541
perman,2.538
albert,2.537
toilet,2.535
unrel,2.535
yellow,2.535
radic,2.534
synopsi,2.533
amor,2.532
geek,2.530
royal,2.530
trivial,2.530
shaki,2.528
apolog,2.527
smoothli,2.527
hostag,2.527
evil,2.526
equip,2.525
signal,2.524
mansion,2.524
qualifi,2.521
worldwid,2.520
runtim,2.520
aftermath,2.520
blogspot,2.520
hitch,2.520
bay,2.518
garden,2.518
roof,2.517
amateur,2.515
metropoli,2.515
enthusiasm,2.513
allegori,2.513
minimum,2.513
sore,2.512
pet,2.512
deservedli,2.512
declin,2.511
father,2.511
donald,2.509
obtain,2.508
2012,2.507
mortal,2.507
sixti,2.506
texa,2.506
heap,2.506
sacrif,2.504
prevail,2.504
99,2.502
pierc,2.502
gasp,2.502
journalist,2.502
firm,2.501
afford,2.500
neglect,2.499
sneak,2.498
1989,2.497
tomorrow,2.497
coolest,2.495
restrain,2.494
despic,2.494
suspicion,2.493
swim,2.493
honour,2.492
200,2.491
mozart,2.489
eric,2.489
lip,2.489
glow,2.489
epitom,2.489
suspici,2.488
lit,2.485
meat,2.484
indiffer,2.484
audio,2.482
reunit,2.482
virtu,2.480
chines,2.478
host,2.477
fest,2.476
bash,2.476
whip,2.474
birthday,2.473
cathol,2.473
en,2.473
inject,2.472
web,2.472
gear,2.471
websit,2.471
hollow,2.471
reel,2.470
slightest,2.468
ideolog,2.468
neil,2.468
adolesc,2.467
item,2.465
underneath,2.464
equival,2.463
trace,2.462
valid,2.461
forgett,2.459
whiplash,2.459
illeg,2.459
graduat,2.459
juri,2.459
insomnia,2.458
ludicr,2.458
faster,2.458
pivot,2.457
politician,2.455
magician,2.453
festiv,2.451
tap,2.450
suffici,2.450
hood,2.449
vibrant,2.448
union,2.447
upper,2.445
tactic,2.442
convincingli,2.441
elizabeth,2.441
clash,2.441
decor,2.441
threw,2.440
delici,2.439
pen,2.439
vice,2.438
elimin,2.435
gate,2.435
blank,2.434
accuraci,2.434
handsom,2.434
spring,2.433
boast,2.432
numb,2.431
vh,2.431
intertwin,2.430
congratul,2.430
coat,2.427
flame,2.426
conquer,2.424
photo,2.422
suffic,2.421
irrelev,2.420
impos,2.419
denni,2.418
trail,2.418
scarlett,2.418
pearl,2.414
trio,2.409
pun,2.408
swallow,2.408
preserv,2.407
clown,2.407
fetch,2.406
tall,2.404
flight,2.403
proport,2.400
musician,2.398
smell,2.397
grail,2.396
replic,2.396
elderli,2.395
brood,2.392
violenc,2.391
moreov,2.390
ami,2.390
2010,2.390
michel,2.388
fuel,2.388
spotlight,2.387
pregnant,2.387
1997,2.386
pianist,2.385
nuditi,2.385
convolut,2.384
exit,2.384
resid,2.381
tape,2.381
luckili,2.376
weather,2.376
emphasi,2.374
quarter,2.372
defens,2.371
paus,2.370
digniti,2.370
favour,2.368
print,2.366
tad,2.366
entranc,2.365
bravo,2.363
minim,2.363
gotta,2.357
supernatur,2.357
plagu,2.357
retain,2.357
presum,2.357
joan,2.356
melodrama,2.356
unfair,2.356
pit,2.356
bourn,2.354
librari,2.354
uncl,2.354
eager,2.353
primari,2.353
princip,2.353
buri,2.353
proceed,2.352
buck,2.352
empathi,2.351
jr,2.349
0,2.349
pale,2.348
aka,2.347
slap,2.345
drown,2.344
leap,2.343
www,2.342
zone,2.342
massacr,2.338
subconsci,2.337
nest,2.337
overshadow,2.337
admittedli,2.336
whoever,2.336
medic,2.336
3rd,2.335
reluct,2.334
piano,2.332
dear,2.330
intimid,2.330
meaningless,2.330
yell,2.330
slick,2.328
bounti,2.327
halfway,2.327
instinct,2.326
meticul,2.325
downfal,2.324
mixtur,2.323
african,2.323
occupi,2.321
assembl,2.320
promin,2.320
rubbish,2.316
brook,2.316
spread,2.315
altogeth,2.312
wealthi,2.310
weekend,2.309
linger,2.308
rid,2.305
2008,2.305
childish,2.305
harder,2.303
prejudic,2.302
commend,2.300
monument,2.299
reserv,2.298
ensur,2.298
label,2.297
resourc,2.294
principl,2.294
polish,2.294
simplist,2.293
judgment,2.291
format,2.288
smaller,2.288
underground,2.287
indi,2.282
mount,2.281
southern,2.279
represent,2.278
exquisit,2.277
applaud,2.276
destini,2.274
jurass,2.274
spare,2.269
disast,2.269
dust,2.267
shower,2.266
stir,2.266
superfici,2.260
blast,2.259
crush,2.259
suitabl,2.258
jerri,2.257
nine,2.256
shoulder,2.255
wanna,2.254
twelv,2.252
14,2.251
wander,2.251
soft,2.251
newman,2.250
silver,2.248
un,2.246
castl,2.243
tribut,2.242
advis,2.241
parodi,2.240
feat,2.239
dub,2.238
laid,2.237
england,2.233
loyal,2.227
europ,2.226
march,2.226
birth,2.225
tour,2.225
pride,2.224
shout,2.223
infam,2.221
spiritu,2.220
stress,2.219
block,2.218
pressur,2.218
orson,2.216
truck,2.216
jason,2.214
beaten,2.213
wallac,2.210
gather,2.209
wont,2.205
wrench,2.203
mom,2.203
arnold,2.202
thumb,2.200
backdrop,2.198
swear,2.195
press,2.192
eve,2.185
psychot,2.185
arrest,2.184
bone,2.183
1960,2.183
guilt,2.183
subplot,2.182
transport,2.179
evok,2.179
institut,2.179
cooper,2.175
incid,2.175
presid,2.171
luck,2.168
oliv,2.167
damag,2.167
racism,2.166
guid,2.164
wed,2.163
cinematograph,2.161
dazzl,2.158
h,2.155
candi,2.153
hors,2.151
beast,2.149
increas,2.147
lame,2.144
lawrenc,2.143
stomach,2.143
scheme,2.140
alik,2.138
cheat,2.138
enthral,2.131
demon,2.127
merit,2.125
guarante,2.123
predecessor,2.123
helm,2.121
adam,2.120
bag,2.120
leg,2.119
bull,2.118
scope,2.117
band,2.115
000,2.114
threat,2.113
jail,2.110
contact,2.107
theatric,2.106
heat,2.106
attach,2.105
par,2.105
clockwork,2.104
eight,2.104
calm,2.104
smith,2.103
freak,2.102
elev,2.101
guilti,2.100
interview,2.097
taxi,2.094
sky,2.094
blew,2.094
forgiv,2.092
dedic,2.088
dread,2.087
isol,2.087
deliber,2.083
section,2.083
defend,2.082
stood,2.078
proud,2.076
mel,2.075
boat,2.073
engross,2.071
carrey,2.068
fals,2.068
natali,2.068
waltz,2.068
russian,2.066
alan,2.059
controversi,2.056
vast,2.055
blind,2.054
nick,2.052
patient,2.050
redeem,2.049
debut,2.048
convict,2.044
abandon,2.043
welcom,2.042
hugh,2.041
pan,2.033
overcom,2.032
exploit,2.030
oper,2.030
rivet,2.025
badli,2.025
market,2.020
blame,2.020
harsh,2.019
depp,2.018
youth,2.016
highest,2.013
station,2.012
chapter,2.011
sword,2.011
hospit,2.008
charl,2.007
cameron,2.006
neo,2.005
brave,2.005
gut,2.004
cost,2.003
load,2.002
ed,1.994
hook,1.992
overlook,1.991
darker,1.984
river,1.983
excess,1.983
orang,1.982
south,1.982
store,1.982
italian,1.981
shape,1.976
commerci,1.975
colour,1.970
dimension,1.969
guard,1.968
circumst,1.965
triumph,1.961
veteran,1.961
tens,1.961
goal,1.960
astonish,1.958
anticip,1.942
surpass,1.940
disappear,1.939
prequel,1.930
disgust,1.930
crowd,1.929
trap,1.927
field,1.925
gonna,1.924
consequ,1.922
mass,1.915
massiv,1.914
hot,1.911
gritti,1.907
abus,1.898
hidden,1.898
agent,1.892
g,1.889
courag,1.887
compos,1.882
sell,1.880
peac,1.879
nation,1.879
ugli,1.859
scream,1.859
destruct,1.858
count,1.843
investig,1.842
mask,1.841
jim,1.839
sceneri,1.833
govern,1.825
richard,1.817
green,1.815
wood,1.814
mile,1.809
frighten,1.805
steven,1.789
british,1.789
law,1.778
kevin,1.777
scott,1.775
local,1.774
freedom,1.771
depart,1.770
detect,1.767
studio,1.764
prepar,1.760
creatur,1.759
send,1.754
quentin,1.753
faith,1.747
rush,1.741
explos,1.740
12,1.723
tough,1.719
empir,1.710
race,1.708
conflict,1.707
monster,1.702
secret,1.697
nicholson,1.691
brad,1.675
machin,1.671
pitt,1.671
grip,1.661
attack,1.635
disney,1.632
pulp,1.625
land,1.623
ford,1.619
cgi,1.609
cop,1.604
scari,1.603
gun,1.588
dog,1.580
steal,1.571
hype,1.567
christian,1.531
lord,1.525
william,1.495
train,1.476
thrill,1.465
jame,1.410
son,1.398
king,1.372
trilog,1.310
horror,1.307
michael,1.298
