traci,643.318
schell,561.762
judg,542.675
nuremberg,530.934
lancast,511.279
trial,457.901
nazi,405.512
german,395.562
spencer,382.698
clift,355.246
kramer,354.645
widmark,305.904
garland,289.780
jan,286.126
haywood,279.402
burt,258.278
judgment,242.801
germani,242.294
dietrich,237.311
maximilian,236.221
montgomeri,228.619
defend,222.782
courtroom,220.585
marlen,198.974
judi,191.318
defens,175.442
war,173.191
rolf,167.188
hitler,158.800
ernst,152.295
abbi,144.467
prosecutor,138.925
law,136.872
attorney,134.829
he,124.233
tribun,123.949
stanley,121.609
by,120.062
mann,119.259
were,119.066
crime,117.724
hi,116.590
perform,115.711
american,115.080
justic,114.992
richard,114.450
prosecut,114.121
reich,112.120
court,111.853
who,111.682
as,111.416
camp,107.959
their,106.651
we,103.638
play,102.926
shatner,100.071
maximillian,96.099
nuremburg,95.134
judgement,94.725
at,92.781
respons,92.565
human,92.206
klemper,91.635
film,91.141
atroc,90.246
question,90.025
wa,89.532
lawson,89.125
s,88.943
holocaust,87.939
regim,84.777
four,84.607
werner,83.924
dan,83.745
1961,82.338
peopl,82.006
steril,80.773
world,78.981
drama,78.329
legal,78.158
moral,78.141
against,77.932
power,77.655
concentr,76.387
an,75.569
bertholt,75.463
are,74.527
oscar,73.434
these,72.611
role,72.036
countri,71.717
mani,71.150
actor,70.821
for,70.694
cast,69.879
sentenc,69.300
on,68.890
wit,68.330
they,68.182
guilti,67.202
jew,66.964
most,66.666
about,66.126
both,65.265
or,65.102
accus,64.964
which,64.782
victim,64.442
her,64.389
1948,64.278
be,64.183
case,63.854
guilt,63.302
how,63.127
man,63.004
jurist,62.886
innoc,62.617
polit,62.548
what,62.173
with,62.092
chief,61.989
great,61.923
other,61.855
those,61.523
today,60.711
tri,60.379
veri,60.191
in,59.992
import,59.822
one,58.797
third,58.405
been,58.359
nation,58.250
did,58.072
speech,57.746
have,57.561
not,57.461
some,57.242
had,57.221
also,56.341
that,55.645
evil,55.578
widow,55.439
becaus,55.218
from,55.088
ii,54.704
subject,53.974
crimin,53.733
should,53.584
when,53.241
point,53.220
knew,52.898
histori,52.750
must,52.294
us,51.936
lawyer,51.694
act,51.550
there,50.756
so,50.739
right,50.582
charact,50.546
she,50.393
even,50.215
death,50.084
commit,49.952
horror,49.683
can,49.539
direct,49.395
dure,49.224
convict,49.048
onli,48.782
but,48.689
no,48.588
all,47.926
patriot,47.842
footag,47.628
stand,47.620
show,46.909
than,46.855
men,46.666
do,46.522
histor,46.517
account,46.188
tracey,46.127
militari,45.861
such,45.746
nomin,45.095
over,44.558
best,44.320
present,44.318
could,44.218
year,44.026
make,43.831
fact,43.439
presid,43.424
counsel,43.356
say,43.303
own,43.263
our,43.161
well,42.905
portray,42.900
never,42.833
decis,42.810
face,42.772
feldenstein,42.339
here,42.251
think,42.250
star,42.170
while,42.162
ordinari,42.139
part,42.057
iren,42.048
you,42.037
long,41.952
support,41.876
wwii,41.830
up,41.825
made,41.768
america,41.533
liber,41.499
give,41.486
ha,41.360
won,40.648
execut,40.634
time,40.572
movi,40.511
just,40.380
past,40.269
scene,40.264
if,40.246
happen,39.743
would,39.602
i,39.455
them,39.453
issu,39.354
everi,39.282
han,39.126
post,38.911
side,38.653
of,38.533
state,38.507
perhap,38.506
ani,38.381
is,38.358
hour,38.333
ask,38.299
know,37.852
life,37.833
argument,37.825
out,37.752
klink,37.732
respect,37.703
alli,37.638
him,37.620
more,37.552
to,37.442
william,37.383
true,37.281
verdict,37.258
moment,37.176
hayward,36.683
lead,36.471
hahn,36.460
truth,36.423
mr,36.357
million,36.314
forget,36.100
may,35.940
put,35.854
colonel,35.769
t,35.705
under,35.682
digniti,35.548
dramat,35.534
among,35.468
given,35.330
actual,35.321
end,35.241
still,35.169
person,35.097
self,34.833
good,34.819
thought,34.794
concern,34.785
leader,34.649
particular,34.462
between,34.402
answer,34.348
superb,34.186
seem,34.186
much,34.111
word,34.093
lili,33.979
yet,33.977
script,33.953
excel,33.938
genocid,33.773
quit,33.697
order,33.519
3,33.509
hand,33.477
will,33.408
interest,33.261
live,33.252
ever,33.203
nazism,33.107
viewer,33.032
me,32.970
pohl,32.930
believ,32.893
let,32.888
testimoni,32.719
way,32.673
see,32.467
eugen,32.313
themselv,32.295
seriou,32.263
go,32.241
itself,32.186
emot,32.177
thing,31.990
place,31.975
took,31.836
extermin,31.787
take,31.755
wind,31.721
amp,31.711
real,31.552
where,31.447
madam,31.332
messag,31.325
too,31.310
like,31.125
whose,31.091
brilliant,31.079
work,31.061
pressur,31.055
difficult,31.037
view,30.973
base,30.940
later,30.925
offici,30.869
final,30.839
berlin,30.820
three,30.677
suffer,30.664
rais,30.650
proceed,30.577
defenc,30.392
few,30.321
includ,30.254
doe,30.065
matter,30.058
find,30.006
client,30.005
easi,29.988
impress,29.922
civil,29.895
mind,29.881
teal,29.855
two,29.829
armi,29.739
better,29.684
win,29.626
inherit,29.594
my,29.380
truli,29.301
come,29.210
govern,29.205
written,29.190
first,29.159
after,29.111
then,29.106
name,29.056
allow,29.053
cold,28.927
high,28.877
watch,28.806
follow,28.675
righteou,28.672
call,28.671
befor,28.632
get,28.562
col,28.466
involv,28.456
forc,28.455
list,28.449
culpabl,28.404
tad,28.390
remark,28.363
look,28.234
gener,28.141
ernest,28.044
though,28.032
although,28.011
it,27.984
hollywood,27.929
deal,27.906
valu,27.885
particularli,27.765
herr,27.740
whole,27.566
perspect,27.561
carri,27.522
offic,27.430
now,27.426
fine,27.262
shame,27.208
consid,27.141
zoom,27.067
award,27.062
need,26.963
mere,26.961
highli,26.887
evid,26.881
thi,26.840
europ,26.713
help,26.602
depict,26.589
white,26.587
determin,26.570
realli,26.559
done,26.488
move,26.436
use,26.418
into,26.300
blame,26.264
key,26.258
fellow,26.245
quot,26.209
pictur,26.136
remain,26.093
hoffman,26.068
4,25.975
logic,25.896
small,25.894
racial,25.799
claim,25.780
advoc,25.719
deliv,25.715
critic,25.584
occupi,25.535
tortur,25.523
u,25.453
job,25.428
feel,25.391
big,25.361
said,25.205
emil,25.162
onc,25.162
fiction,25.112
turn,24.979
era,24.972
level,24.927
ga,24.914
monologu,24.863
charg,24.857
don,24.855
bomb,24.791
provok,24.779
sit,24.752
former,24.747
cameo,24.701
want,24.633
rather,24.586
deserv,24.541
pain,24.488
educ,24.434
aryan,24.408
excus,24.397
hear,24.387
event,24.387
understand,24.385
wrong,24.284
dr,24.272
himself,24.211
devast,24.157
wallner,24.146
major,24.114
beyond,24.076
a,24.005
speak,23.981
entir,23.907
again,23.897
becom,23.848
less,23.828
relev,23.782
within,23.760
found,23.659
academi,23.614
chamber,23.602
close,23.600
master,23.587
societi,23.562
alreadi,23.540
terribl,23.534
social,23.466
10,23.430
hatr,23.407
statement,23.370
playhous,23.348
tell,23.341
certainli,23.327
injustic,23.305
room,23.270
last,23.255
grip,23.249
shown,23.201
differ,23.199
talk,23.195
admit,23.127
possibl,23.069
director,23.067
young,23.035
oppos,22.920
black,22.916
convinc,22.877
anoth,22.864
didn,22.846
system,22.787
rule,22.752
task,22.723
write,22.715
far,22.659
through,22.608
without,22.506
full,22.502
jewish,22.496
natur,22.485
felt,22.467
alway,22.379
2,22.372
wonder,22.371
repeat,22.313
known,22.297
signific,22.236
lost,22.218
discuss,22.200
extent,22.020
singl,21.894
am,21.852
lesson,21.805
occur,21.785
camera,21.750
cours,21.703
sad,21.593
mad,21.555
repres,21.526
rest,21.496
clearli,21.414
inde,21.360
schindler,21.311
whether,21.141
unrepent,21.126
intellig,21.124
conscienc,21.075
and,20.959
passiv,20.859
especi,20.834
seen,20.822
dachau,20.768
passion,20.727
walk,20.725
same,20.684
upon,20.637
doubt,20.582
testifi,20.534
experi,20.511
howev,20.503
parti,20.491
kind,20.464
monster,20.425
review,20.393
conduct,20.337
outstand,20.318
went,20.302
countrymen,20.292
almost,20.278
top,20.276
version,20.266
serv,20.254
viewpoint,20.249
along,20.238
period,20.141
down,20.134
fear,20.125
brought,20.121
voic,20.085
marleen,20.021
everyon,20.006
wendel,19.999
finest,19.995
complic,19.983
held,19.951
defeat,19.933
line,19.932
provid,19.898
9,19.800
reason,19.787
old,19.781
kill,19.699
ve,19.654
each,19.606
justif,19.571
citizen,19.459
mental,19.432
creat,19.410
condemn,19.404
bring,19.404
whi,19.396
someth,19.354
enough,19.339
sent,19.288
minut,19.270
sinc,19.263
inhuman,19.252
televis,19.193
argu,19.100
re,19.018
polici,18.999
cinemat,18.909
sever,18.879
length,18.860
public,18.860
sterilis,18.817
set,18.805
race,18.792
simpli,18.726
stood,18.704
head,18.677
die,18.602
ensembl,18.581
exampl,18.553
aspect,18.531
start,18.492
extrem,18.480
rank,18.463
might,18.453
berthold,18.430
murder,18.383
impass,18.365
rememb,18.352
aristocrat,18.321
larg,18.299
appear,18.199
continu,18.195
heinou,18.193
cruel,18.183
surpris,18.175
focus,18.125
byer,18.113
figur,18.113
tv,18.082
around,18.076
fair,18.053
awar,18.042
silent,17.977
despit,17.955
back,17.915
least,17.912
read,17.901
brutal,17.858
choic,17.841
came,17.823
pride,17.791
mayb,17.787
minor,17.744
product,17.725
intens,17.721
littl,17.709
compel,17.694
confess,17.676
screen,17.675
screenplay,17.613
mention,17.609
occasion,17.543
civilian,17.525
dialog,17.520
member,17.464
strong,17.462
light,17.434
except,17.416
simpl,17.388
remind,17.364
audienc,17.361
punish,17.360
bad,17.336
virginia,17.318
throughout,17.297
realiz,17.260
mass,17.237
8,17.230
caus,17.201
implic,17.147
hogan,17.099
mean,17.091
note,17.076
greatest,17.053
number,17.041
rate,17.027
worth,16.998
reflect,16.998
hold,16.981
usual,16.952
hope,16.891
lot,16.883
class,16.866
second,16.850
effect,16.768
non,16.752
fundament,16.682
individu,16.648
requir,16.632
often,16.622
nor,16.618
woman,16.589
obviou,16.586
toward,16.582
ultim,16.557
refus,16.550
ethic,16.537
prove,16.530
rel,16.475
leadership,16.457
undesir,16.426
anyon,16.413
judiciari,16.409
scale,16.404
everybodi,16.395
activ,16.382
hous,16.368
your,16.305
stori,16.298
term,16.266
accent,16.238
sure,16.227
degre,16.199
reveal,16.185
obedi,16.136
sympathi,16.115
clear,16.100
easili,16.085
stop,16.075
love,16.009
particip,16.002
hard,15.997
fascin,15.946
lindnow,15.919
incred,15.902
intellectu,15.832
overal,15.825
chill,15.807
save,15.786
documentari,15.754
circumst,15.718
career,15.700
soviet,15.686
isn,15.613
shot,15.608
noth,15.567
stun,15.565
pretti,15.543
absolut,15.522
age,15.521
learn,15.520
complex,15.514
necessari,15.492
lie,15.487
surviv,15.486
preachi,15.458
famou,15.422
assign,15.399
consequ,15.377
imagin,15.377
conflict,15.365
bush,15.344
duti,15.340
pull,15.334
1960,15.280
brief,15.271
add,15.264
rudolf,15.260
control,15.241
perfectli,15.239
oliv,15.172
sens,15.143
off,15.134
home,15.131
aftermath,15.122
equal,15.101
command,15.091
late,15.071
ruin,15.064
mankind,15.059
rudolph,15.049
document,15.042
pass,15.023
eye,15.022
none,15.003
challeng,14.952
admir,14.943
book,14.942
thousand,14.893
cliff,14.893
goe,14.852
sometim,14.836
attempt,14.818
ideolog,14.809
citi,14.791
haunt,14.775
qualiti,14.772
main,14.762
et,14.723
day,14.715
detail,14.699
visit,14.691
prison,14.664
soldier,14.655
forgiv,14.641
confront,14.636
until,14.629
music,14.627
extraordinari,14.549
sympathet,14.544
accur,14.536
proud,14.531
art,14.511
maxmillian,14.488
author,14.479
husband,14.461
abov,14.438
measur,14.428
integr,14.428
poignant,14.395
controversi,14.395
process,14.365
realiti,14.332
deepli,14.322
gave,14.303
tragic,14.296
lantern,14.296
purpos,14.291
current,14.224
paus,14.222
classic,14.200
befriend,14.195
topic,14.169
probabl,14.149
princip,14.116
persecut,14.096
speer,14.084
hate,14.074
similar,14.042
song,14.033
send,14.030
practic,14.027
favor,13.999
lengthi,13.997
convers,13.946
decid,13.935
perfect,13.887
fill,13.871
balanc,13.863
iraq,13.830
m,13.827
effort,13.827
opinion,13.813
doesn,13.812
explain,13.796
nevertheless,13.767
principl,13.761
background,13.756
crisi,13.756
total,13.747
sway,13.744
recommend,13.734
holm,13.706
becam,13.705
churchil,13.679
correct,13.672
kirk,13.667
thu,13.660
somewhat,13.659
justifi,13.643
actress,13.636
deni,13.618
caught,13.600
listen,13.584
whom,13.573
stage,13.573
piec,13.543
touch,13.502
philosoph,13.492
collabor,13.485
action,13.477
destroy,13.472
run,13.472
phase,13.405
got,13.404
posit,13.400
bit,13.391
manner,13.339
amaz,13.286
forgotten,13.264
heart,13.257
offer,13.251
memori,13.245
higher,13.224
bertolt,13.210
adjud,13.210
extremist,13.191
leav,13.150
winner,13.140
someon,13.080
anger,13.074
d,13.067
destruct,13.005
land,12.988
result,12.958
ironi,12.852
laszlo,12.824
told,12.810
physic,12.809
eskimo,12.795
cinema,12.791
examin,12.790
soul,12.769
subsequ,12.747
repent,12.717
either,12.712
goer,12.705
aid,12.698
certain,12.690
hess,12.682
impact,12.677
produc,12.627
enorm,12.625
cinematographi,12.614
imposs,12.610
huston,12.573
deservedli,12.559
neither,12.556
weak,12.485
accept,12.480
peterson,12.475
protect,12.438
captur,12.427
decad,12.384
univers,12.366
expos,12.322
heavi,12.320
ive,12.263
taken,12.227
the,12.188
ration,12.168
masterpiec,12.141
ahead,12.121
wreck,12.119
angl,12.117
judici,12.110
worst,12.103
culprit,12.101
delud,12.101
saw,12.081
sorrow,12.071
away,12.054
scholar,12.048
preserv,12.035
guess,12.031
deep,12.012
fight,12.007
anyth,11.970
shell,11.963
theme,11.962
express,11.959
essenti,11.918
monti,11.908
symbol,11.904
gay,11.885
flawless,11.841
draw,11.824
endur,11.816
complet,11.797
handl,11.774
dilemma,11.751
0,11.746
addit,11.711
attent,11.694
ill,11.690
dialogu,11.685
feebl,11.669
sound,11.668
earli,11.667
administr,11.655
mark,11.629
indict,11.613
tackl,11.609
subtl,11.600
cannot,11.590
new,11.555
broken,11.550
west,11.537
text,11.534
approach,11.527
pose,11.502
catharsi,11.500
core,11.486
materi,11.485
machineri,11.474
appoint,11.462
player,11.454
lose,11.447
metaphys,11.443
els,11.441
regard,11.429
manag,11.428
11,11.421
cri,11.419
punch,11.408
motion,11.396
six,11.396
focu,11.369
unit,11.362
unlik,11.346
ralli,11.340
step,11.326
terrif,11.317
dinner,11.299
troubl,11.297
tend,11.284
magnific,11.277
decenc,11.266
strongest,11.264
explor,11.261
beauti,11.258
rang,11.238
origin,11.230
outrag,11.182
angri,11.169
type,11.129
shock,11.125
stay,11.123
cell,11.120
fault,11.106
infam,11.105
violat,11.094
plead,11.084
pronounc,11.074
20,11.072
1957,11.034
left,11.016
situat,11.015
tragedi,10.996
ministri,10.989
abl,10.974
suppos,10.937
bonanza,10.931
hiroshima,10.903
opportun,10.902
illumin,10.902
talent,10.874
open,10.855
despair,10.853
ordeal,10.848
children,10.846
indic,10.845
frighten,10.830
commun,10.819
special,10.797
receiv,10.787
w,10.775
convey,10.771
immor,10.762
memor,10.760
compar,10.753
hero,10.749
address,10.734
keep,10.709
slow,10.689
establish,10.668
quibbl,10.660
season,10.659
expedi,10.651
1,10.638
90,10.630
unforgett,10.620
appli,10.614
feldenstien,10.613
neuremberg,10.613
widmarck,10.613
ofsteril,10.613
halbestadt,10.613
wengraf,10.613
waldi,10.613
inspir,10.595
interpret,10.589
scope,10.586
occup,10.574
enemi,10.571
threat,10.563
jail,10.549
larger,10.538
futur,10.538
obvious,10.526
problem,10.525
behind,10.495
choos,10.477
strength,10.470
pay,10.458
potenti,10.454
eloqu,10.450
friend,10.442
atmospher,10.434
prevent,10.413
directli,10.408
expect,10.399
sicken,10.392
group,10.377
insid,10.370
enabl,10.358
consider,10.338
across,10.331
everywher,10.327
sensit,10.322
tough,10.311
corrupt,10.306
servant,10.296
wasn,10.294
finish,10.267
ms,10.258
eleven,10.258
influenc,10.255
imbecil,10.243
desper,10.234
screenwrit,10.229
decent,10.226
site,10.212
1933,10.210
older,10.197
rotten,10.166
persuad,10.151
oper,10.148
albert,10.148
rare,10.142
grill,10.131
fli,10.112
ignor,10.108
inact,10.086
runtim,10.081
tattoo,10.078
fool,10.058
chapter,10.057
administ,10.042
care,10.040
wors,10.033
gone,10.031
maximillan,10.011
vergangenheitbewaltegung,10.011
landcast,10.011
schnell,10.011
lebkucken,10.011
short,9.999
next,9.995
honest,9.974
famili,9.962
intern,9.959
petersen,9.959
approv,9.950
commentari,9.945
affect,9.944
earlier,9.940
psycholog,9.933
english,9.930
reign,9.924
ago,9.921
blood,9.919
likewis,9.919
context,9.913
middl,9.875
verbos,9.868
resist,9.860
trace,9.847
enforc,9.845
authent,9.835
ye,9.821
folk,9.816
cog,9.795
strongli,9.787
christin,9.783
upright,9.783
strike,9.780
rubbl,9.771
gold,9.770
identifi,9.757
delic,9.753
achiev,9.733
summat,9.726
begin,9.720
durat,9.702
everyth,9.695
disappear,9.694
notabl,9.693
languag,9.680
share,9.657
disgust,9.650
outsid,9.645
women,9.621
melodramat,9.615
sort,9.590
ray,9.584
tone,9.573
respond,9.572
silenc,9.564
cultur,9.555
break,9.549
contribut,9.540
credit,9.519
comment,9.513
defiant,9.509
engag,9.488
fifti,9.487
1949,9.481
construct,9.468
heard,9.466
bill,9.460
contempl,9.459
build,9.447
condon,9.444
courag,9.435
chang,9.434
unfair,9.424
opposs,9.409
sign,9.406
dealt,9.395
underst,9.389
rise,9.383
indign,9.374
drive,9.368
torment,9.363
shatter,9.357
unjust,9.348
max,9.328
sum,9.327
sentiment,9.322
weren,9.282
assembl,9.282
promin,9.278
utterli,9.274
center,9.263
definit,9.262
slant,9.259
immun,9.259
burn,9.234
rebuild,9.197
monument,9.196
manipul,9.181
school,9.171
night,9.163
righteous,9.160
propaganda,9.156
casual,9.156
oppress,9.154
smaller,9.151
bore,9.150
7,9.147
strang,9.137
superior,9.107
root,9.105
reject,9.098
nobl,9.098
suprem,9.088
mostli,9.079
45,9.060
imprison,9.052
couldn,9.051
cruelti,9.041
led,9.040
loos,9.040
ponder,9.005
therefor,9.005
soft,9.004
contrast,9.003
gypsi,8.990
terrifi,8.989
grim,8.975
cut,8.962
agre,8.936
ad,8.932
humbl,8.896
shout,8.893
divid,8.887
victori,8.883
relat,8.860
retribut,8.851
deliveri,8.850
fought,8.849
repel,8.840
gather,8.836
otto,8.789
pace,8.787
impecc,8.754
basi,8.748
apart,8.743
arrest,8.737
showcas,8.730
notch,8.720
overwhelmingli,8.715
katzenberg,8.704
eichmann,8.704
afghan,8.704
battl,8.697
spoken,8.696
describ,8.693
behalf,8.679
presenc,8.676
textbook,8.674
persuas,8.664
racism,8.663
pure,8.652
1958,8.625
near,8.615
12,8.615
mistak,8.603
idea,8.600
bleak,8.592
1945,8.592
warn,8.575
poland,8.564
style,8.556
b,8.555
finger,8.540
186,8.530
avoid,8.524
upset,8.511
merit,8.501
resign,8.492
neighbor,8.478
al,8.476
exactli,8.472
genuin,8.463
minist,8.458
wmd,8.454
000,8.454
meant,8.443
willing,8.424
horrif,8.413
recent,8.413
depress,8.392
combat,8.388
taliban,8.385
releas,8.372
mood,8.347
fail,8.340
barbar,8.325
indefens,8.320
motiv,8.320
graphic,8.307
superbl,8.299
perpetr,8.298
stellar,8.297
mesmer,8.287
capt,8.272
invoc,8.261
functionari,8.261
featur,8.243
ll,8.236
russia,8.232
absorb,8.225
associ,8.215
crash,8.215
aim,8.211
static,8.211
dvd,8.206
middlebrow,8.204
restraint,8.204
extraordinarili,8.193
hypocrisi,8.180
starv,8.169
deprav,8.136
elect,8.129
denial,8.123
1959,8.119
translat,8.109
electrifi,8.106
harangu,8.102
lenienc,8.102
rivet,8.101
model,8.097
weigh,8.097
greatli,8.091
threaten,8.089
averag,8.075
harsh,8.075
nightmar,8.072
youth,8.063
technic,8.055
mccarthyism,8.055
nagasaki,8.055
highest,8.050
reliv,8.049
fulli,8.046
enhanc,8.044
drink,8.040
narr,8.029
facil,8.025
worthi,8.014
myself,7.996
further,7.994
chosen,7.994
golden,7.978
brilliantli,7.976
overlook,7.966
idiot,7.943
street,7.938
realist,7.937
remors,7.936
neatli,7.936
appar,7.931
leopard,7.928
demonstr,7.925
weimar,7.889
retard,7.889
totalitarian,7.865
60,7.856
steal,7.856
reward,7.854
teleplay,7.852
suggest,7.841
shine,7.839
oblig,7.838
inevit,7.835
intellect,7.827
seri,7.824
surmount,7.817
categori,7.801
affair,7.801
villain,7.798
surfac,7.797
6,7.792
revel,7.779
abil,7.758
bear,7.754
resent,7.754
five,7.753
factor,7.751
vocifer,7.750
kite,7.750
profoundli,7.746
belief,7.738
conclus,7.732
procedur,7.729
overwhelm,7.726
communist,7.717
hint,7.713
demand,7.694
nice,7.694
enshrin,7.688
numer,7.686
fortun,7.674
hang,7.666
quiet,7.662
lenient,7.658
massiv,7.657
normal,7.654
frustrat,7.647
success,7.644
student,7.631
confisc,7.630
manifest,7.624
victor,7.615
appropri,7.615
warrant,7.611
attitud,7.609
prais,7.607
wright,7.598
began,7.597
eventu,7.596
favorit,7.595
dispos,7.589
decre,7.576
tradit,7.569
shouldn,7.560
insight,7.552
belong,7.547
labor,7.542
instanc,7.539
father,7.532
ten,7.527
sixti,7.519
phenomenon,7.519
invad,7.515
prevail,7.511
99,7.507
invent,7.502
built,7.490
knowledg,7.487
earth,7.478
ladi,7.475
colleagu,7.472
complain,7.465
liabl,7.453
contenti,7.453
surprisingli,7.451
host,7.431
unenvi,7.409
scholarli,7.409
struggl,7.405
mock,7.399
unfortun,7.393
fairli,7.391
oppon,7.391
vatican,7.387
driven,7.381
sick,7.376
specif,7.376
count,7.370
adapt,7.368
hell,7.363
opposit,7.347
reaction,7.339
nativ,7.338
imag,7.323
mainli,7.311
attract,7.303
industri,7.277
compromis,7.273
himmler,7.269
seemingli,7.267
cope,7.261
frau,7.250
plump,7.250
5,7.240
instead,7.239
intend,7.239
fate,7.228
twist,7.207
proport,7.200
grey,7.194
consciou,7.192
boundari,7.190
elderli,7.186
damn,7.183
sheer,7.180
heartfelt,7.179
entertain,7.169
provinci,7.164
bar,7.157
tire,7.147
liberti,7.140
sustain,7.122
content,7.119
captain,7.115
harm,7.110
seek,7.104
curdl,7.101
god,7.101
extens,7.096
cross,7.096
wife,7.092
saddam,7.086
congratulatori,7.071
dull,7.063
trick,7.053
exist,7.049
soon,7.044
disobedi,7.042
iron,7.041
plot,7.040
bare,7.036
due,7.034
icon,7.033
worthwhil,7.032
develop,7.027
bother,7.022
wide,7.018
stone,7.017
foresight,7.014
toler,7.011
usa,7.004
grate,6.998
devil,6.996
adopt,6.993
collect,6.992
accessori,6.987
maker,6.986
legaci,6.972
delv,6.963
explos,6.960
16,6.960
anti,6.959
desir,6.949
born,6.941
capit,6.939
aggress,6.937
scant,6.935
1940,6.932
suit,6.926
schmidt,6.923
month,6.916
moviego,6.911
plu,6.904
ensur,6.893
coupl,6.883
east,6.882
fantast,6.876
discreet,6.874
friendship,6.866
exercis,6.865
pb,6.863
forcibl,6.863
eras,6.862
portion,6.858
fit,6.845
echo,6.841
variou,6.838
ground,6.834
stagi,6.829
confin,6.825
sheriff,6.825
appreci,6.825
knowingli,6.817
zealou,6.807
arrog,6.803
modern,6.800
oversight,6.785
relationship,6.780
asid,6.775
starri,6.775
slowli,6.762
display,6.755
straight,6.753
eas,6.753
soliloquy,6.734
alert,6.731
marvel,6.730
tribut,6.725
underli,6.716
acknowledg,6.701
spoiler,6.700
engend,6.695
anatomi,6.695
diplomat,6.695
industrialist,6.685
reduc,6.684
pack,6.683
costum,6.683
score,6.683
march,6.677
undeni,6.674
aspir,6.674
happi,6.673
lesser,6.670
sham,6.666
immedi,6.663
imparti,6.657
european,6.639
compass,6.636
popular,6.633
directori,6.629
promot,6.627
20th,6.624
unwelcom,6.621
invit,6.615
grave,6.614
wrench,6.609
repetit,6.606
visual,6.604
subtleti,6.604
scapegoat,6.579
explod,6.576
front,6.574
recognit,6.562
trek,6.555
sector,6.554
appeal,6.553
crucial,6.551
uncomfort,6.547
togeth,6.541
befuddl,6.538
evok,6.537
render,6.533
ran,6.517
centuri,6.512
town,6.508
charm,6.507
overse,6.507
circl,6.501
heartach,6.499
lift,6.488
urg,6.488
struck,6.475
heartbreak,6.474
whatev,6.472
panel,6.462
spirit,6.456
nationalist,6.454
loyalti,6.440
wall,6.432
softer,6.426
epic,6.407
meet,6.395
innumer,6.392
uncredit,6.392
horrifi,6.388
contemporari,6.388
humanitarian,6.385
47,6.372
skill,6.371
skin,6.368
danger,6.343
terrorist,6.340
sole,6.338
matilda,6.333
semit,6.333
astoundingli,6.333
vulner,6.331
blister,6.327
aren,6.317
emphat,6.302
cruelli,6.296
cattl,6.284
ear,6.281
ok,6.279
dissent,6.272
benefit,6.267
swastika,6.261
uphold,6.261
accid,6.260
assimil,6.255
assist,6.239
tier,6.238
bound,6.234
swiss,6.226
employ,6.225
anywher,6.218
sneer,6.215
engross,6.212
converg,6.204
waltz,6.203
rigor,6.199
russian,6.199
artist,6.193
girl,6.190
weight,6.185
retir,6.185
concept,6.183
frail,6.183
serious,6.177
blind,6.161
credibl,6.157
contin,6.152
prematur,6.147
distinct,6.140
bodi,6.139
metal,6.135
jfk,6.132
etern,6.130
diverg,6.127
cleans,6.117
disturb,6.114
blow,6.101
e,6.098
bigotri,6.097
tear,6.096
balconi,6.093
risen,6.078
badli,6.076
atom,6.074
fall,6.071
aplomb,6.069
ourselv,6.066
hat,6.062
chillingli,6.060
wait,6.049
immens,6.047
housekeep,6.028
dozen,6.026
piti,6.020
character,6.019
virtual,6.016
ideal,6.013
news,6.011
contain,6.008
mix,5.989
agon,5.989
rhetor,5.989
nearli,5.987
unusu,5.966
sacrific,5.965
einstein,5.964
half,5.963
confid,5.960
filmmak,5.959
concert,5.956
emin,5.952
unwant,5.944
utter,5.941
accomplic,5.940
overweight,5.928
sung,5.916
blindli,5.904
therein,5.904
distast,5.904
sake,5.901
mother,5.897
allegedli,5.893
vigor,5.889
reconstruct,5.889
triumph,5.884
tyrant,5.882
mistreat,5.882
astonish,5.874
latter,5.869
sequenc,5.862
thrill,5.860
wherein,5.860
quasi,5.856
permit,5.856
previou,5.853
hindsight,5.852
nt,5.852
defect,5.849
obey,5.849
comfort,5.848
betray,5.844
dark,5.843
tho,5.841
cynic,5.837
observ,5.836
hammi,5.827
stuff,5.824
advanc,5.823
surpass,5.821
com,5.816
consumm,5.813
cheer,5.811
1966,5.793
postur,5.783
tremend,5.782
sexual,5.776
1946,5.773
yr,5.769
depth,5.768
explan,5.765
gravita,5.763
genet,5.763
dislik,5.761
branch,5.760
weapon,5.757
dreami,5.756
lump,5.753
lap,5.750
chanc,5.745
fieri,5.737
telephon,5.734
outburst,5.734
fake,5.726
timeless,5.723
outweigh,5.721
extend,5.712
smug,5.709
pompou,5.706
page,5.699
honor,5.698
met,5.695
legendari,5.695
puriti,5.682
sadli,5.673
regret,5.668
traitor,5.667
amid,5.664
deaf,5.664
cooki,5.664
goebbel,5.661
oneself,5.653
partnership,5.650
veng,5.647
pollut,5.644
pleas,5.636
miss,5.631
olivi,5.627
paramount,5.624
escap,5.622
stoic,5.605
alon,5.600
teach,5.595
oblivi,5.592
clearer,5.589
lunch,5.586
prestigi,5.581
hundr,5.579
scream,5.576
harrison,5.568
wish,5.565
uniqu,5.564
implement,5.547
central,5.545
intoler,5.545
remaind,5.545
ongo,5.542
shadow,5.542
invok,5.540
coast,5.540
lightli,5.532
dock,5.530
writer,5.525
1962,5.525
endeavor,5.517
triangl,5.510
sleep,5.509
broadway,5.507
ann,5.504
largest,5.495
parad,5.495
elicit,5.493
king,5.488
pervert,5.483
comparison,5.478
hung,5.474
sarcasm,5.474
shred,5.472
omit,5.472
dissect,5.460
remak,5.454
stem,5.453
dare,5.446
session,5.444
constitut,5.435
premis,5.434
compassion,5.433
monstrou,5.431
twilight,5.431
shockingli,5.431
wore,5.428
voter,5.424
formid,5.415
awe,5.413
exemplifi,5.413
suddenli,5.410
compris,5.404
powerhous,5.400
basic,5.397
mesmeris,5.396
round,5.391
road,5.389
compani,5.382
horrend,5.381
sought,5.379
foil,5.377
dreari,5.372
contest,5.372
hide,5.372
f,5.364
deterior,5.356
chess,5.346
inflict,5.340
subdu,5.338
depriv,5.338
domest,5.336
imho,5.330
local,5.322
ethnic,5.318
constantli,5.316
imperfect,5.314
tower,5.312
transform,5.309
resarsch,5.306
latehusband,5.306
stereotypica,5.306
spenci,5.306
nurmeberg,5.306
wascomplet,5.306
celulit,5.306
holicaust,5.306
virtualtourist,5.306
bkoganb,5.306
practiceand,5.306
sagest,5.306
maximiliam,5.306
discomfortingli,5.306
finallyshow,5.306
nuxemberg,5.306
nowwhich,5.306
welldeservedli,5.306
judgmentstay,5.306
thislaw,5.306
maximillion,5.306
subtlerom,5.306
outthat,5.306
admittingthat,5.306
indefenc,5.306
tuqu,5.306
thecamera,5.306
dishow,5.306
verynext,5.306
kednneth,5.306
maimilian,5.306
simoneau,5.306
countryless,5.306
sternfac,5.306
imbecileand,5.306
fedlenstein,5.306
curtiss,5.306
ribbentrop,5.306
justbeauti,5.306
snell,5.306
demonstratedwith,5.306
l961,5.306
einst,5.306
hisgerman,5.306
prosecutori,5.306
0mi,5.306
professionn,5.306
mainer,5.306
dauntlessli,5.306
everypeopl,5.306
invirginia,5.306
uglygerman,5.306
tt0055031,5.306
thecountri,5.306
techinci,5.306
knowinglyspoken,5.306
encharg,5.306
derfatherland,5.306
weiselif,5.306
sceneh,5.306
isunconvinc,5.306
alloth,5.306
luitpoldhain,5.306
verybad,5.306
ofinjustic,5.306
reichsparteitagsgel,5.306
lancest,5.306
massterpiec,5.306
luthern,5.306
maximilan,5.306
lawso,5.306
goodin,5.306
capain,5.306
widamrk,5.306
actuallywritten,5.306
allbut,5.306
verynic,5.306
takilles,5.306
hofstett,5.306
thatnot,5.306
isamov,5.306
unprosecut,5.306
sellyour,5.306
unpromisingli,5.306
wannse,5.306
kempler,5.306
peoplemik,5.306
morallypardon,5.306
marchieren,5.306
inprison,5.306
gouldinvestig,5.306
stament,5.306
kristkindlmart,5.306
maximilianschel,5.306
jungen,5.306
imbecilesar,5.306
dietrict,5.306
maxmillan,5.306
rita,5.299
consist,5.298
melancholi,5.291
promis,5.280
drawn,5.273
karen,5.269
proce,5.267
acquaint,5.256
50,5.256
vividli,5.254
prefer,5.253
evoc,5.247
thank,5.241
faith,5.240
profil,5.238
fresh,5.232
rendit,5.218
delus,5.211
debt,5.210
textur,5.204
push,5.201
mighti,5.199
avid,5.198
arriv,5.192
besid,5.182
wire,5.181
disabl,5.181
intent,5.179
crumbl,5.176
slide,5.169
excit,5.167
interestingli,5.158
energet,5.153
banal,5.150
tail,5.150
spectat,5.148
entitl,5.145
breakdown,5.140
provoc,5.138
admiss,5.137
bent,5.137
paul,5.137
studi,5.131
trauma,5.130
boggl,5.119
repuls,5.115
tast,5.112
braveri,5.104
cain,5.103
ceas,5.102
week,5.102
rever,5.099
disregard,5.098
unbeliev,5.093
stiff,5.092
legitim,5.090
momentum,5.086
humili,5.081
common,5.081
protest,5.080
drag,5.075
surround,5.071
conserv,5.068
appal,5.061
trivial,5.059
amidst,5.058
pink,5.056
drift,5.046
evalu,5.045
superl,5.038
search,5.028
ought,5.025
weari,5.024
insur,5.022
breath,5.018
enigmat,5.014
publish,5.013
muder,5.005
eichman,5.005
forefing,5.005
mongomeri,5.005
twentynin,5.005
conger,5.005
colat,5.005
nurenberg,5.005
verso,5.005
tattl,5.005
hausfrau,5.005
duringth,5.005
halberstadt,5.005
blowsi,5.005
severest,5.005
afterwatch,5.005
olvier,5.005
czechoslavakia,5.005
tosay,5.005
greusom,5.005
tosom,5.005
hoss,5.005
salubri,5.005
pleadingli,5.005
vitup,5.005
hepat,5.005
diseas,5.002
despic,4.988
invas,4.982
low,4.979
agenda,4.979
privileg,4.978
abstract,4.978
chew,4.964
aris,4.964
wow,4.964
inform,4.963
virtu,4.961
craze,4.961
longer,4.957
tick,4.949
cathol,4.945
fan,4.943
flashi,4.943
peer,4.934
biggest,4.933
valid,4.921
coin,4.920
startl,4.911
politician,4.910
overlong,4.908
guy,4.907
bibl,4.907
heal,4.903
suffici,4.900
poison,4.899
firmli,4.897
exhibit,4.896
oddli,4.888
tactic,4.885
solid,4.885
interrog,4.874
overact,4.874
detach,4.872
demis,4.868
accuraci,4.867
blank,4.867
episod,4.867
boast,4.864
vh,4.861
passag,4.859
satisfact,4.857
western,4.850
inher,4.850
photo,4.843
pleasantli,4.841
impos,4.837
trail,4.835
unbear,4.835
similari,4.829
subnorm,4.829
middlemen,4.829
religionist,4.829
docket,4.829
autodidact,4.829
swenson,4.829
isaiah,4.829
weisel,4.829
clif,4.829
gibbet,4.829
buchenwald,4.829
wenn,4.829
rooker,4.829
30,4.818
elli,4.817
spoke,4.813
fond,4.812
fifth,4.812
slaughter,4.807
claustrophob,4.801
thick,4.798
daughter,4.795
standard,4.787
attribut,4.785
maniac,4.784
enthusiast,4.780
declar,4.773
intrigu,4.768
tape,4.762
subtli,4.747
versu,4.746
myth,4.744
treat,4.743
favour,4.737
bulli,4.736
culmin,4.727
enlighten,4.726
conscious,4.725
scienc,4.724
analysi,4.722
option,4.718
retain,4.714
patienc,4.714
shakespear,4.713
melodrama,4.713
wisdom,4.710
typic,4.708
scratch,4.705
primari,4.705
kemper,4.704
succour,4.704
cappella,4.704
audiobook,4.704
busch,4.704
belsen,4.704
hagu,4.704
puissant,4.704
miscegen,4.704
bullfrog,4.704
dai,4.704
trice,4.704
expansion,4.704
macrocosm,4.704
wir,4.704
barra,4.704
butth,4.704
hewa,4.704
schiavo,4.704
torben,4.704
buck,4.703
empathi,4.701
jr,4.698
1930,4.692
valuabl,4.692
wipe,4.687
nose,4.685
nuclear,4.674
caricatur,4.672
medic,4.671
3rd,4.669
reluct,4.668
ala,4.668
dismiss,4.668
piano,4.665
verbal,4.665
tension,4.663
stark,4.661
meaningless,4.660
relentless,4.660
parent,4.646
incorpor,4.639
coincid,4.635
throat,4.630
amount,4.626
john,4.618
lend,4.616
georg,4.614
primarili,4.612
2008,4.611
pile,4.610
date,4.610
nde,4.607
mackenna,4.607
ashi,4.607
wie,4.607
tro,4.607
prejudic,4.604
resolut,4.602
http,4.602
alcohol,4.601
oz,4.597
reserv,4.596
solut,4.595
christian,4.593
funni,4.587
viciou,4.579
format,4.577
de,4.577
discov,4.577
box,4.559
offend,4.559
survivor,4.556
represent,4.556
conceiv,4.555
inmat,4.545
drunk,4.542
charisma,4.539
emphas,4.538
stir,4.532
syrian,4.528
autobahn,4.528
rotterdam,4.528
askanc,4.528
letup,4.528
gott,4.528
laotian,4.528
unlament,4.528
access,4.520
shop,4.517
game,4.507
14,4.503
newman,4.500
torn,4.500
owe,4.497
function,4.480
dub,4.476
code,4.474
car,4.474
burst,4.473
ingeni,4.471
slip,4.467
insist,4.467
london,4.467
england,4.465
bismarck,4.461
furher,4.461
roughshod,4.461
ukrain,4.461
legalis,4.461
stockpil,4.461
jurisprud,4.461
rumsfeld,4.461
scar,4.452
tour,4.449
consum,4.427
beg,4.426
exchang,4.425
poster,4.425
friendli,4.411
jacket,4.404
starcast,4.403
ww11,4.403
richmond,4.403
arendt,4.403
lans,4.403
trademark,4.398
expand,4.397
watchabl,4.390
routin,4.389
reson,4.387
awkward,4.379
graviti,4.375
dri,4.372
settl,4.371
globe,4.367
tini,4.363
portrait,4.358
popul,4.353
itinerari,4.352
evenhand,4.352
extenu,4.352
clemenc,4.352
forgot,4.351
cooper,4.351
incid,4.349
expens,4.348
assur,4.348
percept,4.341
spite,4.340
chair,4.337
damag,4.334
oh,4.326
proof,4.324
plane,4.322
cinematograph,4.321
encourag,4.319
sensat,4.317
proper,4.313
pursu,4.309
curiou,4.308
rationalist,4.306
transatlant,4.306
preming,4.306
goodguy,4.306
headset,4.306
airlift,4.306
homonym,4.306
height,4.299
advic,4.296
sophist,4.295
invest,4.295
secur,4.289
notic,4.289
anyway,4.286
outcom,4.285
nuanc,4.273
spell,4.272
illustr,4.271
ils,4.265
raouldukeatthemovi,4.265
tertiari,4.265
spenser,4.265
shyster,4.265
perjuri,4.265
emp,4.265
embryon,4.265
kosovo,4.265
north,4.263
avail,4.260
1950,4.254
sin,4.239
hugo,4.228
voiceless,4.227
hangman,4.227
repeal,4.227
filmat,4.227
serb,4.227
aristotelian,4.227
fabian,4.227
hall,4.224
space,4.222
instantli,4.221
debat,4.221
pre,4.217
theatric,4.213
heat,4.213
vehicl,4.210
tune,4.209
chose,4.202
yourself,4.200
mid,4.198
compet,4.195
interview,4.195
franc,4.194
titl,4.193
inflammatori,4.192
morrow,4.192
whe,4.192
occassion,4.192
watchmak,4.192
forestal,4.192
counterweight,4.192
naziism,4.192
beach,4.187
gradual,4.182
deliber,4.167
foliag,4.160
flamingo,4.160
horridli,4.160
bavarian,4.160
olga,4.160
denier,4.160
spenc,4.160
salvo,4.160
constanc,4.160
dead,4.154
frequent,4.153
phone,4.152
nowaday,4.148
crack,4.146
bed,4.139
mirror,4.137
heavili,4.134
cojon,4.130
wretched,4.130
looker,4.130
geo,4.130
sheehan,4.130
thorni,4.130
spittl,4.130
patronag,4.130
repositori,4.130
chalic,4.130
amongst,4.130
emerg,4.124
heroic,4.116
pair,4.115
worker,4.114
runner,4.111
consort,4.102
discriminatori,4.102
nakedli,4.102
patient,4.099
importantli,4.099
nonsens,4.095
wizard,4.090
absurd,4.089
undoubtedli,4.088
tabl,4.083
treatment,4.079
preemptiv,4.076
inexhaust,4.076
ghraib,4.076
ferment,4.076
lilli,4.076
trickier,4.076
technocrat,4.076
prescienc,4.076
form,4.074
sub,4.074
raw,4.069
pan,4.067
succe,4.058
vs,4.057
failur,4.056
regardless,4.053
amelior,4.051
demagogu,4.051
rectitud,4.051
apposit,4.051
jailhous,4.051
dispossess,4.051
sovereign,4.051
shortsight,4.051
astound,4.048
everyday,4.046
awesom,4.043
refresh,4.041
chao,4.039
huge,4.036
inner,4.035
hegemoni,4.028
buttress,4.028
rosa,4.028
intermezzo,4.028
dumpi,4.028
ember,4.028
elector,4.028
bormann,4.028
grew,4.021
remov,4.018
parallel,4.017
recal,4.016
ruthless,4.015
profound,4.012
brave,4.010
accord,4.008
gut,4.008
cost,4.007
matthau,4.005
charat,4.005
gauch,4.005
roman,4.004
essenc,4.003
bronco,3.984
heil,3.984
acm,3.984
downcast,3.984
dallianc,3.984
sharp,3.984
media,3.984
bright,3.983
ex,3.982
doctor,3.967
bizarr,3.965
noblest,3.964
conqueror,3.964
italian,3.963
subtitl,3.960
bottom,3.953
method,3.951
theater,3.947
acquitt,3.945
undergradu,3.945
doom,3.944
hit,3.938
suspens,3.934
hair,3.931
overli,3.927
ancestr,3.926
relativ,3.926
inculc,3.926
purif,3.926
donn,3.926
conven,3.926
slave,3.919
guantanamo,3.908
moreno,3.908
lai,3.908
revok,3.908
maintain,3.894
lightest,3.891
107,3.891
friedrich,3.891
rob,3.891
replac,3.890
cheap,3.882
quest,3.877
sat,3.876
metcalf,3.875
trounc,3.875
element,3.874
wake,3.874
foreign,3.871
depend,3.862
doozi,3.859
tacit,3.859
niceti,3.859
crucibl,3.859
cauldron,3.859
leaven,3.859
fidgeti,3.859
salem,3.859
stimulu,3.859
crowd,3.859
whilst,3.849
empti,3.847
edit,3.846
fox,3.845
constel,3.844
scourg,3.844
sheppard,3.844
citizenri,3.844
stoical,3.844
contrit,3.844
audi,3.844
deitrich,3.844
unknown,3.837
record,3.835
trip,3.834
watermark,3.829
candor,3.829
grabber,3.829
collus,3.829
cheney,3.829
upend,3.829
fuehrer,3.829
florid,3.829
fulcrum,3.829
improp,3.829
qualit,3.829
sourc,3.826
hot,3.823
angel,3.818
risk,3.818
boy,3.816
ancillari,3.815
unseemli,3.815
bastion,3.815
thickli,3.815
sing,3.810
grab,3.802
gft,3.801
apologist,3.801
plaintiv,3.801
eros,3.801
vise,3.801
domin,3.797
abus,3.795
hidden,3.795
binn,3.788
duller,3.788
roosevelt,3.788
eventhough,3.788
summarili,3.788
warmong,3.788
elop,3.788
badger,3.788
feloni,3.788
matur,3.787
gardner,3.775
commonwealth,3.775
learner,3.775
overreach,3.775
compliant,3.775
blend,3.768
40,3.766
oswald,3.762
overrul,3.762
effac,3.762
galvan,3.762
profession,3.759
interact,3.757
heinrich,3.750
lauri,3.750
lazlo,3.750
prairi,3.750
reopen,3.750
defil,3.750
thrall,3.750
osama,3.750
plain,3.749
bigger,3.749
rain,3.745
fixtur,3.738
backwat,3.738
vic,3.738
succeed,3.728
stane,3.727
enviabl,3.727
blith,3.727
safeguard,3.727
reestablish,3.727
purifi,3.727
loud,3.723
condit,3.719
staccato,3.715
triumvir,3.715
capabl,3.710
grace,3.709
mouth,3.706
eat,3.706
recogn,3.705
iam,3.704
dispirit,3.704
brandt,3.704
emaci,3.704
yeah,3.701
readi,3.700
herself,3.698
terror,3.696
angrier,3.694
kampf,3.694
soliloqui,3.694
cambodian,3.694
indigen,3.694
vote,3.693
loss,3.689
paint,3.685
investig,3.683
complicit,3.683
oath,3.683
manoeuvr,3.683
stoicism,3.683
doggedli,3.683
foist,3.683
ire,3.683
photographi,3.681
unless,3.680
notifi,3.673
cetera,3.673
blockad,3.673
volcan,3.673
tray,3.673
inert,3.673
howard,3.673
path,3.666
brillianc,3.665
61,3.663
ersatz,3.663
vine,3.653
shoah,3.653
apologet,3.653
sulk,3.653
combust,3.653
multipl,3.651
glum,3.644
metamorphos,3.644
passer,3.644
afraid,3.638
absolv,3.634
beck,3.634
accost,3.634
amsterdam,3.634
ship,3.634
structur,3.632
test,3.631
anymor,3.627
object,3.627
c,3.627
stagnat,3.625
mete,3.625
gain,3.616
export,3.616
lawmen,3.616
dishonor,3.616
monstrous,3.607
beget,3.607
co,3.607
netherland,3.599
strident,3.599
tangenti,3.599
luka,3.590
upstand,3.590
eachoth,3.590
creaki,3.582
vestig,3.582
nobodi,3.580
theatr,3.579
acquiesc,3.574
underw,3.574
gari,3.566
unselfish,3.566
draggi,3.566
atleast,3.566
exodu,3.566
breathtak,3.558
outperform,3.558
belgium,3.558
door,3.556
blockbust,3.555
swerv,3.550
irration,3.550
eyewit,3.550
overzeal,3.550
ben,3.548
join,3.546
mission,3.544
zealot,3.543
heywood,3.543
extra,3.541
seven,3.538
venal,3.535
pusher,3.535
propagandist,3.535
liaison,3.535
focuss,3.535
ingrati,3.535
15,3.534
wise,3.531
fiber,3.528
york,3.528
techniqu,3.527
yve,3.521
prepar,3.519
castrat,3.514
unsentiment,3.514
smile,3.510
languid,3.507
mop,3.507
oven,3.500
thicker,3.500
taciturn,3.500
rebuilt,3.500
twice,3.496
okay,3.496
deject,3.493
debilit,3.493
hardli,3.490
denot,3.487
fester,3.487
fundamentalist,3.487
bristl,3.487
abu,3.487
analyst,3.487
monopoli,3.480
acerb,3.480
decri,3.480
sanction,3.480
kangaroo,3.480
ostentati,3.480
stick,3.479
personag,3.474
wreckag,3.474
batch,3.468
polem,3.468
wanton,3.468
motionless,3.468
tennesse,3.468
mart,3.468
gown,3.461
overwork,3.461
meyer,3.461
cunningli,3.455
irrevoc,3.455
lambast,3.449
earthquak,3.449
duli,3.449
contextu,3.449
familiar,3.446
bode,3.443
worldview,3.443
altar,3.443
vehement,3.443
feign,3.443
costar,3.443
glad,3.442
spacek,3.437
grievanc,3.437
trust,3.434
behead,3.431
ebb,3.431
nun,3.431
odd,3.431
privat,3.428
defin,3.427
indecis,3.426
glib,3.426
nugget,3.426
unsurpris,3.426
onlook,3.426
dispassion,3.426
unflinchingli,3.426
excrement,3.426
captiv,3.425
goodwil,3.420
tu,3.414
indiscrimin,3.414
joy,3.412
limit,3.409
hind,3.398
ageless,3.398
zeal,3.393
prefect,3.393
expound,3.387
epoch,3.387
perk,3.387
millenium,3.387
torrent,3.382
edmund,3.382
teem,3.382
enter,3.381
disobey,3.377
outspoken,3.377
expir,3.377
oftentim,3.377
prod,3.372
euthanasia,3.372
milit,3.367
businessmen,3.367
fire,3.367
misgiv,3.362
unfit,3.362
retort,3.362
360,3.362
fervent,3.362
firsthand,3.357
grumbl,3.357
diva,3.352
compli,3.352
reenact,3.352
etho,3.352
insan,3.347
uneth,3.347
red,3.343
tavern,3.343
mulligan,3.343
machin,3.342
otherwis,3.340
horribl,3.339
execution,3.338
consent,3.338
jose,3.338
vanquish,3.338
indoctrin,3.338
track,3.338
slightli,3.337
hubri,3.333
underway,3.333
demeanour,3.333
minded,3.333
monger,3.333
thankless,3.329
revuls,3.329
logist,3.329
76,3.329
pore,3.324
spar,3.324
sage,3.324
defenseless,3.324
spot,3.320
unabashedli,3.320
affili,3.320
stalin,3.320
lithuania,3.320
bask,3.320
frank,3.316
fervor,3.315
unwillingli,3.315
omnipot,3.315
throw,3.315
mein,3.311
77,3.311
coal,3.311
scare,3.309
plaza,3.306
apprais,3.306
streamlin,3.306
rib,3.306
subservi,3.306
trudg,3.302
preform,3.302
43,3.302
luther,3.302
facilit,3.298
dour,3.298
abhorr,3.298
extinguish,3.294
starkli,3.294
onset,3.289
interf,3.289
devastatingli,3.289
oregon,3.285
diagnos,3.285
secreci,3.285
rectifi,3.285
match,3.285
affabl,3.281
deflat,3.281
inquisit,3.277
sadder,3.277
radiant,3.277
sluggish,3.273
broaden,3.273
petul,3.273
1938,3.273
attack,3.270
featurett,3.269
ridicul,3.263
mingl,3.261
sketchi,3.261
sinner,3.261
crucifi,3.261
martin,3.258
lineup,3.257
redempt,3.257
achingli,3.253
craft,3.252
forev,3.251
unneed,3.249
prescrib,3.249
austria,3.249
costner,3.249
jargon,3.249
klau,3.249
amiabl,3.249
banner,3.246
penultim,3.246
reconcili,3.246
check,3.243
founder,3.242
chronic,3.238
lumber,3.238
lamp,3.238
heyday,3.238
echelon,3.234
woefulli,3.234
instig,3.234
kilter,3.231
antagon,3.227
stoop,3.227
momentarili,3.224
weighti,3.224
verisimilitud,3.224
vener,3.224
meati,3.220
diatrib,3.220
thatcher,3.220
misinterpret,3.216
inexor,3.216
salari,3.216
predomin,3.213
patsi,3.213
inconveni,3.213
treason,3.213
mit,3.213
vision,3.211
revisionist,3.209
spectacular,3.209
travel,3.205
wimpi,3.203
sensation,3.196
entrench,3.196
oeuvr,3.192
sissi,3.192
heed,3.192
hustler,3.192
craftsman,3.189
embarrassingli,3.189
viabl,3.182
bolster,3.182
deliri,3.182
croni,3.182
misfir,3.182
1947,3.182
yanke,3.179
authorit,3.179
mediat,3.179
machismo,3.179
lent,3.179
mantra,3.179
partisan,3.179
predict,3.179
gun,3.177
160,3.176
negat,3.173
filmgoer,3.173
favourit,3.171
busi,3.171
overtak,3.170
dishearten,3.170
overst,3.170
malign,3.170
breadth,3.163
reaffirm,3.163
unbalanc,3.163
truer,3.163
48,3.163
1965,3.160
augment,3.160
starvat,3.160
koch,3.157
quieter,3.157
indisput,3.157
stutter,3.157
nuff,3.157
uneas,3.157
histrion,3.154
grander,3.151
endeavour,3.151
tcm,3.151
veneer,3.148
venu,3.148
fled,3.148
unifi,3.148
lifelik,3.142
archiv,3.139
frown,3.136
massachusett,3.136
gusto,3.136
loophol,3.136
monstros,3.133
reflex,3.130
insidi,3.130
dine,3.130
aback,3.130
beep,3.127
tact,3.127
pragmat,3.127
confer,3.127
undi,3.125
coffin,3.125
regrett,3.122
stint,3.119
unremark,3.119
buffoon,3.119
reach,3.118
beat,3.118
fuhrer,3.116
incess,3.113
poor,3.112
rosi,3.108
saviour,3.108
cheapen,3.108
complac,3.108
connect,3.106
eclect,3.105
sombr,3.105
repercuss,3.105
haul,3.105
cultiv,3.102
pitfal,3.102
abort,3.102
breaker,3.102
unbias,3.100
mammoth,3.100
backlash,3.100
newsreel,3.100
silhouett,3.097
ghastli,3.094
savageri,3.094
1952,3.094
synchron,3.094
appeas,3.092
denounc,3.092
coliseum,3.089
barbi,3.089
unapologet,3.089
forward,3.086
perish,3.084
sutherland,3.081
civilis,3.081
evidenc,3.081
circa,3.078
prot,3.078
motto,3.078
insensit,3.078
hanger,3.076
ascend,3.076
limelight,3.073
meek,3.073
rattl,3.071
allegi,3.068
remnant,3.068
inescap,3.066
pluck,3.066
invari,3.066
indirectli,3.066
vicari,3.061
republican,3.058
seep,3.058
flinch,3.058
coup,3.056
intrins,3.056
filmak,3.053
widespread,3.053
adolph,3.051
gratifi,3.051
incongru,3.051
grow,3.050
divulg,3.044
downbeat,3.044
seat,3.044
stadium,3.042
brightest,3.042
amir,3.042
lofti,3.037
bureaucrat,3.037
permiss,3.030
gratitud,3.030
tenth,3.030
benevol,3.030
edg,3.028
fraction,3.025
onofrio,3.025
swiftli,3.025
boldli,3.025
homeland,3.025
drug,3.025
gimmicki,3.023
gould,3.021
rabid,3.019
semblanc,3.016
recoveri,3.016
combin,3.015
bethani,3.014
enrag,3.012
shudder,3.012
bench,3.010
output,3.007
reportedli,3.007
shameless,3.007
dispens,3.005
tacki,3.005
discomfort,3.005
unheard,3.003
1963,3.003
eagl,3.003
showi,2.999
resound,2.999
hermann,2.999
pupil,2.997
plea,2.997
tighten,2.995
personif,2.992
acut,2.992
soil,2.992
compil,2.990
consensu,2.990
shoot,2.989
tutsi,2.988
dignifi,2.986
soften,2.986
qualm,2.986
melanchol,2.986
solemn,2.984
easiest,2.984
marathon,2.982
pencil,2.980
lessen,2.980
lucid,2.980
impression,2.978
semin,2.976
bomber,2.974
dna,2.974
fixat,2.972
rehears,2.972
inexperienc,2.970
camaraderi,2.970
loudli,2.970
overdo,2.968
oblivion,2.968
salvag,2.966
doesnt,2.964
prayer,2.962
malici,2.962
arbitrari,2.962
strikingli,2.962
viet,2.962
1967,2.960
unsympathet,2.958
herd,2.958
refrain,2.958
curious,2.956
transpar,2.956
concis,2.956
wretch,2.956
powerless,2.956
overlap,2.956
broader,2.956
certainti,2.954
willingli,2.954
imbu,2.954
album,2.954
focal,2.952
train,2.952
mandatori,2.950
42,2.950
taint,2.947
worldli,2.947
adept,2.945
chock,2.943
corp,2.943
stricken,2.941
irrespons,2.939
1969,2.939
abid,2.937
wiser,2.937
amazon,2.935
bigot,2.935
heritag,2.935
heavenli,2.933
platform,2.933
unspeak,2.930
sacr,2.928
mockeri,2.926
burk,2.924
infuri,2.924
carefre,2.923
nag,2.923
pick,2.921
coloss,2.921
dismal,2.919
hysteria,2.917
unrecogniz,2.917
pervas,2.915
taboo,2.915
herald,2.914
ignit,2.914
frighteningli,2.914
sympathis,2.912
hick,2.910
fictiti,2.910
januari,2.908
sampl,2.907
wari,2.903
fewer,2.903
incarcer,2.903
nobil,2.902
revolution,2.900
intensifi,2.898
biolog,2.896
imdb,2.895
runaway,2.895
sleev,2.895
stilt,2.890
dismay,2.888
monitor,2.883
galleri,2.881
jay,2.880
keeper,2.880
ravag,2.877
grain,2.875
flaw,2.874
batter,2.873
fever,2.873
august,2.873
tyranni,2.873
apprehens,2.872
shaken,2.872
strap,2.872
dot,2.872
intuit,2.870
daunt,2.869
annihil,2.869
humanist,2.869
cox,2.867
deepen,2.867
disturbingli,2.867
diabol,2.864
casualti,2.864
decidedli,2.864
amateurish,2.862
z,2.862
wartim,2.859
richer,2.858
stud,2.855
confus,2.854
abomin,2.850
repair,2.850
defiantli,2.847
museum,2.847
dynamit,2.847
astonishingli,2.845
spellbound,2.845
dualiti,2.845
farewel,2.845
unveil,2.844
anyhow,2.844
malevol,2.842
finess,2.842
falter,2.842
geniu,2.841
rail,2.841
wtf,2.841
headlin,2.841
exemplari,2.841
400,2.839
1942,2.838
irrat,2.837
orchestra,2.834
facad,2.834
grandmoth,2.834
overtli,2.832
palac,2.832
hauntingli,2.831
obligatori,2.831
th,2.828
marlin,2.828
applic,2.826
clerk,2.825
rampant,2.825
karl,2.825
ing,2.825
erupt,2.823
duck,2.823
uncontrol,2.821
heavyweight,2.821
etch,2.819
engulf,2.819
railroad,2.819
fraud,2.818
superstar,2.818
historian,2.818
robert,2.817
unflinch,2.815
tourist,2.811
spars,2.809
extravag,2.808
wolv,2.805
rewrit,2.804
irresist,2.804
der,2.804
imper,2.804
uniformli,2.801
catastroph,2.801
potato,2.800
vintag,2.800
wouldn,2.796
ant,2.796
earnest,2.796
plate,2.794
stealer,2.794
formal,2.793
alleg,2.792
caution,2.792
ambianc,2.792
thriller,2.791
muslim,2.790
ring,2.790
nam,2.789
financ,2.788
discrimin,2.788
submiss,2.784
unnot,2.783
instructor,2.781
democraci,2.780
margaret,2.779
tale,2.778
pawn,2.775
somber,2.775
factual,2.772
unsuccess,2.772
denouement,2.770
raini,2.769
brim,2.769
fullest,2.769
statur,2.767
lighten,2.766
scum,2.766
hulk,2.766
bewild,2.766
creed,2.766
slimi,2.765
1983,2.761
junior,2.760
shelf,2.759
extinct,2.757
suppress,2.756
streak,2.756
neutral,2.756
nutshel,2.755
indel,2.755
impend,2.754
adolf,2.754
merciless,2.754
recount,2.752
mega,2.752
starter,2.751
loom,2.749
exil,2.749
introspect,2.748
eaten,2.748
mockingbird,2.746
alarm,2.745
atroci,2.745
immacul,2.744
fri,2.743
scriptwrit,2.742
occurr,2.741
merg,2.738
95,2.737
agoni,2.736
toll,2.733
modest,2.732
dens,2.732
mistress,2.730
exposur,2.729
incap,2.728
madman,2.727
underestim,2.725
stanc,2.725
downward,2.725
neurot,2.724
dire,2.723
gregori,2.722
prompt,2.721
filler,2.721
punctuat,2.720
gush,2.718
misguid,2.716
conceal,2.713
taut,2.712
messi,2.712
magnet,2.712
sparkl,2.711
unnecessarili,2.710
filmographi,2.710
architectur,2.710
discern,2.709
vow,2.708
governor,2.708
laden,2.706
assert,2.706
widescreen,2.705
net,2.705
scatter,2.705
spectrum,2.704
gloss,2.703
penetr,2.702
pretens,2.702
wider,2.701
barrier,2.700
cite,2.699
articul,2.699
remad,2.697
larri,2.695
hannah,2.694
exud,2.693
ma,2.693
graham,2.688
experiment,2.688
unnerv,2.687
pat,2.687
vain,2.686
incompet,2.685
deceiv,2.684
submit,2.683
insignific,2.682
harbor,2.682
roughli,2.681
uncompromis,2.681
cram,2.681
margin,2.680
blunt,2.680
grit,2.678
uncanni,2.675
affirm,2.674
contempt,2.674
minu,2.673
reform,2.672
intro,2.671
jade,2.671
deceas,2.671
utmost,2.671
succumb,2.670
smack,2.669
dori,2.668
illog,2.667
hater,2.665
strategi,2.665
vocal,2.664
entic,2.664
sober,2.663
buffalo,2.663
bia,2.662
spellbind,2.662
refuge,2.661
pocket,2.661
greek,2.661
potent,2.659
1996,2.657
inclin,2.655
senior,2.655
pervers,2.655
regain,2.653
huh,2.653
begun,2.653
licens,2.651
knee,2.650
africa,2.649
clap,2.649
mindset,2.646
repress,2.646
dirt,2.646
conform,2.645
butcher,2.644
improvis,2.642
claud,2.642
renown,2.642
pin,2.641
restrict,2.641
anguish,2.639
coffey,2.639
unstabl,2.639
triumphant,2.638
assumpt,2.637
tiresom,2.636
flood,2.635
retrospect,2.634
sterl,2.634
pioneer,2.633
seduc,2.633
imperson,2.631
lurk,2.631
divin,2.631
household,2.629
diari,2.627
rwanda,2.626
desol,2.624
redefin,2.623
arena,2.623
roar,2.622
meal,2.622
peck,2.618
reliev,2.616
clariti,2.615
significantli,2.614
vet,2.614
warp,2.612
healthi,2.611
strict,2.610
criticis,2.608
anytim,2.608
instruct,2.607
unansw,2.607
traffic,2.606
breed,2.605
reliabl,2.605
mute,2.605
degrad,2.603
mildli,2.603
subtext,2.602
shiver,2.600
clumsi,2.600
necess,2.598
hardest,2.596
sheep,2.596
wive,2.595
luxuri,2.594
unforgiv,2.593
sidney,2.590
spit,2.589
lumet,2.588
drastic,2.585
persist,2.581
beer,2.580
proclaim,2.579
len,2.578
capac,2.576
grandfath,2.576
imo,2.576
uneasi,2.576
facet,2.575
array,2.574
seventi,2.572
35,2.572
interior,2.567
lemmon,2.565
battlefield,2.563
properti,2.563
sand,2.561
sli,2.561
tightli,2.560
1991,2.560
applaus,2.560
anxieti,2.559
cue,2.558
greet,2.557
unconvent,2.556
click,2.556
goodby,2.554
awhil,2.554
district,2.553
injuri,2.552
taylor,2.550
gloomi,2.550
harden,2.550
understat,2.549
1939,2.547
unconvinc,2.547
mastermind,2.547
masteri,2.546
flag,2.545
holiday,2.544
entireti,2.544
request,2.544
degener,2.543
blatant,2.541
foreshadow,2.541
interrupt,2.540
traumat,2.540
foremost,2.538
frozen,2.536
tunnel,2.536
unrel,2.535
employe,2.535
radic,2.534
existenti,2.533
eva,2.533
nomine,2.533
fluid,2.531
distort,2.531
brazil,2.531
patho,2.527
apolog,2.527
quietli,2.526
repris,2.525
bleed,2.525
health,2.522
banker,2.522
thrust,2.521
loath,2.521
unawar,2.520
blogspot,2.520
enjoy,2.520
fragil,2.517
correctli,2.516
rug,2.516
summar,2.514
sore,2.512
devoid,2.512
tempt,2.512
versatil,2.511
declin,2.511
senat,2.510
donald,2.509
obtain,2.508
texa,2.506
preach,2.506
sacrif,2.504
deem,2.504
asham,2.502
journalist,2.502
cheek,2.501
stimul,2.500
neglect,2.499
dive,2.499
worn,2.495
homosexu,2.495
restrain,2.494
baffl,2.494
cook,2.493
cousin,2.493
stroke,2.492
marshal,2.491
lip,2.489
epitom,2.489
glow,2.489
toe,2.487
squad,2.485
rhythm,2.485
aforement,2.485
fun,2.485
fierc,2.484
wrath,2.484
indiffer,2.484
motif,2.483
swing,2.480
counter,2.478
hypnot,2.476
speci,2.475
comedi,2.475
birthday,2.473
web,2.472
hollow,2.471
coffe,2.470
reel,2.470
britain,2.469
merci,2.468
poetri,2.468
adolesc,2.467
effortlessli,2.466
item,2.465
diminish,2.465
equival,2.463
celluloid,2.462
automat,2.461
chaotic,2.461
safeti,2.461
illeg,2.459
broad,2.459
watcher,2.458
inferior,2.458
hack,2.458
partial,2.457
pivot,2.457
swept,2.454
visibl,2.453
briefli,2.451
tap,2.450
rant,2.448
union,2.447
upper,2.445
pseudo,2.442
clash,2.441
decor,2.441
rout,2.440
2006,2.439
repli,2.439
vice,2.438
glamor,2.438
crown,2.438
gate,2.435
slice,2.434
handsom,2.434
sunday,2.433
cari,2.432
grotesqu,2.431
trigger,2.429
tag,2.427
miseri,2.427
pattern,2.424
conquer,2.424
temper,2.424
boil,2.423
2004,2.422
contradict,2.420
revisit,2.419
econom,2.418
secondari,2.418
complement,2.418
map,2.411
teeth,2.411
elsewher,2.409
tongu,2.401
preced,2.399
dawn,2.395
partli,2.394
adequ,2.394
themat,2.391
comprehend,2.391
violenc,2.391
moreov,2.390
distinguish,2.390
tendenc,2.389
dose,2.388
fuel,2.388
spotlight,2.387
internet,2.386
spine,2.384
exit,2.384
spiral,2.383
ingredi,2.382
resid,2.381
eleg,2.380
fed,2.379
rightli,2.378
mistaken,2.375
kid,2.375
emphasi,2.374
fanat,2.374
nervou,2.373
garner,2.372
forti,2.372
thread,2.372
decept,2.372
climact,2.372
inconsist,2.371
smash,2.370
climat,2.370
repeatedli,2.369
marti,2.368
washington,2.367
print,2.366
entranc,2.365
bravo,2.363
minim,2.363
tip,2.362
terri,2.361
strip,2.360
san,2.359
1000,2.359
plagu,2.357
soap,2.356
eager,2.353
buri,2.353
cloud,2.352
ensu,2.350
aka,2.347
harrow,2.346
sunset,2.345
deriv,2.342
www,2.342
similarli,2.341
stake,2.341
confirm,2.340
literatur,2.339
massacr,2.338
overshadow,2.337
admittedli,2.336
whoever,2.336
enchant,2.335
fanci,2.334
wooden,2.334
evolut,2.333
alright,2.332
companion,2.331
tender,2.330
yell,2.330
wash,2.329
bug,2.329
per,2.327
meticul,2.325
downfal,2.324
honesti,2.324
taught,2.323
mixtur,2.323
exhaust,2.320
restaur,2.318
perceiv,2.317
bless,2.316
useless,2.316
brook,2.316
vari,2.316
altogeth,2.312
vital,2.312
oil,2.308
ancient,2.306
packag,2.306
furthermor,2.306
rid,2.305
glorifi,2.303
recov,2.301
beneath,2.301
commend,2.300
resourc,2.294
princ,2.294
simplist,2.293
divers,2.293
resolv,2.291
downright,2.291
via,2.290
simplic,2.290
border,2.288
miracl,2.287
testament,2.284
aesthet,2.283
priest,2.280
rat,2.280
southern,2.279
em,2.278
standout,2.277
exquisit,2.277
pleasant,2.277
exposit,2.277
embarrass,2.276
spi,2.275
splendid,2.273
vincent,2.271
walter,2.269
shed,2.266
sublim,2.265
detract,2.264
superfici,2.260
mindless,2.260
miser,2.260
japan,2.258
distant,2.257
nine,2.256
shoulder,2.255
stolen,2.254
twelv,2.252
wander,2.251
merri,2.251
prime,2.251
pro,2.249
silver,2.248
pitch,2.248
butler,2.247
un,2.246
phrase,2.245
dig,2.243
fat,2.240
heaven,2.240
daili,2.240
lifestyl,2.239
smooth,2.238
ego,2.237
shall,2.237
jar,2.232
vengeanc,2.231
influenti,2.231
1970,2.231
discoveri,2.230
bell,2.229
min,2.229
recreat,2.226
church,2.225
sun,2.224
alex,2.224
fish,2.224
channel,2.223
2000,2.223
bergman,2.220
stress,2.219
characterist,2.219
easier,2.217
beaten,2.213
borrow,2.212
1990,2.212
shoe,2.206
vivid,2.206
crusad,2.204
naiv,2.204
bird,2.203
digit,2.202
lo,2.202
thumb,2.200
brand,2.199
racist,2.198
nasti,2.195
prestig,2.195
press,2.192
2nd,2.191
henc,2.189
destin,2.189
fix,2.184
whatsoev,2.184
institut,2.179
research,2.177
tree,2.175
remot,2.171
eeri,2.167
nod,2.164
underr,2.161
persona,2.161
antagonist,2.158
sinist,2.157
h,2.155
sweep,2.154
sudden,2.154
contriv,2.154
wave,2.153
candi,2.153
wing,2.153
notion,2.150
medium,2.149
string,2.148
treasur,2.148
increas,2.147
foot,2.146
dimens,2.144
stomach,2.143
scheme,2.140
lay,2.140
devot,2.140
murphi,2.139
distanc,2.137
lower,2.135
facial,2.133
advantag,2.133
switch,2.132
meaning,2.132
religion,2.132
bitter,2.131
instant,2.131
professor,2.131
glimps,2.130
pesci,2.127
demon,2.127
plant,2.126
25,2.125
adam,2.120
bag,2.120
feet,2.119
bull,2.118
select,2.117
curs,2.117
shake,2.115
mainstream,2.113
eight,2.104
conclud,2.104
smith,2.103
stock,2.102
elev,2.101
sadist,2.101
flesh,2.101
stare,2.099
pretend,2.097
belov,2.096
endless,2.093
lucki,2.091
paper,2.089
link,2.089
emperor,2.089
dedic,2.088
photograph,2.087
section,2.083
deadli,2.082
foster,2.081
villag,2.080
somebodi,2.079
sixth,2.079
alter,2.075
meanwhil,2.075
exagger,2.074
n,2.074
heroin,2.070
fals,2.068
poorli,2.067
pathet,2.064
dynam,2.062
regular,2.062
necessarili,2.061
previous,2.058
independ,2.057
reput,2.057
vast,2.055
puzzl,2.054
tommi,2.050
bank,2.050
philosophi,2.049
countless,2.048
debut,2.048
resembl,2.047
floor,2.047
gump,2.046
altern,2.045
insult,2.044
abandon,2.043
unabl,2.042
solv,2.040
price,2.040
fulfil,2.039
exact,2.038
religi,2.038
forrest,2.037
convent,2.035
mafia,2.033
disagre,2.031
behavior,2.029
glori,2.028
amazingli,2.027
introduct,2.025
suicid,2.023
lifetim,2.021
market,2.020
scenario,2.017
innov,2.015
nail,2.013
rival,2.013
arguabl,2.010
greed,2.010
imageri,2.009
report,2.009
stretch,2.006
revolv,2.004
load,2.002
formula,1.997
lock,1.995
hook,1.992
creation,1.990
food,1.988
gorgeou,1.985
k,1.985
precis,1.984
awaken,1.982
relief,1.982
acclaim,1.982
south,1.982
shape,1.976
hunter,1.972
hadn,1.970
dimension,1.969
teacher,1.969
guard,1.968
lone,1.967
celebr,1.967
organ,1.966
possess,1.961
veteran,1.961
tens,1.961
gladiat,1.958
mediocr,1.958
stewart,1.956
rip,1.955
board,1.946
understood,1.946
dress,1.945
anticip,1.942
environ,1.938
island,1.937
energi,1.936
flat,1.936
sight,1.934
joseph,1.933
grown,1.925
twenti,1.925
legend,1.920
weav,1.916
somewher,1.912
reli,1.911
complaint,1.910
anybodi,1.910
rage,1.898
likabl,1.891
g,1.889
pleasur,1.889
statu,1.888
solo,1.886
70,1.883
area,1.883
thoroughli,1.881
sell,1.880
phenomen,1.877
layer,1.875
blue,1.875
movement,1.860
gore,1.852
ident,1.848
menac,1.846
oldman,1.844
grant,1.842
mask,1.841
wear,1.836
earn,1.830
till,1.825
realis,1.824
rock,1.823
highlight,1.821
separ,1.819
250,1.817
mess,1.816
green,1.815
copi,1.815
worri,1.815
incept,1.814
chemistri,1.813
unfold,1.808
driver,1.808
babi,1.807
danc,1.806
younger,1.803
spacey,1.803
experienc,1.800
suck,1.798
flow,1.794
toy,1.792
steven,1.789
encount,1.789
ryan,1.781
edward,1.780
stephen,1.778
fashion,1.777
kevin,1.777
joe,1.776
teenag,1.770
depart,1.770
wrote,1.767
detect,1.767
childhood,1.767
overr,1.766
hurt,1.764
studio,1.764
silli,1.760
grand,1.759
obsess,1.758
spent,1.754
sex,1.752
air,1.751
trailer,1.737
romant,1.735
femal,1.729
project,1.728
j,1.723
progress,1.721
suspect,1.714
locat,1.713
brain,1.713
empir,1.710
budget,1.707
jone,1.706
lee,1.703
initi,1.701
plenti,1.697
secret,1.697
2001,1.692
roll,1.692
aliv,1.690
frame,1.685
honestli,1.683
rent,1.673
cover,1.662
narrat,1.657
reveng,1.649
catch,1.648
100,1.644
spend,1.639
rich,1.632
annoy,1.619
joke,1.618
somehow,1.615
satisfi,1.612
team,1.610
protagonist,1.608
crazi,1.603
scari,1.603
spielberg,1.596
dog,1.580
free,1.575
adult,1.573
refer,1.565
clever,1.554
david,1.548
kept,1.522
bale,1.522
fast,1.509
wast,1.502
journey,1.499
flick,1.491
plan,1.486
storylin,1.464
jackson,1.451
jack,1.441
violent,1.438
novel,1.422
jame,1.410
soundtrack,1.410
adventur,1.401
son,1.398
etc,1.373
brother,1.350
comic,1.338
michael,1.298
genr,1.285
dream,1.280
anim,1.277
haven,1.268
lack,1.265
laugh,1.264
return,1.244
