smith,1755.589
senat,1122.180
capra,946.959
stewart,901.942
washington,835.668
jefferson,605.580
mr,581.713
polit,476.930
arthur,358.317
corrupt,345.266
jimmi,312.929
taylor,303.507
claud,298.513
saunder,285.874
jean,284.820
filibust,280.014
goe,269.465
frank,250.371
rain,249.011
hi,234.414
american,221.308
patriot,216.428
he,214.494
pain,209.681
jame,207.285
boy,199.698
politician,193.952
ideal,186.394
idealist,171.397
dam,167.657
state,163.655
naiv,158.682
govern,155.154
man,150.468
clarissa,149.526
appoint,149.003
s,139.747
as,139.270
governor,138.086
jeff,135.073
bill,134.013
him,132.923
1939,132.467
film,126.181
arnold,121.084
who,119.030
camp,118.938
machin,115.290
democraci,113.980
by,113.236
nation,112.742
congress,112.209
system,105.170
wonder,104.111
america,99.040
secretari,97.365
carey,97.346
cynic,97.288
ranger,96.421
today,95.924
an,94.312
power,94.157
jim,93.806
elect,92.132
perform,90.140
play,90.060
wa,89.335
for,89.262
edward,88.988
classic,88.985
we,88.430
deed,86.495
good,85.998
stand,85.948
when,85.186
be,84.492
with,84.348
against,84.020
would,83.716
at,82.472
you,81.685
guy,81.459
way,81.157
ha,80.669
get,80.449
sentiment,80.167
one,79.988
that,79.904
honest,79.791
countri,79.346
lincoln,79.253
not,78.164
town,78.092
work,77.983
about,77.672
hopper,77.554
joseph,77.323
role,77.062
veri,76.688
support,76.574
believ,75.907
capitol,75.755
mitchel,75.487
end,75.012
on,74.881
all,74.527
graft,74.181
what,74.116
in,74.074
peopl,73.638
us,73.370
kibbe,72.919
like,72.625
how,72.596
can,72.459
nomin,71.870
up,71.568
they,70.662
their,70.537
honesti,69.722
out,69.402
t,69.311
u,69.087
right,68.896
then,68.135
actor,68.043
fight,68.037
show,67.838
are,67.524
presid,67.308
which,67.255
want,67.056
onli,67.014
young,67.011
from,66.938
so,66.633
even,66.631
great,66.589
there,66.571
press,65.762
but,65.399
doe,65.025
will,64.985
best,64.914
into,64.911
realli,64.864
truth,64.105
becaus,63.670
take,63.509
such,63.454
make,63.439
movi,63.058
our,62.780
year,62.265
or,62.235
if,62.128
most,62.120
have,62.058
should,62.004
over,61.696
charact,61.690
also,61.607
world,61.345
stori,61.217
do,60.960
is,60.109
through,60.028
much,59.826
to,59.423
more,59.125
everi,58.923
come,58.420
senior,58.412
while,58.260
time,58.225
just,58.205
belief,58.036
had,57.776
harri,57.705
i,57.022
scout,56.969
first,56.756
payn,56.434
life,56.429
were,56.307
help,56.160
ani,55.945
where,55.906
know,55.847
inspir,55.625
well,55.497
leader,55.438
same,55.434
build,55.332
thing,55.095
some,54.953
littl,54.666
no,54.599
love,54.551
scene,54.534
still,54.477
could,54.183
than,53.777
give,53.339
hero,52.548
see,52.531
seem,52.022
land,51.951
propos,51.790
thoma,51.466
boss,51.304
cast,51.190
day,51.069
made,50.923
may,50.684
perhap,50.539
too,50.226
innoc,50.094
liberti,49.980
other,49.774
pass,49.577
act,49.259
director,49.209
pictur,49.136
c,48.959
win,48.946
though,48.644
parti,48.432
mani,48.405
been,48.061
oscar,47.280
kind,47.068
d,46.822
replac,46.685
home,46.655
valu,46.475
newspap,46.418
public,46.292
offic,46.198
her,46.105
go,45.984
think,45.946
own,45.858
hope,45.705
lost,45.671
name,45.659
yet,45.600
columbia,45.546
real,45.306
heart,45.296
happen,45.162
critic,45.077
feel,45.069
use,45.067
say,45.012
need,44.938
alway,44.758
she,44.204
bit,43.999
tri,43.696
constitut,43.480
watch,43.417
cours,43.406
them,43.333
forc,43.252
hollywood,43.057
repres,43.052
true,43.017
floor,42.977
thi,42.893
it,42.849
part,42.808
bondi,42.805
isn,42.676
fact,42.534
freedom,42.502
audienc,42.437
becom,42.397
buchman,42.272
drama,42.087
look,42.022
interest,42.014
media,41.829
lot,41.805
posit,41.688
relev,41.619
capraesqu,41.602
caus,41.570
greatest,41.566
those,41.528
here,41.438
big,41.330
better,41.268
busi,41.226
did,41.191
strong,41.161
anyon,41.033
howev,41.006
my,40.967
of,40.819
messag,40.462
star,40.449
after,40.399
small,40.136
direct,40.133
now,40.027
unit,39.768
back,39.724
ever,39.611
wind,39.184
me,39.007
common,38.957
stoog,38.948
beulah,38.914
learn,38.800
must,38.799
unnam,38.794
whi,38.793
old,38.663
award,38.659
plan,38.631
a,38.620
don,38.466
goliath,38.428
10,37.790
process,37.709
won,37.439
amp,37.226
until,37.136
dream,37.128
seen,37.017
monument,36.784
scandal,36.752
excel,36.689
m,36.601
abrupt,36.589
face,36.512
lead,36.471
portray,36.465
truli,36.374
without,36.355
sens,36.342
viewer,36.229
corpor,36.185
call,36.105
turn,36.081
legisl,35.988
eugen,35.903
onc,35.807
himself,35.791
idea,35.476
fine,35.441
determin,35.426
find,35.392
both,35.278
everyth,35.253
children,35.251
plot,35.202
import,35.189
keep,35.048
down,35.016
hard,34.994
manipul,34.888
along,34.854
white,34.563
destroy,34.429
timeless,34.339
propaganda,34.333
charm,34.160
tell,34.113
corni,34.112
top,34.101
someth,34.062
view,33.970
compromis,33.942
place,33.856
head,33.851
never,33.747
built,33.704
hubert,33.669
puppet,33.556
control,33.530
final,33.482
happi,33.363
triumph,33.343
crook,33.284
junior,33.118
brilliant,33.084
word,33.027
perfect,32.981
integr,32.977
gone,32.960
definit,32.931
anyth,32.916
doesn,32.803
chang,32.494
creek,32.419
decent,32.382
punch,32.323
mayb,32.239
eye,32.189
civic,32.166
scheme,32.103
noth,32.050
establish,32.003
shown,31.901
befor,31.813
upon,31.644
fall,31.568
dome,31.480
run,31.434
almost,31.339
friend,31.326
rather,31.292
whole,31.242
natur,31.229
100,31.228
few,31.187
appeal,31.127
sometim,31.021
later,30.925
actual,30.906
person,30.817
ye,30.689
pull,30.667
spirit,30.667
creat,30.647
new,30.539
committe,30.511
overcom,30.476
last,30.411
corn,30.385
men,30.333
job,30.318
enjoy,30.234
behind,30.174
local,30.158
report,30.135
fellow,29.995
high,29.987
set,29.918
gave,29.907
colleagu,29.889
speech,29.804
especi,29.763
soon,29.585
academi,29.518
sen,29.484
memori,29.433
arriv,29.424
passion,29.363
deal,29.235
done,29.228
type,29.214
assist,29.117
bring,29.106
lesson,29.074
evil,29.052
woman,29.030
remind,28.939
your,28.904
absolut,28.826
theme,28.710
script,28.648
bad,28.604
moment,28.597
anoth,28.580
put,28.499
write,28.394
basic,28.337
given,28.264
certainli,28.238
long,28.237
willet,28.226
speak,28.213
sincer,28.156
ask,28.086
underdog,28.014
moral,28.013
although,28.011
die,27.903
point,27.877
achiev,27.807
two,27.795
fill,27.742
reason,27.701
project,27.645
talk,27.613
and,27.608
emot,27.580
re,27.575
mean,27.535
line,27.525
hour,27.521
master,27.519
histori,27.474
far,27.380
comedi,27.221
initi,27.215
easi,27.132
career,27.118
vacanc,27.014
attempt,26.941
despit,26.932
reput,26.737
ve,26.730
cinema,26.648
riskin,26.608
rate,26.605
senitor,26.532
review,26.511
self,26.473
democrat,26.451
move,26.436
fantast,26.359
least,26.342
pork,26.336
releas,26.313
chamber,26.224
famou,26.218
youth,26.206
night,26.180
hold,26.124
class,26.066
discov,25.934
sidney,25.895
brought,25.870
wuther,25.855
live,25.770
odd,25.731
everyon,25.722
overli,25.523
select,25.409
between,25.349
gain,25.314
frame,25.274
suddenli,25.247
principl,25.229
montag,25.146
unfortun,25.137
under,25.110
benefit,25.066
away,25.036
stay,25.028
nobl,25.020
era,24.972
someon,24.971
foster,24.969
simpli,24.968
simpl,24.840
situat,24.784
citizen,24.766
close,24.724
extrem,24.639
these,24.467
nice,24.363
quit,24.337
appear,24.265
question,24.007
further,23.983
b,23.955
influenc,23.927
conflict,23.901
half,23.853
member,23.814
realist,23.811
piec,23.700
root,23.674
light,23.661
found,23.659
wish,23.652
complet,23.594
felt,23.590
start,23.535
fantasi,23.523
allow,23.519
na,23.468
awe,23.458
beauti,23.381
serv,23.370
individu,23.307
mentor,23.300
probabl,23.245
cheer,23.243
style,23.225
concern,23.190
overwhelm,23.177
abov,23.101
joe,23.088
date,23.050
quickli,23.045
opinion,23.021
begin,22.975
dure,22.971
rever,22.947
americana,22.910
flag,22.907
defend,22.903
shot,22.892
icon,22.858
exagger,22.815
decid,22.803
might,22.795
superb,22.791
somewhat,22.764
faith,22.708
romanc,22.644
mind,22.637
father,22.596
money,22.579
push,22.537
follow,22.530
site,22.467
express,22.423
earnest,22.366
filmmak,22.346
screen,22.327
appointe,22.306
off,22.302
hoars,22.292
warner,22.282
exampl,22.264
leav,22.254
enough,22.240
shout,22.232
recommend,22.186
term,22.181
among,22.167
vote,22.160
imposs,22.067
chosen,21.983
typic,21.970
suggest,21.956
sort,21.919
order,21.916
awkward,21.897
accept,21.839
togeth,21.805
art,21.766
congressmen,21.761
shuck,21.751
philadelphia,21.749
side,21.742
gener,21.647
ll,21.620
goal,21.564
popular,21.558
congression,21.542
age,21.490
string,21.483
overal,21.477
major,21.435
voic,21.424
climax,21.348
case,21.285
amaz,21.257
masterpiec,21.246
care,21.196
said,21.173
exist,21.148
lewi,21.088
sure,21.000
averag,20.996
construct,20.829
capit,20.816
wrong,20.815
again,20.813
obama,20.768
dramat,20.728
whose,20.727
toward,20.727
itself,20.691
couldn,20.687
oz,20.687
label,20.676
prove,20.662
candid,20.644
dc,20.644
sit,20.626
societi,20.617
favorit,20.616
via,20.608
featur,20.607
origin,20.588
doubt,20.582
expos,20.537
entertain,20.482
hate,20.472
often,20.457
incred,20.445
essenti,20.431
sweet,20.412
worth,20.397
optimist,20.380
let,20.313
rare,20.285
vs,20.283
deserv,20.273
rivet,20.253
lack,20.232
respect,20.198
pure,20.187
abil,20.172
citi,20.169
david,20.126
social,20.114
easili,20.106
finest,19.995
feder,19.929
fought,19.910
expect,19.853
involv,19.796
includ,19.781
exactli,19.767
palett,19.754
produc,19.642
throughout,19.603
entir,19.560
obvious,19.547
known,19.510
abl,19.510
vice,19.506
encourag,19.436
experi,19.432
accomplish,19.426
step,19.416
h,19.395
contriv,19.384
element,19.371
hous,19.344
laypeopl,19.317
choos,19.208
collaps,19.192
fresh,19.183
got,19.149
gov,19.146
modern,19.041
form,19.013
introduc,18.998
kid,18.997
intent,18.988
screenplay,18.968
earli,18.959
laugh,18.958
ethic,18.899
consid,18.881
next,18.879
captiv,18.838
allwyn,18.817
fan,18.785
deceas,18.696
possibl,18.675
teach,18.651
profit,18.622
convinc,18.588
gullibl,18.565
unrealist,18.561
conclus,18.557
mere,18.536
signific,18.530
realiz,18.493
receiv,18.493
provid,18.477
rank,18.463
human,18.441
unlik,18.437
donnelli,18.430
demarest,18.430
bodi,18.418
wizard,18.404
republican,18.350
school,18.342
educ,18.325
ordinari,18.321
sinc,18.300
wasn,18.300
accus,18.271
seat,18.262
minut,18.256
realiti,18.241
subtl,18.229
thought,18.225
represent,18.222
everyday,18.205
alon,18.199
inform,18.198
hat,18.185
usual,18.163
stir,18.129
5,18.100
intend,18.098
around,18.076
ruthless,18.069
tale,18.060
news,18.032
contain,18.025
communist,18.006
nearli,17.960
meet,17.905
hand,17.854
remain,17.853
differ,17.846
diz,17.845
second,17.842
terrif,17.785
perfectli,17.779
manag,17.777
didn,17.769
donat,17.713
uplift,17.712
30,17.668
newli,17.657
alreadi,17.655
sever,17.620
enthusiasm,17.593
smile,17.549
wide,17.545
pick,17.528
statement,17.527
prevail,17.525
wholesom,17.524
stuff,17.471
strength,17.450
appar,17.449
honour,17.445
institut,17.431
except,17.416
warm,17.399
dog,17.381
faint,17.380
foley,17.369
clean,17.309
shine,17.245
present,17.235
lawmak,17.225
charg,17.209
rememb,17.205
height,17.196
base,17.189
geniu,17.046
number,17.041
thank,17.034
symbol,17.006
tenaci,16.910
000,16.908
casablanca,16.868
astrid,16.859
ignor,16.847
businessmen,16.834
depress,16.785
succeed,16.778
wouldn,16.776
titl,16.771
incumb,16.770
effect,16.768
enthusiast,16.729
eventu,16.712
special,16.686
edit,16.667
immedi,16.659
issu,16.650
highli,16.645
cut,16.643
came,16.635
nervou,16.614
versu,16.610
proud,16.607
spot,16.599
print,16.561
reaction,16.513
missouri,16.510
grayson,16.409
ninotchka,16.409
appreci,16.379
ad,16.376
naivet,16.365
choic,16.354
gentleman,16.353
mention,16.351
wit,16.340
struggl,16.292
depict,16.249
across,16.235
fabul,16.172
memor,16.140
qualiti,16.115
magnific,16.110
optim,16.105
girl,16.094
stop,16.075
patsi,16.065
reform,16.031
worthi,16.027
fashion,15.996
outstand,15.964
touch,15.957
death,15.936
cultur,15.925
croni,15.912
charisma,15.888
aspect,15.884
studio,15.874
demonstr,15.850
result,15.837
prepar,15.836
written,15.811
remark,15.757
endur,15.754
hit,15.751
full,15.751
un,15.722
camera,15.708
martyr,15.695
black,15.680
r,15.632
correct,15.626
identifi,15.612
ago,15.591
pride,15.567
naiveti,15.538
sappi,15.507
handpick,15.500
period,15.493
lie,15.487
boyish,15.484
denounc,15.458
similar,15.447
offici,15.435
idol,15.386
within,15.374
told,15.372
businessman,15.363
bush,15.344
duti,15.340
montana,15.340
unbeliev,15.278
righteous,15.267
inde,15.257
sequenc,15.240
honor,15.194
ultim,15.177
actress,15.152
courag,15.096
combin,15.076
wing,15.070
ruin,15.064
singl,15.052
tiomkin,15.049
suppos,15.038
advic,15.036
willett,15.016
product,14.998
total,14.997
level,14.956
histor,14.952
ladi,14.950
admir,14.943
facial,14.932
affect,14.916
agre,14.893
angri,14.892
saw,14.868
utterli,14.839
group,14.824
ideolog,14.809
hall,14.783
barrel,14.779
susan,14.752
count,14.741
offer,14.723
attack,14.716
each,14.704
detail,14.699
visit,14.691
miss,14.642
confront,14.636
stagecoach,14.613
took,14.591
superior,14.572
western,14.551
stood,14.547
sympathet,14.544
seemingli,14.535
nowaday,14.517
satisfi,14.509
describ,14.488
compel,14.477
constitu,14.465
women,14.432
1946,14.432
daughter,14.386
lane,14.375
flaw,14.372
skill,14.336
rest,14.331
predict,14.306
concoct,14.227
law,14.220
behavior,14.206
threaten,14.155
lifetim,14.147
dimitri,14.142
15,14.137
dirti,14.125
open,14.111
whether,14.094
fool,14.082
send,14.030
recent,14.021
sex,14.017
essenc,14.010
air,14.004
sound,14.002
favor,13.999
golden,13.962
potenti,13.938
ador,13.937
anti,13.918
confid,13.906
serious,13.898
admit,13.876
cheesi,13.829
effort,13.827
parliamentari,13.822
besid,13.818
impress,13.810
pace,13.808
spineless,13.772
nevertheless,13.767
populist,13.748
tough,13.748
els,13.729
tear,13.716
strang,13.705
latter,13.694
bought,13.686
battl,13.667
fun,13.666
premier,13.630
rais,13.622
shame,13.604
talent,13.592
comment,13.590
pallett,13.585
voter,13.560
dinner,13.559
crush,13.552
asid,13.549
sight,13.537
game,13.520
draw,13.513
lobbi,13.494
twenti,13.477
fire,13.466
the,13.464
smear,13.428
flick,13.421
everyman,13.375
chip,13.359
jade,13.354
tour,13.348
insid,13.333
11,13.325
pretti,13.322
expel,13.315
motiv,13.312
pressur,13.309
nor,13.295
met,13.289
instead,13.272
forgotten,13.264
fervor,13.260
confess,13.257
promot,13.255
war,13.254
magnat,13.243
invit,13.230
freshman,13.225
matter,13.225
left,13.219
insight,13.215
fund,13.213
unalien,13.210
particularli,13.152
justic,13.142
ridicul,13.053
persona,12.965
whatev,12.943
rous,12.931
read,12.929
sudden,12.924
troubl,12.911
cannot,12.878
servic,12.857
elit,12.850
properti,12.814
earn,12.808
welfar,12.797
senatori,12.795
season,12.790
industri,12.735
complic,12.717
test,12.710
rotten,12.707
purpos,12.703
humili,12.703
aid,12.698
three,12.694
certain,12.690
favourit,12.686
premis,12.680
existenti,12.666
reaffirm,12.653
main,12.653
themselv,12.637
discredit,12.616
bore,12.581
belov,12.575
neither,12.556
evid,12.544
ruth,12.533
particular,12.532
knew,12.529
weak,12.485
current,12.446
seek,12.431
join,12.410
fals,12.408
five,12.405
carri,12.385
former,12.374
emerg,12.371
consist,12.363
am,12.351
previous,12.347
heroic,12.347
buy,12.347
controversi,12.339
perish,12.335
dame,12.324
gawki,12.307
break,12.277
practic,12.273
intens,12.268
score,12.252
impass,12.243
clearli,12.237
stuart,12.224
grow,12.200
non,12.184
born,12.147
humil,12.147
refresh,12.122
expuls,12.083
highest,12.075
familiar,12.061
greed,12.058
late,12.057
humor,12.053
gem,12.038
swallow,12.038
forget,12.033
deep,12.012
24,11.989
variou,11.966
ground,11.960
thu,11.953
distinguish,11.949
grade,11.942
less,11.914
relief,11.892
whom,11.877
garner,11.862
climact,11.859
genuin,11.848
flawless,11.841
satir,11.837
newsman,11.834
display,11.822
corp,11.771
librari,11.768
proceed,11.761
strongli,11.745
1930,11.729
imag,11.717
nose,11.713
conscienc,11.708
categori,11.701
attent,11.694
problem,11.694
otherwis,11.691
hometown,11.676
excit,11.626
low,11.618
exhaust,11.598
throat,11.576
forefath,11.532
legend,11.520
quiet,11.492
hill,11.487
near,11.487
success,11.466
argu,11.460
landmark,11.449
lose,11.447
student,11.446
appropri,11.422
telegram,11.404
greater,11.403
legendari,11.391
note,11.384
rampag,11.370
sadli,11.345
shadi,11.329
statu,11.326
somehow,11.306
blend,11.304
commonli,11.294
tycoon,11.294
middl,11.286
intellig,11.266
protagonist,11.253
blue,11.248
pro,11.247
pitch,11.238
knowledg,11.231
interim,11.214
bumbl,11.194
surprisingli,11.177
brilliantli,11.167
thrown,11.166
figur,11.146
harrison,11.137
aspir,11.123
humbl,11.120
victori,11.104
readi,11.101
implement,11.094
impact,11.092
lectur,11.074
engag,11.069
beaten,11.065
grant,11.054
restor,11.042
refus,11.033
attract,10.955
henc,10.947
realis,10.944
shred,10.943
basi,10.935
hilari,10.931
save,10.929
highlight,10.929
guilt,10.914
opportun,10.902
evok,10.895
dare,10.892
basebal,10.888
taken,10.868
surviv,10.840
embodi,10.839
scof,10.822
wage,10.808
sad,10.796
notr,10.796
round,10.781
damn,10.775
exud,10.770
huge,10.763
mankind,10.757
boost,10.745
understand,10.729
comic,10.701
contempt,10.696
slow,10.689
christma,10.679
larg,10.674
door,10.669
protect,10.661
enthral,10.656
bia,10.648
upset,10.638
realism,10.631
chapra,10.613
lincolnian,10.613
caraway,10.613
swiftboat,10.613
againsn,10.613
ban,10.597
worst,10.590
equal,10.571
obviou,10.555
ten,10.538
horizon,10.533
quot,10.484
pay,10.458
enterpris,10.454
rush,10.445
dedic,10.438
exacerb,10.422
secretli,10.409
nonetheless,10.401
estat,10.399
continu,10.397
villain,10.397
suit,10.390
commit,10.335
cinematographi,10.321
claim,10.312
necessarili,10.304
reveal,10.300
water,10.292
deliv,10.286
seriou,10.265
desper,10.234
23,10.230
tast,10.224
convict,10.218
goodby,10.214
government,10.210
afi,10.208
week,10.204
caught,10.200
older,10.197
exact,10.192
listen,10.188
drop,10.182
room,10.181
stage,10.180
zeal,10.178
either,10.170
disagre,10.155
surround,10.141
aliv,10.137
meant,10.131
campaign,10.122
embark,10.101
marvel,10.094
inner,10.088
comed,10.076
conglomer,10.071
porter,10.056
minimum,10.050
pet,10.047
uneth,10.042
breath,10.037
charl,10.033
character,10.032
red,10.029
document,10.028
virtual,10.027
grash,10.011
pllleeeeas,10.011
mamoulian,10.011
notic,10.007
formula,9.987
bias,9.984
sweat,9.971
defeat,9.967
cherish,9.963
commentari,9.945
god,9.941
idiot,9.929
virtu,9.921
acclaim,9.910
approach,9.880
peer,9.867
celebr,9.835
carson,9.831
patern,9.819
1938,9.819
swept,9.815
veteran,9.806
son,9.789
strike,9.780
2006,9.758
craft,9.757
fray,9.748
coax,9.737
handsom,9.734
board,9.731
deni,9.727
simpleton,9.682
energi,9.678
revisit,9.675
writer,9.669
moor,9.642
champion,9.639
vision,9.634
televis,9.597
entrench,9.587
soul,9.577
hot,9.557
player,9.545
96,9.538
grab,9.504
witti,9.491
38,9.481
heard,9.466
1,9.456
shouldn,9.450
higher,9.446
steal,9.427
40,9.416
illiber,9.409
mccarthyist,9.409
compar,9.409
rife,9.408
thoroughli,9.403
tend,9.403
sell,9.402
fear,9.392
pragmat,9.382
worthwhil,9.376
fleme,9.374
plain,9.373
develop,9.369
drive,9.368
centr,9.353
toler,9.348
caricatur,9.344
usa,9.338
dismiss,9.337
util,9.331
stifl,9.307
backlash,9.299
decad,9.288
weren,9.282
8,9.278
concept,9.275
univers,9.274
rubbish,9.264
forward,9.258
dictat,9.246
futur,9.221
gumbi,9.215
screwbal,9.205
resolut,9.205
rebuild,9.197
sympath,9.186
simplist,9.172
background,9.171
border,9.154
2,9.152
improv,9.146
saccharin,9.146
color,9.131
prais,9.128
till,9.124
endear,9.121
scorn,9.118
embarrass,9.105
reject,9.098
held,9.069
chemistri,9.065
infest,9.062
fallen,9.060
rose,9.052
list,9.052
loos,9.040
delight,9.019
commun,9.016
mix,8.984
william,8.972
empow,8.965
stumbl,8.957
selfish,8.948
insist,8.933
reduc,8.912
inexperienc,8.910
content,8.899
undeni,8.899
varieti,8.899
fish,8.896
sordid,8.880
difficult,8.868
alongsid,8.863
relat,8.860
famili,8.855
extra,8.852
deliveri,8.850
wrote,8.837
childhood,8.836
wise,8.827
interpret,8.824
techniqu,8.817
trick,8.816
newsworthi,8.807
iron,8.802
childlik,8.800
sold,8.794
collid,8.789
clear,8.782
swear,8.779
prefer,8.756
lionel,8.752
short,8.749
hay,8.746
dri,8.744
fix,8.735
maker,8.732
germani,8.731
showcas,8.730
hardli,8.724
lovabl,8.707
nobil,8.705
backroom,8.704
stick,8.698
romant,8.674
goon,8.654
depth,8.652
urg,8.651
femal,8.644
branch,8.640
struck,8.633
aw,8.633
shepherd,8.630
wave,8.614
unpublish,8.613
hear,8.607
necessari,8.607
storytel,8.604
bid,8.596
medium,8.594
wilder,8.592
treasur,8.592
sophist,8.591
thirti,8.584
simpson,8.578
studi,8.552
bigshot,8.530
headlin,8.523
rail,8.523
beyond,8.497
transcend,8.482
feet,8.475
congressman,8.454
paternalist,8.454
repeal,8.454
poffi,8.454
panki,8.454
decenc,8.449
instantli,8.443
debat,8.443
vulner,8.442
willing,8.424
guilti,8.400
stare,8.397
prioriti,8.391
combat,8.388
overbear,8.387
persever,8.379
backbon,8.371
distribut,8.352
track,8.344
26,8.340
fail,8.340
oppos,8.335
section,8.331
prevent,8.330
dewi,8.320
tax,8.317
requir,8.316
dead,8.308
fullest,8.306
captur,8.284
earlier,8.283
knack,8.283
explain,8.278
heavili,8.268
regular,8.246
loan,8.243
parad,8.243
elicit,8.239
etc,8.239
pessimist,8.236
music,8.227
poignant,8.226
biggest,8.222
front,8.217
storm,8.216
key,8.206
seed,8.187
screenwrit,8.183
dialogu,8.179
rich,8.160
nosey,8.152
cohn,8.152
solid,8.141
rule,8.126
juxtapos,8.119
spectrum,8.113
rude,8.103
uncorrupt,8.102
introduct,8.101
model,8.097
disgrac,8.087
worthless,8.087
john,8.082
harsh,8.075
sympathi,8.057
duplic,8.056
determinedli,8.055
elector,8.055
team,8.052
share,8.048
fulli,8.046
lowest,8.043
arguabl,8.039
outsid,8.037
juvenil,8.037
funni,8.027
uncanni,8.025
stretch,8.024
guess,8.021
accord,8.016
travel,8.012
meritori,8.011
murdoch,8.011
smack,8.007
choke,7.986
pocket,7.983
shlock,7.968
overlook,7.966
youngster,7.957
surpris,7.952
gun,7.942
noteworthi,7.934
excess,7.931
esqu,7.928
9,7.920
triumphant,7.914
tug,7.911
method,7.903
hey,7.898
million,7.894
arena,7.870
60,7.856
reward,7.854
healthi,7.833
refer,7.826
criticis,7.825
traffic,7.817
spangl,7.817
unexperienc,7.817
foolish,7.814
quintessenti,7.807
mighti,7.799
surfac,7.797
occasion,7.797
shortcom,7.796
justifi,7.796
betray,7.791
dark,7.791
pejor,7.783
tension,7.772
dumb,7.770
procedur,7.729
disgust,7.720
crowd,7.718
amount,7.710
tremend,7.710
interior,7.700
eleven,7.693
four,7.692
rah,7.688
applaus,7.679
fortun,7.674
record,7.671
suffer,7.666
mass,7.661
cute,7.659
core,7.657
anybodi,7.639
rube,7.630
rope,7.629
7,7.623
peril,7.620
protest,7.620
victor,7.615
haven,7.609
endem,7.602
nickel,7.602
implaus,7.602
page,7.599
roosevelt,7.576
matur,7.574
edg,7.571
warmth,7.569
tradit,7.569
likabl,7.566
thrust,7.563
past,7.550
utilitarian,7.550
ought,7.538
70,7.532
area,7.530
constant,7.530
homespun,7.525
uneasili,7.525
propon,7.525
hammer,7.509
winner,7.508
archetyp,7.496
subject,7.496
action,7.487
epitom,7.466
privileg,7.466
glow,7.466
approv,7.462
aforement,7.455
heartwarm,7.449
capabl,7.421
grace,7.418
signatur,7.410
recogn,7.410
herself,7.396
central,7.393
coin,7.380
paint,7.370
unless,7.360
tap,7.351
opposit,7.347
fixer,7.346
upper,7.336
brillianc,7.331
legal,7.327
tactic,7.327
incendiari,7.326
convincingli,7.324
overact,7.311
charlatan,7.306
bigwig,7.306
weakest,7.292
juli,7.292
apart,7.286
cinemat,7.273
gestur,7.268
structur,7.263
anymor,7.255
streetwis,7.250
straightforward,7.238
led,7.232
1998,7.226
fascist,7.223
notori,7.223
fair,7.221
uncov,7.215
melodramat,7.211
jack,7.206
hanki,7.198
grey,7.194
chanc,7.181
shyness,7.181
convey,7.181
heartfelt,7.179
went,7.165
dose,7.165
impervi,7.164
toss,7.156
anyway,7.143
cri,7.137
confus,7.135
rightli,7.134
dishevel,7.132
scrupl,7.132
myth,7.116
stupefi,7.101
culmin,7.090
bravo,7.090
chest,7.087
depart,7.080
provok,7.080
venal,7.071
congratulatori,7.071
ii,7.059
ensu,7.049
enemi,7.048
dealt,7.046
heavi,7.040
grand,7.035
ventur,7.035
due,7.034
shatter,7.018
stone,7.017
sent,7.014
50,7.007
cring,6.996
dear,6.991
stubbornli,6.974
recast,6.974
convers,6.973
neg,6.971
taught,6.970
perceiv,6.952
announc,6.941
presenc,6.940
spark,6.940
1940,6.932
balanc,6.932
hasn,6.926
oil,6.924
pump,6.923
rev,6.923
hunchback,6.910
dishonesti,6.910
inexperi,6.898
reserv,6.895
solut,6.892
assault,6.889
abe,6.874
resolv,6.874
repeat,6.866
smaller,6.863
locat,6.853
suscept,6.851
mount,6.843
4,6.835
em,6.833
pleasant,6.831
pursuit,6.830
applaud,6.828
avoid,6.819
club,6.814
drunk,6.813
illus,6.798
cruelti,6.781
superfici,6.781
monologu,6.781
simultan,6.767
drag,6.767
enter,6.762
strongest,6.759
wander,6.754
straight,6.753
soft,6.753
peak,6.751
espous,6.744
unintend,6.744
collabor,6.743
sam,6.726
tribut,6.725
ineffectu,6.724
chiefli,6.724
shack,6.714
shall,6.711
court,6.711
search,6.705
bell,6.688
clout,6.685
barrack,6.685
rough,6.684
pack,6.683
sledgehamm,6.676
registri,6.676
slightli,6.674
unsubtl,6.666
vacant,6.666
myself,6.663
attend,6.662
blond,6.662
deris,6.657
challeng,6.645
alli,6.642
lion,6.640
affili,6.639
embrac,6.626
scare,6.617
wont,6.614
crusad,6.613
longer,6.610
charismat,6.603
hike,6.595
instabl,6.587
ambassador,6.587
unbeknownst,6.587
holder,6.587
routin,6.583
warren,6.570
ambit,6.558
abject,6.554
sassi,6.546
innocu,6.546
humorless,6.546
cooper,6.526
hose,6.522
schmaltz,6.522
remot,6.513
motion,6.512
despair,6.512
schmaltzi,6.507
focu,6.496
lift,6.488
founder,6.484
trial,6.480
maverick,6.476
antagonist,6.474
shut,6.470
clumsili,6.469
w,6.465
franklin,6.462
buddi,6.456
mercuri,6.454
technic,6.444
invest,6.442
address,6.440
virtuou,6.440
buckl,6.433
engin,6.432
outcom,6.428
heartedli,6.419
proposit,6.419
spectacular,6.417
lucr,6.412
spell,6.408
epic,6.407
lower,6.405
advantag,6.398
bitter,6.394
contemporari,6.388
oeuvr,6.385
fascin,6.379
presidenti,6.378
mogul,6.372
bolster,6.365
add,6.360
tool,6.353
street,6.350
novic,6.346
liter,6.345
danger,6.343
sole,6.338
1934,6.327
treat,6.324
bio,6.320
aren,6.317
nervous,6.314
buff,6.311
skim,6.302
allen,6.291
franc,6.291
replica,6.284
grasp,6.282
demean,6.278
terribl,6.276
lucki,6.274
summari,6.274
frown,6.272
paper,6.267
dread,6.261
defici,6.261
hush,6.261
transit,6.259
execut,6.251
wane,6.249
answer,6.245
somebodi,6.238
beat,6.236
dodgi,6.232
stripe,6.226
meanwhil,6.225
employ,6.225
superbl,6.224
stellar,6.223
crack,6.219
complac,6.215
heroin,6.209
bed,6.208
alan,6.176
den,6.167
dissatisfi,6.167
mould,6.167
target,6.164
unaccept,6.162
callou,6.162
associ,6.161
blind,6.161
batteri,6.157
truest,6.152
georg,6.152
sidelin,6.147
dime,6.137
undoubtedli,6.132
insult,6.132
winc,6.132
jfk,6.132
abandon,6.130
condescend,6.122
trembl,6.122
fulfil,6.118
cleans,6.117
hound,6.117
chore,6.107
superpow,6.102
rein,6.102
yo,6.102
partner,6.099
e,6.098
balconi,6.093
becam,6.091
oper,6.089
kept,6.088
sr,6.083
box,6.079
almighti,6.078
wrap,6.077
bureaucrat,6.074
greatli,6.068
substanc,6.065
knock,6.062
mostli,6.053
typecast,6.051
lick,6.037
epiphani,6.037
fast,6.037
forth,6.034
recal,6.024
profound,6.017
reek,6.015
revolv,6.011
cant,6.011
cost,6.010
wast,6.010
load,6.005
teari,5.998
journey,5.995
bravura,5.985
plainli,5.985
dupe,5.981
paid,5.978
grossli,5.977
bright,5.974
sicilian,5.972
creation,5.969
easiest,5.968
gorgeou,5.956
yield,5.956
k,5.955
darker,5.953
detractor,5.952
malici,5.924
strateg,5.916
dimension,5.908
train,5.904
mother,5.897
taint,5.893
worldli,5.893
hell,5.890
token,5.878
astonish,5.874
29,5.871
heartstr,5.867
finish,5.867
storylin,5.857
synonym,5.856
previou,5.853
leisur,5.852
overt,5.852
mgm,5.852
affair,5.850
savvi,5.849
liar,5.838
administr,5.827
resili,5.827
lovingli,5.824
broker,5.824
januari,5.817
com,5.816
notabl,5.816
mark,5.814
oldest,5.813
indict,5.806
calibr,5.803
deviou,5.800
blossom,5.800
machina,5.796
adulthood,5.783
gee,5.783
conspir,5.779
ostens,5.779
dismay,5.776
persuas,5.776
parabl,5.776
virginia,5.773
demand,5.770
elliott,5.769
exceedingli,5.769
oh,5.769
eh,5.766
dislik,5.761
unknown,5.756
lump,5.753
hang,5.749
disappoint,5.745
shaken,5.744
silenc,5.738
somewher,5.737
machineri,5.737
frustrat,5.735
telephon,5.734
intricaci,5.725
contribut,5.724
advoc,5.715
extend,5.712
selfless,5.712
attitud,5.707
outshin,5.706
pompou,5.706
renew,5.697
capitalist,5.694
male,5.693
earliest,5.691
task,5.681
sander,5.676
1942,5.676
amus,5.675
blood,5.668
g,5.667
overtli,5.664
resign,5.661
belong,5.660
rampant,5.650
pollut,5.644
arm,5.643
complex,5.642
billi,5.641
overboard,5.641
profession,5.639
pleas,5.636
fraud,5.636
robert,5.634
adher,5.633
phenomen,5.630
ol,5.627
invent,5.626
bigger,5.624
tourist,5.622
inadvert,5.622
child,5.613
adject,5.608
sum,5.596
octob,5.594
oblivi,5.592
interfer,5.592
knockout,5.584
hundr,5.579
ugli,5.578
handedli,5.576
financ,5.576
bargain,5.568
cane,5.568
choppi,5.565
whore,5.565
deu,5.557
fault,5.553
instil,5.550
esteem,5.550
pawn,5.550
suav,5.545
draft,5.545
plead,5.542
shadow,5.542
80,5.537
walk,5.527
stack,5.525
giggl,5.520
mayor,5.517
fell,5.513
sceneri,5.498
hallmark,5.498
king,5.488
multipl,5.477
sarcasm,5.474
dvd,5.471
heel,5.469
modest,5.465
jam,5.460
exposur,5.458
afraid,5.457
extraordinari,5.456
accur,5.451
carv,5.449
occur,5.446
green,5.446
worri,5.444
prompt,5.442
object,5.440
speaker,5.433
1944,5.426
abruptli,5.426
unfold,5.425
sail,5.424
filmographi,5.420
unquestion,5.409
phoni,5.406
armor,5.406
exclud,5.406
therefor,5.403
contrast,5.402
experienc,5.401
powerhous,5.400
suck,5.394
craftsmanship,5.394
relentlessli,5.394
awesom,5.391
ma,5.385
stamp,5.385
sheer,5.385
compani,5.382
stern,5.379
pat,5.375
contest,5.372
hide,5.372
nobodi,5.371
brainwash,5.368
submit,5.366
bunch,5.364
virgin,5.358
envis,5.354
weep,5.352
appl,5.350
gari,5.349
poke,5.344
personifi,5.334
surrend,5.334
regularli,5.334
pie,5.332
strategi,5.330
advers,5.324
greek,5.322
youngest,5.320
teenag,5.311
inclin,5.310
transform,5.309
instint,5.306
washingtond,5.306
102honesti,5.306
rayburn,5.306
itbegan,5.306
129min,5.306
penmanship,5.306
thesuprem,5.306
tardiz,5.306
linecom,5.306
smtih,5.306
athur,5.306
epicperform,5.306
anachronisitc,5.306
replaca,5.306
letterpress,5.306
allof,5.306
livadari,5.306
dix,5.306
hollenbeckmr,5.306
allwin,5.306
anyag,5.306
ourgovern,5.306
seemedto,5.306
fillybust,5.306
swellest,5.306
obeisantli,5.306
weall,5.306
jimmystewart,5.306
smithgo,5.306
viewingnot,5.306
absurb,5.306
senatorship,5.306
presitigi,5.306
laughlin,5.306
natl,5.306
littletoo,5.306
sauder,5.306
havlick,5.306
msgtw,5.306
bungling,5.306
abramoff,5.306
nmation,5.306
washigton,5.306
senn,5.306
washingtonb,5.306
bicarbon,5.306
picesan,5.306
bulah,5.306
emrag,5.306
crticism,5.306
hydro,5.306
nonpartisan,5.306
usedtheir,5.306
awakward,5.306
sauner,5.306
clarriss,5.306
thetwentieth,5.306
barthelemi,5.306
hayseederi,5.306
gamali,5.306
beltway,5.306
kibb,5.306
whilestewart,5.306
treacley,5.306
floodwal,5.306
popularist,5.306
hisotr,5.306
theypaint,5.306
lincolm,5.306
foreveri,5.306
makeanoth,5.306
showsexactli,5.306
crackup,5.306
placeman,5.306
dissuas,5.306
towashington,5.306
fatcat,5.306
fishgal,5.306
statesmanship,5.306
jeniif,5.306
throne,5.304
misunderstood,5.299
neatli,5.291
mutual,5.285
hunt,5.284
humour,5.282
stubborn,5.282
elder,5.282
promis,5.280
drawn,5.273
undermin,5.272
steer,5.270
retrospect,5.269
proce,5.267
polar,5.267
bother,5.267
gangster,5.264
divis,5.256
courtroom,5.252
okay,5.244
collect,5.244
drunken,5.243
outing,5.232
reliev,5.232
seri,5.216
desir,5.212
mildli,5.206
tea,5.203
angl,5.193
overblown,5.191
miracul,5.189
ooz,5.177
perspect,5.168
progress,5.164
underton,5.158
len,5.156
preachi,5.153
grandfath,5.153
servant,5.148
warn,5.145
seventi,5.145
monoton,5.143
privat,5.142
defin,5.141
breakdown,5.140
melt,5.140
bath,5.140
grin,5.138
decis,5.137
event,5.134
wet,5.132
joy,5.119
limit,5.113
district,5.106
overus,5.102
harden,5.099
reflect,5.099
disregard,5.098
unconvinc,5.095
incarn,5.093
al,5.086
mode,5.084
blatant,5.083
narrow,5.075
roll,5.075
tunnel,5.072
synopsi,5.065
distort,5.062
trivial,5.059
y,5.056
fli,5.056
apolog,5.055
quietli,5.052
repris,5.051
respons,5.049
handl,5.046
health,5.045
sore,5.024
deservedli,5.024
rent,5.019
itali,5.018
publish,5.013
reinforc,5.013
longfellow,5.005
directing10,5.005
writor,5.005
unexpir,5.005
stanislovski,5.005
steepli,5.005
auther,5.005
delib,5.005
stripl,5.005
macpherson,5.005
kertesz,5.005
fillibust,5.005
anyonewho,5.005
washinton,5.005
meltingli,5.005
concupisc,5.005
marveolu,5.005
rouben,5.005
stutteri,5.005
copra,5.005
factotum,5.005
bigheart,5.005
cronyism,5.005
gretl,5.005
ripken,5.005
manner,5.002
1989,4.995
priceless,4.994
o,4.993
smart,4.993
cover,4.985
grip,4.982
hardship,4.976
return,4.974
meat,4.968
blur,4.967
aris,4.964
wholli,4.963
likewis,4.959
counter,4.955
pour,4.948
inject,4.944
catch,4.943
flashi,4.943
hollow,4.941
unpleas,4.940
slightest,4.936
adolesc,4.934
mock,4.932
broad,4.918
creativ,4.915
hack,4.915
pivot,4.914
et,4.908
hungri,4.904
regard,4.898
vibrant,4.897
exhibit,4.896
union,4.893
button,4.888
delici,4.879
forev,4.877
crown,4.875
ration,4.867
slice,4.867
dick,4.863
hole,4.860
passag,4.859
strive,4.855
inher,4.850
conquer,4.848
suffic,4.842
contradict,4.841
wait,4.839
obstacl,4.833
painful,4.829
meddler,4.829
speechmak,4.829
throughth,4.829
wese,4.829
ofthos,4.829
communitarian,4.829
gavel,4.829
mcgann,4.829
forbest,4.829
filmstock,4.829
cloakroom,4.829
myle,4.829
cold,4.821
trio,4.817
narr,4.817
greedi,4.814
fifth,4.812
fetch,4.812
twist,4.804
wheel,4.802
partli,4.788
tone,4.787
violenc,4.782
moreov,4.781
recognis,4.778
fifteen,4.773
declar,4.773
boredom,4.773
intrigu,4.768
fundament,4.766
accolad,4.763
radio,4.757
gay,4.754
gap,4.752
profan,4.751
distress,4.749
emphasi,4.748
sustain,4.748
20,4.745
skeptic,4.745
forti,4.744
decept,4.744
defens,4.742
intim,4.741
digniti,4.740
climat,4.740
imagin,4.731
free,4.726
scienc,4.724
gentl,4.721
editor,4.721
plagu,4.714
melodrama,4.713
princip,4.705
delano,4.704
authur,4.704
boondoggl,4.704
arkansa,4.704
theiv,4.704
centralis,4.704
bruckenheim,4.704
mackerel,4.704
seee,4.704
regulatori,4.704
solon,4.704
stonewal,4.704
mcgwire,4.704
kneed,4.704
partisanship,4.704
empathi,4.701
dilemma,4.700
jr,4.698
0,4.698
im,4.697
valuabl,4.692
slap,4.690
immort,4.690
www,4.684
launch,4.682
torment,4.681
similarli,4.681
6,4.675
suppli,4.675
secondli,4.674
admittedli,4.673
poor,4.668
savag,4.655
16,4.640
1984,4.632
aggress,4.625
wealthi,4.621
hopeless,4.618
text,4.614
rid,4.611
pile,4.610
territori,4.610
nerv,4.609
thurmond,4.607
dinah,4.607
alterior,4.607
conferenc,4.607
womp,4.607
arther,4.607
descri,4.607
campground,4.607
gest,4.607
broadsheet,4.607
inoc,4.607
intial,4.607
mobilis,4.607
financi,4.605
commend,4.601
ensur,4.595
normal,4.592
format,4.577
exercis,4.577
oppress,4.577
blow,4.576
particip,4.572
portion,4.572
feed,4.565
aesthet,4.565
echo,4.560
standout,4.555
exquisit,4.554
splendid,4.545
suprem,4.544
dust,4.534
sublim,4.530
knowing,4.528
fiefdom,4.528
stiffen,4.528
termit,4.528
poetic,4.527
tv,4.521
shi,4.515
design,4.501
laughabl,4.497
silver,4.496
phrase,4.491
leagu,4.485
shoot,4.484
advis,4.482
fat,4.481
function,4.480
daili,4.480
furi,4.479
feat,4.479
code,4.474
ego,4.474
outrag,4.473
program,4.470
3,4.468
acknowledg,4.467
slip,4.467
hardbal,4.461
newsmen,4.461
hypocraci,4.461
vp,4.461
uptil,4.461
picayun,4.461
lobbyist,4.461
everymen,4.461
europ,4.452
birth,4.450
lesser,4.446
channel,4.446
2000,4.446
competit,4.442
infam,4.442
pound,4.429
adapt,4.421
shoe,4.411
wrench,4.406
pone,4.403
unswerv,4.403
naiviti,4.403
anand,4.403
realpolitik,4.403
workingman,4.403
envolv,4.403
ungainli,4.403
bullish,4.403
aniston,4.403
react,4.400
assign,4.400
sir,4.398
brand,4.398
trademark,4.398
backdrop,4.396
devast,4.392
nasti,4.390
reson,4.387
mechan,4.383
span,4.383
impecc,4.377
slight,4.373
settl,4.371
bold,4.370
elabor,4.370
bone,4.366
tini,4.363
portrait,4.358
witch,4.357
correspondingli,4.352
naif,4.352
oversentiment,4.352
authoris,4.352
urbanit,4.352
busiest,4.352
greenhorn,4.352
forgot,4.351
occas,4.348
imdb,4.342
indic,4.338
chair,4.337
luck,4.336
footag,4.330
guid,4.327
underr,4.323
corner,4.318
sinist,4.313
proper,4.313
pursu,4.309
tweed,4.306
zinnemann,4.306
hansel,4.306
hap,4.306
overaw,4.306
requit,4.306
irrig,4.306
bloodsuck,4.306
bulworth,4.306
buchanan,4.306
usernam,4.306
candi,4.306
notion,4.301
loyalti,4.294
lay,4.279
devot,4.279
illustr,4.271
stylish,4.268
backstabb,4.265
fait,4.265
boyishli,4.265
faithless,4.265
unsurmount,4.265
thestori,4.265
examin,4.263
clark,4.254
1950,4.254
plant,4.252
rave,4.243
helm,4.243
shake,4.230
knucklehead,4.227
dizzyingli,4.227
finagl,4.227
equiti,4.227
turpitud,4.227
pre,4.217
letter,4.216
theatric,4.213
vehicl,4.210
eight,4.209
enorm,4.208
pretenti,4.206
skywalk,4.203
chose,4.202
elev,4.202
adventur,4.202
yourself,4.200
mid,4.198
compet,4.195
interview,4.195
reportag,4.192
spindli,4.192
fullscreen,4.192
top100project,4.192
winningli,4.192
mightn,4.192
sightse,4.192
km,4.192
spoilersit,4.192
authorship,4.192
ear,4.187
prior,4.185
wwii,4.183
gradual,4.182
kinda,4.179
uniqu,4.173
shock,4.172
deliber,4.167
sequel,4.161
skelter,4.160
readership,4.160
singleton,4.160
oy,4.160
helter,4.160
restlessli,4.160
checkout,4.160
frequent,4.153
phone,4.152
alter,4.150
anywher,4.145
mesmer,4.144
samuel,4.143
poorli,4.135
cincinnati,4.130
flunki,4.130
patronag,4.130
thorni,4.130
rigeur,4.130
taxpay,4.130
puller,4.130
tastic,4.130
amongst,4.130
dynam,4.124
measur,4.122
independ,4.114
crash,4.107
fit,4.107
intransig,4.102
yen,4.102
26th,4.102
tobe,4.102
gunga,4.102
posterior,4.102
bank,4.100
philosophi,4.099
accompani,4.094
altern,4.090
welcom,4.084
tabl,4.083
credit,4.080
slinger,4.076
woozi,4.076
adjoin,4.076
volt,4.076
campsit,4.076
cat,4.070
glori,4.057
amazingli,4.055
translat,4.054
regardless,4.053
version,4.053
slingshot,4.051
rober,4.051
commensur,4.051
natch,4.051
rustl,4.051
befallen,4.051
skulk,4.051
degre,4.050
topic,4.048
astound,4.048
suicid,4.046
ourselv,4.044
blame,4.041
yokel,4.028
gust,4.028
intermezzo,4.028
dumpi,4.028
allig,4.028
station,4.023
sword,4.023
spoiler,4.020
remov,4.018
piti,4.013
brave,4.010
gut,4.008
sprightli,4.005
unfail,4.005
backwood,4.005
extent,4.004
gotten,3.997
dad,3.992
book,3.985
valanc,3.984
gutless,3.984
freshmen,3.984
intern,3.984
ex,3.982
whenev,3.967
awaken,3.964
politico,3.964
1922,3.964
grandmast,3.964
flunk,3.964
undemand,3.964
gala,3.964
bottom,3.953
theater,3.947
bumpkin,3.945
statesman,3.945
shunt,3.945
slushi,3.945
avidli,3.945
underprivileg,3.945
attrit,3.945
unspool,3.945
mitch,3.945
trove,3.945
unblemish,3.945
4000,3.945
candidli,3.945
hadn,3.940
teacher,3.939
guard,3.936
lone,3.935
sake,3.934
authent,3.934
closer,3.934
organ,3.932
circumst,3.929
folk,3.926
sheepish,3.926
themself,3.926
pol,3.926
mouthpiec,3.926
nowher,3.925
possess,3.922
tens,3.922
irrefut,3.908
souffl,3.908
afresh,3.908
standstil,3.908
denunci,3.908
exhort,3.908
apiec,3.908
comfort,3.899
gift,3.897
ill,3.897
maintain,3.894
landscap,3.894
adamantli,3.891
hesitantli,3.891
undeservedli,3.891
plunk,3.891
pageantri,3.891
gower,3.891
faze,3.891
anticip,3.884
surpass,3.881
unexpect,3.880
disappear,3.878
bear,3.877
sat,3.876
environ,3.875
unduli,3.875
backer,3.875
manchest,3.875
defam,3.875
fondl,3.875
stereotyp,3.871
doubl,3.868
distract,3.866
depend,3.862
inbetween,3.859
chast,3.859
poli,3.859
rooney,3.859
stammer,3.859
fidgeti,3.859
outstay,3.859
trap,3.854
whilst,3.849
fox,3.845
consequ,3.844
watkin,3.844
strum,3.844
credo,3.844
slimebal,3.844
antelop,3.844
numer,3.843
weapon,3.838
trip,3.834
giant,3.832
wrapper,3.829
cleveland,3.829
gangren,3.829
paean,3.829
avow,3.829
massiv,3.829
brief,3.818
assum,3.816
podcast,3.815
millionth,3.815
hundredth,3.815
teapot,3.815
patti,3.815
keel,3.815
terrificli,3.815
bomb,3.814
unnecessari,3.805
acr,3.801
quash,3.801
undaunt,3.801
outlast,3.801
six,3.799
began,3.798
furor,3.788
unrecogn,3.788
goldwyn,3.788
duller,3.788
summarili,3.788
steamrol,3.788
untap,3.788
ensconc,3.788
regret,3.779
pleasur,3.777
safe,3.777
cal,3.775
tonic,3.775
idealis,3.775
instanc,3.769
compos,3.763
doodl,3.762
bedrock,3.762
itun,3.762
malleabl,3.762
adroitli,3.762
surefir,3.750
ja,3.750
lark,3.750
uncompromisingli,3.750
reopen,3.750
rang,3.746
slander,3.738
farrel,3.738
unspoil,3.738
throng,3.738
villan,3.738
civil,3.737
anger,3.735
liabl,3.727
quench,3.727
sentimentalist,3.727
ascrib,3.727
contenti,3.727
chaser,3.727
foreplay,3.727
bootstrap,3.727
thousand,3.723
scream,3.717
destruct,3.716
soundstag,3.715
altruism,3.715
showboat,3.715
29th,3.715
inasmuch,3.715
folksi,3.715
harvey,3.709
mouth,3.706
adhd,3.704
scratchi,3.704
dispirit,3.704
acumen,3.704
sacrilegi,3.704
hardboil,3.704
hm,3.704
cheesiest,3.704
logic,3.699
kane,3.697
nasal,3.694
irat,3.694
magnanim,3.694
bugger,3.694
garrett,3.694
cucumb,3.694
quick,3.691
driven,3.690
specif,3.688
lanki,3.683
unreward,3.683
doggedli,3.683
manoeuvr,3.683
oath,3.683
idli,3.683
foist,3.683
photographi,3.681
yippe,3.673
prizefight,3.673
imbib,3.673
trinket,3.673
miscreant,3.673
tomboy,3.673
hearted,3.673
auspici,3.673
crap,3.672
cornbal,3.663
bitingli,3.663
callow,3.663
viva,3.663
speedi,3.653
tenet,3.653
unasham,3.653
vigour,3.653
bevi,3.653
jarringli,3.653
deeper,3.645
metamorphos,3.644
golli,3.644
wag,3.644
infinitum,3.644
jingoist,3.644
remak,3.636
250,3.634
beaver,3.634
sugarco,3.634
tosh,3.634
quixot,3.634
ship,3.634
copi,3.629
briberi,3.625
seami,3.625
inebri,3.625
100th,3.625
tirelessli,3.625
sheik,3.616
emigr,3.616
caligari,3.616
shoo,3.616
modestli,3.607
dab,3.607
dramedi,3.607
co,3.607
younger,3.606
superhero,3.600
blown,3.599
liven,3.599
arbitrarili,3.599
silent,3.595
road,3.592
waysid,3.590
docil,3.590
jockey,3.590
upstand,3.590
armchair,3.590
flow,3.588
1001,3.582
puppetri,3.582
deepli,3.580
sister,3.579
bar,3.579
british,3.578
encount,3.578
sosa,3.574
cesspool,3.574
tire,3.573
technolog,3.571
unwis,3.566
wildlif,3.558
blurt,3.558
beau,3.558
disench,3.558
fidget,3.558
nexu,3.558
tinseltown,3.558
expedi,3.550
canni,3.550
peach,3.550
cross,3.548
wife,3.546
mission,3.544
impract,3.543
wool,3.543
zealot,3.543
duplicit,3.543
unforgett,3.540
wrenchingli,3.535
mitig,3.535
incompat,3.535
colder,3.535
hooray,3.535
dull,3.531
super,3.531
hurt,3.529
congreg,3.528
bluff,3.528
fiber,3.528
charit,3.528
aberr,3.528
bolder,3.528
infomerci,3.528
york,3.528
tutelag,3.521
cosi,3.521
nth,3.521
cliqu,3.521
bulki,3.521
unshak,3.521
silli,3.519
bare,3.518
obsess,3.515
liabil,3.514
bimbo,3.514
deflect,3.514
cinemascop,3.514
bluster,3.514
lagsreview,3.514
crumb,3.514
chill,3.513
spent,3.509
au,3.507
sewag,3.507
pension,3.507
freakish,3.507
modesti,3.507
imped,3.507
preoccup,3.507
prep,3.507
kick,3.502
platon,3.500
oven,3.500
reread,3.500
damp,3.500
armi,3.499
twice,3.496
writh,3.493
namesak,3.493
ivori,3.493
guffaw,3.493
deplet,3.493
willpow,3.493
notch,3.488
dole,3.487
acerb,3.480
sanctuari,3.480
doctrin,3.480
claus,3.480
overturn,3.480
explos,3.480
afro,3.474
pointi,3.474
conting,3.474
pitiabl,3.468
unequ,3.468
soppi,3.468
ahead,3.463
syrup,3.461
month,3.458
arctic,3.455
heterosexu,3.455
tutor,3.455
despot,3.455
superimpos,3.455
fortifi,3.455
plu,3.452
uproar,3.449
fasten,3.449
schoolgirl,3.449
compellingli,3.449
sensationalist,3.449
duli,3.449
gunpowd,3.443
pier,3.443
costar,3.443
depressingli,3.443
glad,3.442
mistak,3.441
disaffect,3.437
trust,3.434
overtim,3.431
1937,3.431
ebb,3.431
length,3.429
brain,3.426
nugget,3.426
individualist,3.426
unsurpris,3.426
evan,3.426
din,3.426
lotteri,3.426
syrupi,3.426
unus,3.426
unflinchingli,3.426
skewer,3.426
starlet,3.426
optic,3.420
moot,3.420
reproduct,3.420
goodwil,3.420
empir,3.420
discuss,3.415
inscrut,3.414
mono,3.414
weepi,3.414
unashamedli,3.414
grader,3.409
adag,3.409
privi,3.409
zealou,3.403
incent,3.403
nuisanc,3.403
huey,3.403
interject,3.403
boon,3.398
covert,3.398
gooder,3.398
plenti,3.395
firepow,3.393
undergon,3.393
renounc,3.393
shah,3.393
sexism,3.393
afteral,3.387
72,3.387
perk,3.387
innermost,3.387
ulterior,3.387
incessantli,3.387
unrest,3.387
starri,3.387
post,3.384
revil,3.382
cornerston,3.382
boister,3.382
spoil,3.378
headstrong,3.377
stamped,3.377
billboard,3.377
ranch,3.377
expir,3.377
erod,3.372
voluntarili,3.367
unsung,3.367
mire,3.367
longev,3.367
shin,3.362
misgiv,3.362
clay,3.362
hungarian,3.362
orlean,3.362
fraudul,3.362
unoffici,3.362
excerpt,3.357
loveabl,3.357
ussr,3.357
raptur,3.357
lover,3.355
underag,3.352
incorrupt,3.352
dismantl,3.352
dissuad,3.352
jump,3.352
monetari,3.347
11th,3.347
altruist,3.347
hangov,3.347
addit,3.346
wors,3.344
specialti,3.343
garish,3.343
martini,3.343
mood,3.339
slug,3.338
sow,3.338
staggeringli,3.338
consent,3.338
bereft,3.338
dove,3.333
willow,3.333
needn,3.333
adulter,3.333
demeanour,3.333
unmov,3.329
imparti,3.329
shane,3.329
consolid,3.329
fring,3.324
vigil,3.324
interperson,3.324
infal,3.324
honorari,3.324
unabashedli,3.320
pm,3.320
juggernaut,3.320
labori,3.315
afloat,3.311
astronom,3.311
77,3.311
spunki,3.311
perch,3.311
vindict,3.311
german,3.310
wow,3.310
unsuit,3.306
tempera,3.306
illiter,3.302
repugn,3.302
43,3.302
connolli,3.302
reactionari,3.298
constrain,3.298
pigeon,3.298
unbridl,3.298
subscrib,3.294
zest,3.294
overarch,3.294
starkli,3.294
unarm,3.294
discours,3.294
notebook,3.294
detroit,3.294
apex,3.289
impenetr,3.289
steward,3.289
scapegoat,3.289
devastatingli,3.289
revenu,3.289
scintil,3.285
match,3.285
crew,3.283
materi,3.281
poignantli,3.281
mushi,3.281
exalt,3.281
enraptur,3.281
overdr,3.281
mice,3.281
everybodi,3.279
radiant,3.277
canyon,3.277
hast,3.277
squeaki,3.277
contributor,3.273
daydream,3.273
featurett,3.269
renam,3.269
coerc,3.265
fluiditi,3.265
picnic,3.265
cutest,3.265
mania,3.261
explet,3.261
upright,3.261
credenti,3.261
megalomaniac,3.257
gwtw,3.257
sleaz,3.257
balk,3.257
nazi,3.257
redempt,3.257
centuri,3.256
default,3.249
unneed,3.249
reciev,3.249
amiabl,3.249
citadel,3.246
rollick,3.246
carrier,3.246
banner,3.246
tic,3.246
check,3.243
chameleon,3.242
ford,3.239
crusti,3.238
untold,3.238
perenni,3.238
lumber,3.238
1956,3.238
joke,3.236
benign,3.234
beguil,3.234
nifti,3.234
echelon,3.234
whiz,3.231
snapshot,3.231
bemus,3.227
stoop,3.227
tenac,3.227
languag,3.227
minor,3.226
fumbl,3.224
vener,3.224
unscath,3.224
smitten,3.224
exert,3.220
explor,3.217
incredul,3.216
axi,3.216
louisiana,3.216
tabloid,3.216
wall,3.216
sworn,3.213
disillusion,3.213
inconveni,3.213
decim,3.213
treason,3.213
shenanigan,3.209
lowli,3.209
cutthroat,3.206
oldi,3.206
wimpi,3.203
teeter,3.203
sorri,3.202
sizzl,3.199
misus,3.199
conundrum,3.199
aloud,3.199
bureaucraci,3.196
ineffect,3.196
amend,3.196
scoop,3.192
embroil,3.192
englishman,3.192
boyhood,3.192
standard,3.191
conductor,3.189
gratif,3.189
craftsman,3.189
newbi,3.189
cutout,3.189
dummi,3.186
130,3.186
dialog,3.185
elat,3.182
heartbroken,3.182
impetu,3.182
delin,3.182
stomp,3.182
yanke,3.179
seeth,3.179
cohort,3.179
partisan,3.179
activist,3.176
socio,3.176
scenic,3.176
exasper,3.176
sphere,3.173
110,3.173
nefari,3.173
toppl,3.170
relic,3.170
coverag,3.170
dishearten,3.170
frog,3.170
skil,3.170
ail,3.166
circular,3.166
astoundingli,3.166
blister,3.163
rockwel,3.163
connot,3.160
rake,3.160
statuett,3.160
renault,3.160
nuff,3.157
offspr,3.157
precursor,3.157
bitten,3.157
sleeper,3.157
column,3.157
10http,3.157
uncar,3.154
histrion,3.154
vindic,3.154
tcm,3.151
disclos,3.151
underpin,3.151
endeavour,3.151
bogu,3.151
whichev,3.148
zip,3.148
peg,3.148
conscienti,3.148
confound,3.148
adult,3.146
pri,3.145
cheerlead,3.145
submerg,3.142
bobafett1138,3.142
dumbfound,3.142
ok,3.140
idioci,3.139
sap,3.139
precari,3.139
attest,3.136
wax,3.136
ditto,3.136
maneuv,3.136
publicli,3.133
justli,3.133
uphold,3.130
allot,3.130
shone,3.130
supervis,3.130
promptli,3.130
rise,3.128
basket,3.127
sweden,3.127
quaint,3.125
phenomena,3.125
tarnish,3.125
misti,3.125
sweeney,3.119
reach,3.118
illustri,3.113
dishonest,3.113
hatti,3.113
soda,3.113
empathet,3.110
thespian,3.110
sneer,3.108
hilt,3.108
pa,3.108
anthem,3.108
connect,3.106
eclect,3.105
microcosm,3.105
cultiv,3.102
converg,3.102
grappl,3.102
unreason,3.102
abort,3.102
coz,3.102
waver,3.100
goddamn,3.097
mishap,3.097
sneaki,3.097
synchron,3.094
classroom,3.094
subvert,3.092
flush,3.089
stabil,3.086
immun,3.086
annoyingli,3.086
impart,3.086
gal,3.084
demil,3.084
thirdli,3.081
scath,3.081
implor,3.081
toddler,3.081
evidenc,3.081
prot,3.078
inconceiv,3.078
contin,3.076
brass,3.073
withdraw,3.073
limelight,3.073
wildest,3.073
kingpin,3.073
consecut,3.073
sandwich,3.073
stupid,3.073
blurri,3.071
moralist,3.071
upgrad,3.068
unto,3.068
allegi,3.068
pluck,3.066
sardon,3.066
pertin,3.063
sermon,3.063
pristin,3.063
requisit,3.063
selznick,3.061
sammi,3.061
pertain,3.058
homer,3.058
hurl,3.056
weekli,3.056
onscreen,3.053
dunno,3.053
scrambl,3.053
65,3.053
debaucheri,3.053
unresolv,3.051
de,3.051
offset,3.049
rejoic,3.046
93,3.046
flimsi,3.046
stride,3.044
crass,3.042
undercurr,3.042
censorship,3.039
vault,3.039
shamelessli,3.039
unknowingli,3.039
defenc,3.039
shuffl,3.039
noisi,3.035
insect,3.035
untim,3.032
egotist,3.032
benevol,3.030
chillingli,3.030
darl,3.028
unbeat,3.028
barrag,3.028
yank,3.028
curtiz,3.023
1931,3.023
31,3.023
autobiographi,3.023
vent,3.023
reclaim,3.019
astut,3.019
33,3.016
bethani,3.014
scholar,3.012
idyl,3.012
innuendo,3.007
utilis,3.005
criteria,3.005
crackl,3.005
unheard,3.003
verit,3.003
10th,3.001
mantl,3.001
quo,3.001
none,3.001
bs,2.999
palat,2.999
amalgam,2.997
watson,2.997
plea,2.997
ride,2.996
releg,2.992
moviemak,2.992
unsurpass,2.992
acut,2.992
personif,2.992
earth,2.991
compil,2.990
wagon,2.990
oft,2.990
pub,2.990
vocabulari,2.990
griffith,2.988
uncut,2.986
emili,2.984
car,2.983
input,2.982
marathon,2.982
muster,2.982
atmospher,2.981
pencil,2.980
ny,2.980
lucid,2.980
tyrann,2.980
swoop,2.980
april,2.978
consol,2.978
feisti,2.978
cloak,2.978
impression,2.978
expressionist,2.978
brutal,2.976
sensual,2.974
ting,2.974
beacon,2.974
purest,2.970
bribe,2.970
loudli,2.970
camaraderi,2.970
henchman,2.970
dialoug,2.968
pledg,2.962
strikingli,2.962
griev,2.962
prayer,2.962
covet,2.960
stain,2.960
refreshingli,2.958
herd,2.958
detriment,2.958
dilut,2.958
broader,2.956
sheet,2.956
kindli,2.956
kill,2.955
tribul,2.954
imbu,2.954
ugh,2.952
42,2.950
beatti,2.950
harass,2.950
ram,2.948
orbit,2.948
smirk,2.948
feather,2.947
repel,2.947
ode,2.947
smartest,2.945
unsuspect,2.945
vigor,2.945
abli,2.943
modifi,2.943
chock,2.943
navi,2.943
deft,2.941
hyperbol,2.941
irrespons,2.939
mug,2.939
grass,2.939
ether,2.935
heritag,2.935
swift,2.932
dope,2.932
thrill,2.930
halt,2.930
permit,2.928
wyler,2.928
balboa,2.928
tangl,2.926
hindsight,2.926
infuri,2.924
majesti,2.923
nag,2.923
halv,2.915
intrud,2.912
catapult,2.912
assort,2.912
hick,2.910
conceptu,2.908
slate,2.907
sampl,2.907
filthi,2.903
wari,2.903
scrutini,2.902
prone,2.902
programm,2.900
swell,2.896
behalf,2.893
treacher,2.893
textbook,2.891
prosper,2.890
finer,2.890
outdoor,2.890
tide,2.890
proudli,2.888
summon,2.886
sabotag,2.886
steril,2.885
overplay,2.885
dir,2.885
florida,2.883
taunt,2.883
whack,2.883
gravita,2.881
galleri,2.881
keeper,2.880
blondi,2.878
biograph,2.878
dreami,2.878
underplay,2.878
reunion,2.878
reassur,2.877
refug,2.877
vidal,2.875
august,2.873
famous,2.873
enact,2.872
intuit,2.870
fieri,2.869
cox,2.867
arti,2.867
incorrect,2.867
outburst,2.867
closeup,2.865
hatch,2.865
1945,2.864
mason,2.864
amateurish,2.862
coincident,2.862
z,2.862
everytim,2.862
lad,2.861
gunshot,2.858
knight,2.857
poland,2.855
fuzzi,2.855
smug,2.855
stud,2.855
bye,2.855
babe,2.853
slang,2.852
disrupt,2.850
flare,2.850
labour,2.850
third,2.849
splash,2.848
defiantli,2.847
probe,2.847
ruler,2.847
hopelessli,2.847
simplest,2.847
spellbound,2.845
goos,2.844
hokey,2.844
estim,2.844
falter,2.842
finess,2.842
trope,2.842
puriti,2.841
myriad,2.841
lightheart,2.839
transpir,2.838
irrat,2.837
strangl,2.835
readili,2.835
ralli,2.835
minnesota,2.835
allud,2.835
orchestra,2.834
censor,2.834
protector,2.832
cooki,2.832
obligatori,2.831
fascism,2.831
stun,2.830
murki,2.829
th,2.828
cream,2.828
navig,2.828
applic,2.826
partnership,2.825
freeli,2.825
simplifi,2.825
mud,2.823
bombard,2.823
dug,2.823
emphasis,2.822
morph,2.818
perri,2.815
unemploy,2.815
00,2.815
space,2.815
180,2.814
olivi,2.814
escap,2.811
simpler,2.808
ach,2.808
fathom,2.808
extravag,2.808
mimic,2.805
wolv,2.805
meantim,2.805
signifi,2.805
multitud,2.804
swamp,2.804
superflu,2.804
stoic,2.803
subvers,2.803
uniformli,2.801
borderlin,2.801
potato,2.800
scam,2.800
vintag,2.800
trump,2.798
detest,2.797
snappi,2.797
inept,2.794
lunch,2.793
jeffrey,2.792
alleg,2.792
economi,2.790
prestigi,2.790
concret,2.789
clueless,2.788
outlandish,2.787
rooki,2.784
unpreced,2.784
flamboy,2.784
tack,2.777
electron,2.776
patron,2.775
analog,2.774
unnatur,2.772
romp,2.772
dubiou,2.772
poem,2.771
denouement,2.770
cling,2.770
invok,2.770
outdat,2.767
creed,2.766
lightli,2.766
slimi,2.765
1920,2.765
allur,2.764
footstep,2.764
cannon,2.762
1962,2.762
chunk,2.760
brit,2.760
daddi,2.760
medal,2.759
rariti,2.757
extinct,2.757
streak,2.756
neutral,2.756
cow,2.755
blair,2.754
drip,2.754
coupl,2.753
mega,2.752
accustom,2.752
starter,2.751
sway,2.749
recit,2.749
st,2.748
introspect,2.748
eaten,2.748
laud,2.746
grape,2.746
gentlemen,2.746
chat,2.745
tempo,2.745
mail,2.744
adversari,2.743
biopic,2.741
occurr,2.741
assess,2.739
hung,2.737
trivia,2.737
static,2.737
referenc,2.737
coach,2.735
journal,2.733
viru,2.733
lake,2.732
recur,2.732
travesti,2.731
countrysid,2.731
extraordinarili,2.731
ladder,2.730
dissect,2.730
invinc,2.729
unmatch,2.728
bicycl,2.728
stem,2.727
fanboy,2.727
rural,2.727
hypocrisi,2.727
testimoni,2.727
uncertain,2.725
underestim,2.725
stanc,2.725
muddl,2.721
filler,2.721
encapsul,2.720
bout,2.720
stink,2.718
therebi,2.716
emul,2.714
polici,2.714
sfx,2.713
relationship,2.712
percent,2.712
messi,2.712
bliss,2.711
sparkl,2.711
denial,2.708
exemplifi,2.706
laden,2.706
assert,2.706
widescreen,2.705
kennedi,2.704
gloss,2.703
compris,2.702
richli,2.701
hallow,2.701
articul,2.699
cite,2.699
ceremoni,2.699
mesmeris,2.698
lunat,2.698
remad,2.697
akin,2.695
fearless,2.694
region,2.694
unfamiliar,2.694
preval,2.694
contract,2.694
penni,2.693
bust,2.693
inherit,2.690
downsid,2.690
foil,2.688
anchor,2.685
incompet,2.685
deceiv,2.684
jon,2.682
rag,2.681
chord,2.679
infus,2.679
deterior,2.678
enrich,2.678
cent,2.675
affirm,2.674
hurri,2.671
coward,2.671
nicknam,2.669
tom,2.668
classi,2.668
bett,2.668
domest,2.668
teas,2.664
asset,2.664
exterior,2.664
vocal,2.664
demeanor,2.663
buffalo,2.663
bike,2.662
ham,2.661
masterwork,2.660
unexpectedli,2.657
uninspir,2.655
hug,2.655
eagerli,2.655
5th,2.653
slam,2.651
knee,2.650
gaze,2.650
1992,2.650
grandios,2.647
apt,2.647
mickey,2.646
conform,2.645
occup,2.644
palpabl,2.644
nearbi,2.642
renown,2.642
restrict,2.641
gender,2.641
anguish,2.639
magnitud,2.639
sigh,2.638
bailey,2.638
bum,2.638
opu,2.637
mar,2.637
churn,2.637
redund,2.636
raid,2.635
flood,2.635
sterl,2.634
ingrid,2.634
seduc,2.633
lurk,2.631
anniversari,2.631
sadden,2.631
divin,2.631
retard,2.630
household,2.629
22,2.629
dim,2.628
equat,2.628
barrymor,2.625
nemesi,2.624
75,2.624
evoc,2.623
inclus,2.623
monro,2.623
footbal,2.622
mislead,2.622
pant,2.620
rider,2.616
500,2.614
eighti,2.614
pinnacl,2.614
disjoint,2.614
vet,2.614
decemb,2.614
warp,2.612
classifi,2.612
wine,2.611
shirt,2.611
intellect,2.609
instruct,2.607
longest,2.607
titular,2.607
artistri,2.607
passiv,2.607
cardboard,2.607
righteou,2.607
monolith,2.607
lethal,2.605
disc,2.605
breed,2.605
envelop,2.605
unsur,2.604
degrad,2.603
ridden,2.599
necess,2.598
21,2.596
michael,2.596
comprehens,2.595
exclus,2.595
verg,2.593
fabric,2.593
peculiar,2.593
enabl,2.590
sale,2.590
deepest,2.589
crumbl,2.588
sugar,2.588
goosebump,2.587
stagger,2.586
walker,2.585
wield,2.585
aura,2.583
profoundli,2.582
persist,2.581
jewel,2.580
interestingli,2.579
2009,2.579
spain,2.576
uneasi,2.576
breathless,2.575
tail,2.575
spectat,2.574
snap,2.573
unsatisfi,2.572
dash,2.572
genr,2.571
bent,2.568
drove,2.568
lemmon,2.565
ms,2.564
battlefield,2.563
yearn,2.563
tightli,2.560
spade,2.560
recogniz,2.559
prospect,2.557
chick,2.554
awhil,2.554
gabl,2.553
muscl,2.552
fuss,2.550
seldom,2.549
norm,2.547
mastermind,2.547
closur,2.544
outlook,2.544
request,2.544
momentum,2.543
unimagin,2.541
eddi,2.541
tramp,2.541
incident,2.541
flair,2.540
chicago,2.539
trite,2.538
persuad,2.538
darn,2.537
propel,2.537
radic,2.534
lyric,2.534
conserv,2.534
steel,2.534
lol,2.533
nomine,2.533
profess,2.529
spotless,2.529
shaki,2.528
breakthrough,2.527
patho,2.527
equip,2.525
bleed,2.525
19,2.524
evalu,2.522
qualifi,2.521
blogspot,2.520
4th,2.517
rug,2.516
wildli,2.515
upcom,2.515
pray,2.515
summar,2.514
weari,2.512
devoid,2.512
counterpart,2.512
versatil,2.511
bump,2.507
sixti,2.506
styliz,2.504
steadi,2.503
quotabl,2.503
99,2.502
journalist,2.502
diseas,2.501
setup,2.501
cheek,2.501
afford,2.500
ya,2.499
calib,2.499
tomorrow,2.497
2014,2.494
swim,2.493
cook,2.493
stroke,2.492
saturday,2.491
cup,2.491
agenda,2.489
lip,2.489
mundan,2.488
toe,2.487
lit,2.485
chuck,2.485
extract,2.484
fierc,2.484
drum,2.484
wrath,2.484
indiffer,2.484
chew,2.482
reunit,2.482
poverti,2.482
reign,2.481
craze,2.480
characteris,2.480
plight,2.479
reviv,2.478
bash,2.476
hypnot,2.476
bow,2.475
tick,2.474
en,2.473
websit,2.471
reel,2.470
merci,2.468
ace,2.466
item,2.465
diminish,2.465
oppon,2.464
underneath,2.464
celluloid,2.462
midst,2.461
enforc,2.461
inferior,2.458
imaginari,2.456
2007,2.456
bibl,2.453
visibl,2.453
heal,2.451
implic,2.450
firmli,2.448
magazin,2.448
drain,2.447
goofi,2.445
clip,2.444
duo,2.443
clash,2.441
rout,2.440
pen,2.439
newcom,2.439
repli,2.439
arrang,2.436
flawlessli,2.435
blank,2.434
boast,2.432
habit,2.431
intertwin,2.430
trigger,2.429
gray,2.426
condemn,2.426
pattern,2.424
boil,2.423
rivalri,2.422
2004,2.422
impos,2.419
secondari,2.418
seamlessli,2.418
orchestr,2.415
shore,2.415
obscur,2.413
insert,2.411
despis,2.409
dont,2.407
tonight,2.407
spoke,2.407
mobster,2.404
transfer,2.404
tall,2.404
laurenc,2.402
crystal,2.402
proport,2.400
teller,2.399
preced,2.399
thick,2.399
smell,2.397
baldwin,2.394
hyster,2.394
shell,2.393
attribut,2.393
norman,2.392
brood,2.392
climb,2.391
2010,2.390
curios,2.389
staff,2.389
spotlight,2.387
twin,2.387
2005,2.386
1997,2.386
internet,2.386
jungl,2.385
calcul,2.384
spine,2.384
showdown,2.384
darkest,2.381
resid,2.381
exceed,2.381
behold,2.381
absenc,2.380
fed,2.379
bu,2.379
weather,2.376
luckili,2.376
uninterest,2.374
queen,2.374
butt,2.374
fifti,2.372
thread,2.372
inconsist,2.371
conveni,2.371
unsettl,2.370
paus,2.370
smash,2.370
2003,2.369
repeatedli,2.369
favour,2.368
thief,2.367
befriend,2.366
extens,2.365
contempl,2.365
gene,2.364
shade,2.364
tip,2.362
option,2.359
recruit,2.358
gotta,2.357
retain,2.357
presum,2.357
patienc,2.357
contend,2.356
unfair,2.356
troop,2.354
eager,2.353
buri,2.353
primari,2.353
buck,2.352
overdon,2.352
clone,2.350
disguis,2.347
coher,2.345
wealth,2.345
wipe,2.344
flip,2.343
stake,2.341
da,2.341
confirm,2.340
nest,2.337
overshadow,2.337
whoever,2.336
ala,2.334
fanci,2.334
wooden,2.334
lengthi,2.333
grate,2.333
verbal,2.332
1977,2.332
injustic,2.330
relentless,2.330
yell,2.330
bug,2.329
slick,2.328
halfway,2.327
instinct,2.326
happili,2.325
induc,2.324
purchas,2.324
electr,2.323
occupi,2.321
delv,2.321
needless,2.320
assembl,2.320
incorpor,2.320
promin,2.320
restaur,2.318
viscer,2.317
coincid,2.317
spread,2.315
thug,2.312
vital,2.312
closest,2.310
carl,2.310
weekend,2.309
revolut,2.309
linger,2.308
2008,2.305
childish,2.305
flew,2.305
gag,2.305
moviego,2.304
trade,2.304
beneath,2.301
pose,2.300
realm,2.298
composit,2.296
segment,2.293
crisi,2.293
divers,2.293
judgment,2.291
downright,2.291
viciou,2.290
simplic,2.290
prostitut,2.289
lamb,2.289
miracl,2.287
testament,2.284
plausibl,2.283
vertigo,2.282
sink,2.281
rat,2.280
offend,2.279
exposit,2.277
chain,2.277
confin,2.275
destini,2.274
preview,2.270
vagu,2.269
disast,2.269
arrog,2.268
shed,2.266
eccentr,2.266
screw,2.265
increasingli,2.265
rear,2.262
access,2.260
miser,2.260
blast,2.259
shop,2.259
nine,2.256
duel,2.253
twelv,2.252
yesterday,2.252
cleverli,2.251
fargo,2.251
shire,2.250
lawyer,2.248
impli,2.246
17,2.246
dig,2.243
parodi,2.240
dub,2.238
hesit,2.237
laid,2.237
burst,2.236
ingeni,2.236
london,2.233
england,2.233
sexi,2.232
influenti,2.231
recreat,2.226
bite,2.225
alec,2.225
bang,2.225
divid,2.222
bergman,2.220
block,2.218
easier,2.217
truck,2.216
compliment,2.216
beg,2.213
exchang,2.213
poster,2.213
borrow,2.212
compass,2.212
cash,2.211
volum,2.211
directori,2.210
gather,2.209
broke,2.208
accident,2.207
vivid,2.206
glass,2.204
stronger,2.203
kiss,2.203
mom,2.203
albeit,2.202
visual,2.201
subtleti,2.201
expand,2.198
lean,2.198
coaster,2.196
watchabl,2.195
prestig,2.195
inhabit,2.193
descript,2.191
2nd,2.191
gross,2.191
expert,2.188
arc,2.187
liber,2.184
whatsoev,2.184
crucial,2.184
uncomfort,2.182
dragon,2.182
bob,2.182
card,2.182
shark,2.181
roller,2.177
popul,2.176
expens,2.174
assur,2.174
ran,2.172
percept,2.171
punish,2.170
oliv,2.167
damag,2.167
circl,2.167
nod,2.164
proof,2.162
spin,2.161
cinematograph,2.161
heartbreak,2.158
dazzl,2.158
ice,2.155
rocki,2.155
unpredict,2.153
funniest,2.150
kudo,2.148
bleak,2.148
increas,2.147
fourth,2.143
stomach,2.143
ironi,2.142
ton,2.141
murphi,2.139
nuanc,2.136
heck,2.135
finger,2.135
religion,2.132
instant,2.131
professor,2.131
avail,2.130
bet,2.129
hatr,2.128
25,2.125
merit,2.125
subsequ,2.125
forest,2.124
size,2.124
guarante,2.123
predecessor,2.123
appli,2.123
fame,2.119
neighbor,2.119
goer,2.117
curs,2.117
ambiti,2.115
mainstream,2.113
supposedli,2.113
sport,2.109
heat,2.106
par,2.105
attach,2.105
tune,2.105
conclud,2.104
argument,2.101
fairi,2.096
forgiv,2.092
random,2.090
link,2.089
photograph,2.087
isol,2.087
ambigu,2.084
directli,2.082
mountain,2.079
gibson,2.078
mel,2.075
boat,2.073
shallow,2.071
davi,2.070
tight,2.069
carrey,2.068
cloth,2.065
pathet,2.064
weight,2.062
teen,2.060
pair,2.058
assassin,2.057
absorb,2.056
puzzl,2.054
aim,2.053
credibl,2.052
metaphor,2.050
redeem,2.049
debut,2.048
activ,2.048
distinct,2.047
metal,2.045
absurd,2.045
etern,2.043
unabl,2.042
religi,2.038
convent,2.035
pan,2.033
excus,2.033
ball,2.030
frankli,2.030
devic,2.028
badli,2.025
market,2.020
13,2.020
odyssey,2.019
nightmar,2.018
scenario,2.017
rival,2.013
enhanc,2.011
hitler,2.010
drink,2.010
dozen,2.009
parallel,2.008
latest,2.004
colleg,1.998
bullet,1.997
sharp,1.992
unusu,1.989
sacrific,1.988
fighter,1.988
doctor,1.984
cartoon,1.984
river,1.983
bizarr,1.983
context,1.983
south,1.982
sentenc,1.980
shape,1.976
resist,1.972
documentari,1.969
concentr,1.959
inevit,1.959
rip,1.955
gold,1.954
bridg,1.947
robin,1.947
rob,1.946
clue,1.945
dress,1.945
cheap,1.941
advanc,1.941
wake,1.937
flat,1.936
hint,1.928
philosoph,1.927
sexual,1.925
grown,1.925
broken,1.925
account,1.925
gonna,1.924
empti,1.923
west,1.923
explan,1.922
ass,1.916
weav,1.916
henri,1.916
daniel,1.914
rescu,1.913
reli,1.911
complaint,1.910
fake,1.909
sing,1.905
johnni,1.899
domin,1.898
mine,1.898
hidden,1.898
abus,1.898
agent,1.892
window,1.888
command,1.886
sign,1.881
japanes,1.881
peac,1.879
interact,1.878
complain,1.866
onto,1.864
loud,1.861
movement,1.860
condit,1.859
marri,1.856
summer,1.853
center,1.853
gore,1.852
fairli,1.848
burn,1.847
v,1.846
loss,1.845
investig,1.842
howard,1.836
sleep,1.836
wear,1.836
tragedi,1.833
x,1.829
mainli,1.828
comparison,1.826
rock,1.823
tortur,1.823
scale,1.823
park,1.821
separ,1.819
wild,1.811
mile,1.809
babi,1.807
danc,1.806
frighten,1.805
awar,1.804
vietnam,1.795
judg,1.791
theatr,1.790
f,1.788
tragic,1.787
ryan,1.781
dollar,1.780
pop,1.780
breathtak,1.779
captain,1.779
blockbust,1.778
luke,1.777
constantli,1.772
weird,1.772
90,1.772
tower,1.771
seven,1.769
overr,1.766
french,1.765
trailer,1.737
dr,1.734
gang,1.731
alfr,1.727
hank,1.723
friendship,1.717
suspect,1.714
race,1.708
budget,1.707
slowli,1.691
honestli,1.683
planet,1.680
wayn,1.677
costum,1.671
hitchcock,1.669
throw,1.658
narrat,1.657
psycholog,1.656
video,1.648
focus,1.648
spend,1.639
scorses,1.639
martin,1.629
crimin,1.628
pulp,1.625
clich,1.623
mental,1.619
cgi,1.609
cop,1.604
crazi,1.603
scari,1.603
spielberg,1.596
song,1.559
clever,1.554
artist,1.548
mad,1.540
polic,1.517
magic,1.474
cool,1.404
thriller,1.395
ring,1.395
brother,1.350
fiction,1.256
