metropoli,2396.470
lang,1330.750
worker,1160.096
maria,1084.350
freder,834.987
fritz,652.198
silent,611.213
rotwang,547.895
citi,541.872
version,517.469
1927,455.351
restor,452.722
robot,434.442
machin,422.729
fredersen,410.320
joh,375.550
class,348.058
film,342.414
mediat,327.462
scienc,275.569
futurist,256.977
brigitt,256.915
underground,235.585
work,231.965
helm,220.623
fiction,217.223
footag,216.490
futur,214.713
visual,214.644
s,210.663
morod,208.132
wa,204.758
son,204.167
set,202.586
today,201.562
sci,199.586
fi,198.096
as,194.612
are,191.068
german,188.678
vision,184.659
origin,183.417
effect,182.846
by,179.627
still,175.843
which,173.577
time,170.958
scientist,169.288
her,167.728
imag,165.509
been,165.351
societi,163.462
ha,163.047
babel,161.000
modern,160.485
mani,160.379
between,160.243
be,158.064
kino,157.508
live,157.116
print,156.145
year,155.349
look,154.300
who,150.991
releas,148.308
see,148.108
frederson,147.872
or,147.809
inventor,146.857
hand,146.184
at,145.575
with,144.666
an,143.700
world,143.393
abel,142.937
their,142.766
even,142.437
from,141.563
i,141.288
most,140.402
that,138.832
stori,138.334
scene,138.119
were,137.835
use,136.754
design,136.522
classic,136.317
below,135.453
she,135.266
expression,134.364
they,134.299
have,132.660
social,132.414
would,132.341
harbou,132.120
on,131.790
peopl,129.983
for,129.560
can,129.392
like,129.078
in,128.996
there,128.728
cinema,127.911
runner,127.437
one,127.150
lost,125.904
hi,125.843
must,125.675
rogg,124.524
where,123.691
made,123.016
not,122.527
blade,122.285
over,121.335
rich,120.771
music,120.670
hel,120.160
so,120.123
we,117.719
some,117.690
when,117.557
more,117.451
you,117.272
man,117.113
day,116.854
era,116.534
dvd,116.249
special,115.821
germani,115.690
seen,115.677
but,115.673
father,115.492
veri,115.032
run,114.511
creat,114.417
will,114.411
moloch,113.858
if,113.705
klein,113.615
tower,113.323
flood,113.313
expressionist,113.163
influenc,112.800
becaus,112.690
onli,112.347
now,111.926
view,111.903
also,111.629
express,110.618
had,110.553
how,110.473
first,110.387
score,110.267
into,110.236
two,109.825
power,109.688
those,109.203
technolog,108.930
he,108.579
way,108.560
children,108.463
abov,108.285
t,108.050
1920,107.826
hlich,107.572
about,107.411
inspir,107.276
heart,107.165
what,107.134
all,106.860
human,105.794
minut,105.477
movi,104.808
well,103.533
copi,103.438
these,103.391
complet,103.223
mad,103.156
messag,103.113
much,102.859
long,102.460
later,102.289
just,101.859
my,101.382
woman,100.914
catacomb,100.530
love,100.207
avail,100.109
watch,99.359
other,99.064
destroy,98.797
thea,98.484
new,98.219
masterpiec,98.138
such,98.132
labor,98.044
cut,97.300
make,97.274
polit,96.950
than,96.905
differ,96.366
becom,96.276
miss,95.734
do,95.719
ground,95.679
think,94.005
gustav,93.833
them,93.781
interest,93.656
poor,93.369
act,93.362
art,93.111
of,92.861
is,92.773
up,92.481
it,92.399
impress,92.069
fr,92.036
influenti,91.478
take,91.375
may,91.232
come,90.876
seem,90.666
no,90.665
upper,90.480
revolt,89.946
skyscrap,89.726
ever,89.706
von,89.676
amaz,89.457
realli,89.380
idea,89.228
enjoy,89.023
video,89.015
out,88.850
ahead,88.307
thinker,88.114
then,87.981
giorgio,87.893
rudolf,87.745
industri,87.329
import,86.800
symbol,86.731
while,86.624
stun,86.317
place,85.581
both,85.550
hour,85.512
to,85.446
great,85.251
head,85.212
though,84.921
80,84.898
befor,84.306
consid,83.784
beauti,83.134
thing,82.938
found,82.807
keep,82.752
part,82.611
ruler,82.562
plot,82.373
me,82.194
howev,82.011
could,81.585
toil,81.332
genr,80.973
show,80.828
good,80.125
follow,79.881
dystopian,79.682
too,79.579
evil,79.578
sound,79.344
saw,78.989
light,78.455
garden,78.064
ani,78.062
without,77.904
back,77.890
theme,77.755
point,77.718
machineri,77.452
after,77.234
elit,77.099
mass,76.610
rule,76.380
nazi,74.914
slave,74.465
movement,74.411
recent,74.312
say,74.071
wealthi,73.929
old,73.729
thi,73.656
creation,73.621
master,73.383
religi,73.368
quit,73.011
earli,72.920
thought,72.901
never,72.687
titl,72.675
condit,72.515
through,72.501
against,71.843
down,71.783
revolut,71.578
find,71.553
ve,71.541
go,71.354
sinc,71.274
pictur,71.090
form,70.620
name,70.564
build,70.177
1926,70.003
huge,69.961
card,69.819
star,69.710
fact,69.684
huppertz,69.290
lot,69.140
soundtrack,69.092
should,68.893
same,68.673
remain,68.666
danc,68.627
2026,68.469
re,68.463
especi,68.455
clock,68.451
element,68.442
few,68.438
histori,68.135
get,68.072
epic,67.917
bit,67.911
screen,67.911
m,67.508
here,67.439
life,67.330
1984,67.164
qualiti,67.145
discov,67.123
capit,67.074
exampl,66.791
divid,66.653
someth,66.576
eye,66.524
hitler,66.334
actual,66.227
everi,66.198
did,66.176
level,66.056
prophet,65.650
alfr,65.644
audienc,65.585
fall,65.564
appreci,65.517
ago,65.197
exist,64.854
rather,64.819
turn,64.760
doesn,64.743
mean,64.565
don,64.505
gottfri,64.442
feel,64.113
edit,64.103
leader,64.100
advanc,64.048
gener,63.858
possibl,63.713
wonder,63.671
war,63.621
almost,63.600
mechan,63.560
intertitl,63.549
mind,63.384
director,63.048
entir,63.028
factori,62.960
us,62.653
give,62.558
madaci,62.458
shot,62.434
tri,61.968
a,61.890
black,61.512
10,61.219
our,60.818
young,60.728
biblic,60.673
play,60.266
although,60.172
tell,60.147
preach,60.135
cours,59.941
cinemat,59.636
far,59.480
contrast,59.422
narr,59.412
end,59.406
away,59.344
imagin,59.143
help,59.116
yet,59.012
piec,58.685
noth,58.606
imageri,58.262
final,58.153
doe,58.033
lead,57.924
viewer,57.540
charact,57.312
best,57.303
decad,57.278
product,57.267
privileg,57.242
truli,56.582
understand,56.574
greatest,56.487
peac,56.371
top,56.220
among,56.157
put,56.079
whole,56.051
white,55.833
incred,55.657
achiev,55.615
big,55.419
full,55.129
2010,54.968
age,54.920
each,54.896
group,54.850
men,54.833
cathedr,54.809
tint,54.790
includ,54.690
depict,54.655
luxuri,54.468
standard,54.252
shift,54.249
real,54.205
perhap,54.148
order,54.146
laboratori,54.111
crowd,54.023
cityscap,53.992
sequenc,53.926
nearli,53.880
destruct,53.876
least,53.737
better,53.576
definit,53.514
relev,53.510
sens,53.504
chang,53.458
appear,53.383
transform,53.090
anoth,53.077
dystopia,53.068
deco,53.032
present,52.936
techniqu,52.902
own,52.780
know,52.745
probabl,52.554
premier,52.250
date,52.247
20,52.198
call,52.033
simpli,52.018
dr,52.011
visionari,52.004
plan,52.004
hard,51.991
depth,51.913
control,51.819
experi,51.818
yoshiwara,51.676
frohlich,51.676
around,51.373
style,51.339
and,51.203
heavi,51.038
alway,51.025
murnau,50.972
again,50.877
littl,50.816
2001,50.766
hope,50.673
digit,50.651
believ,50.605
itself,50.578
person,50.505
centuri,50.468
frankenstein,50.320
aspect,50.298
whi,50.107
half,50.091
high,49.979
review,49.963
move,49.822
exagger,49.779
repres,49.675
fan,49.434
revolutionari,49.421
soon,49.309
kind,49.114
facial,49.063
might,48.846
incit,48.817
neg,48.797
stand,48.782
rise,48.477
everyth,48.473
said,48.394
geniu,48.298
oppress,48.058
brain,47.963
due,47.829
timeless,47.693
bring,47.432
onc,47.420
last,47.405
josaphat,47.370
weimar,47.335
pleasur,47.214
frame,47.179
side,47.109
him,47.025
refer,46.954
true,46.840
d,46.822
particularli,46.762
technic,46.720
moment,46.709
replac,46.685
obvious,46.613
less,46.465
left,46.265
right,46.221
off,46.198
effort,46.089
entertain,46.085
result,46.073
dure,45.943
larg,45.746
done,45.669
contain,45.062
period,44.931
face,44.858
surfac,44.835
religion,44.766
given,44.751
rememb,44.734
oper,44.652
fascin,44.650
5,44.647
25,44.633
model,44.532
sometim,44.509
recommend,44.372
surpris,44.302
lack,44.258
certainli,44.199
socialist,44.113
featur,43.961
icon,43.958
clear,43.908
until,43.888
isn,43.717
line,43.660
togeth,43.609
fantast,43.550
themselv,43.528
meet,43.485
artist,43.352
absolut,43.239
filmmak,43.202
extrem,43.119
attempt,43.106
built,43.066
dramat,42.937
newli,42.882
length,42.863
abl,42.677
remark,42.545
sort,42.468
didn,42.308
certain,42.300
your,42.244
plight,42.143
brilliant,42.107
theater,42.100
produc,42.090
job,42.054
sure,42.000
worth,41.928
scale,41.920
anyth,41.894
spectacular,41.711
c,41.706
construct,41.658
enough,41.578
perform,41.554
1925,41.545
cultur,41.406
fals,41.361
need,41.343
expens,41.308
clearli,41.299
state,41.257
nosferatu,41.245
favorit,41.233
reconstruct,41.225
inde,41.195
ll,41.182
utopia,41.164
astonish,41.119
strang,41.116
anyon,41.033
simpl,40.986
fifth,40.902
portray,40.755
extra,40.720
lower,40.563
decid,40.539
came,40.398
want,40.371
excel,40.358
continu,40.288
magnific,40.274
sin,40.274
fill,40.226
critic,40.203
addit,40.152
direct,40.133
save,40.073
bore,40.029
alreadi,40.018
easi,39.984
bodi,39.906
note,39.845
caligari,39.778
begin,39.765
second,39.648
involv,39.592
100,39.446
dictat,39.297
goe,39.253
hold,39.187
grot,39.169
ten,39.143
thin,39.128
parti,39.118
open,39.077
perfect,39.057
hundr,39.050
forev,39.018
compar,38.978
common,38.957
dark,38.953
pace,38.914
mayb,38.909
els,38.898
pretti,38.857
ufa,38.757
forc,38.699
toward,38.691
hous,38.688
groundbreak,38.667
subterranean,38.654
cabinet,38.597
despit,38.474
unfortun,38.445
often,38.358
word,38.354
rate,38.311
hero,38.217
everyon,38.107
manag,38.093
speak,38.088
danger,38.061
architectur,37.937
home,37.828
birth,37.825
start,37.825
combin,37.691
figur,37.619
reason,37.595
limit,37.494
actor,37.493
excit,37.463
camera,37.458
marxist,37.436
planner,37.381
caus,37.269
close,37.086
repress,37.050
capitalist,37.010
under,37.003
term,36.968
silli,36.953
provid,36.953
rebellion,36.872
distinct,36.837
matrix,36.768
air,36.761
comput,36.708
landmark,36.636
2,36.609
histor,36.549
exploit,36.546
color,36.525
massiv,36.373
longer,36.354
speed,36.290
list,36.208
berlin,35.957
strike,35.858
highli,35.850
upon,35.771
arm,35.739
ad,35.729
reflect,35.695
context,35.688
gap,35.639
god,35.504
join,35.457
90,35.434
deadli,35.386
moral,35.384
offer,35.335
develop,35.135
miniatur,35.006
alon,34.998
instead,34.990
previous,34.984
expect,34.979
predict,34.971
appar,34.898
sight,34.809
shown,34.801
treat,34.784
argentina,34.762
doubt,34.733
pure,34.607
deal,34.550
got,34.468
prove,34.437
happen,34.323
detail,34.298
innov,34.262
am,34.203
variou,34.188
number,34.082
android,34.033
disast,34.028
orchestra,34.003
mention,33.959
famou,33.929
let,33.855
bad,33.805
metropli,33.805
space,33.776
autom,33.769
action,33.692
marvel,33.648
learn,33.627
seven,33.614
within,33.544
fear,33.542
forget,33.426
told,33.305
dream,33.287
cinematographi,33.256
base,33.231
admir,33.207
ye,33.144
captur,33.137
haunt,32.834
materi,32.814
metaphor,32.806
three,32.793
potemkin,32.792
countless,32.771
resembl,32.760
thank,32.757
problem,32.743
drama,32.735
main,32.686
allegori,32.672
struggl,32.583
cast,32.502
commun,32.458
strangelov,32.375
small,32.367
whom,32.236
beneath,32.216
cannot,32.195
wasn,32.024
invent,31.883
death,31.871
citizen,31.843
read,31.824
allow,31.820
issu,31.786
either,31.780
amp,31.711
benatar,31.697
grand,31.659
overal,31.650
individu,31.631
vh,31.599
buff,31.554
gestur,31.495
sever,31.464
convinc,31.457
maker,31.436
anyway,31.427
die,31.391
function,31.360
except,31.349
emot,31.257
taken,31.246
11811,31.229
the,31.222
march,31.160
revel,31.117
rest,31.050
complex,31.028
stop,30.914
scifi,30.888
structur,30.869
forward,30.858
chaplin,30.840
tale,30.563
clone,30.546
add,30.527
g,30.225
statu,30.203
obviou,30.157
parallel,30.126
pass,30.047
text,29.988
immedi,29.986
gave,29.907
commentari,29.834
contemporari,29.811
terribl,29.809
suggest,29.797
heard,29.751
girl,29.711
wit,29.709
conceiv,29.606
jon,29.503
similar,29.489
easili,29.489
theatric,29.488
paint,29.479
major,29.473
angl,29.428
along,29.233
shock,29.202
rock,29.176
underworld,29.175
haven,29.166
bueno,29.149
captiv,29.113
mob,29.079
intend,28.957
whilst,28.868
slaveri,28.855
transfer,28.852
throughout,28.829
convey,28.722
sheer,28.720
strong,28.688
kidnap,28.671
appropri,28.556
impact,28.523
labour,28.500
unit,28.406
censor,28.336
beyond,28.324
communist,28.296
popul,28.292
scratch,28.231
middl,28.214
2002,28.088
reach,28.061
slow,28.059
cost,28.047
reveal,27.956
thousand,27.925
took,27.856
creativ,27.853
exhaust,27.835
2008,27.666
opinion,27.625
chunk,27.598
explain,27.592
behind,27.550
case,27.545
describ,27.527
simplist,27.517
fit,27.380
singl,27.368
eisenstein,27.359
thu,27.321
separ,27.288
break,27.283
hear,27.256
essenti,27.241
battleship,27.226
pentagram,27.169
link,27.155
ideolog,27.149
surround,27.043
aliv,27.033
saintli,27.015
owe,26.980
felt,26.960
ignor,26.954
erot,26.932
16mm,26.908
memor,26.900
heavili,26.872
giant,26.826
overact,26.808
imposs,26.796
sourc,26.779
track,26.702
myself,26.652
forgotten,26.529
hell,26.506
earlier,26.506
matter,26.451
pioneer,26.333
leav,26.300
system,26.292
divis,26.278
odyssey,26.250
natur,26.232
amount,26.214
regard,26.124
nibelungen,26.113
queen,26.113
1,26.004
signific,25.942
founder,25.935
femal,25.933
project,25.917
fault,25.915
passion,25.909
step,25.888
brought,25.870
fairli,25.870
shadow,25.862
foreman,25.846
near,25.846
progress,25.820
medium,25.783
fulli,25.746
subtitl,25.738
public,25.718
equal,25.672
women,25.657
studi,25.656
switch,25.587
respect,25.584
club,25.553
dial,25.476
avatar,25.474
recov,25.313
posit,25.310
himself,25.264
honestli,25.240
blown,25.192
whose,25.169
wouldn,25.163
distract,25.130
role,25.129
difficult,25.125
fantasi,24.994
motiv,24.960
content,24.917
meanwhil,24.902
incomplet,24.894
abstract,24.888
night,24.871
concern,24.846
horror,24.841
dehuman,24.794
surviv,24.777
realiti,24.756
sit,24.752
emerg,24.742
studio,24.693
quickli,24.691
attent,24.688
realiz,24.657
care,24.543
dialogu,24.538
bibl,24.533
belong,24.527
discoveri,24.527
graini,24.526
min,24.515
christian,24.494
church,24.479
area,24.474
comment,24.461
hollywood,24.438
nation,24.427
becam,24.365
somewhat,24.282
greatli,24.274
chao,24.233
languag,24.201
orchestr,24.154
josephat,24.146
familiar,24.123
cold,24.105
necessari,24.099
upris,24.095
deep,24.025
happi,24.021
water,24.014
none,24.005
further,23.983
loss,23.981
unless,23.919
sharp,23.905
visit,23.873
wear,23.867
sacrific,23.859
boss,23.820
initi,23.813
liter,23.794
quarter,23.719
h,23.705
madonna,23.696
million,23.683
drag,23.683
type,23.650
wife,23.640
dweller,23.639
75,23.618
test,23.604
fire,23.566
led,23.503
awe,23.458
storylin,23.429
accept,23.399
industrialist,23.398
etc,23.343
stuff,23.295
scope,23.289
gigant,23.217
talk,23.195
concept,23.187
inform,23.162
buy,23.151
enorm,23.145
hallucin,23.122
current,23.113
john,23.092
georg,23.069
patala,23.037
fortun,23.023
biggest,23.022
spectacl,23.007
suffer,22.998
flaw,22.996
match,22.996
utopian,22.967
accomplish,22.958
mastermind,22.927
foreshadow,22.866
prais,22.821
motion,22.792
eventu,22.789
mostli,22.698
unlik,22.692
hardli,22.684
past,22.651
enno,22.641
reput,22.623
styliz,22.538
christ,22.537
compel,22.519
total,22.495
mix,22.460
aw,22.447
rasp,22.429
artifici,22.389
mari,22.377
babylon,22.359
motif,22.346
hit,22.314
repeat,22.313
warn,22.296
intrigu,22.249
nightmar,22.199
3po,22.189
budget,22.187
frenzi,22.168
burn,22.162
argentin,22.161
monster,22.128
primit,22.098
enslav,22.098
older,22.093
listen,22.074
foundat,22.052
latest,22.047
dual,22.029
creator,22.029
repetit,22.019
archivist,22.016
couldn,21.980
improv,21.951
particular,21.930
book,21.916
candl,21.831
subplot,21.815
mark,21.803
opportun,21.803
usual,21.796
costum,21.721
remind,21.705
horribl,21.704
ask,21.703
map,21.698
awar,21.650
univers,21.640
perfectli,21.589
spot,21.579
flow,21.530
themat,21.523
stupid,21.512
wow,21.512
pat,21.498
mtv,21.448
approach,21.407
someon,21.403
school,21.399
guess,21.389
illustr,21.355
key,21.335
spend,21.313
riot,21.280
fleder,21.225
exactli,21.179
twenti,21.178
tool,21.177
butcher,21.149
georgio,21.136
000,21.135
paradis,21.126
coher,21.109
check,21.078
larger,21.077
stake,21.066
similarli,21.066
practic,21.040
nightclub,21.037
elev,21.009
cgi,20.922
eighti,20.915
known,20.903
domin,20.883
truncat,20.882
30,20.880
accid,20.868
stay,20.856
herr,20.805
republ,20.804
villain,20.793
nowaday,20.739
monument,20.691
amongst,20.648
carri,20.642
mother,20.640
underton,20.630
layer,20.623
propaganda,20.600
defin,20.563
seriou,20.531
pagan,20.486
accompani,20.470
freddi,20.458
apart,20.400
credit,20.398
vertic,20.355
central,20.331
won,20.324
ident,20.323
outstand,20.318
drive,20.297
vs,20.283
regardless,20.267
straight,20.260
brazil,20.249
sad,20.243
mere,20.221
awesom,20.215
respons,20.196
reaction,20.182
mileston,20.174
abil,20.172
valu,20.139
intermezzo,20.138
lover,20.131
dozen,20.086
ideal,20.042
glove,20.036
sacrif,20.034
lose,20.032
johhan,20.021
notic,20.015
grandeur,20.012
2000,20.006
short,19.997
accur,19.986
worri,19.960
challeng,19.936
intern,19.919
inter,19.918
borrow,19.910
novel,19.905
fair,19.858
e,19.819
focus,19.773
catch,19.771
process,19.752
neither,19.730
judg,19.701
endur,19.693
teacher,19.693
sf,19.685
nevertheless,19.667
elabor,19.663
extravag,19.656
yourself,19.602
allus,19.580
breathtak,19.572
retel,19.561
establish,19.557
fashion,19.550
proletariat,19.542
seek,19.535
disappoint,19.532
scott,19.528
pull,19.516
uniqu,19.475
statement,19.475
written,19.460
deni,19.454
dress,19.448
dull,19.422
w,19.395
outdat,19.371
mercuri,19.363
wait,19.357
belief,19.345
doubl,19.342
frolich,19.317
vestron,19.317
depend,19.312
wide,19.300
tremend,19.274
critiqu,19.265
sexual,19.254
inhuman,19.252
melodramat,19.230
deserv,19.206
question,19.205
across,19.187
anim,19.159
4,19.139
suppos,19.139
desir,19.111
push,19.070
suit,19.048
favourit,19.028
busi,19.027
previou,19.023
painstak,19.018
superb,18.992
pick,18.988
hidden,18.976
myth,18.975
sadli,18.909
room,18.907
basic,18.891
next,18.879
instanc,18.847
archiv,18.834
filmmuseum,18.817
brigett,18.817
reichsmark,18.817
imdb,18.816
american,18.811
race,18.792
dread,18.783
conflict,18.780
phenomen,18.768
wealth,18.763
virgin,18.753
heinrich,18.750
lab,18.747
ladi,18.688
secret,18.670
evolut,18.666
analyz,18.655
mirror,18.615
electr,18.585
lie,18.584
marri,18.563
8,18.555
fli,18.539
surreal,18.536
vast,18.497
9,18.480
pollock,18.468
opu,18.459
ancient,18.451
domain,18.425
photographi,18.405
pristin,18.380
composit,18.368
mood,18.363
grow,18.300
requir,18.295
portion,18.288
nor,18.280
testament,18.271
hebrew,18.266
aesthet,18.261
stadium,18.249
translat,18.244
echo,18.242
traffic,18.240
shuffl,18.235
rivet,18.228
extraordinari,18.186
actress,18.182
makeup,18.174
dare,18.154
1931,18.138
loverboy,18.113
freund,18.113
morodor,18.113
author,18.098
knew,18.097
tv,18.082
120,18.045
jesu,18.038
accord,18.036
appeal,18.021
geometr,17.994
colleg,17.980
walk,17.962
compani,17.939
ultim,17.937
heaven,17.923
evid,17.921
uncut,17.917
went,17.914
car,17.896
coupl,17.895
3,17.872
clich,17.850
bizarr,17.844
intellectu,17.811
recreat,17.806
whatev,17.797
shape,17.783
gothic,17.759
spiritu,17.757
doom,17.747
owner,17.745
minor,17.744
kill,17.729
intens,17.721
fine,17.720
uniform,17.718
adjust,17.702
unforgett,17.699
compass,17.695
embrac,17.670
unawar,17.642
crazi,17.635
revis,17.612
messian,17.605
send,17.538
carefre,17.535
golem,17.535
descript,17.531
asleep,17.489
truth,17.483
cheap,17.469
worn,17.468
purpos,17.467
member,17.464
blu,17.449
sweat,17.449
agenda,17.426
imit,17.424
potenti,17.423
introduc,17.415
rare,17.387
ran,17.380
born,17.353
offic,17.324
account,17.321
austrian,17.289
plane,17.287
typic,17.262
ravag,17.260
record,17.259
ray,17.251
munich,17.245
12,17.230
perspect,17.226
notion,17.203
gone,17.196
height,17.196
execut,17.191
angel,17.180
chase,17.177
answer,17.174
odd,17.154
implic,17.147
confus,17.124
museum,17.082
five,17.057
task,17.042
horrifi,17.035
1933,17.016
higher,17.003
goebbel,16.984
script,16.977
unrest,16.936
econom,16.927
post,16.918
pleas,16.909
draw,16.891
insert,16.880
cool,16.853
kubrick,16.846
153,16.809
24,16.785
7,16.770
surprisingli,16.765
non,16.752
kept,16.743
violenc,16.736
lucki,16.730
self,16.720
submiss,16.703
slightli,16.686
section,16.663
grip,16.606
fast,16.601
popular,16.583
discord,16.576
success,16.563
heroin,16.556
entranc,16.554
shorten,16.529
adolf,16.522
subject,16.492
rel,16.475
camp,16.468
downtrodden,16.447
govern,16.428
justic,16.427
inequ,16.426
drown,16.408
atmospher,16.396
remak,16.361
choic,16.354
wild,16.302
profit,16.294
relationship,16.272
relat,16.243
opul,16.228
therefor,16.208
brother,16.203
badli,16.203
degre,16.199
150,16.193
wrong,16.189
romanc,16.174
return,16.167
hopeless,16.163
rebel,16.139
troubl,16.139
lust,16.132
cavort,16.110
resolut,16.108
encount,16.099
f,16.091
report,16.072
via,16.028
dollar,16.024
format,16.019
bright,15.931
paradigm,15.929
spi,15.925
schufftan,15.919
tediou,15.910
write,15.901
super,15.889
precis,15.871
marx,15.848
bare,15.832
breadth,15.817
undermin,15.817
violent,15.813
distant,15.797
inappropri,15.783
tcm,15.755
free,15.755
closer,15.735
suspens,15.735
collect,15.731
hair,15.722
overli,15.707
clariti,15.692
lifestyl,15.675
third,15.670
anti,15.658
bought,15.641
marxism,15.634
occasion,15.593
serv,15.580
arriv,15.577
tour,15.572
124,15.566
jerki,15.552
saviour,15.538
com,15.510
whether,15.503
storytel,15.488
promot,15.464
naiv,15.427
hint,15.427
philosoph,15.419
nice,15.387
explan,15.373
opera,15.368
legend,15.360
hate,15.354
reson,15.354
inhabit,15.349
district,15.317
sermon,15.317
shame,15.305
caught,15.300
charg,15.297
reli,15.285
disturb,15.284
argu,15.280
assum,15.266
portrait,15.255
witch,15.248
extend,15.233
dead,15.231
legendari,15.188
distort,15.187
indic,15.183
eeri,15.167
1924,15.151
situat,15.146
edg,15.142
urg,15.139
encourag,15.117
safe,15.107
rank,15.106
minimum,15.075
orwel,15.070
40,15.065
70,15.065
rent,15.056
breath,15.055
compos,15.053
rudolph,15.049
remast,15.048
nazism,15.048
tend,15.045
publish,15.038
pack,15.038
reportedli,15.037
address,15.027
stiftung,15.016
neglect,14.997
bigger,14.996
archetyp,14.993
knowledg,14.974
ga,14.949
civil,14.948
1936,14.941
griffith,14.941
screenplay,14.904
audio,14.893
agre,14.893
subsequ,14.872
appli,14.860
sweet,14.845
recogn,14.819
ambiti,14.806
everybodi,14.755
count,14.741
tune,14.733
touch,14.730
devour,14.723
attack,14.716
opposit,14.693
mid,14.693
manipul,14.690
hellish,14.686
mutil,14.686
ridicul,14.685
reconcil,14.649
benefit,14.622
messiah,14.622
comparison,14.607
multipl,14.605
realis,14.592
oppos,14.585
root,14.568
assist,14.558
stood,14.547
averag,14.536
spirit,14.526
indict,14.516
object,14.508
proto,14.500
flash,14.499
herz,14.488
24fp,14.488
explor,14.478
wall,14.472
fascist,14.446
dynam,14.435
marseillais,14.430
suddenli,14.427
descend,14.394
associ,14.376
chanc,14.362
seri,14.345
urban,14.336
altern,14.316
abandon,14.304
radio,14.271
convent,14.246
feder,14.235
engag,14.232
cave,14.231
approxim,14.227
door,14.226
culmin,14.180
apocalypt,14.177
constantli,14.177
shorter,14.162
threaten,14.155
market,14.142
cruel,14.142
wrote,14.139
melodrama,14.139
unfair,14.136
consist,14.129
bridgett,14.113
05,14.113
york,14.111
historian,14.089
iron,14.082
station,14.082
enhanc,14.077
prepar,14.076
greed,14.068
paramount,14.061
recal,14.057
www,14.053
bother,14.044
brave,14.036
dismiss,14.005
stark,13.983
oblivi,13.979
ant,13.979
faith,13.974
explos,13.920
distribut,13.920
whore,13.913
admit,13.876
theodor,13.870
four,13.845
besid,13.818
plu,13.809
hadn,13.789
fairytal,13.787
airplan,13.781
architect,13.781
normal,13.777
pain,13.775
triangl,13.774
newest,13.768
mega,13.762
claim,13.749
drone,13.744
de,13.730
triumph,13.730
blow,13.728
miracl,13.723
montag,13.716
concentr,13.710
inevit,13.710
mediocr,13.709
strongli,13.702
latter,13.694
referenc,13.685
represent,13.667
categori,13.651
desper,13.646
comfort,13.646
bridg,13.632
landscap,13.630
observ,13.616
stir,13.597
nightmarish,13.588
exot,13.582
unbeliev,13.581
plenti,13.578
late,13.564
access,13.561
wake,13.557
energi,13.550
asid,13.549
epoch,13.549
cyborg,13.543
scientif,13.543
gloriou,13.524
enter,13.524
game,13.520
display,13.511
87,13.508
demand,13.464
earth,13.460
numer,13.450
flick,13.421
search,13.409
core,13.400
rescu,13.394
ruin,13.390
silenc,13.389
1928,13.389
skylin,13.389
sexi,13.389
vengeanc,13.387
somewher,13.387
friz,13.384
jef,13.384
wors,13.377
subjug,13.370
reduc,13.367
discont,13.351
attend,13.324
attitud,13.317
heartless,13.314
began,13.294
mine,13.288
skeleton,13.280
affect,13.258
gather,13.255
20th,13.248
memori,13.245
grandios,13.237
mediev,13.232
invit,13.230
subtleti,13.207
substitut,13.199
expand,13.191
constant,13.177
imperson,13.157
gospel,13.157
fabl,13.153
explod,13.152
front,13.147
climax,13.137
harmoni,13.126
distributor,13.124
basi,13.123
ambit,13.117
rang,13.111
totalitarian,13.108
crucial,13.103
btw,13.081
transport,13.074
wind,13.061
kid,13.061
157,13.056
artistri,13.037
egypt,13.013
fight,13.007
embodi,13.006
focu,12.993
termin,12.980
dazzl,12.946
curiou,12.923
oligarch,12.919
driven,12.916
smitten,12.894
string,12.890
increas,12.883
virtuou,12.880
foot,12.875
protagonist,12.860
outsid,12.860
evolv,12.857
reminisc,12.840
lowli,12.838
scari,12.822
confront,12.807
perpetu,12.802
ridley,12.795
advantag,12.795
robo,12.795
attract,12.780
america,12.779
glimps,12.778
tone,12.764
demon,12.763
brilliantli,12.762
deeper,12.757
videotap,12.756
highlight,12.750
rever,12.749
1980,12.745
size,12.744
skill,12.743
dialog,12.742
updat,12.741
seemingli,12.718
enlist,12.707
goer,12.705
anymor,12.696
fissur,12.682
intellig,12.675
pre,12.651
aren,12.634
vehicl,12.630
precursor,12.629
segreg,12.616
stock,12.613
flesh,12.604
roof,12.587
terrifi,12.585
gard,12.580
pray,12.577
crude,12.549
summari,12.547
money,12.544
theatr,12.527
wish,12.521
transit,12.517
99,12.511
tire,12.507
deliber,12.500
automobil,12.498
directli,12.489
tier,12.475
song,12.474
beat,12.472
bladerunn,12.464
pop,12.458
phone,12.455
mesmer,12.431
clever,12.431
alien,12.423
cross,12.418
local,12.418
weird,12.404
craze,12.401
virtu,12.401
luca,12.398
swing,12.398
freedom,12.397
everywher,12.392
cloth,12.392
sirk,12.391
cathol,12.363
heighten,12.360
interpret,12.354
reel,12.350
gruel,12.345
trick,12.343
thesi,12.335
avant,12.324
propheci,12.324
blind,12.322
biplan,12.307
obsess,12.304
safeti,12.303
philosophi,12.296
chill,12.295
dichotomi,12.293
partial,12.285
uniti,12.283
sent,12.274
undoubtedli,12.265
visibl,12.263
prefer,12.258
site,12.255
titan,12.252
2015,12.236
union,12.233
quot,12.231
background,12.228
opiat,12.228
clip,12.218
fresh,12.208
countri,12.207
clash,12.206
arrang,12.180
devic,12.170
amazingli,12.164
choreographi,12.154
pattern,12.122
worst,12.103
immens,12.094
rival,12.078
spoiler,12.061
glad,12.049
gem,12.038
preserv,12.035
extant,12.016
gesticul,12.016
proletarian,12.016
preced,11.997
gotten,11.991
decis,11.987
commiss,11.962
discuss,11.954
argentinean,11.952
joy,11.944
twin,11.934
decent,11.930
tast,11.928
gorgeou,11.912
behold,11.903
absenc,11.900
drop,11.880
stage,11.877
21st,11.872
sustain,11.869
insid,11.852
genuin,11.848
huxley,11.834
resist,11.833
allegor,11.824
train,11.808
network,11.797
foment,11.778
mistreat,11.763
idl,11.756
depress,11.749
0,11.746
unthink,11.741
jump,11.731
batman,11.727
ventur,11.725
correct,11.719
identifi,11.709
overt,11.705
societ,11.690
maintain,11.683
admittedli,11.682
teuton,11.674
manhattan,11.669
lengthi,11.664
piano,11.661
injustic,11.652
per,11.636
notabl,11.632
mixtur,11.614
throw,11.603
assembl,11.602
incorpor,11.598
overwhelm,11.589
perceiv,11.587
postur,11.566
prosper,11.559
parabl,11.552
event,11.552
closest,11.551
clarifi,11.546
clean,11.540
televis,11.516
http,11.506
pose,11.502
tyranni,11.494
crew,11.491
solut,11.487
princ,11.468
divers,11.463
retro,11.462
resolv,11.457
strata,11.445
disrupt,11.400
page,11.399
defi,11.389
male,11.387
pursuit,11.383
earliest,11.382
nonviol,11.364
tradit,11.353
grind,11.346
goodi,11.346
mental,11.335
increasingli,11.325
frolic,11.325
somehow,11.306
erupt,11.294
crush,11.293
sign,11.287
139,11.287
nitrat,11.287
thoroughli,11.284
jame,11.281
shoulder,11.274
soft,11.255
zombi,11.249
eerili,11.249
escap,11.244
millimet,11.214
loo,11.214
physic,11.208
adventur,11.204
advis,11.204
daili,11.200
sum,11.193
sentiment,11.186
burst,11.182
ingeni,11.178
formal,11.173
angri,11.169
thriller,11.163
reissu,11.146
europ,11.130
properli,11.118
scratchi,11.113
street,11.113
dancer,11.110
electron,11.105
logic,11.098
unnatur,11.089
dubiou,11.089
specif,11.064
grant,11.054
investig,11.049
giggl,11.039
mayor,11.034
faust,11.019
sceneri,10.996
prophesi,10.989
king,10.975
till,10.949
trivia,10.948
95,10.948
tortur,10.938
arc,10.934
juxtaposit,10.893
holi,10.891
incoher,10.884
muddl,10.884
stapl,10.879
cooper,10.877
corusc,10.875
mano,10.875
spite,10.850
bliss,10.843
fate,10.842
circl,10.836
delight,10.823
georgi,10.822
nod,10.818
twist,10.810
wage,10.808
struck,10.792
road,10.777
pursu,10.773
penni,10.770
mankind,10.757
duplic,10.741
sophist,10.738
stanley,10.730
thirti,10.729
bunch,10.728
secur,10.723
dimens,10.719
purportedli,10.698
alik,10.692
egyptian,10.674
lord,10.674
expans,10.667
blockbust,10.665
disconnect,10.656
unintent,10.652
salvat,10.648
bet,10.647
plant,10.631
provok,10.620
klino,10.613
wiesbaden,10.613
wotwang,10.613
gustay,10.613
fpa,10.613
harzner,10.613
bonni,10.613
automaton,10.606
select,10.587
hurt,10.586
35mm,10.585
realist,10.583
tie,10.565
supposedli,10.563
pin,10.563
buster,10.556
creatur,10.551
redund,10.544
extrapol,10.542
chan,10.519
horrif,10.517
sex,10.513
stare,10.496
evoc,10.493
inclus,10.493
mislead,10.486
pretend,10.486
lavish,10.479
strength,10.470
rush,10.445
friend,10.442
photograph,10.436
nineti,10.426
hasn,10.388
crummi,10.384
employ,10.374
bonu,10.368
hunchback,10.365
convert,10.358
intent,10.357
gilliam,10.345
drastic,10.341
consider,10.338
ensembl,10.323
modernist,10.311
specul,10.309
corrupt,10.306
necessarili,10.304
seventh,10.302
seventi,10.289
warfar,10.286
suspect,10.284
provoc,10.277
optic,10.260
empir,10.259
idol,10.258
thrill,10.256
dwell,10.248
cue,10.233
jewish,10.225
etern,10.216
substanti,10.214
treatment,10.198
price,10.198
temptat,10.196
articl,10.187
futil,10.169
blatant,10.166
peril,10.160
perman,10.154
tunnel,10.145
glori,10.141
meant,10.131
astound,10.120
bowel,10.116
castro,10.116
blame,10.102
runtim,10.081
raptur,10.071
fragil,10.070
highest,10.063
summar,10.056
remov,10.045
indistinguish,10.042
character,10.032
cameron,10.031
otherwis,10.021
impossilb,10.011
mittler,10.011
federsen,10.011
maschinenmensch,10.011
skyway,10.011
rotwag,10.011
rittau,10.011
bauhau,10.011
brankrupt,10.011
koerber,10.011
universum,10.011
zwischen,10.011
unesco,10.011
essenc,10.007
afford,10.001
eden,10.000
injur,9.998
chosen,9.992
200,9.966
media,9.959
contort,9.959
subtl,9.943
rhythm,9.942
strain,9.939
doctor,9.919
excess,9.913
counter,9.911
awaken,9.910
insati,9.906
hypnot,9.903
tech,9.883
widen,9.881
spawn,9.847
unearth,9.843
symbolis,9.843
inferior,9.833
faster,9.830
overlong,9.815
hungri,9.808
tens,9.805
exhibit,9.791
indispens,9.783
goofi,9.779
decor,9.763
humanoid,9.748
hunch,9.748
elimin,9.741
betray,9.739
gate,9.739
blank,9.734
understood,9.728
collag,9.726
annoy,9.715
surpass,9.702
compromis,9.698
disappear,9.694
hire,9.690
factor,9.688
environ,9.688
revisit,9.675
spreadeagl,9.658
ironis,9.658
share,9.657
genesi,9.639
fond,9.624
travel,9.614
1929,9.597
musician,9.591
trip,9.586
support,9.572
frustrat,9.559
curios,9.557
brief,9.545
student,9.539
eleg,9.520
overst,9.509
luckili,9.506
grab,9.504
greater,9.502
met,9.492
rage,9.490
gargantuan,9.471
column,9.471
strauss,9.471
contempl,9.459
prelud,9.453
conscious,9.449
swarm,9.444
fled,9.444
insight,9.439
courag,9.435
ca,9.435
command,9.432
patienc,9.428
joan,9.426
ultramodern,9.409
furioso,9.409
goodtim,9.409
ensu,9.399
disguis,9.389
endang,9.382
immort,9.380
blueprint,9.374
weak,9.364
da,9.363
literatur,9.355
6,9.350
cinephil,9.348
cart,9.340
splice,9.331
supplement,9.331
tranc,9.331
tension,9.327
adopt,9.324
succeed,9.321
meaningless,9.320
onto,9.318
thrown,9.305
mammoth,9.299
parent,9.291
twitch,9.291
quicker,9.291
creepi,9.286
synchron,9.282
weren,9.282
capabl,9.276
utterli,9.274
grace,9.272
coincid,9.269
center,9.263
spark,9.253
receiv,9.246
herself,9.245
dame,9.243
terror,9.241
motto,9.235
lend,9.232
v,9.232
quick,9.228
ascend,9.228
furthermor,9.224
trade,9.215
pharaoh,9.215
150min,9.215
gogol,9.215
ultra,9.213
contrari,9.205
overthrow,9.190
label,9.189
usher,9.175
segment,9.172
tragedi,9.164
aristocrat,9.160
simplic,9.159
tear,9.144
mystic,9.139
pillar,9.139
gloom,9.139
annual,9.132
plausibl,9.131
whale,9.125
box,9.118
jazz,9.101
commonplac,9.097
destini,9.097
complic,9.083
occur,9.077
emphas,9.076
prop,9.071
dust,9.068
videoclip,9.056
kraftwerk,9.056
morlock,9.056
detract,9.055
loos,9.040
idyl,9.036
forese,9.036
nine,9.025
frighten,9.025
incom,9.016
pro,8.998
collabor,8.990
plea,8.990
backward,8.986
sharpli,8.977
grim,8.975
dupe,8.971
furi,8.959
stumbl,8.957
feat,8.957
underli,8.954
wizardri,8.946
semin,8.928
aldou,8.923
zoopansick,8.923
transistor,8.923
thwart,8.916
overwrought,8.910
lesser,8.893
channel,8.891
characterist,8.874
block,8.873
brighter,8.857
beg,8.852
magic,8.843
reader,8.810
graf,8.807
2027,8.807
prosthesi,8.807
babelsberg,8.807
novelis,8.807
lumpen,8.807
hg,8.807
heritag,8.806
amazon,8.806
na,8.800
breast,8.795
backdrop,8.792
collid,8.789
routin,8.778
stone,8.771
splendor,8.757
destin,8.755
impecc,8.754
bold,8.739
liber,8.737
fix,8.735
choos,8.731
januari,8.725
evok,8.716
institut,8.716
render,8.711
victim,8.708
scad,8.704
stick,8.698
fun,8.697
luck,8.672
inflat,8.669
damag,8.668
framework,8.664
guid,8.655
dir,8.654
gravita,8.644
netflix,8.640
differenti,8.630
sweep,8.617
punctual,8.613
belli,8.606
beast,8.594
invest,8.590
trust,8.585
twentieth,8.573
skip,8.569
locat,8.566
b,8.555
distinctli,8.550
distanc,8.547
spell,8.544
hokey,8.532
anyhow,8.532
mabus,8.530
examin,8.527
bitter,8.526
enthral,8.525
corpor,8.514
serial,8.508
rooftop,8.492
fascism,8.492
transcend,8.482
applic,8.479
karl,8.475
wink,8.470
magnum,8.453
ballet,8.453
slowli,8.453
threat,8.451
hall,8.447
spoil,8.444
contact,8.429
heat,8.425
apocalyps,8.424
par,8.420
multitud,8.412
der,8.412
handl,8.410
argument,8.406
sein,8.385
interced,8.385
revolutionist,8.385
clearer,8.383
belov,8.383
blew,8.377
sky,8.377
grasp,8.377
economi,8.371
insan,8.368
forgiv,8.366
disillus,8.360
outlandish,8.360
preacher,8.360
hitchcock,8.346
democraci,8.340
fail,8.340
ambigu,8.335
finest,8.331
prevent,8.330
nonetheless,8.321
dubai,8.320
alchemist,8.320
75th,8.320
snowpierc,8.320
lustrou,8.320
blotch,8.320
intoler,8.317
somebodi,8.317
plead,8.313
honest,8.312
superbl,8.299
low,8.298
n,8.295
anywher,8.290
writer,8.288
stack,8.287
surrealist,8.283
indel,8.265
mysteri,8.263
147,8.261
sensit,8.257
starter,8.254
measur,8.244
audaci,8.243
immacul,8.232
expos,8.215
dement,8.214
omit,8.207
importantli,8.198
recur,8.197
debut,8.192
activ,8.191
exposur,8.187
organis,8.187
screenwrit,8.183
charli,8.179
symphoni,8.176
savior,8.173
canva,8.173
unabl,8.169
abound,8.159
tyler,8.158
talent,8.155
constitut,8.153
muss,8.152
prescienc,8.152
overh,8.152
maw,8.152
tinni,8.152
compassion,8.149
monstrou,8.146
educ,8.145
newer,8.139
town,8.135
charm,8.133
sparkl,8.133
craft,8.131
theori,8.125
governor,8.123
exemplifi,8.119
assert,8.119
laden,8.119
frankli,8.119
behavior,8.118
jew,8.117
unparallel,8.116
failur,8.111
electrifi,8.106
inexpens,8.102
sonor,8.102
reconstitut,8.102
orpheu,8.102
birthplac,8.102
introduct,8.101
cite,8.097
sunris,8.093
everyday,8.091
blatantli,8.090
substanc,8.087
fabul,8.086
preval,8.081
region,8.081
harsh,8.075
dirti,8.072
horrend,8.071
scenario,8.070
satisfi,8.060
peacemak,8.055
team,8.052
submit,8.049
voic,8.034
rebelli,8.034
envis,8.031
slim,8.028
stretch,8.024
profound,8.023
reform,8.016
steam,8.016
revolv,8.015
news,8.014
recut,8.011
sorri,8.005
bubbl,7.989
pocket,7.983
greek,7.983
entiti,7.983
soul,7.981
masterwork,7.980
potent,7.977
gyrat,7.968
fatuou,7.968
oddysey,7.968
210,7.968
fassbind,7.968
300,7.968
arrow,7.965
seduct,7.954
conjur,7.954
hunger,7.948
confid,7.946
mindset,7.939
noteworthi,7.934
irretriev,7.928
1922,7.928
scyth,7.928
walkway,7.928
store,7.927
overpow,7.925
demonstr,7.925
restrict,7.922
magnitud,7.917
unseen,7.914
assumpt,7.911
cheesi,7.902
divin,7.892
treacl,7.889
alloy,7.889
unskil,7.889
unassail,7.889
underwhelm,7.886
documentari,7.877
sake,7.868
slower,7.859
keaton,7.858
rental,7.856
anxiou,7.854
conflat,7.852
steelmonst,7.852
vicissitud,7.852
someday,7.851
global,7.851
ok,7.849
significantli,7.843
goal,7.842
shine,7.839
impuls,7.838
anytim,7.825
longest,7.822
cardboard,7.820
overcoat,7.817
debt,7.814
mute,7.814
justifi,7.796
ill,7.794
overblown,7.786
exclus,7.784
miracul,7.784
strove,7.783
unleash,7.771
connect,7.766
crumbl,7.764
stagger,7.759
pointless,7.756
bear,7.754
lascivi,7.750
workforc,7.750
anarchi,7.749
puppet,7.744
david,7.741
interestingli,7.736
conclus,7.732
cycl,7.732
imo,7.729
outlin,7.729
facet,7.724
array,7.722
serious,7.721
synchronis,7.718
compon,7.717
deliv,7.714
angst,7.707
endlessli,7.707
grin,7.707
drove,7.703
interior,7.700
eleven,7.693
1923,7.688
gaga,7.688
creme,7.688
boggl,7.679
applaus,7.679
uncivil,7.658
115,7.658
trailblaz,7.658
taylor,7.651
understat,7.647
optimist,7.642
worship,7.640
1982,7.638
talki,7.638
fake,7.634
maximum,7.633
contribut,7.632
boy,7.632
entireti,7.631
1138,7.630
demonis,7.630
vastli,7.622
flair,7.620
turner,7.618
absent,7.618
11,7.614
seat,7.609
triangular,7.602
sergei,7.602
underclass,7.602
flop,7.598
fluid,7.593
amidst,7.587
stream,7.585
laugh,7.583
mythic,7.582
equip,7.576
pariah,7.576
tenement,7.576
shouldn,7.560
blogspot,7.559
overpopul,7.550
idealis,7.550
tempt,7.536
obtain,7.525
uner,7.525
handshak,7.525
feast,7.523
reinforc,7.519
deem,7.513
prevail,7.511
blink,7.505
ulmer,7.500
scantili,7.500
blue,7.499
regim,7.480
william,7.477
throng,7.476
shoot,7.473
anger,7.471
pay,7.470
lip,7.468
glow,7.466
complain,7.465
matt,7.455
delirium,7.453
reestablish,7.453
uel,7.453
speech,7.451
indiffer,7.451
aris,7.447
loud,7.445
reunit,7.445
likewis,7.439
whenc,7.431
ah,7.429
1968,7.416
eat,7.412
123,7.409
majest,7.395
diminish,7.395
item,7.395
omin,7.389
disembodi,7.387
granddaddi,7.387
erotic,7.387
vote,7.387
trace,7.386
chaotic,7.384
watcher,7.374
adapt,7.368
clarif,7.366
und,7.366
refus,7.356
festiv,7.354
briefli,7.352
nake,7.349
jekyl,7.346
crap,7.343
finish,7.333
brillianc,7.331
ordinari,7.329
cornbal,7.326
commerc,7.326
consign,7.326
forerunn,7.326
schemat,7.326
abridg,7.326
pseudo,7.326
convincingli,7.324
2006,7.318
vice,7.315
mainli,7.311
uk,7.308
specter,7.306
jobless,7.306
dystop,7.306
handsom,7.301
stylist,7.294
superman,7.283
park,7.283
miseri,7.280
boil,7.270
250,7.269
1917,7.269
wal,7.269
lesson,7.268
ship,7.268
contradict,7.261
held,7.255
encyclopedia,7.250
premis,7.245
gain,7.233
export,7.232
furnac,7.232
font,7.232
pun,7.223
swallow,7.223
tonight,7.221
uncov,7.215
co,7.214
oh,7.211
proport,7.200
notr,7.198
penthous,7.198
thick,7.197
collaps,7.197
consciou,7.192
grail,7.189
hyster,7.181
quell,7.181
eugen,7.181
heartfelt,7.179
maniac,7.176
distinguish,7.170
enthusiast,7.170
tendenc,7.167
creaki,7.164
envisag,7.164
3p0,7.164
deepli,7.161
declar,7.160
bar,7.157
nuditi,7.156
british,7.155
calcul,7.152
symphon,7.148
amberson,7.148
behav,7.146
tape,7.143
career,7.136
crook,7.132
exodu,7.132
overcrowd,7.132
drudgeri,7.132
prerequisit,7.132
fanat,7.122
versu,7.119
skeptic,7.117
unspecifi,7.116
aristocraci,7.116
chronolog,7.116
defens,7.113
peter,7.112
unsettl,7.111
harm,7.110
phantom,7.108
2003,7.108
repeatedli,7.106
pamper,7.101
withstood,7.101
blackboard,7.101
bend,7.092
hive,7.086
duplicit,7.086
scenarist,7.086
blood,7.085
terri,7.084
strip,7.081
la,7.079
incompat,7.071
1995,7.071
pit,7.068
french,7.061
gattaca,7.056
overdon,7.055
robert,7.043
eyelid,7.042
1930,7.038
drawn,7.031
horizont,7.028
fredrick,7.028
zone,7.025
spent,7.018
suppli,7.012
toler,7.011
caricatur,7.008
50,7.007
hyde,7.000
alright,6.996
okay,6.992
ivori,6.987
gateway,6.987
verdict,6.986
halfway,6.980
happili,6.975
redon,6.974
counselor,6.974
hoard,6.974
meticul,6.974
honesti,6.972
legaci,6.972
purchas,6.971
monopoli,6.961
promin,6.959
fisher,6.953
viscer,6.952
difficulti,6.947
presenc,6.940
reaper,6.935
mart,6.935
filmdom,6.935
cottag,6.935
humong,6.935
linger,6.923
silliest,6.923
overwork,6.923
rid,6.916
pare,6.910
despot,6.910
148,6.910
harder,6.910
financi,6.907
83,6.898
unobtrus,6.898
invert,6.898
entri,6.892
commit,6.890
jitteri,6.886
resourc,6.882
funni,6.881
crisi,6.878
opaqu,6.874
grievanc,6.874
symmetr,6.874
guy,6.870
exercis,6.865
smaller,6.863
pb,6.863
maltin,6.863
unison,6.863
sunshin,6.857
sidetrack,6.851
succinctli,6.851
vertigo,6.847
bland,6.847
choreograph,6.844
18,6.842
orwellian,6.829
stagi,6.829
rudimentari,6.829
builder,6.829
avoid,6.819
splendid,6.818
meddl,6.817
noirish,6.817
rais,6.811
week,6.802
hallucinatori,6.796
imprison,6.789
manifesto,6.785
prescient,6.785
firstli,6.782
mindless,6.781
denizen,6.775
workplac,6.775
roll,6.767
simultan,6.767
error,6.766
inadequaci,6.764
cornerston,6.764
teem,6.764
perfection,6.764
flute,6.754
prime,6.752
espous,6.744
leftist,6.744
phallic,6.734
bulg,6.724
zeitgeist,6.724
bankruptci,6.724
entrap,6.724
assail,6.724
bustl,6.724
await,6.718
pedigre,6.714
hesit,6.712
outrag,6.709
keyboard,6.704
acknowledg,6.701
visag,6.695
transpos,6.695
revelatori,6.695
comic,6.688
cavern,6.685
footnot,6.685
kong,6.684
engrav,6.676
sow,6.676
aspir,6.674
manner,6.669
o,6.658
76,6.657
easier,6.650
strife,6.648
cover,6.646
consum,6.641
unabashedli,6.639
callous,6.639
rhythmic,6.621
zenith,6.621
scare,6.617
subservi,6.613
glass,6.611
reveng,6.598
brand,6.596
lean,6.593
circul,6.587
revamp,6.579
press,6.576
duti,6.574
span,6.574
dreyer,6.570
awkward,6.569
henc,6.568
settl,6.556
trek,6.555
arrest,6.552
trilog,6.550
naivet,6.546
tempor,6.546
beatl,6.546
tini,6.545
nietzsch,6.538
cog,6.530
inferno,6.530
catalog,6.522
upright,6.522
layout,6.522
assur,6.521
impoverish,6.514
redempt,6.514
solid,6.513
remot,6.513
despair,6.512
punish,6.510
reconcili,6.491
bulb,6.491
insuffer,6.484
anachronist,6.484
ford,6.478
sinist,6.470
proper,6.470
instig,6.469
1935,6.469
terrif,6.467
infantil,6.462
contriv,6.461
explanatori,6.454
thx,6.454
rite,6.454
meta,6.447
advic,6.444
bleak,6.444
obsolet,6.440
mona,6.440
gleam,6.433
wherea,6.431
servic,6.429
outcom,6.428
ironi,6.426
scheme,6.421
devot,6.419
cheat,6.414
mose,6.412
reus,6.405
heck,6.405
computer,6.398
harshli,6.398
roger,6.397
heartili,6.392
oppressor,6.392
innumer,6.392
supervisor,6.392
oeuvr,6.385
hatr,6.384
wwi,6.378
hut,6.372
manual,6.365
adam,6.361
mantra,6.358
fame,6.358
socio,6.352
brew,6.352
portal,6.346
caption,6.346
band,6.344
ceo,6.339
sole,6.338
semit,6.333
instantli,6.332
48,6.327
cyberpunk,6.327
attach,6.315
indisput,6.314
offspr,6.314
eight,6.313
conclud,6.312
masterli,6.308
skywalk,6.305
chose,6.303
wherebi,6.302
fruition,6.302
grander,6.302
disconcert,6.296
veneer,6.296
venu,6.296
collis,6.296
compet,6.292
adult,6.292
steal,6.285
endless,6.278
dolbi,6.278
antithesi,6.278
dissent,6.272
replet,6.272
random,6.271
monstros,6.266
erich,6.266
innoc,6.262
supervis,6.261
pulsat,6.261
defici,6.261
pedest,6.261
promptli,6.261
godzilla,6.261
ubiquit,6.255
pastich,6.249
eman,6.243
loung,6.238
dodgi,6.232
facebook,6.232
stereo,6.221
homag,6.218
faux,6.215
pantomim,6.215
battl,6.212
errat,6.204
seam,6.204
hierarchi,6.194
silhouett,6.194
pathet,6.191
symptom,6.188
subvert,6.183
appeas,6.183
robe,6.172
sixteen,6.172
flicker,6.172
absorb,6.169
floyd,6.167
commod,6.167
thirdli,6.162
civilis,6.162
scath,6.162
vcr,6.162
storm,6.162
crash,6.161
stunt,6.156
clad,6.147
nonsens,6.143
stroheim,6.142
antiqu,6.142
floor,6.140
cautionari,6.137
consumpt,6.137
metal,6.135
absurd,6.134
align,6.132
playground,6.132
specialist,6.122
fulfil,6.118
uber,6.112
patriarch,6.107
ep,6.102
ripe,6.102
excus,6.099
overcom,6.095
93,6.093
succe,6.088
faction,6.083
banish,6.078
scorn,6.078
awestruck,6.074
bureaucrat,6.074
hat,6.062
gratitud,6.060
inner,6.053
rediscov,6.046
sympathi,6.043
bald,6.037
glee,6.037
forth,6.034
recoveri,6.033
arguabl,6.029
temporarili,6.024
trickeri,6.024
ruthless,6.023
stylis,6.019
virtual,6.016
unfairli,6.011
techno,6.011
wast,6.010
extent,6.006
formula,5.992
ride,5.991
rhetor,5.989
pantheon,5.985
releg,5.985
compil,5.981
oft,5.981
defeat,5.980
paid,5.978
breathtakingli,5.977
desensit,5.977
proverbi,5.964
ny,5.960
consol,5.956
concert,5.956
brutal,5.953
escort,5.952
neon,5.952
sentenc,5.940
thereaft,5.940
wholeheartedli,5.940
bottom,5.929
dispar,5.928
fitzgerald,5.924
endors,5.924
prayer,5.924
wretch,5.912
wig,5.912
overlap,5.912
colour,5.911
dimension,5.908
lone,5.902
authent,5.901
celebr,5.901
organ,5.898
restless,5.897
circumst,5.894
athlet,5.893
booth,5.893
60,5.892
reward,5.891
folk,5.889
forum,5.885
criterion,5.878
p,5.878
intox,5.874
ether,5.871
veil,5.867
tout,5.863
otto,5.860
mash,5.856
quasi,5.856
passabl,5.852
gape,5.852
mockeri,5.852
sync,5.849
unmistak,5.845
seren,5.845
dismal,5.838
clue,5.834
templat,5.834
unwatch,5.834
satan,5.834
nyc,5.831
taboo,5.831
dumb,5.828
hammi,5.827
cd,5.824
brow,5.817
oldest,5.813
humankind,5.810
shaft,5.810
flat,5.807
prone,5.803
blossom,5.800
septemb,5.800
deviou,5.800
programm,5.800
beam,5.796
farther,5.796
biolog,5.793
agreement,5.783
trap,5.781
broken,5.775
steril,5.769
west,5.769
saga,5.768
consequ,5.767
monitor,5.766
dislik,5.761
peasant,5.756
unknown,5.756
refug,5.753
undeserv,5.750
lap,5.750
august,5.747
famous,5.747
apprehens,5.744
humanist,5.737
disturbingli,5.734
telephon,5.734
complaint,5.730
anybodi,5.729
diabol,5.728
risk,5.726
explicitli,5.721
bomb,5.721
traci,5.718
richer,5.715
misplac,5.712
dreamlik,5.712
cri,5.709
solitari,5.709
fuzzi,5.709
misfortun,5.706
maxim,5.703
intrus,5.700
flare,5.700
honor,5.698
abus,5.693
taglin,5.691
courtesi,5.691
drab,5.691
trope,5.685
malevol,5.685
27,5.682
grandmoth,5.667
palac,5.664
correspond,5.661
cream,5.656
tread,5.653
blend,5.652
extravaganza,5.650
commonli,5.647
emphasis,5.644
japanes,5.643
plod,5.636
decenc,5.633
laps,5.633
plain,5.624
fellow,5.624
leather,5.619
obscen,5.619
jaw,5.615
mimic,5.611
subvers,5.605
catastroph,5.602
seiz,5.600
overton,5.600
highway,5.597
teach,5.595
aptli,5.594
pave,5.594
octob,5.594
mr,5.593
simul,5.592
caution,5.584
prolong,5.584
backbon,5.581
ring,5.579
joint,5.578
ugli,5.578
impati,5.563
lifeless,5.560
mouth,5.559
summer,5.558
readi,5.550
misunderstand,5.547
analog,5.547
invok,5.540
infatu,5.537
galact,5.535
famili,5.534
patch,5.532
bewild,5.532
bind,5.527
accentu,5.520
garland,5.520
romantic,5.512
streak,5.512
impend,5.507
merciless,5.507
abyss,5.505
accustom,5.505
perplex,5.500
loom,5.498
pessimist,5.490
sprawl,5.490
earn,5.489
scriptwrit,5.483
australia,5.483
versa,5.481
gordon,5.480
merg,5.476
fragment,5.476
melodi,5.476
reich,5.469
modest,5.465
superior,5.464
extraordinarili,5.462
besson,5.458
seed,5.458
se,5.458
luc,5.458
incap,5.455
wonderland,5.455
u,5.454
stem,5.453
madman,5.453
stanc,5.451
illumin,5.451
collector,5.446
regist,5.446
singular,5.442
prompt,5.442
encapsul,5.440
misguid,5.433
doll,5.433
damsel,5.426
sfx,5.426
magnet,5.424
percent,5.424
deprav,5.424
babi,5.422
lush,5.422
filmographi,5.420
lisa,5.415
juxtapos,5.413
corridor,5.411
net,5.411
unquestion,5.409
wrestl,5.404
experienc,5.401
mesmeris,5.396
round,5.391
akin,5.389
damn,5.387
unfamiliar,5.387
opt,5.387
inherit,5.381
experiment,5.377
vain,5.372
hide,5.372
nobodi,5.371
optim,5.368
phase,5.362
rag,5.362
sgt,5.362
roughli,5.362
tragic,5.361
infus,5.358
facil,5.350
uncanni,5.350
cohes,5.348
loop,5.340
forg,5.334
ham,5.322
bloat,5.318
puls,5.316
determin,5.314
ie,5.312
broadcast,5.310
eagerli,5.310
depart,5.310
disrespect,5.308
aweak,5.306
sprirtual,5.306
katharina,5.306
94it,5.306
undergroud,5.306
doppelbelichtung,5.306
napol,5.306
elderi,5.306
sdoubl,5.306
018,5.306
molech,5.306
frankstein,5.306
reappropri,5.306
biswang,5.306
yoshimura,5.306
ninsei,5.306
dejamark,5.306
caneasili,5.306
electo,5.306
1927plot,5.306
galitzien,5.306
constructivist,5.306
shockedon,5.306
ata,5.306
vesuviu,5.306
horrifif,5.306
hasto,5.306
froelich,5.306
infel,5.306
75000,5.306
arquitectur,5.306
stantard,5.306
dystopiaon,5.306
anaximandro,5.306
authornikoli,5.306
meyerb,5.306
consumeris,5.306
05metropoli,5.306
bacchic,5.306
sorni,5.306
josepha,5.306
opel,5.306
lithiq,5.306
revulot,5.306
ferdinandvongalitzien,5.306
astrang,5.306
imagiant,5.306
toindiana,5.306
tocaptur,5.306
canaanit,5.306
restort,5.306
manxman,5.306
babelsburg,5.306
saintlik,5.306
dumbism,5.306
avaiabl,5.306
batteship,5.306
loosreview,5.306
rundfunk,5.306
briggit,5.306
redw,5.306
ascona,5.306
maybenow,5.306
kenna,5.306
cootchi,5.306
grosz,5.306
meisterpiec,5.306
uphev,5.306
misedit,5.306
postscriptther,5.306
ignitor,5.306
federesen,5.306
robotlik,5.306
therestor,5.306
122min,5.306
schittenhelm,5.306
imagian,5.306
hirn,5.306
90405,5.306
uberlord,5.306
bridgitt,5.306
calssic,5.306
robohel,5.306
fromcitizen,5.306
etherealis,5.306
trainset,5.306
computerworld,5.306
hupperttsom,5.306
caligeri,5.306
prol,5.306
1927director,5.306
morerd,5.306
uberwoman,5.306
parabola,5.306
enuma,5.306
futura,5.306
veeerrrri,5.306
conurb,5.306
mirnau,5.306
preliminarili,5.306
dracular,5.306
rothgang,5.306
halluciatori,5.306
forfan,5.306
recognoz,5.306
metropolismetropoli,5.306
rehatch,5.306
startingwatch,5.306
shufftan,5.306
panychhad,5.306
robotrix,5.306
gyspi,5.306
hypersex,5.306
hindrenc,5.306
swashbucklng,5.306
graff,5.306
sslick,5.306
vancouverplayhous,5.306
aboveground,5.306
preservationist,5.306
savingpenni,5.306
kettlehut,5.306
phoenician,5.306
tranch,5.306
spokeswoman,5.306
topoi,5.306
rothbart,5.306
perraultish,5.306
ofrecov,5.306
banalis,5.306
panasonix,5.306
unrestor,5.306
valvetrain,5.306
overcoati,5.306
watchingcharact,5.306
cinebaseintern,5.306
18fp,5.306
morrispanych,5.306
nielungen,5.306
kriemhild,5.306
justne,5.306
lempika,5.306
hyperinfl,5.306
desartr,5.306
elish,5.306
convok,5.306
danteesqu,5.306
moodset,5.306
neubabelsberg,5.306
culture3,5.306
metropolison,5.306
federson,5.306
birthmoth,5.306
rothway,5.306
vorticist,5.306
prodcut,5.306
laemml,5.306
unbutch,5.306
1835,5.306
kundri,5.306
subciti,5.306
missiong,5.306
langwa,5.306
frizti,5.306
dm5,5.306
squier,5.306
jehoshaphat,5.306
metroploi,5.306
regain,5.306
huh,5.306
youngster,5.304
former,5.303
pepper,5.302
gaze,5.301
overr,5.298
chart,5.297
wise,5.296
dirt,5.293
enemi,5.286
mutual,5.285
fund,5.285
hunt,5.284
strand,5.280
file,5.278
unstabl,5.278
untouch,5.276
mar,5.274
horizon,5.267
secretari,5.263
anniversari,5.261
sadden,5.261
reckon,5.257
acquaint,5.256
murder,5.252
empath,5.247
chamber,5.245
roar,5.245
footbal,5.245
twice,5.244
l,5.244
convers,5.230
soviet,5.229
500,5.229
jealousi,5.227
inch,5.215
instruct,5.215
foolish,5.210
reliabl,5.210
degrad,5.206
secretli,5.204
vi,5.204
quintessenti,5.204
tea,5.203
glare,5.201
clumsi,5.199
encompass,5.198
shortcom,5.198
cage,5.198
sheep,5.192
boom,5.181
wire,5.181
propos,5.179
rous,5.172
sappi,5.169
mistak,5.162
panic,5.161
inexplic,5.156
procedur,5.153
grandfath,5.153
capac,5.153
win,5.152
abund,5.151
uneasi,5.151
crappi,5.146
ghetto,5.143
biographi,5.143
monoton,5.143
darkli,5.140
robinson,5.135
hip,5.134
franchis,5.133
wet,5.132
trauma,5.130
yearn,5.126
woven,5.123
businessman,5.121
recogniz,5.118
idealist,5.116
prospect,5.113
riddl,5.110
chick,5.109
strictli,5.107
muscl,5.104
lorr,5.104
seamless,5.104
overus,5.102
seldom,5.098
incarn,5.093
stiff,5.092
friday,5.089
closur,5.089
protest,5.080
interrupt,5.080
persuad,5.075
propel,5.074
unrel,5.070
employe,5.070
radic,5.068
synopsi,5.065
dispos,5.059
profess,5.058
pink,5.056
smoothli,5.055
breakthrough,5.055
hardcor,5.054
mansion,5.048
evalu,5.045
envi,5.042
planet,5.041
4th,5.035
freez,5.035
foul,5.032
wildli,5.031
ought,5.025
devoid,5.024
junki,5.020
cg,5.015
sixti,5.013
coloni,5.009
124min,5.005
marxian,5.005
thegrandeur,5.005
expresion,5.005
contributori,5.005
reichmark,5.005
nanook,5.005
112min,5.005
arcadian,5.005
botom,5.005
architecton,5.005
futureworld,5.005
thewond,5.005
korzeniowski,5.005
fantaci,5.005
drabli,5.005
giogio,5.005
flyaway,5.005
frankensteinian,5.005
megaman,5.005
startingli,5.005
teleconferenc,5.005
sythes,5.005
20fp,5.005
eschatolog,5.005
mostimport,5.005
asthet,5.005
mauthausen,5.005
wwa,5.005
pharoah,5.005
scintillatingli,5.005
reanalysi,5.005
hanukkah,5.005
remitt,5.005
sigil,5.005
jochen,5.005
overexert,5.005
freda,5.005
demostr,5.005
inhi,5.005
ablo,5.005
subspeci,5.005
137min,5.005
daliesqu,5.005
separat,5.005
36000,5.005
betoken,5.005
flaherti,5.005
100year,5.005
apocalyptic,5.005
koochi,5.005
stragelov,5.005
strangeglov,5.005
bhopal,5.005
lorelei,5.005
lott,5.005
pentacl,5.005
placeless,5.005
partygo,5.005
nden,5.005
burden,4.996
resurrect,4.995
crop,4.994
bias,4.992
cook,4.987
graphic,4.984
cherish,4.982
invas,4.982
effici,4.979
hardship,4.976
ebert,4.970
blur,4.967
drum,4.967
psycholog,4.967
english,4.965
cliff,4.964
reign,4.962
behaviour,4.958
paradox,4.957
bow,4.950
plastic,4.946
birthday,4.946
websit,4.941
gear,4.941
divorc,4.940
underneath,4.927
equival,4.926
cun,4.925
enforc,4.923
midst,4.923
valid,4.921
pivot,4.914
imaginari,4.911
startl,4.911
politician,4.910
mayhem,4.897
button,4.888
repli,4.878
killer,4.870
demis,4.868
accuraci,4.867
ration,4.867
spring,4.866
fx,4.864
grotesqu,4.861
juli,4.861
flame,4.852
gray,4.851
inher,4.850
suffic,4.842
shortli,4.835
trail,4.835
unbear,4.835
obstacl,4.833
splotchi,4.829
biotech,4.829
munific,4.829
churchyard,4.829
revivifi,4.829
bruckner,4.829
alchem,4.829
sigfri,4.829
153min,4.829
menorah,4.829
jonson,4.829
heavihand,4.829
palast,4.829
jeremiad,4.829
headdress,4.829
constrast,4.829
carthaginian,4.829
mebb,4.829
longhair,4.829
prophetess,4.829
hoochi,4.829
dantean,4.829
schreck,4.829
excelsior,4.829
businessperson,4.829
leitmot,4.829
kandinski,4.829
caricaturist,4.829
ginsberg,4.829
hootchi,4.829
eloi,4.829
jul,4.829
objectivist,4.829
bourgeois,4.829
depersonalis,4.829
cp30,4.829
sorrow,4.829
gripe,4.821
lastli,4.821
despis,4.819
elsewher,4.817
spoke,4.813
tall,4.809
worthi,4.808
wheel,4.802
boundari,4.794
replic,4.793
wick,4.793
partli,4.788
respond,4.786
climb,4.783
comprehend,4.783
recognis,4.778
staff,4.778
fuel,4.776
spotlight,4.775
internet,4.771
trend,4.766
resid,4.762
fed,4.759
bu,4.758
rightli,4.756
mistaken,4.751
uninterest,4.749
distress,4.749
chop,4.745
fifti,4.744
forti,4.744
climact,4.744
intim,4.741
smash,4.741
nut,4.736
extens,4.731
bravo,4.727
minim,4.726
chest,4.725
analysi,4.722
gentl,4.721
1000,4.718
plagu,4.714
retain,4.714
contend,4.713
wisdom,4.710
librari,4.707
buri,4.705
crematorium,4.704
tyran,4.704
hammier,4.704
gurney,4.704
argent,4.704
contradictorili,4.704
chrysanthemum,4.704
acclimatis,4.704
uncomplimentari,4.704
tabul,4.704
synchroni,4.704
rapproch,4.704
15pm,4.704
tamara,4.704
distopia,4.704
avantgard,4.704
frei,4.704
expieri,4.704
rams,4.704
galt,4.704
parsif,4.704
migratori,4.704
unpleasantri,4.704
sensuous,4.704
sprinter,4.704
priestess,4.704
scottishreview,4.704
2070,4.704
drumrol,4.704
hittler,4.704
arbeit,4.704
200000,4.704
prokofiev,4.704
extemporan,4.704
crappier,4.704
jr,4.698
im,4.697
aka,4.695
underst,4.695
racial,4.691
fred,4.689
leap,4.685
nose,4.685
deriv,4.684
conscienc,4.683
torment,4.681
fare,4.681
centr,4.677
mill,4.675
sensibl,4.674
secondli,4.674
whoever,4.671
enchant,4.670
ala,4.668
fanci,4.667
wooden,4.667
grate,4.666
util,4.666
devil,4.664
cring,4.664
1977,4.664
companion,4.663
relentless,4.660
induc,4.648
tackl,4.644
16,4.640
spread,4.629
aggress,4.625
lloyd,4.625
pump,4.615
packag,4.613
primarili,4.612
exhilar,4.612
childish,4.610
row,4.608
lovett,4.607
macht,4.607
roloff,4.607
eclectic,4.607
radial,4.607
randian,4.607
overflown,4.607
letzt,4.607
devid,4.607
moonwalk,4.607
arpeggio,4.607
recommendedmi,4.607
crenna,4.607
acryl,4.607
90th,4.607
nde,4.607
gingerbread,4.607
serfdom,4.607
collectiv,4.607
tinnitu,4.607
smasher,4.607
herod,4.607
constructor,4.607
commend,4.601
reserv,4.596
ensur,4.595
east,4.588
principl,4.587
polish,4.587
moon,4.585
casual,4.578
feed,4.565
vendetta,4.560
exquisit,4.554
embarrass,4.552
reject,4.549
nobl,4.549
jurass,4.547
wachowski,4.540
fallen,4.530
advertis,4.530
distopian,4.528
ganc,4.528
wien,4.528
fromth,4.528
courtesan,4.528
inveigh,4.528
moma,4.528
rai,4.528
iris,4.528
rach,4.528
plutocrat,4.528
pliant,4.528
malefactor,4.528
alr,4.528
nytim,4.528
aerob,4.528
revalu,4.528
unsynchron,4.528
fleischer,4.528
brough,4.528
frankfurt,4.528
cannist,4.528
1870,4.528
rococo,4.528
specialfx,4.528
poetic,4.527
miser,4.520
blast,4.518
stolen,4.507
strongest,4.506
twelv,4.504
ponder,4.503
14,4.503
eas,4.502
peak,4.500
laughabl,4.497
silver,4.496
pitch,4.495
impli,4.492
monkey,4.491
dig,4.487
singer,4.487
fatal,4.473
pari,4.471
program,4.470
slip,4.467
insist,4.467
jar,4.463
undocu,4.461
wastebasket,4.461
stroboscop,4.461
disproport,4.461
nyu,4.461
mecha,4.461
blum,4.461
agian,4.461
chistian,4.461
ferdinand,4.461
visualist,4.461
330,4.461
berlinal,4.461
crag,4.461
galvanis,4.461
revronmovi,4.461
sludgi,4.461
bete,4.461
armistic,4.461
varieti,4.449
fist,4.449
fish,4.448
shout,4.446
infam,4.442
stress,4.439
buzz,4.429
european,4.426
beaten,4.426
poster,4.425
broke,4.416
shoe,4.411
offici,4.410
albeit,4.404
stripteas,4.403
eurydic,4.403
blazer,4.403
apreci,4.403
entrepreneurship,4.403
ifi,4.403
tlc,4.403
blocki,4.403
workmen,4.403
waiv,4.403
overstress,4.403
500th,4.403
asymmetri,4.403
prole,4.403
workday,4.403
65279,4.403
stiflingli,4.403
styrofoam,4.403
subtextu,4.403
haplessli,4.403
react,4.400
assign,4.400
thumb,4.400
prison,4.399
sold,4.397
franci,4.384
2nd,4.383
recognit,4.375
slight,4.373
dri,4.372
multi,4.370
guilt,4.366
objectiv,4.352
truste,4.352
infra,4.352
naif,4.352
hangdog,4.352
timespan,4.352
prolog,4.352
2050,4.352
gentri,4.352
tuba,4.352
simian,4.352
cursor,4.352
armatur,4.352
libidin,4.352
thermomet,4.352
destabilis,4.352
somnambulist,4.352
disconsol,4.352
650,4.352
painlessli,4.352
utop,4.352
prinz,4.352
spoken,4.348
user,4.338
lift,4.325
spin,4.323
cinematograph,4.321
antagonist,4.316
shut,4.314
sudden,4.308
wave,4.307
crabb,4.306
otomo,4.306
unscientif,4.306
90min,4.306
lon,4.306
heavyhand,4.306
transatlant,4.306
gunther,4.306
centenni,4.306
ripost,4.306
berlioz,4.306
luddit,4.306
brainwav,4.306
tardi,4.306
motorway,4.306
prognost,4.306
meli,4.306
drearili,4.306
emissari,4.306
stravinski,4.306
hemorrhag,4.306
fade,4.306
treasur,4.296
lame,4.288
engin,4.288
lay,4.279
nuanc,4.273
christma,4.272
finger,4.270
stylish,4.268
chrysler,4.265
encino,4.265
finali,4.265
10you,4.265
erwin,4.265
2k,4.265
provocateur,4.265
sickl,4.265
unenthusiast,4.265
eisner,4.265
intermediari,4.265
phile,4.265
lyle,4.265
wretchedli,4.265
embryon,4.265
prostrat,4.265
desist,4.265
wrecker,4.265
stratifi,4.265
arian,4.265
debit,4.265
exo,4.265
north,4.263
professor,4.261
upset,4.255
merit,4.251
guarante,4.246
skin,4.246
ticket,4.238
feet,4.238
immers,4.237
aid,4.233
shake,4.230
nonent,4.227
gish,4.227
chernobyl,4.227
panam,4.227
wiley,4.227
5min,4.227
busti,4.227
oneir,4.227
descriptor,4.227
quaintli,4.227
coursework,4.227
mainstream,4.226
letter,4.216
anderson,4.215
calm,4.208
interview,4.195
morn,4.194
combat,4.194
brandenburg,4.192
1080p,4.192
tendenti,4.192
cripe,4.192
repertori,4.192
piston,4.192
bobbl,4.192
scald,4.192
stagehand,4.192
exhaustingli,4.192
flyover,4.192
fairi,4.192
ear,4.187
gradual,4.182
kinda,4.179
paper,4.178
dedic,4.175
isol,4.173
imperil,4.160
coltran,4.160
lugosi,4.160
ejacul,4.160
tenser,4.160
globalis,4.160
wireless,4.160
sexualis,4.160
replenish,4.160
ummmm,4.160
patina,4.160
retouch,4.160
frequent,4.153
stellar,4.149
shallow,4.142
engross,4.141
bed,4.139
bloom,4.137
russian,4.133
chief,4.133
lillian,4.130
veiw,4.130
spruce,4.130
spoonf,4.130
puller,4.130
taskmast,4.130
chaney,4.130
valentino,4.130
simulacrum,4.130
sire,4.130
cin,4.130
undiminish,4.130
untarnish,4.130
stricter,4.130
afterward,4.126
unrealist,4.125
regular,4.123
weight,4.123
teen,4.119
independ,4.114
poignant,4.113
controversi,4.113
puzzl,4.109
cacophon,4.102
libertin,4.102
peacock,4.102
nonpluss,4.102
conflagr,4.102
osbourn,4.102
stu,4.102
bringer,4.102
sociopolit,4.102
strenuous,4.102
456572047728204,4.102
interleav,4.102
brown,4.101
patient,4.099
redeem,4.099
holocaust,4.090
welcom,4.084
loft,4.076
totter,4.076
subset,4.076
fp,4.076
wrongdoer,4.076
vancouv,4.076
unrev,4.076
reintroduct,4.076
119,4.076
nietzschean,4.076
captivatingli,4.076
reconfigur,4.076
industrialis,4.076
forag,4.076
rigour,4.076
unfailingli,4.076
moni,4.076
calculu,4.076
tre,4.076
progenitor,4.076
houdini,4.076
sub,4.074
pan,4.067
vocalist,4.051
eek,4.051
lubitsch,4.051
cartoonist,4.051
scraper,4.051
chien,4.051
manageri,4.051
outsiz,4.051
andal,4.051
pallid,4.051
ourselv,4.044
lifetim,4.042
knock,4.041
13,4.039
youth,4.032
dunc,4.028
unceas,4.028
tacitli,4.028
scorecard,4.028
odessa,4.028
beatif,4.028
hegemoni,4.028
panama,4.028
phantasmagor,4.028
merger,4.028
residenti,4.028
clump,4.028
montreal,4.028
mechanis,4.028
750,4.028
rectangl,4.028
swanki,4.028
advocaci,4.028
registr,4.028
schism,4.028
nail,4.027
smoke,4.026
fool,4.023
grew,4.021
piti,4.013
charl,4.013
gut,4.008
journalid,4.005
reorgan,4.005
fauna,4.005
unprotect,4.005
manicur,4.005
rarefi,4.005
219276,4.005
languor,4.005
beseech,4.005
lindsay,4.005
unwieldi,4.005
kafkaesqu,4.005
flora,4.005
anomal,4.005
antsi,4.005
chile,4.005
filmwork,4.005
favor,4.000
dad,3.992
lock,3.990
golden,3.989
militari,3.988
unif,3.984
overpass,3.984
dallianc,3.984
jawdrop,3.984
hierarch,3.984
storychart,3.984
overlook,3.983
grade,3.981
unusu,3.977
fighter,3.976
idiot,3.972
whenev,3.967
relief,3.964
timber,3.964
dawdl,3.964
xxi,3.964
proactiv,3.964
bigtim,3.964
vivac,3.964
chattel,3.964
impur,3.964
rembrandt,3.964
clunk,3.964
italian,3.963
utter,3.961
cult,3.959
destabil,3.945
ignorantli,3.945
afoul,3.945
bogdanovich,3.945
shunt,3.945
statesid,3.945
shaker,3.945
brochur,3.945
varianc,3.945
freer,3.945
maddeningli,3.945
droop,3.945
blackhawk,3.945
kabuki,3.945
imposit,3.945
guard,3.936
palati,3.926
dualism,3.926
searchlight,3.926
ave,3.926
plough,3.926
uni,3.926
1918,3.926
bosch,3.926
amorph,3.926
hobbit,3.924
possess,3.922
rip,3.909
reassert,3.908
undisturb,3.908
formalist,3.908
stretcher,3.908
shag,3.908
standstil,3.908
censur,3.908
inflam,3.908
autocrat,3.908
pandemonium,3.908
denunci,3.908
egalitarian,3.908
cynic,3.892
walmart,3.891
bulletin,3.891
angular,3.891
stigmat,3.891
pejor,3.891
diagon,3.891
colossu,3.891
friedrich,3.891
anticip,3.884
quest,3.877
sat,3.876
exemplar,3.875
greenaway,3.875
overemphas,3.875
incalcul,3.875
immut,3.875
slavishli,3.875
tellingli,3.875
ayn,3.875
asquith,3.875
unwash,3.875
ipad,3.875
harken,3.875
scrappi,3.875
redress,3.875
cheer,3.874
foreign,3.871
award,3.866
disgust,3.860
monica,3.859
everest,3.859
scenographi,3.859
ogl,3.859
abstrus,3.859
counterbalanc,3.859
127,3.859
sjostrom,3.859
corrod,3.859
temptress,3.859
affix,3.859
wean,3.859
heinlein,3.859
leaven,3.859
bourgeoisi,3.859
preambl,3.859
chast,3.859
prerog,3.844
facto,3.844
bfi,3.844
attende,3.844
contrit,3.844
geometri,3.844
146,3.844
busbi,3.844
fluenci,3.844
textual,3.844
bela,3.844
dredd,3.844
sanctiti,3.844
weapon,3.838
poppi,3.829
interfac,3.829
pyre,3.829
abscond,3.829
dorian,3.829
bedridden,3.829
138,3.829
subhuman,3.829
sill,3.829
salom,3.829
enclosur,3.829
player,3.818
listless,3.815
snoozer,3.815
tram,3.815
whir,3.815
froth,3.815
dissert,3.815
ruptur,3.815
postul,3.815
figurehead,3.815
demigod,3.815
cremat,3.815
largo,3.815
unnecessari,3.805
punch,3.803
witchcraft,3.801
gft,3.801
storey,3.801
137,3.801
rereleas,3.801
impost,3.801
flank,3.801
overthrown,3.801
unchalleng,3.801
discreetli,3.801
hellbent,3.788
php,3.788
insultingli,3.788
assemblag,3.788
overseen,3.788
grievou,3.788
str,3.788
blackout,3.788
holster,3.788
groupi,3.788
battlestar,3.788
topper,3.788
leni,3.788
ibm,3.788
iphon,3.788
matur,3.787
amus,3.783
window,3.775
outstretch,3.775
expo,3.775
flirtat,3.775
surplu,3.775
atrophi,3.775
pasti,3.775
sapien,3.775
jurras,3.762
mover,3.762
podium,3.762
dy,3.762
gargoyl,3.762
overrul,3.762
hearth,3.762
presag,3.762
foretel,3.762
marque,3.762
beggin,3.762
cranni,3.762
happenst,3.762
serg,3.750
fir,3.750
coleman,3.750
occult,3.750
arcan,3.750
shaven,3.750
checker,3.750
viewabl,3.750
gambit,3.750
minus,3.750
incens,3.750
ja,3.750
toadi,3.750
ying,3.750
bonfir,3.750
dauphin,3.738
grid,3.738
succes,3.738
feverishli,3.738
disarray,3.738
cuter,3.738
unsaf,3.738
vermin,3.738
molass,3.738
hector,3.738
acolyt,3.738
mound,3.738
lever,3.738
ringlead,3.738
rigidli,3.738
genteel,3.738
sculptor,3.738
hobbl,3.738
sj,3.738
noir,3.735
max,3.731
liabl,3.727
cukor,3.727
10000,3.727
soundli,3.727
boardroom,3.727
cull,3.727
kitschi,3.727
esq,3.727
1500,3.727
unruli,3.727
neurosi,3.727
scream,3.717
nondescript,3.715
staccato,3.715
vamp,3.715
shill,3.715
rabbl,3.715
oedip,3.715
earthl,3.715
hotli,3.715
bead,3.715
hunki,3.715
furrow,3.715
riefenstahl,3.715
effus,3.715
c3,3.715
effervesc,3.704
reassembl,3.704
cogniz,3.704
footprint,3.704
scholarli,3.704
arlington,3.704
bosom,3.704
resplend,3.704
berkeley,3.704
doppelgang,3.704
antz,3.704
desecr,3.704
pungent,3.704
illinoi,3.704
cheesiest,3.704
yeah,3.701
kane,3.697
kampf,3.694
cruelest,3.694
shanghai,3.694
doubtlessli,3.694
piranha,3.694
meme,3.694
viennes,3.694
slink,3.694
menac,3.692
sick,3.688
demor,3.683
herzog,3.683
pragu,3.683
inargu,3.683
fell,3.675
camcord,3.673
writ,3.673
fledgl,3.673
rand,3.673
harbing,3.673
sleep,3.672
path,3.666
cacophoni,3.663
norway,3.663
meagr,3.663
snuck,3.663
terranc,3.663
liveli,3.663
30min,3.663
puritan,3.663
aeroplan,3.663
incendiari,3.663
riotou,3.653
combust,3.653
agonizingli,3.653
insurg,3.653
vine,3.653
orgin,3.653
methodolog,3.644
irksom,3.644
demur,3.644
lipstick,3.644
greec,3.644
pocahonta,3.644
cringeworthi,3.644
74,3.634
wack,3.634
reced,3.634
setter,3.634
philanthropist,3.634
richard,3.633
green,3.631
seami,3.625
asphalt,3.625
lexicon,3.625
hasten,3.625
glisten,3.625
uncheck,3.625
aghast,3.625
mile,3.618
unfold,3.616
abbrevi,3.616
signpost,3.616
tract,3.616
rebuk,3.616
constitu,3.616
meltdown,3.616
driver,3.616
menial,3.607
metropolitan,3.607
bottomless,3.607
semest,3.607
stripper,3.607
ww1,3.607
variant,3.607
cogent,3.607
achil,3.607
ref,3.599
gorilla,3.599
gawk,3.599
arbitrarili,3.599
pancak,3.599
tran,3.599
vicin,3.599
brunt,3.599
nurseri,3.599
halo,3.599
int,3.599
ventil,3.599
schemer,3.599
languish,3.599
vietnam,3.591
rainstorm,3.590
jealous,3.590
giveaway,3.590
hogwash,3.590
warthog,3.590
ordin,3.590
orb,3.590
surnam,3.590
undiscov,3.590
asimov,3.590
rottentomato,3.582
parcel,3.582
1001,3.582
coalesc,3.582
perus,3.582
kasper,3.582
berk,3.582
73,3.582
sacrifici,3.582
rift,3.574
grinch,3.574
c3p0,3.574
mime,3.574
butcheri,3.574
villa,3.574
shatner,3.574
03,3.566
kubric,3.566
flashlight,3.566
machiavellian,3.566
tireless,3.566
nook,3.566
synth,3.566
unwis,3.566
attun,3.566
shrine,3.566
residu,3.566
edward,3.560
rile,3.558
50th,3.558
topnotch,3.558
moth,3.558
feb,3.558
agonis,3.558
masterpeic,3.558
puni,3.558
persev,3.558
parachut,3.558
nbc,3.558
captain,3.557
luke,3.554
64,3.550
135,3.550
buddha,3.550
uncannili,3.550
osborn,3.550
coil,3.550
reinterpret,3.550
doer,3.550
chapel,3.550
groov,3.550
elaps,3.550
obtrus,3.550
mission,3.544
chais,3.543
potboil,3.543
ahhh,3.543
glacial,3.543
fruitless,3.543
bestial,3.543
besieg,3.535
1916,3.535
mainstay,3.535
overlay,3.535
clunker,3.535
unblink,3.535
kneel,3.535
overstep,3.535
steami,3.535
homogen,3.535
suitor,3.535
extraordinair,3.535
15,3.534
pluse,3.528
125,3.528
bluff,3.528
inund,3.528
grimm,3.528
congreg,3.528
impressionist,3.528
dork,3.521
yve,3.521
forecast,3.521
cliqu,3.521
prolifer,3.521
fistfight,3.521
prude,3.521
humdrum,3.521
vantag,3.521
looney,3.521
watersh,3.521
speer,3.521
convoy,3.521
lookalik,3.521
abolish,3.521
johann,3.514
infrastructur,3.514
unsentiment,3.514
sorbonn,3.514
millenni,3.514
pyramid,3.514
meteor,3.514
81,3.514
dale,3.514
moist,3.514
uproot,3.514
foresight,3.507
maelstrom,3.507
resurg,3.507
flail,3.507
switzerland,3.507
org,3.507
specifi,3.507
grudgingli,3.500
deiti,3.500
clandestin,3.500
piou,3.500
humanis,3.500
bloch,3.500
armi,3.499
leverag,3.493
extol,3.493
aswel,3.493
upheav,3.493
dt,3.493
deplet,3.493
goliath,3.493
unrestrain,3.487
lass,3.487
intriguingli,3.487
fluidli,3.487
cascad,3.487
presumpt,3.487
pipelin,3.487
snicker,3.480
tatter,3.480
59,3.480
cataclysm,3.480
63,3.480
bot,3.480
spurn,3.480
stamina,3.480
beckon,3.474
harshest,3.474
trailer,3.473
romant,3.470
disparag,3.468
slog,3.468
obliqu,3.468
unfeel,3.468
outgo,3.468
unequ,3.468
constru,3.468
carelessli,3.468
scant,3.468
balanc,3.466
gang,3.463
coulardeau,3.461
archaic,3.461
emblemat,3.461
obama,3.461
rev,3.461
junctur,3.461
prosaic,3.461
wart,3.461
hitherto,3.461
month,3.458
sew,3.455
superimpos,3.455
debas,3.455
compellingli,3.449
destitut,3.449
mcguffin,3.449
kaleidoscop,3.449
overlord,3.449
zap,3.443
altar,3.443
def,3.443
eavesdrop,3.443
reevalu,3.443
taller,3.443
implicitli,3.443
afterword,3.443
1921,3.443
subtler,3.443
feverish,3.443
vaudevil,3.443
vehement,3.443
fluctuat,3.437
pointer,3.437
apparatu,3.437
costli,3.437
scissorhand,3.437
caustic,3.437
nelson,3.431
napoleon,3.431
elbow,3.431
overtim,3.431
physiolog,3.431
dimwit,3.431
privat,3.428
zoo,3.426
scarili,3.426
tandem,3.426
02,3.426
potenc,3.426
feral,3.426
kafka,3.420
woken,3.420
freight,3.420
unwarr,3.420
goodwil,3.420
risqu,3.414
dissatisfact,3.414
imbecil,3.414
showmanship,3.414
awash,3.414
braini,3.414
woeful,3.414
hymn,3.414
allan,3.414
dang,3.414
habitat,3.414
attir,3.409
sugari,3.409
fro,3.409
concurr,3.409
gaudi,3.409
edgar,3.403
postwar,3.403
sharpen,3.403
geographi,3.403
bondag,3.398
argentinian,3.398
snore,3.398
intrepid,3.398
sc,3.398
displeasur,3.393
tidal,3.393
undergon,3.393
laudabl,3.393
iconographi,3.387
fallout,3.387
robocop,3.387
53,3.387
gnaw,3.387
plato,3.387
incessantli,3.387
brazen,3.387
pretext,3.387
dandi,3.387
72,3.387
flawless,3.383
retold,3.382
inkl,3.382
glean,3.382
regiment,3.382
razzi,3.382
unsavori,3.377
cheapli,3.377
foggi,3.377
astray,3.377
repetiti,3.377
unintend,3.372
iota,3.367
3000,3.367
unemot,3.367
debri,3.367
milit,3.367
allevi,3.367
360,3.362
unappreci,3.362
amen,3.362
solidar,3.362
chiefli,3.362
foolishli,3.357
86,3.357
werner,3.357
israel,3.357
needi,3.357
indirect,3.357
disk,3.352
dismantl,3.352
pap,3.352
threshold,3.352
effemin,3.352
yuck,3.347
faculti,3.343
hedonist,3.343
garish,3.343
obtus,3.343
misl,3.343
caveat,3.343
mish,3.338
stash,3.338
recomend,3.338
proxim,3.338
disappointingli,3.338
staggeringli,3.338
consent,3.338
doubtless,3.338
51,3.333
unsubtl,3.333
overcam,3.333
coexist,3.333
wring,3.333
underway,3.333
needn,3.333
dj,3.333
ab,3.333
smart,3.329
unmov,3.329
airborn,3.329
84,3.329
consolid,3.329
excis,3.329
forthcom,3.324
ism,3.324
derid,3.320
euphoria,3.320
pm,3.320
geniou,3.320
bask,3.320
lithuania,3.320
frank,3.316
fluke,3.315
earthli,3.315
adorn,3.315
sharper,3.315
ravish,3.315
sped,3.315
narrat,3.315
perch,3.311
unsatisfactori,3.311
77,3.311
offenc,3.311
kitsch,3.311
mein,3.311
dabbl,3.311
tempera,3.306
anew,3.306
numbingli,3.306
didact,3.306
moreso,3.306
cesar,3.306
pessim,3.306
rend,3.302
trudg,3.302
dank,3.302
constrain,3.298
brawn,3.298
mat,3.298
scape,3.298
troublesom,3.298
reactionari,3.298
verv,3.298
machinist,3.294
starkli,3.294
extinguish,3.294
vinci,3.294
overarch,3.294
detroit,3.294
impenetr,3.289
bi,3.289
peerless,3.285
undesir,3.285
disco,3.285
46,3.285
malick,3.281
homo,3.281
yang,3.281
tumultu,3.281
variabl,3.281
sector,3.277
radiant,3.277
frontal,3.277
hd,3.277
sadder,3.277
tantal,3.277
rational,3.273
sluggish,3.273
shrill,3.273
repertoir,3.269
fiasco,3.269
strut,3.269
dp,3.269
amok,3.269
bona,3.269
oversea,3.269
slump,3.269
transgress,3.269
fluiditi,3.265
html,3.265
ecstasi,3.261
vandal,3.261
anachron,3.261
crucifi,3.261
martin,3.258
nigh,3.257
auditorium,3.257
balk,3.257
sorcer,3.257
insinu,3.257
enviou,3.257
soldier,3.257
trumpet,3.253
lola,3.253
labyrinthin,3.253
burial,3.253
jumbo,3.253
tinker,3.253
pedant,3.249
enrol,3.249
surg,3.249
backseat,3.249
land,3.247
citadel,3.246
mutini,3.246
freud,3.246
annal,3.246
mawkish,3.246
panorama,3.246
emmett,3.246
cock,3.246
aircraft,3.246
episod,3.245
dreamscap,3.242
grittier,3.242
slogan,3.242
certifi,3.242
heyday,3.238
benefici,3.238
tidbit,3.234
jeopardi,3.234
cheeri,3.234
misogynist,3.234
mm,3.234
echelon,3.234
sculptur,3.234
western,3.234
referenti,3.231
po,3.231
whiz,3.231
disgruntl,3.231
unchang,3.231
simpleton,3.227
obedi,3.227
nationalist,3.227
connoisseur,3.227
whirlwind,3.224
copiou,3.224
crucifixion,3.224
niggl,3.220
geograph,3.220
prosthet,3.220
axi,3.216
15th,3.216
buckl,3.216
wallop,3.216
predomin,3.213
queue,3.209
bambi,3.209
dwindl,3.206
gambler,3.206
oldi,3.206
weirdli,3.206
daft,3.203
devote,3.203
trepid,3.203
teeter,3.203
miner,3.199
sideway,3.199
lumin,3.199
misus,3.199
bluray,3.199
nonexist,3.199
freudian,3.199
bludgeon,3.199
daughter,3.197
unlock,3.196
monotoni,3.196
amend,3.196
vest,3.196
sensation,3.196
agit,3.196
sleepwalk,3.196
muppet,3.196
deliver,3.196
uncredit,3.196
humanitarian,3.192
sissi,3.192
spielberg,3.191
harbour,3.189
ne,3.189
embarrassingli,3.189
unsurprisingli,3.189
cutout,3.189
throb,3.189
bam,3.186
interchang,3.186
grammar,3.186
47,3.186
smother,3.186
soo,3.186
hazard,3.186
mischief,3.182
rumbl,3.182
viabl,3.182
berri,3.182
37,3.182
deliri,3.182
croni,3.182
tedium,3.182
errol,3.182
richest,3.182
stomp,3.182
blare,3.179
seeth,3.179
lui,3.179
santa,3.179
activist,3.176
scenic,3.176
unadulter,3.176
discrep,3.173
negat,3.173
sandal,3.173
unapp,3.173
intercut,3.173
novic,3.173
hamper,3.173
alexandr,3.173
snail,3.173
toppl,3.170
cylind,3.170
coverag,3.170
omnipres,3.170
displac,3.170
glitch,3.166
newfound,3.163
neglig,3.163
1934,3.163
dog,3.160
blasphemi,3.160
wallet,3.160
augment,3.160
connot,3.160
tuesday,3.160
obliter,3.157
sherlock,3.157
rusti,3.157
alia,3.157
standalon,3.157
10http,3.157
uncar,3.154
devolv,3.154
discredit,3.154
hustl,3.154
hurrican,3.154
underpin,3.151
remedi,3.151
tranquil,3.148
whichev,3.148
confound,3.148
demolish,3.145
rework,3.142
bobafett1138,3.142
replica,3.142
onslaught,3.142
140,3.139
reagan,3.139
diver,3.139
scarlet,3.139
idioci,3.139
precari,3.139
gusto,3.136
auschwitz,3.136
frailti,3.136
enamor,3.136
maudlin,3.136
rife,3.136
hype,3.135
undisput,3.133
publicli,3.133
spun,3.133
sofa,3.133
insidi,3.130
exec,3.130
shone,3.130
uphold,3.130
frivol,3.130
disclaim,3.127
quaint,3.125
blight,3.125
wane,3.125
outlet,3.125
shoddi,3.125
feedback,3.125
regrett,3.122
postmodern,3.119
sociolog,3.119
intermin,3.116
wagner,3.116
audibl,3.116
fuhrer,3.116
bankrupt,3.113
afterthought,3.113
fetish,3.113
disadvantag,3.113
empathet,3.110
thespian,3.110
cramp,3.110
petal,3.108
matin,3.108
starwar,3.108
disapprov,3.108
folli,3.108
mistrust,3.108
bearabl,3.108
microcosm,3.105
detour,3.105
itch,3.105
repercuss,3.105
solidli,3.105
haul,3.105
grappl,3.102
prose,3.102
identif,3.102
pitfal,3.102
painstakingli,3.102
breaker,3.102
lawn,3.100
rigor,3.100
liken,3.097
counsel,3.097
jacqu,3.094
classroom,3.094
upward,3.094
spurt,3.094
denounc,3.092
milieu,3.092
mont,3.089
skinni,3.086
fractur,3.086
starship,3.086
slant,3.086
perish,3.084
carniv,3.084
muscular,3.081
evidenc,3.081
carbon,3.081
hanger,3.076
feud,3.076
knive,3.076
mulholland,3.076
truest,3.076
brass,3.073
pleaser,3.073
blurri,3.071
rattl,3.071
formerli,3.071
monk,3.071
moralist,3.071
insipid,3.071
devilish,3.071
unto,3.068
equilibrium,3.068
remnant,3.068
ive,3.066
invari,3.066
eyebal,3.066
preconceiv,3.063
pertin,3.063
hitchcockian,3.063
lusciou,3.063
commenc,3.061
tasteless,3.061
sant,3.061
valiant,3.061
sunlight,3.061
seep,3.058
crux,3.058
hurl,3.056
glorious,3.053
cameraman,3.053
onscreen,3.053
scrambl,3.053
chore,3.053
incongru,3.051
adolph,3.051
marit,3.049
wikipedia,3.046
mt,3.046
rejoic,3.046
attic,3.042
undercurr,3.042
unknowingli,3.039
immin,3.039
defenc,3.039
swap,3.037
lofti,3.037
tweak,3.037
swirl,3.037
noisi,3.035
plagiar,3.035
tenth,3.030
mystifi,3.030
chillingli,3.030
transfix,3.030
snob,3.028
judici,3.028
muddi,3.025
boldli,3.025
amnesia,3.025
swiftli,3.025
glossi,3.025
fraction,3.025
31,3.023
painter,3.023
deter,3.021
mercilessli,3.021
atop,3.021
unavoid,3.019
epiphani,3.019
reclaim,3.019
gist,3.019
astut,3.019
conniv,3.016
infer,3.016
hoot,3.016
undo,3.014
bethani,3.014
playwright,3.014
conced,3.014
guidelin,3.014
prototyp,3.014
fearsom,3.012
systemat,3.012
enrag,3.012
groan,3.012
scroll,3.010
bench,3.010
glimmer,3.010
macdonald,3.010
zani,3.010
dictatorship,3.007
reek,3.007
nihil,3.007
swedish,3.007
dispens,3.005
grudg,3.005
discomfort,3.005
reconsid,3.005
criteria,3.005
unheard,3.003
afflict,3.003
verit,3.003
98,3.003
um,3.001
wade,3.001
aerial,3.001
agatha,3.001
abysm,3.001
quo,3.001
laughton,2.999
amalgam,2.997
agon,2.995
moviemak,2.992
underbelli,2.992
unsurpass,2.992
acut,2.992
bravura,2.992
hl,2.992
soil,2.992
vocabulari,2.990
mama,2.990
expend,2.990
empow,2.988
forbid,2.988
grossli,2.988
slur,2.988
pervad,2.986
disintegr,2.986
dignifi,2.986
unnam,2.984
marathon,2.982
daze,2.982
babbl,2.982
nurtur,2.980
shun,2.980
puppi,2.980
impression,2.978
yield,2.978
dialect,2.976
cuba,2.976
uncommon,2.976
detractor,2.976
sooo,2.974
sensual,2.974
fixat,2.972
unmiss,2.972
henchman,2.970
quantiti,2.970
bribe,2.970
ancestor,2.970
purest,2.970
embellish,2.968
oblivion,2.968
omg,2.966
homework,2.966
longtim,2.964
vicious,2.962
plotlin,2.962
malici,2.962
chant,2.962
1967,2.960
rigid,2.960
covet,2.960
hord,2.960
limbo,2.960
refreshingli,2.958
dilut,2.958
lest,2.956
chef,2.956
concis,2.956
flock,2.956
curious,2.956
herein,2.954
sunni,2.954
prohibit,2.954
certainti,2.954
album,2.954
lull,2.952
tripl,2.952
blindli,2.952
therein,2.952
sceptic,2.952
suffoc,2.952
sleek,2.952
focal,2.952
orgi,2.950
hackney,2.950
42,2.950
gen,2.950
mandatori,2.950
sen,2.948
tube,2.948
constraint,2.947
midway,2.947
transmit,2.947
taint,2.947
download,2.945
smartest,2.945
indescrib,2.945
glue,2.945
modifi,2.943
stanwyck,2.943
recaptur,2.943
sulli,2.941
tyrant,2.941
fianc,2.941
circuit,2.941
ambival,2.941
stricken,2.941
faceless,2.939
c3po,2.939
mug,2.939
learnt,2.933
platform,2.933
heavenli,2.933
childlik,2.933
disori,2.932
swift,2.932
halt,2.930
wherein,2.930
unspeak,2.930
synonym,2.928
baron,2.928
hindsight,2.926
leisur,2.926
relianc,2.926
tooth,2.926
mgm,2.926
tangl,2.926
steadili,2.924
problemat,2.924
proven,2.924
obey,2.924
majesti,2.923
furnitur,2.923
jumbl,2.923
conceit,2.923
coloss,2.921
wholesom,2.921
coordin,2.921
peek,2.919
christi,2.919
feebl,2.917
hysteria,2.917
ditch,2.917
agenc,2.917
lens,2.915
hay,2.915
herald,2.914
resili,2.914
frighteningli,2.914
sympathis,2.912
lovingli,2.912
vu,2.912
catalyst,2.912
intrud,2.912
assort,2.912
broker,2.912
tighter,2.910
conceptu,2.908
sampl,2.907
ounc,2.905
deconstruct,2.905
ratio,2.905
jackson,2.902
armageddon,2.902
horner,2.902
nobil,2.902
hmm,2.900
underscor,2.900
cohen,2.900
revolution,2.900
psychedel,2.898
interwoven,2.895
deform,2.893
demograph,2.893
solidifi,2.893
omiss,2.893
gee,2.891
dissolv,2.891
ostens,2.890
outdoor,2.890
conspir,2.890
stilt,2.890
hilar,2.888
persuas,2.888
summon,2.886
sabotag,2.886
knuckl,2.886
virginia,2.886
horn,2.885
asia,2.885
taunt,2.883
vessel,2.881
genet,2.881
sloth,2.881
88,2.880
branch,2.880
underplay,2.878
dreami,2.878
incompar,2.877
reassur,2.877
surveil,2.877
grain,2.875
catharsi,2.875
lament,2.875
mise,2.875
fever,2.873
intermiss,2.872
shaken,2.872
dusti,2.872
ovat,2.872
interven,2.872
shadowi,2.870
rot,2.870
intuit,2.870
til,2.870
daunt,2.869
grunt,2.869
arti,2.867
cox,2.867
incorrect,2.867
outburst,2.867
psychic,2.867
strengthen,2.865
operat,2.865
appoint,2.865
novelti,2.865
casualti,2.864
blog,2.864
veer,2.862
intricaci,2.862
reclus,2.862
everytim,2.862
pacif,2.861
compound,2.859
kinet,2.858
advoc,2.858
guidanc,2.856
bye,2.855
expertis,2.852
fog,2.850
crescendo,2.850
urgenc,2.848
renew,2.848
rambo,2.848
hopelessli,2.847
perfectionist,2.847
deciph,2.847
anarchist,2.845
dualiti,2.845
astonishingli,2.845
sock,2.845
spellbound,2.845
goos,2.844
estim,2.844
jolt,2.842
horrid,2.842
categor,2.842
rampag,2.842
falter,2.842
delusion,2.842
exemplari,2.841
rail,2.841
woke,2.841
myriad,2.841
interplay,2.839
minimalist,2.838
irrat,2.837
allud,2.835
pistol,2.835
facad,2.834
overtli,2.832
amid,2.832
elus,2.831
tomato,2.831
feminin,2.831
consumer,2.829
satisfactori,2.829
murki,2.829
reload,2.828
oneself,2.826
kwai,2.826
freeli,2.825
simplifi,2.825
scarc,2.825
canadian,2.823
tycoon,2.823
upbeat,2.823
veng,2.823
pollut,2.822
daylight,2.822
disput,2.821
uncontrol,2.821
overboard,2.821
etch,2.819
engulf,2.819
minist,2.819
superstar,2.818
adher,2.816
unemploy,2.815
captor,2.814
februari,2.814
forbidden,2.812
tin,2.812
exorcist,2.811
rig,2.811
morbid,2.811
inadvert,2.811
1978,2.809
voyeur,2.808
willing,2.808
delay,2.808
razor,2.808
fathom,2.808
burnt,2.807
child,2.807
purist,2.805
nearest,2.805
signifi,2.805
adject,2.804
superflu,2.804
stoic,2.803
uniformli,2.801
havoc,2.801
sublimin,2.801
barn,2.800
vintag,2.800
detest,2.797
earnest,2.796
alleg,2.792
diet,2.792
ambianc,2.792
spectacularli,2.790
stupend,2.789
youtub,2.789
handedli,2.788
financ,2.788
slash,2.785
bombast,2.785
choppi,2.783
quirk,2.783
feroci,2.783
recollect,2.783
somber,2.775
patron,2.775
placement,2.774
tax,2.772
1987,2.772
unsuccess,2.772
19th,2.772
poem,2.771
cling,2.770
prowess,2.770
successor,2.769
lectur,2.769
brim,2.769
frenet,2.767
yourselv,2.767
allur,2.764
footstep,2.764
marlen,2.764
hippi,2.764
peel,2.761
daddi,2.760
tarkovski,2.760
rub,2.760
hideou,2.760
shelf,2.759
endeavor,2.759
thrive,2.759
volunt,2.757
extern,2.757
nutshel,2.755
tame,2.751
stalk,2.751
stale,2.751
isaac,2.750
filter,2.750
trench,2.750
couch,2.750
brink,2.750
wondrou,2.749
st,2.748
largest,2.748
parad,2.748
intact,2.745
alarm,2.745
atroci,2.745
fright,2.743
adversari,2.743
lightn,2.741
negoti,2.741
unclear,2.739
assess,2.739
discard,2.738
whimsic,2.737
didnt,2.735
heel,2.735
bolt,2.735
kirk,2.733
bulk,2.733
journal,2.733
heir,2.733
dens,2.732
ingenu,2.732
spoon,2.731
jam,2.730
doug,2.730
2016,2.730
improb,2.730
moder,2.729
dietrich,2.728
unmatch,2.728
testimoni,2.727
trim,2.725
underestim,2.725
sydney,2.725
carv,2.724
spooki,2.724
dire,2.723
session,2.722
resum,2.721
billionair,2.721
scarier,2.721
dodg,2.721
gush,2.718
robbi,2.715
beforehand,2.715
shockingli,2.715
wore,2.714
spencer,2.714
polici,2.714
harold,2.713
conceal,2.713
abruptli,2.713
manic,2.713
id,2.712
shave,2.712
sail,2.712
flourish,2.712
flynn,2.710
medit,2.710
laser,2.710
unnecessarili,2.710
spontan,2.709
discern,2.709
outdo,2.708
formid,2.708
denial,2.708
scatter,2.705
brush,2.705
spectrum,2.704
smarter,2.704
exclud,2.703
gloss,2.703
yard,2.702
richli,2.701
wider,2.701
blaze,2.701
swashbuckl,2.700
powerhous,2.700
curtain,2.699
ceremoni,2.699
weigh,2.699
prologu,2.699
2011,2.698
craftsmanship,2.697
salut,2.697
remad,2.697
disgrac,2.696
uncertainti,2.695
artwork,2.695
contract,2.694
fearless,2.694
exud,2.693
bust,2.693
stamp,2.693
ma,2.693
caretak,2.691
downsid,2.690
sought,2.689
collar,2.687
squeez,2.687
boost,2.686
dreari,2.686
incompet,2.685
guitar,2.683
reliv,2.683
insignific,2.682
bounc,2.682
vile,2.682
shelley,2.682
blunt,2.680
willem,2.680
chord,2.679
enrich,2.678
goof,2.678
estrang,2.677
mumbl,2.676
crime,2.676
cent,2.675
sear,2.674
contempt,2.674
lighter,2.673
chip,2.672
rapidli,2.672
doc,2.672
hurri,2.671
anonym,2.671
intro,2.671
deceas,2.671
whistl,2.670
succumb,2.670
inflict,2.670
dori,2.668
domest,2.668
er,2.668
uneven,2.668
1986,2.668
onlin,2.667
illog,2.667
reluctantli,2.667
regularli,2.667
quibbl,2.665
teas,2.664
demeanor,2.663
advers,2.662
louis,2.661
departur,2.661
refuge,2.661
standpoint,2.660
soar,2.659
barbara,2.659
thru,2.658
unexpectedli,2.657
incomprehens,2.657
inclin,2.655
nerd,2.654
begun,2.653
novemb,2.653
invis,2.652
lousi,2.652
smallest,2.652
licens,2.651
guardian,2.650
ban,2.649
misunderstood,2.649
clap,2.649
francisco,2.647
apt,2.647
melancholi,2.645
conform,2.645
acid,2.645
basement,2.644
esqu,2.643
payoff,2.643
chees,2.643
d2,2.642
slum,2.639
churn,2.637
cap,2.637
tiresom,2.636
soak,2.635
stair,2.634
proce,2.633
marilyn,2.633
polar,2.633
fenc,2.632
spill,2.632
lurk,2.631
sketch,2.631
equat,2.628
sucker,2.628
vividli,2.627
lure,2.625
desol,2.624
nemesi,2.624
monro,2.623
1985,2.622
dysfunct,2.622
bitch,2.622
hyper,2.622
unconsci,2.617
decay,2.617
hr,2.617
reliev,2.616
vanish,2.616
pinnacl,2.614
abrupt,2.614
enterpris,2.614
disjoint,2.614
flower,2.613
oblig,2.613
eloqu,2.613
warp,2.612
classifi,2.612
howl,2.612
flavor,2.611
shirt,2.611
intellect,2.609
rendit,2.609
rapid,2.609
criticis,2.608
mini,2.608
titular,2.607
passiv,2.607
monolith,2.607
righteou,2.607
eastern,2.606
mildli,2.603
subtext,2.602
infiltr,2.601
australian,2.600
femm,2.600
digest,2.600
mighti,2.600
frantic,2.600
avid,2.599
sicken,2.598
hardest,2.596
comprehens,2.595
peculiar,2.593
growth,2.591
cigarett,2.591
enabl,2.590
sale,2.590
ooz,2.589
deepest,2.589
backstori,2.588
wield,2.585
ho,2.585
paragraph,2.584
cartoonish,2.583
imperi,2.582
persist,2.581
jewel,2.580
carnag,2.580
2009,2.579
len,2.578
energet,2.576
spectat,2.574
servant,2.574
stray,2.574
mold,2.573
playboy,2.572
35,2.572
entitl,2.572
bath,2.570
bent,2.568
admiss,2.568
hostil,2.564
ms,2.564
moodi,2.564
properti,2.563
stunningli,2.563
1975,2.561
tightli,2.560
1991,2.560
r2,2.560
23,2.557
greet,2.557
blake,2.557
unconvent,2.556
antic,2.554
goodby,2.554
injuri,2.552
ceas,2.551
hello,2.550
gloomi,2.550
unconvinc,2.547
underdog,2.547
masteri,2.546
flag,2.545
heroism,2.544
outlook,2.544
1976,2.544
momentum,2.543
limb,2.542
conduct,2.542
mode,2.542
rotten,2.541
rocket,2.541
unimagin,2.541
manifest,2.541
tramp,2.541
trite,2.538
philip,2.538
prey,2.538
narrow,2.538
albert,2.537
darn,2.537
warrant,2.537
frozen,2.536
2013,2.535
implaus,2.534
lyric,2.534
existenti,2.533
senseless,2.531
geek,2.530
appal,2.530
drill,2.528
scariest,2.528
y,2.528
apolog,2.527
conspiraci,2.527
quietli,2.526
embark,2.525
explicit,2.525
pot,2.524
crisp,2.524
drift,2.523
qualifi,2.521
worldwid,2.520
sarcast,2.520
ww2,2.520
instrument,2.520
hitch,2.520
superl,2.519
correctli,2.516
upcom,2.515
earl,2.515
enthusiasm,2.513
sore,2.512
counterpart,2.512
pet,2.512
gimmick,2.510
itali,2.509
mend,2.509
billion,2.508
zealand,2.507
bump,2.507
2012,2.507
enigmat,2.507
document,2.507
phenomenon,2.506
chronicl,2.505
steadi,2.503
hammer,2.503
journalist,2.502
cheek,2.501
1989,2.497
priceless,2.497
tomorrow,2.497
restrain,2.494
baffl,2.494
judgement,2.493
honour,2.492
stroke,2.492
bro,2.492
cup,2.491
epitom,2.489
mundan,2.488
approv,2.487
undercov,2.487
toe,2.487
chuck,2.485
extract,2.484
fierc,2.484
meat,2.484
literari,2.483
faint,2.483
wholli,2.482
poverti,2.482
characteris,2.480
chines,2.478
guest,2.477
predat,2.477
host,2.477
speci,2.475
woo,2.474
whip,2.474
en,2.473
web,2.472
flashi,2.471
hollow,2.471
signatur,2.470
unpleas,2.470
coffe,2.470
britain,2.469
slightest,2.468
merci,2.468
poetri,2.468
peer,2.467
adolesc,2.467
mock,2.466
barrel,2.463
acquir,2.462
automat,2.461
broad,2.459
graduat,2.459
hack,2.458
ludicr,2.458
robber,2.456
2007,2.456
capra,2.453
heal,2.451
tap,2.450
suffici,2.450
magazin,2.448
seal,2.447
bathroom,2.444
duo,2.443
threw,2.440
rout,2.440
outer,2.438
crown,2.438
lightsab,2.437
flawlessli,2.435
rehash,2.434
sunday,2.433
crawl,2.433
boast,2.432
habit,2.431
dick,2.431
weakest,2.431
passag,2.430
trigger,2.429
strive,2.427
condemn,2.426
temper,2.424
unreal,2.423
kingdom,2.423
rivalri,2.422
photo,2.422
pleasantli,2.420
infinit,2.420
impos,2.419
seamlessli,2.418
akira,2.418
secondari,2.418
complement,2.418
straightforward,2.413
1998,2.409
labyrinth,2.409
trio,2.409
suspend,2.408
notori,2.408
dont,2.407
logan,2.407
fetch,2.406
flight,2.403
crystal,2.402
tongu,2.401
stab,2.400
teller,2.399
grey,2.398
walt,2.396
awak,2.395
speechless,2.395
adequ,2.394
shell,2.393
attribut,2.393
brood,2.392
moreov,2.390
helpless,2.390
dose,2.388
2005,2.386
glanc,2.386
1997,2.386
toss,2.385
flee,2.384
fundament,2.383
spiral,2.383
accolad,2.382
exceed,2.381
semi,2.379
millennium,2.376
atroc,2.375
emphasi,2.374
thread,2.372
climat,2.370
drew,2.370
digniti,2.370
se7en,2.370
neighborhood,2.369
favour,2.368
befriend,2.366
keen,2.365
enlighten,2.363
editor,2.360
san,2.359
option,2.359
nois,2.358
supernatur,2.357
presum,2.357
lynch,2.357
soap,2.356
eager,2.353
neat,2.353
scarfac,2.353
primari,2.353
cloud,2.352
buck,2.352
dilemma,2.350
dealt,2.349
nostalg,2.348
harrow,2.346
worthwhil,2.344
wipe,2.344
expertli,2.343
launch,2.341
confirm,2.340
robberi,2.338
iii,2.338
subconsci,2.337
nuclear,2.337
afternoon,2.336
hail,2.336
verbal,2.332
dear,2.330
intimid,2.330
spanish,2.330
wash,2.329
bug,2.329
ken,2.325
downfal,2.324
taught,2.323
1st,2.323
farm,2.323
paranoia,2.322
delv,2.321
asian,2.320
jerk,2.317
bless,2.316
brook,2.316
vari,2.316
rome,2.315
announc,2.314
altogeth,2.312
vital,2.312
trait,2.312
1940,2.311
carl,2.310
oil,2.308
tank,2.307
dian,2.305
pile,2.305
glorifi,2.303
spider,2.299
realm,2.298
sympath,2.296
offens,2.294
judgment,2.291
downright,2.291
viciou,2.290
leonard,2.289
lamb,2.289
relax,2.288
arthur,2.282
mount,2.281
priest,2.280
endear,2.280
offend,2.279
em,2.278
exposit,2.277
chain,2.277
confin,2.275
corni,2.274
inmat,2.273
spare,2.269
arrog,2.268
shed,2.266
illus,2.266
45,2.265
del,2.264
rear,2.262
cruelti,2.260
nurs,2.259
shop,2.259
suitabl,2.258
shi,2.258
nostalgia,2.258
wanna,2.254
duel,2.253
yesterday,2.252
wander,2.251
torn,2.250
1994,2.247
un,2.246
17,2.246
hopkin,2.244
tribut,2.242
fat,2.240
parodi,2.240
smooth,2.238
dub,2.238
shall,2.237
laid,2.237
london,2.233
stole,2.233
1970,2.231
bell,2.229
laughter,2.229
rough,2.228
loyal,2.227
bite,2.225
undeni,2.225
bang,2.225
sun,2.224
blond,2.221
victori,2.221
lazi,2.218
ron,2.216
compliment,2.216
alongsid,2.216
pound,2.215
uplift,2.214
deliveri,2.213
1990,2.212
cash,2.211
volum,2.211
disbelief,2.206
friendli,2.206
vivid,2.206
grave,2.205
wont,2.205
crusad,2.204
kiss,2.203
wrench,2.203
bird,2.203
mom,2.203
jacket,2.202
charismat,2.201
bride,2.200
sir,2.199
devast,2.196
watchabl,2.195
gross,2.191
popcorn,2.188
whatsoev,2.184
globe,2.183
bone,2.183
1960,2.183
showcas,2.182
darko,2.182
tree,2.175
forgot,2.175
occas,2.174
presid,2.171
percept,2.171
sincer,2.166
3d,2.165
boot,2.163
proof,2.162
underr,2.161
trial,2.160
kurosawa,2.156
ice,2.155
rocki,2.155
candi,2.153
quirki,2.151
hors,2.151
kudo,2.148
wilder,2.148
loyalti,2.147
fourth,2.143
ton,2.141
indulg,2.141
meaning,2.132
season,2.132
instant,2.131
van,2.131
clark,2.127
1950,2.127
predecessor,2.123
rave,2.122
bag,2.120
neighbor,2.119
curs,2.117
debat,2.111
sport,2.109
garbag,2.109
clockwork,2.104
pretenti,2.103
freak,2.102
sadist,2.101
guilti,2.100
franc,2.097
wwii,2.092
split,2.088
defend,2.082
villag,2.080
mountain,2.079
sympathet,2.078
proud,2.076
alter,2.075
crack,2.073
tight,2.069
poorli,2.067
reservoir,2.066
retir,2.062
integr,2.061
heroic,2.058
pair,2.058
target,2.055
credibl,2.052
wizard,2.045
coppola,2.044
ghost,2.042
tabl,2.042
solv,2.040
exact,2.038
raw,2.034
mafia,2.033
accus,2.030
wrap,2.026
topic,2.024
suicid,2.023
refresh,2.020
comed,2.015
chapter,2.011
sword,2.011
drink,2.010
hospit,2.008
neo,2.005
roman,2.002
load,2.002
hook,1.992
ador,1.991
food,1.988
k,1.985
darker,1.984
cartoon,1.984
river,1.983
orang,1.982
acclaim,1.982
south,1.982
method,1.976
commerci,1.975
hey,1.975
donni,1.970
darth,1.965
nowher,1.963
gold,1.954
gift,1.949
board,1.946
stereotyp,1.936
warm,1.933
joseph,1.933
grown,1.925
desert,1.925
field,1.925
stuck,1.923
empti,1.923
henri,1.916
quiet,1.915
anthoni,1.914
sean,1.912
hotel,1.911
sing,1.905
six,1.899
johnni,1.899
vader,1.896
agent,1.892
regret,1.889
solo,1.886
billi,1.880
profession,1.880
interact,1.878
winner,1.877
girlfriend,1.873
rain,1.872
psycho,1.871
damon,1.859
harrison,1.856
gore,1.852
bloodi,1.845
ann,1.835
x,1.829
gotham,1.821
wood,1.814
incept,1.814
chemistri,1.813
younger,1.803
superhero,1.800
suck,1.798
sister,1.789
gari,1.783
law,1.778
kevin,1.777
protect,1.777
teenag,1.770
leonardo,1.769
detect,1.767
childhood,1.767
ii,1.765
promis,1.760
smile,1.755
notch,1.744
friendship,1.717
paul,1.712
jone,1.706
sam,1.682
red,1.672
harri,1.649
disney,1.632
hole,1.620
gun,1.588
godfath,1.568
han,1.565
hilari,1.562
polic,1.517
academi,1.476
knight,1.428
nomin,1.409
humor,1.339
christoph,1.314
comedi,1.237
