bridg,1593.025
kwai,893.124
nicholson,867.661
saito,808.765
british,695.827
guin,671.781
japanes,658.343
lean,610.984
holden,591.554
shear,584.429
river,549.261
colonel,536.538
camp,486.729
hayakawa,474.644
war,469.207
alec,465.026
offic,360.921
prison,357.809
sessu,323.698
build,305.000
command,290.505
pow,284.524
hawkin,280.121
soldier,268.667
david,252.343
hi,250.145
he,244.470
jungl,224.158
guiness,218.621
william,218.315
men,208.832
commando,194.620
warden,189.909
col,186.325
on,166.811
film,166.305
mad,160.123
american,151.596
as,148.249
arabia,146.222
lawrenc,143.574
escap,143.366
by,143.019
s,139.896
march,137.995
geneva,131.652
an,130.312
destroy,130.232
railway,129.622
work,126.887
their,124.709
enemi,123.334
who,122.703
burma,120.876
clipton,120.160
pride,120.092
jack,116.736
alli,112.913
are,112.540
they,112.398
construct,111.720
him,111.605
up,107.352
blow,106.772
epic,105.079
will,104.800
mission,104.537
armi,101.461
whistl,101.455
also,100.571
at,99.966
major,99.137
oscar,98.583
wa,98.031
histor,98.018
great,97.975
perform,97.811
be,96.946
boull,96.128
with,95.960
militari,95.710
order,95.400
we,93.499
that,92.955
joyc,92.716
more,91.084
ceylon,90.726
or,88.849
for,88.712
charact,88.356
refus,88.267
what,88.166
but,88.015
forc,87.642
which,87.530
two,86.775
from,86.475
best,86.402
end,86.088
were,85.633
1957,85.516
have,85.442
one,85.390
than,85.191
when,85.186
there,84.961
not,84.924
in,84.890
pictur,84.681
complet,84.545
other,84.084
about,83.970
would,83.716
convent,83.443
do,82.350
onli,81.796
wwii,81.569
movi,80.898
labor,80.447
veri,79.363
stori,78.707
anti,78.291
realli,78.143
even,76.771
built,76.769
so,75.803
made,75.526
ha,75.200
time,74.639
between,74.237
bogey,73.433
both,73.203
captor,73.153
troop,72.960
show,72.890
donald,72.763
into,72.745
ii,72.350
duti,72.316
well,71.820
set,71.803
burmes,71.714
won,71.669
psycholog,71.189
no,71.129
all,70.858
most,70.706
make,70.360
honor,70.274
own,70.085
conflict,69.996
how,69.966
play,69.746
i,69.704
seem,69.114
here,69.064
while,68.993
actual,68.876
mani,68.817
condit,68.796
over,68.551
get,68.548
way,68.509
rule,68.255
to,67.843
is,67.737
first,67.690
use,67.600
portray,67.567
see,67.123
train,66.418
some,66.401
t,66.277
excel,66.041
actor,65.960
view,64.944
captur,64.894
code,64.875
railroad,64.842
scene,64.727
dure,64.538
like,64.081
help,64.043
can,63.956
die,63.944
director,63.817
could,63.525
much,63.499
battl,63.367
through,63.146
team,62.807
them,62.736
almost,62.679
final,62.559
if,62.518
direct,62.515
real,62.296
doe,62.228
long,62.122
world,62.112
still,62.062
though,61.836
point,61.668
then,61.520
been,61.220
human,61.147
had,61.109
becaus,60.853
stubborn,60.738
base,60.733
brit,60.716
differ,60.675
win,60.539
take,60.269
did,60.098
man,60.039
good,59.989
locat,59.961
out,59.869
howev,59.726
you,59.711
led,59.661
cinematographi,59.631
shot,59.312
award,59.278
becom,59.179
put,58.837
especi,58.534
never,58.409
my,58.346
10,58.196
under,58.148
engin,57.890
group,57.814
these,57.615
just,57.477
climax,57.476
principl,57.338
say,56.978
each,56.856
lead,56.851
ever,56.503
english,56.272
obsess,56.247
role,56.121
go,55.497
realiz,55.478
true,55.444
greatest,55.422
give,55.315
ani,55.294
hero,54.937
year,54.718
after,54.658
moral,54.551
come,54.525
hildyard,54.083
such,53.862
of,53.834
includ,53.526
too,53.488
act,53.268
pierr,53.140
determin,53.139
same,52.952
sir,52.779
look,52.528
may,52.527
rather,52.525
oven,52.503
maj,52.172
meanwhil,51.878
where,51.713
foreman,51.693
across,51.656
eventu,51.654
himself,51.581
must,51.451
respect,51.169
surviv,51.103
thing,50.948
watch,50.932
those,50.756
side,50.732
fact,50.679
surrend,50.670
kill,50.233
action,50.164
half,50.091
event,50.057
it,50.050
stand,49.943
situat,49.568
itself,49.428
interest,49.016
viewer,49.015
enlist,48.287
think,48.059
peopl,47.977
place,47.963
defeat,47.840
manual,47.737
tri,47.668
classic,47.332
histori,47.255
along,47.222
box,47.110
seen,46.849
project,46.651
know,46.540
right,46.221
back,45.955
iron,45.768
anoth,45.728
allow,45.654
thi,45.525
befor,45.334
sever,45.308
hour,45.213
a,45.031
collabor,44.951
admir,44.829
moment,44.802
brutal,44.646
line,44.610
destruct,44.587
me,44.580
plan,44.575
far,44.374
better,44.164
except,44.121
note,44.114
provid,44.059
rank,43.640
despit,43.604
part,43.559
task,43.552
three,43.371
arriv,43.270
want,43.108
wonder,43.021
now,42.992
done,42.929
deserv,42.680
digniti,42.657
against,42.619
hand,42.404
littl,42.347
edit,42.308
jame,42.303
victori,42.193
charg,42.066
explos,41.761
lanka,41.602
effort,41.480
probabl,41.437
believ,41.327
winner,41.296
tell,41.295
thailand,41.251
last,41.144
doesn,40.572
reason,40.563
top,40.552
later,40.440
horn,40.386
said,40.329
qualiti,40.287
someth,40.255
quit,40.250
aid,40.210
ve,40.095
ultim,40.013
hard,39.993
perfect,39.925
live,39.903
deton,39.823
perhap,39.709
doctor,39.674
whi,39.601
sri,39.446
although,39.423
down,39.393
feel,39.356
everi,39.282
p,39.184
should,39.040
entertain,38.916
cynic,38.915
book,38.850
w,38.790
everyth,38.778
lose,38.632
person,38.521
find,38.469
yet,38.447
novel,38.388
academi,38.373
cours,38.238
complex,38.080
1943,38.074
plot,38.018
insist,37.967
sun,37.813
lot,37.786
wilson,37.666
face,37.556
drama,37.411
medic,37.369
don,37.282
beauti,37.237
asian,37.113
exampl,37.106
zhivago,37.035
turn,37.006
depict,36.929
power,36.886
insan,36.821
clash,36.619
sinc,36.600
7,36.589
consid,36.582
given,36.507
superior,36.430
fall,36.425
fiction,36.413
simpli,36.412
cinemat,36.364
100,36.159
hospit,36.151
piec,36.114
question,36.010
tradit,35.952
life,35.909
score,35.642
struggl,35.545
without,35.490
term,35.489
day,35.489
0,35.238
re,35.183
need,35.051
keep,35.048
off,35.047
5,34.993
natur,34.976
o,34.954
cast,34.939
return,34.821
music,34.738
punish,34.719
gener,34.635
asia,34.617
privat,34.281
agre,34.254
job,34.230
studi,34.208
empir,34.195
magnific,33.830
us,33.799
total,33.743
heat,33.701
attempt,33.677
matter,33.665
begin,33.579
element,33.576
releas,33.489
bit,33.477
involv,33.405
circumst,33.400
sens,33.314
blacklist,33.286
mean,33.232
certainli,33.149
stiff,33.097
recruit,33.011
nearli,32.926
leader,32.916
develop,32.792
save,32.787
follow,32.772
serv,32.718
fine,32.714
second,32.710
accur,32.705
treatment,32.634
captiv,32.538
vs,32.453
wrong,32.379
again,32.376
navi,32.370
carl,32.338
and,32.317
finish,32.267
adventur,32.212
treason,32.129
bad,32.071
few,32.053
word,31.962
nation,31.943
ask,31.916
enough,31.909
fascin,31.893
deal,31.893
possibl,31.857
goe,31.827
upper,31.790
sabotag,31.750
nurs,31.622
least,31.610
50,31.533
entir,31.514
full,31.502
sure,31.500
might,31.478
suspens,31.470
repres,31.461
around,31.395
instead,31.371
product,31.360
alway,31.331
didn,31.308
understand,31.213
enjoy,31.074
big,30.997
star,30.982
let,30.953
m,30.907
held,30.833
particularli,30.688
spirit,30.667
countri,30.518
bomb,30.512
rangoon,30.465
harsh,30.282
ryan,30.271
cultur,30.258
expect,30.252
isn,30.185
flaw,30.182
behind,30.174
sailor,30.163
horror,30.071
treat,30.041
cdr,30.032
convinc,30.027
ironi,29.988
realiti,29.967
individu,29.966
support,29.912
grand,29.900
plunger,29.855
happen,29.807
fantast,29.798
rate,29.797
whole,29.404
import,29.324
truli,29.301
receiv,29.280
problem,29.235
appear,29.118
assist,29.117
brilliant,29.074
island,29.049
onc,29.033
amp,28.953
abov,28.876
remain,28.840
heroic,28.810
impress,28.772
thai,28.716
theme,28.710
strong,28.688
hut,28.672
break,28.647
arnold,28.620
taken,28.529
our,28.447
incred,28.396
noth,28.387
finest,28.327
leav,28.323
thought,28.166
themselv,28.083
among,28.079
experi,28.068
bangkok,28.037
heroism,27.989
audienc,27.970
manag,27.935
hollywood,27.929
period,27.888
malcolm,27.862
took,27.856
superb,27.855
ll,27.798
realist,27.780
home,27.741
start,27.738
utter,27.726
anyon,27.697
mention,27.671
1950,27.648
pace,27.616
geoffrey,27.615
monument,27.588
lt,27.578
prove,27.550
necessari,27.541
goal,27.445
lip,27.384
jolli,27.353
compel,27.345
death,27.318
masterpiec,27.317
maintain,27.259
britain,27.156
list,27.156
inaccuraci,27.142
aliv,27.033
name,26.980
demand,26.928
head,26.848
remark,26.787
nomin,26.775
slow,26.723
decid,26.604
am,26.603
alongsid,26.589
grip,26.570
call,26.547
script,26.526
throughout,26.522
stalag,26.521
french,26.477
demolit,26.451
courag,26.419
glori,26.368
effect,26.349
valu,26.336
rest,26.273
master,26.208
cmdr,26.113
old,26.075
brave,26.066
result,25.916
becam,25.888
extrem,25.871
terrif,25.868
present,25.852
got,25.851
near,25.846
run,25.821
idea,25.801
mostli,25.724
reluct,25.676
wooden,25.671
told,25.619
endur,25.601
memor,25.555
pretti,25.535
initi,25.514
reflect,25.496
success,25.481
slave,25.475
deadlin,25.440
test,25.420
talk,25.404
minut,25.355
due,25.321
main,25.305
produc,25.254
dramat,25.170
whose,25.169
aspect,25.149
screen,25.118
typic,25.109
less,25.020
sweat,24.928
imprison,24.893
toward,24.873
japan,24.837
cross,24.836
decad,24.769
houston,24.748
definit,24.699
sort,24.659
shown,24.651
small,24.599
creat,24.518
regard,24.492
credit,24.477
clearli,24.473
mind,24.448
high,24.434
absolut,24.391
screenplay,24.388
widescreen,24.348
recommend,24.299
suicid,24.277
career,24.263
compromis,24.244
compar,24.193
hundr,24.174
either,24.153
character,24.077
bore,24.018
disciplin,23.957
shoot,23.912
purpos,23.819
everyon,23.817
singapor,23.784
raid,23.717
your,23.716
tortur,23.700
level,23.680
rigid,23.680
bill,23.649
achiev,23.636
hell,23.561
boul,23.521
toosey,23.521
messag,23.494
gave,23.406
carri,23.394
suppli,23.374
track,23.364
requir,23.285
learn,23.280
4,23.240
suppos,23.240
tune,23.151
critic,23.147
genr,23.135
love,23.125
comment,23.102
date,23.050
highli,23.046
amaz,23.029
opinion,23.021
brought,22.996
caus,22.935
inde,22.886
larg,22.873
perfectli,22.859
easi,22.848
proud,22.835
prais,22.821
wide,22.809
labour,22.800
easili,22.787
patriot,22.782
engross,22.776
forget,22.729
rail,22.728
bring,22.638
share,22.534
ahead,22.510
absurd,22.491
close,22.476
9,22.440
review,22.432
sum,22.385
move,22.369
saw,22.303
length,22.289
fail,22.239
hold,22.206
limit,22.156
symbol,22.108
shame,22.107
adapt,22.103
imposs,22.067
accord,22.044
cost,22.037
left,22.031
state,22.004
anyth,21.944
leadership,21.943
mere,21.906
pragmat,21.892
today,21.856
accept,21.839
reach,21.825
outstand,21.770
els,21.737
intend,21.718
favorit,21.701
lush,21.687
nevertheless,21.634
tens,21.571
proper,21.565
damn,21.550
four,21.536
concern,21.534
latter,21.519
notic,21.444
approach,21.407
observ,21.397
until,21.381
notabl,21.325
mortar,21.303
join,21.274
sight,21.272
seven,21.230
mayanmar,21.225
care,21.196
consist,21.194
certain,21.150
whether,21.141
late,21.099
apocalyps,21.060
imperson,21.052
game,21.031
chang,20.964
figur,20.899
ye,20.869
women,20.846
forgotten,20.844
conting,20.843
detail,20.824
attent,20.790
further,20.785
sympathet,20.777
month,20.748
explain,20.694
difficult,20.691
commit,20.670
east,20.645
upon,20.637
fellow,20.621
doubt,20.582
decis,20.549
singl,20.526
platoon,20.526
dvd,20.514
kind,20.464
often,20.457
battalion,20.452
site,20.425
afi,20.416
eye,20.386
martinet,20.380
bushido,20.380
seaman,20.380
form,20.371
refer,20.347
2,20.338
drive,20.297
sick,20.283
cinema,20.253
cruel,20.203
1958,20.125
lieuten,20.106
realis,20.065
maer,20.021
bork,20.021
mayb,20.011
dare,19.969
motiv,19.968
intern,19.919
author,19.908
subtl,19.887
sound,19.836
161,19.820
lost,19.750
somewhat,19.729
issu,19.677
encount,19.676
similar,19.659
obviou,19.602
d,19.600
ridicul,19.580
mr,19.577
open,19.539
rout,19.521
columbia,19.520
known,19.510
away,19.472
former,19.444
violat,19.415
sweep,19.389
excit,19.377
the,19.371
art,19.348
camera,19.333
sefton,19.317
botrk,19.317
write,19.308
deliv,19.286
outcom,19.283
prefer,19.262
inhuman,19.252
nice,19.234
featur,19.233
worthi,19.233
etc,19.224
obi,19.174
miss,19.147
felt,19.097
member,19.051
clear,19.027
attitud,19.024
fight,19.010
unit,18.937
wound,18.896
odd,18.869
huge,18.836
suggest,18.819
particular,18.798
execut,18.754
short,18.747
prevent,18.743
visual,18.713
caught,18.700
civil,18.684
light,18.680
chanc,18.671
tension,18.653
common,18.632
8,18.555
inspir,18.542
center,18.526
famou,18.507
marvel,18.506
metaphor,18.453
altern,18.406
suffer,18.399
emot,18.387
rememb,18.352
night,18.326
discov,18.306
abl,18.290
particip,18.288
found,18.282
color,18.263
failur,18.250
recent,18.228
scale,18.226
confin,18.200
michael,18.173
usual,18.163
structur,18.158
arrog,18.142
worth,18.131
self,18.113
overal,18.086
loos,18.079
imperi,18.075
younger,18.031
cannot,18.029
contrast,18.007
17,17.965
southeast,17.952
motion,17.908
creation,17.908
meet,17.905
food,17.895
hope,17.884
filmmak,17.877
3,17.872
add,17.807
parachut,17.791
western,17.785
persuad,17.764
imagin,17.743
guard,17.711
lack,17.703
quietli,17.682
heart,17.677
newli,17.657
accident,17.653
spectacular,17.647
ww2,17.642
prepar,17.596
cinemascop,17.570
standard,17.552
send,17.538
sent,17.534
sometim,17.534
case,17.529
landscap,17.524
earli,17.501
honour,17.445
incid,17.398
new,17.333
core,17.229
massiv,17.229
hot,17.202
brief,17.180
uss,17.156
number,17.041
accuraci,17.035
essenti,17.026
valor,16.963
band,16.917
sole,16.901
blackmail,16.898
display,16.888
preserv,16.850
handl,16.821
beach,16.749
spectacl,16.732
gradual,16.730
waterfal,16.713
dedic,16.700
tale,16.671
immedi,16.659
edg,16.657
era,16.648
central,16.635
climact,16.603
tv,16.576
photographi,16.565
ten,16.560
bend,16.547
inform,16.544
obvious,16.540
patienc,16.499
integr,16.489
haven,16.485
worker,16.455
appeal,16.382
posit,16.377
u,16.363
past,16.359
lesson,16.354
ship,16.353
gentleman,16.353
wit,16.340
inaccur,16.339
copi,16.332
object,16.321
modern,16.321
unfortun,16.265
suddenli,16.230
co,16.230
therefor,16.208
degre,16.199
blown,16.195
convey,16.156
minor,16.131
foil,16.130
technic,16.110
axi,16.082
spoiler,16.081
vision,16.057
lock,15.962
survivor,15.944
describ,15.937
senior,15.930
read,15.912
accomplish,15.894
intrigu,15.892
illus,15.863
kenobi,15.817
karen,15.806
regul,15.786
bat,15.746
sunk,15.725
anyway,15.714
reward,15.708
neg,15.685
uphold,15.651
identifi,15.612
push,15.602
unlik,15.600
justifi,15.592
stun,15.565
poor,15.562
channel,15.560
intent,15.536
speak,15.517
rous,15.517
abil,15.517
bear,15.509
progress,15.492
claim,15.468
came,15.446
assign,15.399
desert,15.396
wouldn,15.378
class,15.333
alreadi,15.301
whom,15.270
stage,15.270
togeth,15.263
timeless,15.262
transport,15.252
control,15.241
protest,15.240
dead,15.231
unnecessari,15.222
dialogu,15.190
indic,15.183
embodi,15.174
guid,15.146
antagonist,15.106
document,15.042
none,15.003
design,15.002
servic,15.000
layer,14.999
injur,14.997
intens,14.995
subject,14.993
rigidli,14.953
complain,14.930
saniti,14.929
relationship,14.916
earlier,14.910
subsequ,14.872
choic,14.867
plastic,14.839
focus,14.830
readi,14.801
strateg,14.790
match,14.783
debat,14.775
surpris,14.767
materi,14.766
inferior,14.749
temporari,14.723
offer,14.723
special,14.723
corp,14.714
reaction,14.678
nativ,14.676
solid,14.654
thrill,14.651
imag,14.647
summari,14.639
earn,14.637
mainli,14.622
focu,14.617
pick,14.606
written,14.595
oppos,14.585
section,14.580
root,14.568
stuff,14.559
separ,14.554
green,14.523
rare,14.489
explor,14.478
remind,14.470
dishonor,14.465
fate,14.457
pure,14.420
descend,14.394
process,14.365
compani,14.351
neither,14.349
went,14.331
insult,14.307
tragic,14.296
wartim,14.296
gun,14.296
india,14.286
appar,14.276
wan,14.268
atroc,14.249
current,14.224
climat,14.219
regardless,14.187
beyond,14.162
princip,14.116
sympathi,14.100
cut,14.083
adher,14.082
sunset,14.070
tin,14.061
parallel,14.059
answer,14.051
origin,14.037
ideal,14.030
practic,14.027
6,14.025
yell,13.980
oblivi,13.979
tepid,13.921
elam,13.921
conclus,13.918
sacrific,13.918
stick,13.917
wish,13.913
stay,13.904
idiot,13.901
fan,13.842
schedul,13.830
walk,13.817
1962,13.811
resourc,13.764
border,13.731
format,13.731
veteran,13.728
kept,13.699
variou,13.675
discuss,13.661
appreci,13.649
avoid,13.638
herbert,13.635
stanc,13.627
starv,13.616
talent,13.592
equal,13.591
bataan,13.585
relent,13.549
regiment,13.528
pass,13.521
basic,13.494
pitch,13.485
ignor,13.477
account,13.472
consequ,13.455
express,13.454
fatal,13.418
fear,13.417
submit,13.416
mass,13.407
corrug,13.384
guinn,13.384
argu,13.370
sear,13.369
machin,13.367
deep,13.347
manner,13.339
insid,13.333
challeng,13.291
erect,13.278
affect,13.258
restor,13.250
german,13.241
higher,13.224
bird,13.217
morel,13.210
arm,13.167
front,13.147
age,13.133
hit,13.126
recognit,13.125
cooli,13.056
siames,13.056
cooper,13.052
succeed,13.049
titular,13.037
thousand,13.032
imdb,13.027
craft,13.009
concess,12.983
check,12.971
tropic,12.953
wire,12.952
couldn,12.930
vote,12.927
specif,12.908
carnag,12.898
loyalti,12.881
foot,12.875
warfar,12.858
cri,12.846
crazi,12.825
physic,12.809
examin,12.790
brilliantli,12.762
guy,12.759
extran,12.756
ago,12.756
merit,12.752
feet,12.713
conduct,12.711
exactli,12.707
bungalow,12.682
soon,12.679
dutch,12.666
senseless,12.656
larger,12.646
cool,12.640
drift,12.616
sadist,12.604
round,12.578
sheer,12.565
young,12.565
evid,12.544
benefit,12.533
justli,12.533
knew,12.529
uniqu,12.520
tire,12.507
ambigu,12.502
deliber,12.500
weak,12.485
fill,12.484
nonetheless,12.482
song,12.474
frequent,12.458
establish,12.446
folli,12.431
connect,12.426
converg,12.409
consider,12.405
poorli,12.404
freedom,12.397
paradox,12.392
comedi,12.373
defianc,12.366
stop,12.366
serious,12.354
expos,12.322
blind,12.322
stupid,12.293
screenwrit,12.275
undoubtedli,12.265
convict,12.262
normal,12.246
pain,12.244
standoff,12.243
firmli,12.242
style,12.223
vice,12.191
detach,12.180
succe,12.175
desir,12.161
delud,12.101
aw,12.087
12,12.061
report,12.054
tora,12.016
defin,11.995
collaps,11.995
barbarian,11.987
knife,11.971
influenc,11.964
grade,11.942
ad,11.910
precis,11.904
bribe,11.880
intim,11.852
drag,11.842
enter,11.834
slowli,11.834
flock,11.824
contempl,11.824
ethic,11.812
frame,11.795
60,11.785
reveal,11.771
uncl,11.768
mistreat,11.763
seriou,11.732
stretcher,11.725
navaron,11.725
sequenc,11.723
expertli,11.713
addit,11.711
obey,11.697
continu,11.697
villain,11.696
otherwis,11.691
statement,11.685
spiegel,11.674
summertim,11.674
halv,11.662
apart,11.657
truth,11.655
unexpect,11.640
room,11.635
distract,11.598
andr,11.579
difficulti,11.578
tremend,11.564
persuas,11.552
proudli,11.552
depth,11.536
hate,11.515
contrari,11.506
pose,11.502
perci,11.500
reserv,11.491
ensur,11.489
key,11.488
collus,11.488
composit,11.480
somewher,11.475
resolv,11.457
1945,11.455
attack,11.446
pacif,11.443
wasn,11.437
solitari,11.418
confus,11.416
strike,11.410
sink,11.405
centuri,11.396
forev,11.380
nobl,11.373
sadli,11.345
increasingli,11.325
belong,11.320
canadian,11.294
profession,11.277
interact,11.270
intellig,11.266
swelter,11.250
delay,11.232
rewrit,11.216
alon,11.199
within,11.181
titl,11.181
saboteur,11.180
simpl,11.178
persever,11.173
angri,11.169
scream,11.152
weren,11.138
utterli,11.129
recogn,11.115
comradeship,11.113
conscript,11.113
barbar,11.099
logic,11.098
vista,11.089
driven,11.071
engag,11.069
loss,11.068
iraq,11.064
writer,11.050
stoicism,11.049
fell,11.025
grave,11.023
opposit,11.020
coupl,11.012
charismat,11.004
sit,11.001
sceneri,10.996
rel,10.983
terribl,10.982
watchabl,10.975
swear,10.974
negoti,10.962
explod,10.960
fit,10.952
rock,10.941
extraordinari,10.912
uncertain,10.902
portrait,10.896
occur,10.892
wait,10.888
humid,10.875
gain,10.849
user,10.845
lie,10.841
oliv,10.837
footag,10.825
version,10.809
cite,10.796
silent,10.786
notion,10.752
rag,10.724
dimens,10.719
humor,10.714
someon,10.702
background,10.699
lay,10.698
cricket,10.698
steam,10.687
grow,10.675
renoir,10.674
myself,10.661
seek,10.655
professor,10.653
advers,10.648
1,10.638
blah,10.628
provok,10.620
unforgett,10.620
haito,10.613
conoel,10.613
15,10.603
worst,10.590
deviat,10.586
scope,10.586
stockholm,10.563
combin,10.553
enorm,10.521
pretend,10.486
combat,10.486
sky,10.471
hardli,10.469
prior,10.462
oblig,10.450
link,10.444
photograph,10.436
disc,10.419
romant,10.409
australian,10.402
bound,10.390
hasn,10.388
besid,10.364
tight,10.345
disappoint,10.341
familiar,10.338
perspect,10.336
amongst,10.324
interestingli,10.315
escape,10.311
dynam,10.310
water,10.292
independ,10.285
suspect,10.284
sturdi,10.277
68,10.277
storylin,10.250
race,10.250
budget,10.240
distinct,10.233
fulfil,10.196
mark,10.175
futil,10.169
humili,10.163
asid,10.162
oper,10.148
behavior,10.147
draw,10.135
rivet,10.127
uniform,10.124
fli,10.112
threaten,10.111
evil,10.105
oh,10.095
speed,10.080
superl,10.076
ape,10.061
fool,10.058
deservedli,10.047
nicolson,10.042
ruthless,10.039
wors,10.033
gone,10.031
stretch,10.030
revolv,10.019
horribl,10.017
coloni,10.017
sacrif,10.017
slightli,10.011
demolitionist,10.011
gcaplan,10.011
logist,9.986
dad,9.980
golden,9.973
third,9.972
effici,9.958
agenda,9.958
overlook,9.957
virtu,9.921
blood,9.919
chines,9.913
acclaim,9.910
woo,9.898
method,9.879
quickli,9.876
doom,9.859
oppon,9.855
colour,9.852
documentari,9.846
automat,9.845
spend,9.837
lone,9.836
authent,9.835
pivot,9.828
overlong,9.815
atyp,9.807
possess,9.806
yourself,9.801
coerc,9.795
drain,9.789
loser,9.756
type,9.738
board,9.731
step,9.708
conquer,9.695
disappear,9.694
cheer,9.685
troubl,9.683
belief,9.673
saiko,9.658
twist,9.609
dislik,9.602
record,9.589
tone,9.573
rescu,9.567
skill,9.557
tendenc,9.555
player,9.545
risk,9.544
160,9.528
liberti,9.520
rightli,9.512
impact,9.508
greater,9.502
introduc,9.499
kid,9.499
began,9.496
mine,9.491
garner,9.489
male,9.489
thread,9.487
million,9.473
heard,9.466
culmin,9.453
subordin,9.453
collis,9.444
shorter,9.442
insight,9.439
demolish,9.435
retain,9.428
sighted,9.409
pota,9.409
compos,9.408
supervis,9.391
bigger,9.373
knowledg,9.359
overshadow,9.348
caricatur,9.344
ladi,9.344
onto,9.318
speech,9.314
parti,9.314
white,9.306
five,9.304
artist,9.290
ww,9.282
needless,9.282
univers,9.274
mutter,9.267
signific,9.265
flicker,9.259
admit,9.251
fairli,9.239
territori,9.220
grogan,9.215
731,9.215
grant,9.212
theater,9.209
bond,9.206
withstand,9.168
tragedi,9.164
landmark,9.159
confront,9.148
testament,9.136
excruciatingli,9.132
seat,9.131
plausibl,9.131
deeper,9.112
highlight,9.107
inmat,9.090
opportun,9.085
worri,9.073
wood,9.069
anymor,9.069
infest,9.062
rulebook,9.056
recoveri,9.049
eponym,9.049
unfold,9.041
miser,9.039
tent,9.029
accommod,9.029
fair,9.026
reportedli,9.022
awe,9.022
simultan,9.022
noon,9.016
contain,9.012
yesterday,9.007
torn,9.001
owe,8.993
nobodi,8.951
hesit,8.950
selfish,8.948
bunch,8.940
yield,8.934
highfalutin,8.923
siam,8.923
willian,8.923
discoveri,8.919
deck,8.904
breathtak,8.896
lesser,8.893
infam,8.884
local,8.870
realism,8.859
blindli,8.857
beaten,8.852
hackney,8.851
exchang,8.850
fought,8.849
ritual,8.845
directori,8.839
wrote,8.837
interpret,8.824
shoe,8.823
studio,8.819
wont,8.818
hellish,8.811
prize,8.806
icon,8.792
collid,8.789
devast,8.784
opera,8.782
press,8.768
system,8.764
air,8.753
miniatur,8.752
expert,8.751
resili,8.741
trek,8.740
collect,8.739
multi,8.739
catalyst,8.736
crucial,8.735
globe,8.734
notch,8.720
idealog,8.704
timet,8.704
316,8.704
obstinaci,8.704
tree,8.701
occas,8.696
despair,8.682
spite,8.680
born,8.677
agreement,8.674
dr,8.669
femal,8.644
cinematograph,8.642
struck,8.633
kurosawa,8.622
seppuku,8.613
egomania,8.613
touch,8.592
wherea,8.575
scheme,8.561
devot,8.558
unwil,8.555
nuanc,8.546
bafta,8.545
ground,8.543
thu,8.538
dualiti,8.536
peter,8.535
prision,8.530
pyrrhic,8.530
geniu,8.523
1942,8.514
rais,8.514
samurai,8.513
week,8.503
traitor,8.501
size,8.496
obligatori,8.492
correspond,8.492
unbeliev,8.488
drop,8.485
transcend,8.482
genuin,8.463
loafer,8.454
pleas,8.454
000,8.454
threat,8.451
letter,8.433
inadvert,8.432
eight,8.418
fire,8.417
planet,8.402
simul,8.387
nickleson,8.385
munit,8.385
indochina,8.385
syndrom,8.379
warrior,8.379
pull,8.364
costum,8.354
accid,8.347
shift,8.346
transit,8.345
below,8.336
pawn,8.325
villag,8.321
draft,8.317
cling,8.309
graphic,8.307
stellar,8.297
throw,8.288
comrad,8.272
volunt,8.272
russian,8.265
chief,8.265
dual,8.261
afterward,8.252
measur,8.244
video,8.242
absorb,8.225
versa,8.222
static,8.211
philosophi,8.198
incap,8.183
holocaust,8.180
metal,8.180
coppola,8.177
abandon,8.174
canva,8.173
basebal,8.166
muddl,8.163
rich,8.160
collud,8.152
sub,8.148
supremaci,8.123
formid,8.123
exemplifi,8.119
land,8.117
clich,8.114
malaysia,8.102
greatli,8.091
awesom,8.086
fabul,8.086
13,8.079
primal,8.078
scenario,8.070
languag,8.067
satisfi,8.060
boost,8.059
servil,8.055
highest,8.050
forth,8.046
uncompromis,8.043
protagonist,8.038
dozen,8.034
narr,8.029
weep,8.028
contempt,8.022
virtual,8.021
chip,8.016
succumb,8.010
happi,8.007
cowardli,8.001
reluctantli,8.001
favor,8.000
quibbl,7.995
gotten,7.994
soul,7.981
potent,7.977
ex,7.964
foe,7.954
hunger,7.948
gorgeou,7.941
liter,7.931
occup,7.931
context,7.931
danger,7.929
renown,7.925
demonstr,7.925
20,7.909
futur,7.904
retrospect,7.903
shrapnel,7.889
resist,7.888
celebr,7.868
repudi,7.852
width,7.852
triumph,7.845
kurtz,7.835
concentr,7.835
strict,7.830
rendit,7.827
instruct,7.822
longest,7.822
rise,7.819
eastern,7.817
correct,7.813
mildli,7.809
subtext,7.807
surfac,7.797
occasion,7.797
miracul,7.784
catchi,7.774
next,7.774
anticip,7.768
alien,7.764
tiger,7.764
pointless,7.756
com,7.755
kite,7.750
famili,7.748
stereotyp,7.743
inexplic,7.734
concept,7.729
plaqu,7.718
stickler,7.718
entitl,7.717
hint,7.713
amount,7.710
trap,7.707
bent,7.705
whilst,7.698
west,7.692
inflex,7.688
weapon,7.676
idealist,7.674
fortun,7.674
quiet,7.662
booster,7.658
hill,7.658
braveri,7.656
taylor,7.651
reli,7.643
school,7.642
articl,7.640
anybodi,7.639
flag,7.636
jap,7.630
duress,7.630
de,7.628
sing,7.619
foremost,7.615
philip,7.615
perman,7.615
strang,7.614
unrel,7.604
1915,7.602
implaus,7.602
met,7.594
domin,7.594
viewpoint,7.593
rage,7.592
royal,7.591
trivial,7.589
dispos,7.589
amidst,7.587
likabl,7.566
qualifi,7.563
unawar,7.561
sarcast,7.561
g,7.556
fast,7.546
allegori,7.540
sore,7.536
counterpart,7.536
constant,7.530
gimmick,7.529
sign,7.525
mae,7.525
eleventh,7.525
heap,7.519
wast,7.512
civilian,7.511
diseas,7.503
setup,7.503
plain,7.499
archetyp,7.496
swim,7.480
1919,7.476
pay,7.470
wind,7.464
teach,7.461
hawk,7.456
malnutrit,7.453
atmospher,7.453
aris,7.447
movement,7.441
rabbl,7.431
sweet,7.423
inject,7.416
gear,7.412
fault,7.404
yeah,7.402
diminish,7.395
relat,7.383
quick,7.382
pill,7.382
idli,7.366
swept,7.362
trooper,7.360
path,7.332
improv,7.317
repli,7.317
arrang,7.308
govern,7.301
ration,7.301
passag,7.289
pip,7.287
miliu,7.287
belat,7.287
wreck,7.271
250,7.269
seemingli,7.267
complic,7.267
contradict,7.261
shortli,7.253
wild,7.245
premis,7.245
orient,7.244
mile,7.237
insert,7.234
elsewher,7.226
critiqu,7.225
pun,7.223
tonight,7.221
fond,7.218
gallant,7.215
transfer,7.213
commun,7.213
experienc,7.201
smell,7.192
consciou,7.192
boundari,7.190
attribut,7.178
raf,7.164
whitewash,7.164
bar,7.157
calcul,7.152
acquiesc,7.148
behav,7.146
accolad,7.145
antiwar,7.132
rocker,7.116
blockbust,7.110
law,7.110
fashion,7.109
constrict,7.101
god,7.101
calendar,7.086
extra,7.082
option,7.077
mitig,7.071
presum,7.071
unfair,7.068
primari,7.058
middl,7.054
dilemma,7.051
soundtrack,7.050
exist,7.049
ensu,7.049
tie,7.043
tan,7.042
heavi,7.040
silli,7.039
ventur,7.035
worthwhil,7.032
mushroom,7.028
conscienc,7.025
torment,7.022
stake,7.022
spent,7.018
gunpoint,7.014
iii,7.014
secondli,7.011
usa,7.004
lengthi,6.998
quot,6.989
faith,6.987
maker,6.986
per,6.982
strength,6.980
instinct,6.979
digger,6.974
meticul,6.974
convers,6.973
mixtur,6.968
occupi,6.964
rush,6.963
assembl,6.961
ankl,6.961
16,6.960
recuper,6.948
presenc,6.940
trait,6.936
linguist,6.935
john,6.927
leech,6.910
kenneth,6.910
harder,6.910
ultra,6.910
passion,6.909
glorifi,6.909
fallibl,6.886
storytel,6.884
offens,6.881
derogatori,6.874
nevermind,6.874
tough,6.874
exercis,6.865
oppress,6.865
smaller,6.863
unwilling,6.863
warn,6.860
public,6.858
b,6.844
em,6.833
represent,6.833
defi,6.833
standout,6.832
inscrut,6.829
reject,6.824
desper,6.823
corni,6.822
float,6.822
dark,6.817
pontif,6.807
41,6.796
covert,6.796
alford,6.796
45,6.795
outclass,6.775
perk,6.775
countrymen,6.764
strongest,6.759
meant,6.754
alcatraz,6.754
headstrong,6.754
ammunit,6.754
pro,6.748
respons,6.732
grim,6.731
honestli,6.731
tribut,6.725
solidar,6.724
58,6.724
parodi,6.720
await,6.718
underli,6.716
lover,6.710
laid,6.710
ingeni,6.707
acknowledg,6.701
england,6.698
ruin,6.695
influenti,6.694
crime,6.689
marker,6.685
obtus,6.685
credul,6.685
misl,6.685
martini,6.685
guess,6.684
loyal,6.680
registri,6.676
undeni,6.674
aspir,6.674
properli,6.671
blond,6.662
thankless,6.657
characterist,6.656
lazi,6.654
fortitud,6.639
borrow,6.637
weasel,6.630
20th,6.624
martial,6.622
gori,6.618
friendli,6.617
invit,6.615
jacket,6.606
43,6.604
hike,6.595
backdrop,6.594
catch,6.590
routin,6.583
span,6.574
malick,6.562
basi,6.561
bold,6.554
thank,6.551
subplot,6.545
institut,6.537
chap,6.530
forgot,6.526
balk,6.514
town,6.508
trumpet,6.507
damag,6.501
circl,6.501
ambient,6.491
episod,6.490
boot,6.489
encourag,6.479
somehow,6.461
connoisseur,6.454
tenac,6.454
deplor,6.447
momentarili,6.447
treasur,6.444
invest,6.442
cgi,6.438
fulli,6.436
disorient,6.433
fourth,6.430
cold,6.428
indulg,6.422
distanc,6.410
illustr,6.407
sorri,6.404
welfar,6.398
daughter,6.394
enthral,6.393
uncredit,6.392
englishman,6.385
plant,6.379
wwi,6.378
forest,6.372
47,6.372
undercut,6.372
yanke,6.358
mellow,6.358
bull,6.353
goer,6.352
shake,6.345
favourit,6.343
defiant,6.339
instantli,6.332
coconut,6.320
attach,6.315
obliter,6.314
column,6.314
buff,6.311
horrif,6.310
tcm,6.302
free,6.302
mid,6.297
tranquil,6.296
quarrel,6.296
compet,6.292
ok,6.279
shabbi,6.278
father,6.277
shine,6.271
split,6.263
defici,6.261
polit,6.255
stall,6.255
undi,6.249
fleme,6.249
blueprint,6.249
somebodi,6.238
postmodern,6.238
unfathom,6.238
bearer,6.238
beat,6.236
picturesqu,6.232
intermin,6.232
dishonest,6.226
superbl,6.224
nowaday,6.222
crack,6.219
mesmer,6.215
flash,6.214
fun,6.212
bed,6.208
waver,6.199
girl,6.190
she,6.189
farcic,6.188
1952,6.188
thin,6.178
gruel,6.172
vast,6.166
storm,6.162
associ,6.161
esquir,6.157
importantli,6.148
sidelin,6.147
accompani,6.141
bodi,6.139
allegi,6.137
sardon,6.132
tabl,6.125
pan,6.100
excus,6.099
overcom,6.095
frankli,6.089
badli,6.076
graveyard,6.074
model,6.073
substanc,6.065
egotist,6.064
grandma,6.051
crafti,6.046
pvt,6.046
counterpoint,6.042
splendidli,6.042
hitler,6.030
remov,6.027
load,6.005
essenc,6.004
basketbal,5.998
glorif,5.998
chosen,5.995
commiss,5.981
forbid,5.977
soften,5.972
colbert,5.956
emin,5.952
relief,5.946
accordingli,5.944
shape,5.928
powerless,5.912
hadn,5.910
herein,5.908
willingli,5.908
therein,5.904
focal,5.904
sake,5.901
organ,5.898
memori,5.887
abli,5.885
abid,5.874
wiser,5.874
strongli,5.872
unthink,5.871
quasi,5.856
tangl,5.852
leisur,5.852
ill,5.845
seren,5.845
betray,5.844
understood,5.837
deni,5.836
notwithstand,5.834
onward,5.834
bake,5.831
advanc,5.823
factor,5.813
environ,5.813
schindler,5.812
wake,5.810
ratio,5.810
underscor,5.800
intensifi,5.796
depend,5.794
eclips,5.793
disgust,5.790
philosoph,5.782
prosper,5.779
broken,5.775
1946,5.773
brash,5.760
peasant,5.756
environment,5.756
unknown,5.756
incompar,5.753
fortress,5.750
giant,5.748
batter,5.747
august,5.747
famous,5.747
sourc,5.738
hear,5.738
frustrat,5.735
cox,5.734
hatch,5.731
diabol,5.728
assum,5.725
contribut,5.724
explicitli,5.721
extend,5.712
misplac,5.712
11,5.711
pompou,5.706
grab,5.702
legendari,5.695
hokey,5.688
estim,5.688
matur,5.681
transpir,5.676
amus,5.675
safe,5.665
amid,5.664
statu,5.663
resign,5.661
murki,5.658
navig,5.656
instanc,5.654
70,5.649
thoroughli,5.642
tend,5.642
billi,5.641
sell,5.641
space,5.629
invent,5.626
willing,5.616
swamp,5.608
der,5.608
stoic,5.605
prioriti,5.594
ant,5.592
inept,5.589
surprisingli,5.588
ring,5.579
stupend,5.578
disillus,5.573
bombast,5.570
marri,5.569
bargain,5.568
capabl,5.566
grace,5.563
impati,5.563
summer,5.558
tack,5.555
devis,5.555
esteem,5.550
cooler,5.547
factual,5.545
ident,5.543
shadow,5.542
woman,5.530
paint,5.527
knack,5.522
bewar,5.522
clint,5.522
endeavor,5.517
extern,5.515
visit,5.509
manipul,5.509
crap,5.507
impend,5.507
merciless,5.507
recount,5.505
ann,5.504
loom,5.498
parad,5.495
intact,5.490
predica,5.490
swanson,5.490
hypocrit,5.486
adversari,5.486
unclear,5.479
multipl,5.477
discard,5.476
heel,5.469
fold,5.465
modest,5.465
travesti,5.462
chicken,5.460
industri,5.458
exposur,5.458
se,5.458
tribe,5.455
schultz,5.453
trim,5.451
dire,5.446
sour,5.442
misguid,5.433
wore,5.428
polici,5.428
conceal,5.426
percent,5.424
ordeal,5.424
farc,5.417
awar,5.413
unquestion,5.409
exclud,5.406
wider,5.402
brother,5.401
sad,5.398
ceremoni,5.398
weigh,5.398
suck,5.394
remad,5.394
region,5.387
bust,5.385
toy,5.376
vain,5.372
harbor,5.364
comeback,5.362
technolog,5.357
voic,5.356
lighter,5.346
disord,5.346
coward,5.342
inflict,5.340
expans,5.334
rifl,5.332
protect,5.330
strategi,5.330
demeanor,5.326
gunfight,5.322
pocket,5.322
standpoint,5.320
constantli,5.316
90,5.315
luca,5.314
skeleton,5.312
broadcast,5.310
la,5.309
transform,5.309
singapur,5.306
semanticist,5.306
inqusit,5.306
unfenc,5.306
tbotrk,5.306
hayakaya,5.306
dynast,5.306
filmag,5.306
lipism,5.306
sote,5.306
hayakawan,5.306
425,5.306
klong,5.306
hawkni,5.306
jimson,5.306
7mi,5.306
rickett,5.306
rive,5.306
nabucco,5.306
hawkaya,5.306
kwaiuntil,5.306
hawakaya,5.306
lavinia,5.306
shalako,5.306
lookov,5.306
bandsman,5.306
holdendavid,5.306
peacelov,5.306
haditha,5.306
japens,5.306
worldar,5.306
40some,5.306
guni,5.306
malinger,5.306
hereceiv,5.306
decaffein,5.306
equatori,5.306
bangcock,5.306
nippones,5.306
saipan,5.306
withn,5.306
ofmi,5.306
geppetto,5.306
ragoon,5.306
superproduct,5.306
bouell,5.306
enemey,5.306
saeto,5.306
hayawka,5.306
hayakowa,5.306
holdena,5.306
blimpish,5.306
hawakawa,5.306
kayakawa,5.306
rjn,5.306
characterswith,5.306
rivier,5.306
unventil,5.306
prandial,5.306
zug,5.306
kitulgala,5.306
troom,5.306
sesu,5.306
haykawa,5.306
redound,5.306
onv,5.306
soldieri,5.306
buildin,5.306
itserf,5.306
youurr,5.306
licens,5.302
dull,5.297
grandios,5.295
circu,5.295
neatli,5.291
techniqu,5.290
outright,5.287
payoff,5.285
mutual,5.285
hunt,5.284
elder,5.282
triumphant,5.276
tug,5.274
cap,5.274
drawn,5.273
proce,5.267
horizon,5.267
bother,5.267
lurk,5.263
anniversari,5.261
attain,5.259
22,5.257
sex,5.256
murder,5.252
kick,5.252
nemesi,5.248
evoc,5.247
roar,5.245
okay,5.244
totalitarian,5.243
choos,5.239
unconsci,5.234
decay,5.234
fresh,5.232
wine,5.222
flavor,5.222
friend,5.221
seri,5.216
nineti,5.213
delus,5.211
debt,5.210
lethal,5.210
vibe,5.208
textur,5.204
tea,5.203
mighti,5.199
balanc,5.199
cage,5.198
rogu,5.198
turmoil,5.186
unforgiv,5.186
boom,5.181
sugar,5.176
cartoonish,5.166
glad,5.164
mistak,5.162
undergo,5.158
proclaim,5.158
capac,5.153
banal,5.150
repeat,5.149
35,5.145
bath,5.140
brain,5.139
campi,5.137
dwell,5.124
sand,5.123
dream,5.121
tightli,5.121
decent,5.113
tast,5.112
older,5.098
unconvinc,5.095
incarn,5.093
secret,5.092
legitim,5.090
holiday,5.089
boy,5.088
momentum,5.086
vastli,5.081
foreshadow,5.081
chicago,5.078
post,5.075
darn,5.074
surround,5.071
yellow,5.070
spoil,5.066
appal,5.061
eleph,5.056
crisp,5.048
evalu,5.045
health,5.045
sam,5.045
instrument,5.041
moron,5.039
blogspot,5.039
delet,5.036
enthusiasm,5.027
declin,5.022
rent,5.019
red,5.015
mortal,5.014
sixti,5.013
mood,5.008
hammer,5.006
locoformovi,5.005
armload,5.005
sinus,5.005
theremin,5.005
obdur,5.005
withhi,5.005
currant,5.005
saitu,5.005
fron,5.005
thatso,5.005
sepuku,5.005
gulley,5.005
speigel,5.005
sturguess,5.005
lawenc,5.005
dso,5.005
metroplex,5.005
wiseass,5.005
ese,5.005
collaborationist,5.005
solitarili,5.005
comdr,5.005
xxiv,5.005
portryal,5.005
alarg,5.005
554,5.005
zamperini,5.005
maling,5.005
undyingli,5.005
philipino,5.005
birma,5.005
neglect,4.999
calib,4.998
honest,4.987
cover,4.985
spot,4.980
low,4.979
mozart,4.979
hardship,4.976
popular,4.975
le,4.974
squad,4.971
rhythm,4.971
lit,4.970
literari,4.966
faint,4.966
longer,4.957
counter,4.955
warner,4.952
tick,4.949
pour,4.948
whip,4.948
descent,4.945
deed,4.943
hollow,4.941
merci,4.935
peer,4.934
mock,4.932
equival,4.926
crew,4.925
valid,4.921
zoom,4.921
everybodi,4.918
partial,4.914
startl,4.911
et,4.908
visibl,4.905
milk,4.902
suffici,4.900
implic,4.899
charm,4.880
1979,4.871
elimin,4.871
boast,4.864
intertwin,4.859
ford,4.858
annoy,4.858
strive,4.855
whatev,4.854
condemn,4.851
durat,4.851
inher,4.850
unreal,4.845
averag,4.845
2004,4.844
suffic,4.842
econom,4.836
unbear,4.835
nichilson,4.829
southward,4.829
lscher,4.829
usn,4.829
cleat,4.829
dreadful,4.829
morrel,4.829
celsiu,4.829
uncivilis,4.829
aida,4.829
resuppli,4.829
occid,4.829
brige,4.829
dragoon,4.829
hobson,4.829
asi,4.829
canadien,4.829
yamamoto,4.829
privaleg,4.829
untermenschen,4.829
straightforward,4.825
black,4.824
map,4.822
lastli,4.821
trio,4.817
fifth,4.812
melodramat,4.808
travel,4.807
stab,4.800
thick,4.798
america,4.792
maniac,4.784
themat,4.783
comprehend,4.783
violenc,4.782
dialog,4.778
recognis,4.778
fuel,4.776
declar,4.773
toss,4.770
predict,4.769
cake,4.761
fed,4.759
weather,4.753
subtli,4.747
versu,4.746
fifti,4.744
forti,4.744
quarter,4.744
paus,4.741
phantom,4.739
print,4.732
keen,4.731
shade,4.728
san,4.719
steal,4.713
pit,4.712
wisdom,4.710
neat,4.706
buri,4.705
batallion,4.704
tothi,4.704
realliti,4.704
northen,4.704
summeris,4.704
earthier,4.704
shirker,4.704
brownlow,4.704
everpres,4.704
lengthwis,4.704
japans,4.704
myanmar,4.704
sessil,4.704
fulltim,4.704
motorola,4.704
enfield,4.704
branson,4.704
barra,4.704
ultimatley,4.704
gravedigg,4.704
clinker,4.704
proceed,4.704
disguis,4.695
aka,4.695
underst,4.695
neck,4.694
racial,4.691
slap,4.690
immort,4.690
similarli,4.681
fare,4.681
confirm,4.679
shatter,4.679
centr,4.677
massacr,4.676
mill,4.675
sensibl,4.674
admittedli,4.673
verbal,4.665
companion,4.663
glu,4.662
tender,4.660
wash,4.658
downfal,4.648
legaci,4.648
incorpor,4.639
promin,4.639
exhaust,4.639
viscer,4.635
perceiv,4.635
coincid,4.635
vari,4.632
forward,4.629
announc,4.628
spark,4.627
capit,4.626
altogeth,4.624
closest,4.621
linger,4.615
exhilar,4.612
placard,4.607
dawg,4.607
bespok,4.607
ono,4.607
nobless,4.607
1864,4.607
coronel,4.607
letzt,4.607
pharaoh,4.607
collectiv,4.607
sturdiest,4.607
scous,4.607
stockad,4.607
insomuch,4.607
recov,4.602
sympath,4.593
funni,4.587
polish,4.587
segment,4.586
simplist,4.586
divers,4.585
judgment,4.581
miracl,4.574
e,4.574
portion,4.572
non,4.569
feed,4.565
mount,4.562
endear,4.560
southern,4.559
offend,4.559
conceiv,4.555
pleasant,4.554
exquisit,4.554
destini,4.548
splendid,4.545
suprem,4.544
emphas,4.538
stir,4.532
botan,4.528
harakiri,4.528
1s,4.528
admixtur,4.528
akunin,4.528
torid,4.528
schnitz,4.528
calend,4.528
wren,4.528
carload,4.528
kiri,4.528
kakushi,4.528
termit,4.528
detract,4.528
suitabl,4.517
distant,4.513
cleverli,4.503
14,4.503
eas,4.502
peak,4.500
impli,4.492
mix,4.492
dig,4.487
revers,4.487
earth,4.487
advis,4.482
function,4.480
stumbl,4.479
ego,4.474
court,4.474
slip,4.467
hous,4.464
sexi,4.463
sayonara,4.461
austrailian,4.461
heedless,4.461
ashland,4.461
wardon,4.461
bulwark,4.461
khmer,4.461
eal,4.461
lipton,4.461
rosari,4.461
lengthili,4.461
almond,4.461
calv,4.461
razz,4.461
hammerstein,4.461
pont,4.461
wimpish,4.461
kari,4.461
noisili,4.461
min,4.457
reduc,4.456
rough,4.456
europ,4.452
cell,4.448
fish,4.448
shout,4.446
2000,4.446
easier,4.434
pound,4.429
uplift,4.428
consum,4.427
european,4.426
poster,4.425
compass,4.424
magic,4.421
embrac,4.417
indian,4.413
vivid,4.411
offici,4.410
naiv,4.408
digit,4.404
albeit,4.404
hei,4.403
indentur,4.403
sacramento,4.403
watchtow,4.403
riverbank,4.403
79th,4.403
immensley,4.403
outfox,4.403
dysenteri,4.403
breezili,4.403
blackjack,4.403
thumb,4.400
expand,4.397
reson,4.387
2nd,4.383
destin,4.377
arc,4.374
asleep,4.372
bogart,4.371
settl,4.371
elabor,4.370
liber,4.368
fix,4.368
whatsoev,4.368
1960,4.366
germani,4.366
tini,4.363
evok,4.358
imit,4.356
research,4.355
symbolist,4.352
156,4.352
thermomet,4.352
washout,4.352
manila,4.352
rhine,4.352
spoken,4.348
assur,4.348
remot,4.342
urg,4.325
lift,4.325
irrit,4.317
contriv,4.308
puck,4.306
wort,4.306
firth,4.306
asiat,4.306
machinegun,4.306
bertrand,4.306
multifari,4.306
liveliest,4.306
dogged,4.306
fiesta,4.306
acced,4.306
thermo,4.306
downstream,4.306
quirki,4.303
medium,4.297
wilder,4.296
address,4.294
thirti,4.292
lame,4.288
evolv,4.286
cheat,4.276
christma,4.272
finger,4.270
advantag,4.265
airforc,4.265
hawkey,4.265
polyglot,4.265
catchiest,4.265
riversid,4.265
oneupmanship,4.265
harebrain,4.265
ashton,4.265
fealti,4.265
cassandra,4.265
indo,4.265
north,4.263
instant,4.262
horrifi,4.259
appli,4.246
leg,4.238
ticket,4.238
select,4.235
ambiti,4.230
mba,4.227
infirmari,4.227
myspac,4.227
pragmatist,4.227
demoralis,4.227
outmaneuv,4.227
malaria,4.227
mainstream,4.226
robert,4.226
supposedli,4.225
pre,4.217
casablanca,4.217
child,4.210
conclud,4.208
argument,4.203
elev,4.202
flesh,4.201
guilti,4.200
interview,4.195
sacrosanct,4.192
ws,4.192
unbend,4.192
quaker,4.192
tai,4.192
blew,4.188
ear,4.187
thriller,4.186
endless,4.186
forgiv,4.183
isol,4.173
deadli,4.163
foliag,4.160
limn,4.160
apprenticeship,4.160
windtalk,4.160
sleepov,4.160
dixi,4.160
zealotri,4.160
stood,4.156
alter,4.150
employ,4.150
mirror,4.137
fals,4.136
heavili,4.134
bafflement,4.130
mccartney,4.130
valentino,4.130
prise,4.130
overachiev,4.130
homey,4.130
dustbin,4.130
taskmast,4.130
japenes,4.130
unrealist,4.125
emerg,4.124
regular,4.123
retir,4.123
previous,4.116
pair,4.115
reput,4.113
target,4.109
aim,4.106
credibl,4.105
stunt,4.104
trampolin,4.102
cahoot,4.102
loa,4.102
imbd,4.102
dignitari,4.102
37th,4.102
spokesperson,4.102
intransig,4.102
bulldog,4.102
fragmentari,4.102
bank,4.100
redeem,4.099
countless,4.096
activ,4.095
welcom,4.084
price,4.079
exact,4.077
olympian,4.076
korda,4.076
nietzschean,4.076
betroth,4.076
28th,4.076
elk,4.076
brig,4.076
apoge,4.076
broth,4.076
disreput,4.076
campsit,4.076
educ,4.072
cat,4.070
raw,4.069
disagre,4.062
ball,4.060
devic,4.057
amazingli,4.055
wrap,4.052
unevenli,4.051
hissabl,4.051
vip,4.051
pallid,4.051
topic,4.048
lifetim,4.042
knock,4.041
refresh,4.041
inner,4.035
citi,4.034
comed,4.030
speciou,4.028
peninsula,4.028
sidebar,4.028
tbh,4.028
lushli,4.028
nail,4.027
rival,4.026
chapter,4.023
enhanc,4.022
grew,4.021
arguabl,4.019
comic,4.013
gem,4.013
profound,4.012
gut,4.008
enmesh,4.005
photogen,4.005
manpow,4.005
fauna,4.005
gallantri,4.005
nilli,4.005
kidumovi,4.005
hollyweird,4.005
hari,4.005
rainforest,4.005
extent,4.004
bullet,3.994
paid,3.985
bollock,3.984
syria,3.984
fatuou,3.984
dallianc,3.984
overpass,3.984
nitwit,3.984
ador,3.982
commentari,3.978
unusu,3.977
whenev,3.967
bizarr,3.965
insignia,3.964
purvey,3.964
zealous,3.964
buffoonish,3.964
marseil,3.964
unten,3.964
mien,3.964
timber,3.964
relev,3.964
commerci,3.950
statesman,3.945
dovey,3.945
reassign,3.945
chili,3.945
attrit,3.945
insouci,3.945
postscript,3.945
guff,3.945
staunchli,3.945
poodl,3.945
teacher,3.939
closer,3.934
overli,3.927
traips,3.926
pol,3.926
obiwan,3.926
rationalis,3.926
aggrand,3.926
usc,3.926
gladiat,3.917
astonish,3.916
rip,3.909
guzzl,3.908
messr,3.908
swam,3.908
egalitarian,3.908
parod,3.908
categori,3.900
buffer,3.891
withdrew,3.891
adamantli,3.891
colossu,3.891
clue,3.890
cheap,3.882
surpass,3.881
quest,3.877
sat,3.876
hire,3.876
budgetari,3.875
unredeem,3.875
torrid,3.875
stringent,3.875
incalcul,3.875
stipul,3.875
harken,3.875
pudgi,3.875
chirp,3.875
bayonet,3.875
autonomi,3.875
os,3.875
1914,3.875
warm,3.867
overwhelm,3.863
crucibl,3.859
dryli,3.859
bicep,3.859
insubordin,3.859
everest,3.859
lovey,3.859
misconstru,3.859
crowd,3.859
sexual,3.851
field,3.849
clean,3.847
fictionalis,3.844
bullitt,3.844
constern,3.844
baloney,3.844
firecrack,3.844
audi,3.844
numer,3.843
jedi,3.839
televis,3.839
zinger,3.829
regimen,3.829
gangren,3.829
obstin,3.829
rodger,3.829
enclosur,3.829
silenc,3.826
complaint,3.820
angel,3.818
fake,3.817
citat,3.815
esthet,3.815
tussl,3.815
headway,3.815
gritti,3.814
undisciplin,3.801
covertli,3.801
whereupon,3.801
prim,3.801
undaunt,3.801
ghandi,3.801
indecipher,3.801
six,3.799
abus,3.795
brando,3.792
overseen,3.788
roosevelt,3.788
peculiarli,3.788
madder,3.788
ensconc,3.788
agent,3.784
shouldn,3.780
pleasur,3.777
window,3.775
myopic,3.775
allenbi,3.775
quickest,3.775
epitaph,3.775
gravel,3.775
seemless,3.775
serl,3.775
40,3.766
area,3.765
money,3.763
solder,3.762
twaddl,3.762
prattl,3.762
foretel,3.762
wellb,3.762
ineffici,3.762
stalem,3.762
peac,3.758
flatli,3.750
saudi,3.750
jokingli,3.750
nickolson,3.750
hawaii,3.750
whiner,3.750
shoulda,3.750
blue,3.749
rang,3.746
rain,3.745
faisal,3.738
involuntari,3.738
militar,3.738
immov,3.738
disarray,3.738
155,3.738
papillon,3.727
earmark,3.727
stealthi,3.727
blith,3.727
abet,3.727
thrown,3.722
ugli,3.719
adjac,3.715
undu,3.715
belabor,3.715
dominion,3.715
rewound,3.715
bedsid,3.715
mouth,3.706
bleakest,3.704
acumen,3.704
adhd,3.704
ofth,3.704
dollop,3.704
faq,3.704
burn,3.694
filmnomenon,3.694
corral,3.694
presumptu,3.694
blimp,3.694
slink,3.694
count,3.685
exempt,3.683
unreward,3.683
vultur,3.683
crispli,3.683
recours,3.683
unless,3.680
loon,3.673
harbing,3.673
evinc,3.673
disengag,3.673
hearted,3.673
howard,3.673
cacophoni,3.663
spotti,3.663
nimbl,3.663
trodden,3.663
shoah,3.653
jarringli,3.653
mao,3.653
oddest,3.653
simplif,3.653
comparison,3.652
metamorphos,3.644
begrudgingli,3.644
madmen,3.644
cringeworthi,3.644
afraid,3.638
10i,3.634
demo,3.634
pratfal,3.634
reced,3.634
sugarco,3.634
breathlessli,3.634
accost,3.634
someplac,3.634
smithereen,3.634
richard,3.633
mess,3.631
surreptiti,3.625
mano,3.625
unmitig,3.625
diametr,3.625
sheik,3.616
tract,3.616
garb,3.616
behest,3.616
mope,3.616
commemor,3.616
marseillais,3.607
californian,3.607
uncal,3.599
debunk,3.599
demot,3.599
jubil,3.599
supplant,3.599
tangenti,3.599
languish,3.599
eastwood,3.593
road,3.592
vietnam,3.591
hogwash,3.590
retak,3.590
battleground,3.590
multilay,3.590
emancip,3.590
detent,3.590
ashor,3.590
flow,3.588
mandat,3.582
jest,3.582
sunken,3.582
erudit,3.582
slickli,3.582
inaccess,3.582
grad,3.582
judg,3.582
deepli,3.580
theatr,3.579
mainland,3.574
jailer,3.574
invulner,3.574
bra,3.566
coldest,3.566
heather,3.566
purportedli,3.566
content,3.560
pop,3.560
huddl,3.558
persev,3.558
cinerama,3.558
aristocraci,3.558
unbroken,3.558
shrift,3.558
captain,3.557
joe,3.552
telli,3.550
grimli,3.550
spoilersi,3.550
thrower,3.550
irration,3.550
physician,3.543
bestial,3.543
scenarist,3.543
depart,3.540
citizen,3.538
1916,3.535
bracket,3.535
militarist,3.535
flap,3.535
overr,3.532
wise,3.531
35mm,3.528
baddest,3.528
humour,3.522
holland,3.521
shoehorn,3.521
promis,3.520
letterbox,3.514
asinin,3.514
snare,3.514
pinocchio,3.507
explic,3.507
tombston,3.507
flail,3.507
implac,3.507
mettl,3.507
nearer,3.500
ar,3.500
squeak,3.500
1926,3.500
reduct,3.493
deject,3.493
presumpt,3.487
stubbornli,3.487
jock,3.487
fluidli,3.487
bristl,3.487
counteract,3.480
stamina,3.480
shifti,3.480
misrepres,3.480
fatalist,3.480
seclus,3.474
overtaken,3.474
compatriot,3.474
hypothet,3.468
theodor,3.468
wanton,3.468
batch,3.468
constru,3.468
gang,3.463
angl,3.462
overwork,3.461
junctur,3.461
cabaret,3.461
silliest,3.461
squabbl,3.455
stealth,3.455
despot,3.455
fasten,3.449
slowest,3.449
83,3.449
compellingli,3.449
lambast,3.449
destitut,3.449
blender,3.449
propens,3.449
j,3.445
stead,3.443
surgeon,3.443
ohio,3.443
flux,3.443
outbreak,3.443
tribun,3.443
erron,3.437
unyield,3.437
14th,3.437
54,3.437
protocol,3.437
friendship,3.433
unmemor,3.431
sank,3.431
baton,3.431
unsurpris,3.426
individualist,3.426
likelihood,3.426
sidetrack,3.426
66,3.420
pursuer,3.420
freight,3.420
hogan,3.420
stagi,3.414
builder,3.414
dissatisfact,3.414
dang,3.414
fratern,3.414
sauc,3.409
discharg,3.409
inquiri,3.409
exclam,3.409
aldrich,3.409
concurr,3.409
invers,3.409
squadron,3.409
monster,3.404
singularli,3.403
animos,3.403
indomit,3.403
zealou,3.403
battleship,3.403
chasm,3.403
underl,3.398
plenti,3.395
elong,3.393
emascul,3.393
undergon,3.393
renounc,3.393
goat,3.393
al,3.391
pretext,3.387
snooz,3.387
53,3.387
expound,3.387
2001,3.384
roll,3.384
flawless,3.383
hideous,3.382
glean,3.382
flute,3.377
naval,3.377
dweller,3.377
stamped,3.377
astray,3.377
straight,3.377
extort,3.372
binocular,3.372
centric,3.372
milit,3.367
bravest,3.367
mush,3.362
furnish,3.362
retort,3.362
unwit,3.362
assail,3.362
israel,3.357
shack,3.357
pedigre,3.357
remorseless,3.357
dastardli,3.357
wayn,3.353
search,3.352
social,3.352
porter,3.352
uneth,3.347
skylin,3.347
lemon,3.347
specialti,3.343
iwo,3.343
locomot,3.343
embitt,3.343
pack,3.342
hitchcock,3.339
omen,3.338
streetcar,3.338
engrav,3.338
arabian,3.333
indefinit,3.333
minded,3.333
nari,3.333
smart,3.329
revuls,3.329
unequivoc,3.329
skirmish,3.329
jima,3.329
76,3.329
infal,3.324
nor,3.324
stalin,3.320
rewritten,3.320
600,3.320
coda,3.320
callous,3.320
backyard,3.315
labori,3.315
proxi,3.315
artific,3.315
lukewarm,3.311
zenith,3.311
chime,3.311
amc,3.311
breach,3.306
didact,3.306
missouri,3.302
metamorphosi,3.298
elm,3.298
triad,3.298
scape,3.298
facilit,3.298
dour,3.298
verbatim,3.298
practis,3.298
troublesom,3.298
stuffi,3.294
unbeknownst,3.294
charad,3.294
unwav,3.294
shakespearian,3.294
biggest,3.289
laptop,3.285
warren,3.285
fatigu,3.285
haunt,3.283
yang,3.281
utopian,3.281
enraptur,3.281
fidel,3.277
bawl,3.273
naivet,3.273
patern,3.273
helper,3.269
hearti,3.269
featurett,3.269
renam,3.269
earthi,3.269
evenli,3.269
classif,3.265
picnic,3.265
credenti,3.261
sullen,3.261
mania,3.261
sketchi,3.261
beggar,3.261
wobbl,3.257
barb,3.257
auster,3.257
nazi,3.257
redempt,3.257
burial,3.253
egypt,3.253
toil,3.253
overse,3.253
pedant,3.249
endow,3.249
dilig,3.246
arduou,3.246
stoog,3.246
carrier,3.246
spat,3.246
highland,3.246
manhood,3.242
tote,3.242
reprehens,3.242
grittier,3.242
hole,3.240
mental,3.239
ozu,3.238
1956,3.238
sica,3.238
madli,3.238
joke,3.236
romanc,3.235
tidbit,3.234
insuffici,3.227
mercuri,3.227
generos,3.227
partak,3.224
derail,3.220
whirl,3.220
unprepar,3.220
steadfast,3.220
duke,3.220
powder,3.220
wallop,3.216
incredul,3.216
wale,3.216
softer,3.213
sworn,3.213
thee,3.213
heartedli,3.209
cord,3.203
daft,3.203
wimpi,3.203
reus,3.203
computer,3.199
wili,3.199
belittl,3.199
cecil,3.199
aloud,3.199
vest,3.196
stalwart,3.196
arsen,3.192
evacu,3.192
humanitarian,3.192
goodwin,3.192
scoop,3.192
fanfar,3.189
craftsman,3.189
gratif,3.189
lacon,3.189
ne,3.189
sticki,3.186
interchang,3.186
daredevil,3.186
grammar,3.186
hazard,3.186
bogi,3.182
bolster,3.182
rumbl,3.182
stomp,3.182
patton,3.179
gi,3.179
santa,3.179
conquest,3.179
lent,3.179
mantra,3.179
partisan,3.179
malcom,3.173
cargo,3.173
intercut,3.173
sphere,3.173
busi,3.171
ramp,3.170
searcher,3.170
overrid,3.170
formul,3.170
scoundrel,3.166
eschew,3.166
unbalanc,3.163
newfound,3.163
exclaim,3.160
starvat,3.160
aren,3.159
unspoken,3.157
gamut,3.157
mustach,3.157
survey,3.157
drawer,3.157
quieter,3.157
10http,3.157
urgent,3.157
gargantuan,3.157
masterli,3.154
elementari,3.151
retali,3.151
fled,3.148
outwit,3.148
whichev,3.148
dome,3.148
swarm,3.148
adult,3.146
bloodthirsti,3.142
downplay,3.142
bobafett1138,3.142
fondli,3.139
narrowli,3.139
martyr,3.139
enamor,3.136
auschwitz,3.136
frailti,3.136
godfath,3.136
monstros,3.133
clutter,3.133
joker,3.132
innoc,3.131
pedest,3.130
shone,3.130
ubiquit,3.127
endang,3.127
confer,3.127
quaint,3.125
slacker,3.125
birdman,3.125
intersect,3.125
distil,3.125
shoddi,3.125
bail,3.125
gung,3.122
stint,3.119
audibl,3.116
stripe,3.113
absurdli,3.113
disadvantag,3.113
afterthought,3.113
36,3.113
incess,3.113
dusk,3.113
masterstrok,3.110
tumbl,3.108
sneer,3.108
acrobat,3.108
bearabl,3.108
solidli,3.105
avenu,3.105
ruthlessli,3.105
unreason,3.102
seam,3.102
unbias,3.100
blunder,3.100
choru,3.100
rigor,3.100
sporad,3.097
quicker,3.097
savageri,3.094
hone,3.094
spurt,3.094
ghastli,3.094
subvert,3.092
madden,3.089
okinawa,3.089
thinli,3.089
inspect,3.089
sumptuou,3.089
buy,3.087
weaponri,3.086
masterclass,3.086
demil,3.084
sweati,3.084
civilis,3.081
saigon,3.078
knive,3.076
contin,3.076
tougher,3.073
dichotomi,3.073
sinclair,3.073
meek,3.073
turbul,3.071
anecdot,3.071
fourteen,3.068
patrol,3.068
inescap,3.066
align,3.066
guerrilla,3.066
unbreak,3.066
graini,3.066
diverg,3.063
pristin,3.063
requisit,3.063
condescend,3.061
overnight,3.061
commenc,3.061
soup,3.061
1948,3.061
saddl,3.058
crux,3.058
flinch,3.058
custodi,3.056
intrins,3.056
cameraman,3.053
aristocrat,3.053
narcissist,3.051
committe,3.051
unresolv,3.051
tear,3.048
disservic,3.046
georgia,3.046
booz,3.044
jan,3.044
pinpoint,3.042
faction,3.042
undercurr,3.042
straw,3.039
unknowingli,3.039
risen,3.039
defenc,3.039
hing,3.037
aplomb,3.035
preconcept,3.032
gratitud,3.030
stroll,3.030
chillingli,3.030
snob,3.028
yank,3.028
barrag,3.028
muddi,3.025
swiftli,3.025
curtiz,3.023
decapit,3.021
compact,3.019
lick,3.019
semblanc,3.016
33,3.016
sophomor,3.016
unwittingli,3.016
slept,3.016
wri,3.014
conced,3.014
bethani,3.014
prototyp,3.014
temporarili,3.012
idyl,3.012
unintellig,3.010
shameless,3.007
reconsid,3.005
grudg,3.005
discomfort,3.005
afflict,3.003
juggl,3.003
audac,3.001
showi,2.999
palat,2.999
teari,2.999
roug,2.999
journey,2.997
sack,2.995
rhetor,2.995
pantheon,2.992
swagger,2.992
unsurpass,2.992
personif,2.992
sharpli,2.992
consensu,2.990
unanim,2.988
grossli,2.988
opportunist,2.988
qualm,2.986
wil,2.986
screech,2.984
masquerad,2.984
car,2.983
flick,2.982
elvi,2.982
daze,2.982
muster,2.982
ambush,2.980
wisecrack,2.980
bravado,2.980
lucid,2.980
concert,2.978
impression,2.978
expedit,2.976
pedestrian,2.976
rehabilit,2.976
overhead,2.974
joey,2.974
blvd,2.974
bomber,2.974
meld,2.974
shelli,2.972
fixat,2.972
surrog,2.972
rehears,2.972
thwart,2.972
distrust,2.972
overwrought,2.970
terenc,2.968
cockney,2.968
longtim,2.964
flirt,2.962
sordid,2.960
vaniti,2.960
shakespearean,2.958
lest,2.956
curious,2.956
certainti,2.954
terrain,2.954
1973,2.952
suffoc,2.952
dicken,2.952
baker,2.950
gen,2.950
scan,2.950
smirk,2.948
teaser,2.948
ode,2.947
constraint,2.947
midway,2.947
societi,2.945
adept,2.945
circuit,2.941
loui,2.941
deft,2.941
idl,2.939
democrat,2.939
token,2.939
visitor,2.939
grass,2.939
revis,2.935
101,2.933
veil,2.933
testifi,2.933
ampl,2.932
breast,2.932
swift,2.932
unspeak,2.930
intimaci,2.930
permit,2.928
mash,2.928
hindsight,2.926
pardon,2.926
unimport,2.926
mockeri,2.926
vignett,2.926
nauseat,2.924
majesti,2.923
hover,2.923
nag,2.923
furnitur,2.923
freddi,2.923
coloss,2.921
headquart,2.919
liar,2.919
splendor,2.919
garag,2.919
13th,2.917
lens,2.915
administr,2.914
lovingli,2.912
sympathis,2.912
novelist,2.912
tighter,2.910
hick,2.910
fictiti,2.910
esp,2.908
bestow,2.908
slate,2.907
consumm,2.907
ounc,2.905
hamlet,2.905
indict,2.903
lag,2.903
deviou,2.900
recip,2.898
vers,2.896
1966,2.896
sleev,2.895
interwoven,2.895
vampir,2.893
hapless,2.893
textbook,2.891
faultless,2.891
postur,2.891
ostens,2.890
memoir,2.890
tide,2.890
outdoor,2.890
stilt,2.890
dismay,2.888
summon,2.886
thirst,2.886
goon,2.885
beef,2.885
eh,2.883
dispatch,2.880
netflix,2.880
branch,2.880
yarn,2.880
biograph,2.878
amplifi,2.878
reassur,2.877
gentli,2.877
violent,2.875
picki,2.875
catharsi,2.875
grain,2.875
brute,2.875
poignanc,2.872
dot,2.872
dusti,2.872
interven,2.872
rot,2.870
humanist,2.869
grunt,2.869
incorrect,2.867
psychic,2.867
bid,2.865
operat,2.865
blog,2.864
coincident,2.862
veer,2.862
outweigh,2.861
sieg,2.861
claustrophobia,2.859
richer,2.858
advoc,2.858
gunshot,2.858
northern,2.858
selfless,2.856
amon,2.855
compuls,2.855
prosecut,2.853
misfortun,2.853
slang,2.852
fog,2.850
crescendo,2.850
disrupt,2.850
repair,2.850
urgenc,2.848
feder,2.847
ruler,2.847
defiantli,2.847
hopelessli,2.847
deciph,2.847
dynamit,2.847
earliest,2.845
goeth,2.844
soulless,2.844
falter,2.842
categor,2.842
interplay,2.839
irrat,2.837
pic,2.837
facad,2.834
rod,2.834
deaf,2.832
cooki,2.832
palac,2.832
salt,2.828
th,2.828
deftli,2.826
applic,2.826
extravaganza,2.825
freeli,2.825
erupt,2.823
commonli,2.823
mud,2.823
bombard,2.823
wink,2.823
dug,2.823
palett,2.822
etch,2.819
tangibl,2.819
engulf,2.819
historian,2.818
fraud,2.818
laps,2.816
decenc,2.816
legion,2.814
zombi,2.812
yep,2.811
1927,2.811
disastr,2.811
obscen,2.809
effortless,2.808
razor,2.808
palm,2.807
meantim,2.805
preposter,2.805
nearest,2.805
elia,2.804
superflu,2.804
subvers,2.803
borderlin,2.801
havoc,2.801
barn,2.800
trump,2.798
bumbl,2.798
overbear,2.796
plate,2.794
cutter,2.793
formal,2.793
caution,2.792
prolong,2.792
prestigi,2.790
spice,2.790
joint,2.789
clueless,2.788
feroci,2.783
palma,2.783
shock,2.781
electron,2.776
implement,2.774
misunderstand,2.774
analog,2.774
intoler,2.772
remaind,2.772
dubiou,2.772
tax,2.772
unsuccess,2.772
hiccup,2.772
plead,2.771
denouement,2.770
coast,2.770
invok,2.770
brim,2.769
pronounc,2.769
yourselv,2.767
statur,2.767
lightli,2.766
bewild,2.766
thompson,2.765
allur,2.764
colin,2.762
stack,2.762
primit,2.762
chunk,2.760
hideou,2.760
daddi,2.760
thrive,2.759
mayor,2.759
medal,2.759
capt,2.757
romantic,2.756
triangl,2.755
dehuman,2.755
inspector,2.755
newest,2.754
mega,2.752
accustom,2.752
starter,2.751
brink,2.750
couch,2.750
filter,2.750
trench,2.750
sway,2.749
wondrou,2.749
loan,2.748
eaten,2.748
laud,2.746
gentlemen,2.746
manufactur,2.746
elicit,2.746
tempo,2.745
king,2.744
scriptwrit,2.742
drivel,2.742
lightn,2.741
biopic,2.741
merg,2.738
sarcasm,2.737
1988,2.737
restraint,2.735
ingenu,2.732
countrysid,2.731
2016,2.730
organis,2.729
illumin,2.725
savior,2.724
juxtaposit,2.723
artsi,2.723
hop,2.723
prompt,2.721
resum,2.721
filler,2.721
dodg,2.721
punctuat,2.720
stink,2.718
exot,2.716
monstrou,2.715
twilight,2.715
masculin,2.714
manic,2.713
harold,2.713
sfx,2.713
taut,2.712
messi,2.712
sail,2.712
flourish,2.712
unnecessarili,2.710
filmographi,2.710
architectur,2.710
spontan,2.709
discern,2.709
vow,2.708
assert,2.706
laden,2.706
1959,2.706
net,2.705
unparallel,2.705
wage,2.702
compris,2.702
wrestl,2.702
rude,2.701
blaze,2.701
richli,2.701
barrier,2.700
powerhous,2.700
articul,2.699
150,2.699
gloria,2.698
1955,2.698
craftsmanship,2.697
salut,2.697
disgrac,2.696
infect,2.696
hara,2.695
q,2.694
undertak,2.694
preval,2.694
exud,2.693
cerebr,2.690
immor,2.690
sought,2.689
stern,2.689
experiment,2.688
benchmark,2.686
duplic,2.685
variat,2.685
conrad,2.685
incompet,2.685
guitar,2.683
insignific,2.682
cram,2.681
mtv,2.681
roughli,2.681
sgt,2.681
fleet,2.679
sloppi,2.679
deterior,2.678
mifun,2.678
rebelli,2.678
slim,2.676
uncanni,2.675
alley,2.675
coma,2.674
cohes,2.674
chess,2.673
willard,2.671
deceas,2.671
utmost,2.671
forgiven,2.670
depriv,2.669
uneven,2.668
er,2.668
1986,2.668
personifi,2.667
regularli,2.667
imho,2.665
exterior,2.664
allianc,2.664
unintent,2.663
choke,2.662
salvat,2.662
refuge,2.661
departur,2.661
riot,2.660
weaker,2.660
masterwork,2.660
bloat,2.659
bud,2.659
cocki,2.657
unexpectedli,2.657
imperfect,2.657
300,2.656
uninspir,2.655
scotland,2.655
nichola,2.654
regain,2.653
youngster,2.652
pepper,2.651
gaze,2.650
africa,2.649
misunderstood,2.649
francisco,2.647
sane,2.647
repress,2.646
mindset,2.646
dirt,2.646
mediev,2.646
remors,2.645
palpabl,2.644
improvis,2.642
nearbi,2.642
paradis,2.641
strand,2.640
substitut,2.640
buster,2.639
file,2.639
amadeu,2.638
therapi,2.638
undermin,2.636
steer,2.635
inappropri,2.631
sadden,2.631
reckon,2.629
underwhelm,2.629
dim,2.628
28,2.628
divis,2.628
acquaint,2.628
vividli,2.627
scandal,2.625
desol,2.624
redefin,2.623
arena,2.623
chamber,2.622
meal,2.622
hyper,2.622
derang,2.622
mislead,2.622
spartacu,2.621
lavish,2.620
slower,2.620
anxiou,2.618
peck,2.618
global,2.617
someday,2.617
clariti,2.615
soviet,2.614
abrupt,2.614
disjoint,2.614
kitchen,2.613
eloqu,2.613
healthi,2.611
rapid,2.609
gt,2.608
mini,2.608
anytim,2.608
wannab,2.608
artistri,2.607
escal,2.607
passiv,2.607
righteou,2.607
foolish,2.605
breed,2.605
reliabl,2.605
mute,2.605
envelop,2.605
unsur,2.604
degrad,2.603
chuckl,2.603
secretli,2.602
quintessenti,2.602
bottl,2.601
ward,2.600
shortcom,2.599
encompass,2.599
genocid,2.598
sheep,2.596
overblown,2.595
exclus,2.595
luxuri,2.594
verg,2.593
fabric,2.593
enabl,2.590
propos,2.590
spit,2.589
deepest,2.589
crumbl,2.588
goosebump,2.587
stagger,2.586
ho,2.585
resent,2.585
immigr,2.583
profoundli,2.582
persist,2.581
puppet,2.581
candid,2.580
jewel,2.580
beer,2.580
gigant,2.580
underton,2.579
specul,2.577
imo,2.576
preachi,2.576
outlin,2.576
uneasi,2.576
abund,2.576
facet,2.575
breathless,2.575
cement,2.574
stray,2.574
upsid,2.573
communist,2.572
playboy,2.572
unsatisfi,2.572
dash,2.572
biographi,2.572
elit,2.570
breakdown,2.570
hallucin,2.569
endlessli,2.569
provoc,2.569
admiss,2.568
drove,2.568
wet,2.566
hostil,2.564
stunningli,2.563
properti,2.563
yearn,2.563
applaus,2.560
compens,2.559
mexico,2.559
recogniz,2.559
cue,2.558
bush,2.557
repuls,2.557
squar,2.556
goodby,2.554
awhil,2.554
muscl,2.552
seamless,2.552
injuri,2.552
overus,2.551
ceas,2.551
rever,2.550
harden,2.550
seldom,2.549
norm,2.547
1939,2.547
underdog,2.547
boo,2.547
talki,2.546
masteri,2.546
maximum,2.544
request,2.544
unimagin,2.541
manifest,2.541
inabl,2.541
northwest,2.540
peril,2.540
interrupt,2.540
corps,2.539
trite,2.538
narrow,2.538
infern,2.538
warrant,2.537
cabl,2.537
lyric,2.534
steel,2.534
existenti,2.533
nomine,2.533
flop,2.533
crippl,2.532
distort,2.531
campaign,2.530
furiou,2.530
adjust,2.529
stream,2.528
laugh,2.528
apolog,2.527
alexand,2.527
repris,2.525
equip,2.525
pot,2.524
signal,2.524
worldwid,2.520
aftermath,2.520
garden,2.518
bay,2.518
freez,2.517
roof,2.517
foul,2.516
correctli,2.516
wildli,2.515
amateur,2.515
summar,2.514
ought,2.513
weari,2.512
versatil,2.511
crude,2.510
feast,2.508
watanab,2.508
zealand,2.507
texa,2.506
preach,2.506
chronicl,2.505
deem,2.504
steadi,2.503
asham,2.502
pierc,2.502
gasp,2.502
firm,2.501
afford,2.500
dive,2.499
ya,2.499
sneak,2.498
worn,2.495
regim,2.493
blu,2.493
stroke,2.492
200,2.491
ga,2.491
invas,2.491
cup,2.491
epitom,2.489
privileg,2.489
abstract,2.489
glow,2.489
mundan,2.488
approv,2.487
dougla,2.487
toe,2.487
aforement,2.485
ebert,2.485
extract,2.484
fierc,2.484
meat,2.484
chew,2.482
cliff,2.482
wholli,2.482
reign,2.481
korean,2.480
likewis,2.480
swing,2.480
plight,2.479
behaviour,2.479
reviv,2.478
host,2.477
ah,2.476
1968,2.472
signatur,2.470
unpleas,2.470
reel,2.470
ideolog,2.468
adolesc,2.467
ace,2.466
majest,2.465
omin,2.463
celluloid,2.462
spawn,2.462
chaotic,2.461
midst,2.461
enforc,2.461
safeti,2.461
coin,2.460
forgett,2.459
illeg,2.459
broad,2.459
ludicr,2.458
capra,2.453
gadget,2.453
vibrant,2.448
exhibit,2.448
shootout,2.447
seal,2.447
oddli,2.444
button,2.444
clip,2.444
duo,2.443
pseudo,2.442
convincingli,2.441
decor,2.441
outer,2.438
overact,2.437
vh,2.431
weakest,2.431
grotesqu,2.431
psychiatrist,2.430
congratul,2.430
satisfact,2.428
tag,2.427
coat,2.427
flame,2.426
pattern,2.424
temper,2.424
boil,2.423
kingdom,2.423
rivalri,2.422
cope,2.420
impos,2.419
revisit,2.419
seamlessli,2.418
akira,2.418
complement,2.418
trail,2.418
caribbean,2.415
california,2.415
shore,2.415
pearl,2.414
spoke,2.407
fetch,2.406
uncov,2.405
cuckoo,2.403
slaughter,2.403
laurenc,2.402
preced,2.399
24,2.398
replic,2.396
awak,2.395
dawn,2.395
partli,2.394
respond,2.393
shell,2.393
climb,2.391
distinguish,2.390
dose,2.388
1997,2.386
internet,2.386
convolut,2.384
flee,2.384
showdown,2.384
trend,2.383
fundament,2.383
darkest,2.381
resid,2.381
tape,2.381
exceed,2.381
behold,2.381
eleg,2.380
semi,2.379
gap,2.376
millennium,2.376
distress,2.374
queen,2.374
butt,2.374
chop,2.372
inconsist,2.371
conveni,2.371
defens,2.371
unsettl,2.370
harm,2.370
2003,2.369
repeatedli,2.369
nut,2.368
humphrey,2.368
thief,2.367
washington,2.367
entranc,2.365
wife,2.364
bravo,2.363
minim,2.363
chest,2.362
analysi,2.361
strip,2.360
clock,2.360
von,2.360
network,2.359
supernatur,2.357
plagu,2.357
contend,2.356
soap,2.356
pg,2.355
cloud,2.352
dealt,2.349
harrow,2.346
valuabl,2.346
coher,2.345
flip,2.343
nose,2.343
deriv,2.342
www,2.342
zone,2.342
launch,2.341
da,2.341
nest,2.337
toler,2.337
afternoon,2.336
fienn,2.336
enchant,2.335
irish,2.334
ala,2.334
fanci,2.334
evolut,2.333
util,2.333
analyz,2.332
cring,2.332
alright,2.332
adopt,2.331
intimid,2.330
injustic,2.330
stark,2.330
mentor,2.330
relentless,2.330
bug,2.329
savag,2.328
halfway,2.327
ain,2.327
ken,2.325
purchas,2.324
african,2.323
tackl,2.322
1984,2.316
rubbish,2.316
throat,2.315
strangelov,2.312
vital,2.312
dictat,2.312
1940,2.311
weekend,2.309
lend,2.308
pump,2.308
preciou,2.307
ancient,2.306
furthermor,2.306
primarili,2.306
2008,2.305
flew,2.305
pile,2.305
childish,2.305
nerv,2.305
moviego,2.304
trade,2.304
financi,2.302
resolut,2.301
http,2.301
commend,2.300
realm,2.298
label,2.297
princ,2.294
downright,2.291
via,2.290
simplic,2.290
casual,2.289
propaganda,2.289
underground,2.287
aesthet,2.283
vertigo,2.282
indi,2.282
18,2.281
echo,2.280
tediou,2.273
premier,2.272
makeup,2.272
vagu,2.269
fallen,2.265
advertis,2.265
sublim,2.265
poetic,2.263
rose,2.263
rear,2.262
firstli,2.261
mindless,2.260
monologu,2.260
cruelti,2.260
dinner,2.260
brian,2.259
shop,2.259
crush,2.259
nine,2.256
shoulder,2.255
ponder,2.251
weaver,2.251
prime,2.251
laughabl,2.249
silver,2.248
backward,2.246
leagu,2.242
heaven,2.240
feat,2.239
artifici,2.239
shall,2.237
burst,2.236
outrag,2.236
stole,2.233
ralph,2.233
1970,2.231
laughter,2.229
bite,2.225
birth,2.225
varieti,2.225
bang,2.225
alex,2.224
humbl,2.224
divid,2.222
attend,2.221
bergman,2.220
spiritu,2.220
stress,2.219
pressur,2.218
block,2.218
intric,2.216
compliment,2.216
beg,2.213
deliveri,2.213
cash,2.211
volum,2.211
confess,2.209
promot,2.209
zero,2.208
disbelief,2.206
stronger,2.203
wrench,2.203
chaplin,2.203
lo,2.202
sold,2.198
racist,2.198
braveheart,2.193
franci,2.192
mechan,2.192
descript,2.191
awkward,2.190
henc,2.189
impecc,2.188
graviti,2.187
slight,2.186
dri,2.186
ambit,2.186
bone,2.183
uncomfort,2.182
showcas,2.182
card,2.182
boxer,2.179
render,2.178
lovabl,2.177
expens,2.174
ran,2.172
presid,2.171
racism,2.166
sincer,2.166
con,2.165
nod,2.164
proof,2.162
spin,2.161
underr,2.161
plane,2.161
persona,2.161
trial,2.160
psychopath,2.160
corner,2.159
dazzl,2.158
burton,2.157
shut,2.157
ice,2.155
curiou,2.154
candi,2.153
liner,2.153
mankind,2.151
hors,2.151
kudo,2.148
string,2.148
advic,2.148
bleak,2.148
sophist,2.148
increas,2.147
reminisc,2.140
murphi,2.139
alik,2.138
reev,2.137
lower,2.135
heck,2.135
stylish,2.134
meaning,2.132
religion,2.132
bitter,2.131
avail,2.130
glimps,2.130
contemporari,2.129
corpor,2.129
upset,2.128
demon,2.127
deniro,2.124
guarante,2.123
adam,2.120
sin,2.120
bag,2.120
immers,2.118
garbag,2.109
par,2.105
stock,2.102
chose,2.101
stare,2.099
morn,2.097
franc,2.097
lucki,2.091
random,2.090
kinda,2.089
paper,2.089
dread,2.087
directli,2.082
jean,2.079
mountain,2.079
sixth,2.079
exagger,2.074
n,2.074
trash,2.073
anywher,2.073
davi,2.070
everywher,2.065
cloth,2.065
sensit,2.064
pathet,2.064
weight,2.062
necessarili,2.061
assassin,2.057
poignant,2.056
controversi,2.056
brown,2.050
ian,2.048
nonsens,2.048
resembl,2.047
etern,2.043
unabl,2.042
hugh,2.041
theori,2.031
translat,2.027
astound,2.024
hat,2.021
market,2.020
blame,2.020
odyssey,2.019
rebel,2.017
smoke,2.013
station,2.012
drink,2.010
greed,2.010
recal,2.008
piti,2.007
cant,2.004
bane,1.998
hook,1.992
sharp,1.992
confid,1.987
darker,1.984
cartoon,1.984
excess,1.983
south,1.982
store,1.982
sentenc,1.980
intellectu,1.979
cheesi,1.976
satir,1.973
owner,1.972
dimension,1.969
keaton,1.965
nowher,1.963
inevit,1.959
mediocr,1.958
bought,1.955
affair,1.950
comfort,1.949
gift,1.949
replac,1.945
dress,1.945
revel,1.945
energi,1.936
foreign,1.935
joseph,1.933
twenti,1.925
stuck,1.923
fox,1.922
explan,1.922
trip,1.917
ray,1.917
hang,1.916
weav,1.916
student,1.908
appropri,1.904
leon,1.900
page,1.900
witti,1.898
hidden,1.898
regret,1.889
robot,1.889
jaw,1.872
termin,1.854
eat,1.853
herself,1.849
menac,1.846
80,1.846
investig,1.842
sleep,1.836
wear,1.836
brillianc,1.833
ordinari,1.832
x,1.829
attract,1.826
till,1.825
remak,1.818
chemistri,1.813
babi,1.807
accent,1.804
delight,1.804
hide,1.791
sister,1.789
willi,1.788
f,1.788
gari,1.783
dollar,1.780
edward,1.780
stephen,1.778
kevin,1.777
luke,1.777
tower,1.771
teenag,1.770
detect,1.767
childhood,1.767
hurt,1.764
bare,1.759
creatur,1.759
smile,1.755
stone,1.754
twice,1.748
potenti,1.742
shawshank,1.738
plu,1.726
paul,1.712
joy,1.706
listen,1.698
jump,1.676
breath,1.673
frank,1.658
wow,1.655
reveng,1.649
justic,1.643
scorses,1.639
creativ,1.638
disney,1.632
crimin,1.628
killer,1.623
wall,1.608
outsid,1.607
30,1.606
cop,1.604
spielberg,1.596
dog,1.580
hype,1.567
chase,1.562
clever,1.554
parent,1.549
kubrick,1.531
disturb,1.528
lord,1.525
actress,1.515
previou,1.463
knight,1.428
mysteri,1.377
children,1.356
anim,1.277
her,0.795
