totoro,1831.430
miyazaki,806.946
mei,657.161
anim,501.975
satsuki,478.581
neighbor,332.745
children,329.457
ghibli,306.150
girl,278.545
hayao,271.330
japanes,265.218
spirit,229.193
mother,227.040
magic,213.698
sister,211.151
disney,210.569
their,209.353
forest,208.146
dub,201.435
creatur,191.685
kid,181.661
my,177.522
adult,171.447
hospit,170.712
studio,165.795
bu,164.150
hous,156.239
move,147.434
child,147.342
japan,144.506
father,141.855
cute,141.688
film,137.801
they,136.778
version,136.461
childhood,134.303
littl,133.970
two,130.841
imagin,128.931
tonari,127.502
i,125.693
s,122.316
famili,118.438
english,117.510
love,115.624
neighbour,115.082
are,114.291
watch,107.708
cat,105.831
wonder,101.529
tree,100.067
world,99.685
her,99.365
with,98.863
countrysid,98.322
when,96.686
stori,95.800
catbu,95.619
as,95.290
like,94.901
movi,94.402
simpl,94.392
can,93.162
away,92.724
charm,92.719
them,92.488
adventur,92.433
beauti,91.793
or,91.306
charact,91.142
no,89.162
enjoy,89.023
you,88.372
veri,88.281
voic,87.034
so,86.806
ill,85.730
about,85.369
natur,84.942
young,84.810
dvd,84.793
age,84.768
find,84.633
old,82.720
smile,82.480
be,82.385
me,81.729
fantasi,80.862
there,79.444
feel,79.347
realli,78.654
into,78.341
kusakab,78.338
new,77.584
that,77.503
t,76.778
origin,75.800
have,75.549
who,74.945
wa,74.709
an,74.676
warm,73.464
all,73.380
us,73.370
soot,73.063
recommend,72.896
life,72.460
subtitl,71.273
we,70.969
for,70.282
ani,70.256
fan,70.197
from,70.141
at,69.976
emot,69.869
ador,69.685
seen,69.406
year,69.184
some,69.149
will,69.104
countri,68.665
1988,68.424
just,68.391
also,67.399
one,67.315
she,67.191
most,67.171
more,67.115
ha,66.996
other,66.687
hi,65.698
not,65.277
see,64.569
on,64.282
which,63.793
if,63.690
but,63.383
in,63.203
kiki,63.157
rural,62.711
discov,62.547
think,62.318
make,62.286
scene,62.179
ve,62.107
becaus,61.980
such,61.978
heart,61.868
happi,61.388
too,61.315
by,61.117
innoc,61.052
even,60.837
work,60.800
mononok,60.729
real,60.677
would,60.656
home,60.526
while,59.794
umbrella,58.769
way,58.496
castl,58.318
cartoon,57.522
than,57.504
giant,57.484
thing,57.464
sound,57.174
may,57.135
10,56.684
onli,56.666
friend,56.386
doesn,56.111
had,56.110
though,56.064
fox,55.748
alway,55.500
through,55.350
get,55.220
around,55.179
time,55.128
grow,54.901
without,54.533
these,54.458
don,54.444
is,54.379
mani,54.237
how,54.184
detail,53.897
acorn,53.693
featur,53.577
much,53.528
what,53.391
help,53.205
thi,53.113
great,53.017
touch,52.781
daughter,52.748
made,52.639
where,52.411
re,52.298
audienc,52.082
saw,52.040
never,51.919
look,51.871
someth,51.868
sick,51.631
it,51.618
enchant,51.372
anyon,51.291
joy,51.187
both,51.154
yet,50.965
seem,50.535
delight,50.506
then,50.275
releas,50.233
tale,50.012
gentl,49.568
he,49.294
well,48.968
up,48.796
here,48.751
were,48.682
especi,48.613
again,48.565
first,48.424
kind,48.091
favorit,47.743
nearbi,47.551
reason,47.488
fantast,46.989
wind,46.648
music,46.622
over,46.614
good,46.565
live,46.553
howev,46.354
meet,46.043
big,46.026
your,45.949
princess,45.789
learn,45.267
amaz,45.172
explor,45.043
own,44.993
creat,44.950
still,44.823
believ,44.701
after,44.558
sweet,44.535
howl,44.400
deliveri,44.252
lot,44.217
amp,44.119
know,44.057
m,43.921
those,43.835
to,43.749
everi,43.647
show,43.301
furri,43.244
hisaishi,43.155
tell,43.091
bit,43.042
dakota,43.027
plot,42.946
everyon,42.870
servic,42.858
whi,42.833
ever,42.523
realist,42.331
do,42.244
heartwarm,42.209
parent,41.812
although,41.498
younger,41.471
doe,41.253
bath,41.119
conflict,40.974
highli,40.971
appeal,40.956
older,40.786
becom,40.630
must,40.486
lilo,40.462
sprite,40.080
view,39.965
bring,39.886
say,39.884
out,39.659
firefli,39.609
song,38.981
come,38.947
small,38.841
bear,38.772
drawn,38.670
captur,38.660
isn,38.512
includ,38.399
worri,38.106
later,38.061
soon,38.038
between,38.024
start,37.825
now,37.803
absolut,37.695
remind,37.621
uniqu,37.559
eye,37.554
go,37.527
visual,37.425
our,37.276
nice,37.186
did,37.139
languag,37.109
anoth,36.746
experi,36.704
of,36.617
back,36.608
differ,36.583
found,36.564
few,36.385
want,36.265
peopl,36.261
give,36.218
everyth,36.134
fun,36.029
stop,35.861
rather,35.762
place,35.737
point,35.480
friendli,35.290
messag,35.241
pure,34.607
2,34.575
deal,34.550
pictur,34.500
actual,34.438
face,34.426
fact,34.389
probabl,34.362
truli,34.353
simpli,34.332
been,34.329
moment,34.317
4,34.177
rate,34.054
best,34.024
human,33.971
buy,33.954
cope,33.886
wait,33.875
onc,33.871
might,33.649
huge,33.635
excit,33.588
kiddi,33.582
sky,33.507
a,33.415
befor,33.404
masterpiec,33.387
person,33.385
same,33.095
power,33.004
call,32.919
express,32.887
import,32.843
ell,32.770
creativ,32.769
along,32.606
perhap,32.489
take,32.403
recov,32.216
fear,32.200
within,32.146
dad,31.937
style,31.781
lack,31.613
interest,31.511
closer,31.470
run,31.434
short,31.246
tatsuo,31.229
haunt,31.192
comfort,31.190
day,31.161
cours,31.004
american,30.983
grave,30.864
long,30.657
background,30.570
sure,30.546
could,30.517
larg,30.498
almost,30.418
better,30.408
draw,30.405
and,30.271
off,30.268
cultur,30.258
wondrou,30.237
near,30.154
master,30.139
design,30.005
should,29.854
end,29.703
mystic,29.702
follow,29.699
video,29.672
need,29.659
lost,29.625
recent,29.445
titl,29.350
chang,29.349
noth,29.303
understand,29.262
stay,29.199
rabbit,29.135
appear,29.118
enough,29.008
granni,29.001
matter,28.855
right,28.779
product,28.633
part,28.539
am,28.503
put,28.499
ail,28.498
set,28.208
full,28.127
stitch,28.012
happen,28.001
myself,27.985
sinc,27.932
imag,27.829
laugh,27.806
gorgeou,27.795
definit,27.786
pretti,27.755
professor,27.697
allow,27.669
entertain,27.651
tuberculosi,27.612
theme,27.513
simplic,27.477
strang,27.410
sort,27.399
minut,27.384
realiti,27.362
leav,27.311
villain,27.291
seed,27.289
copi,27.221
dust,27.203
satsuk,27.169
consid,27.141
down,27.138
certainli,27.010
despit,26.932
introduc,26.913
director,26.911
perfect,26.906
engag,26.883
often,26.850
atmospher,26.829
care,26.774
viewer,26.639
instead,26.544
mom,26.431
use,26.418
pace,26.361
artist,26.321
univers,26.277
said,26.214
rain,26.212
cantones,26.007
attent,25.987
anyth,25.934
hope,25.833
element,25.827
storytel,25.813
true,25.810
relationship,25.764
play,25.731
problem,25.727
sometim,25.626
colour,25.616
monster,25.532
ago,25.512
throughout,25.369
mind,25.354
5,25.340
landscap,25.312
least,25.288
quit,25.273
sens,25.238
rememb,25.235
dali,25.191
relax,25.164
let,25.150
compani,25.115
known,25.084
endear,25.082
grown,25.028
got,24.893
connect,24.852
particularli,24.842
piec,24.828
whole,24.810
remain,24.720
mean,24.687
nanni,24.598
imaginari,24.557
wonderland,24.549
discoveri,24.527
cannot,24.469
interact,24.419
told,24.338
vh,24.307
boy,24.167
perfectli,24.128
unlik,24.110
sibl,24.083
funni,24.082
thought,24.024
togeth,23.985
captiv,23.975
exist,23.968
lovabl,23.943
variou,23.932
mai,23.905
themselv,23.870
favourit,23.785
9,23.760
ll,23.680
surround,23.663
befriend,23.658
relat,23.627
wood,23.580
cloud,23.521
logo,23.497
bought,23.462
word,23.439
bunni,23.435
present,23.390
plant,23.388
keep,23.365
track,23.364
cynic,23.349
goe,23.340
toy,23.295
encount,23.254
teddi,23.214
subtl,23.201
fine,23.173
abl,23.168
dream,23.045
tri,23.040
hidaka,23.037
hear,22.953
either,22.882
bore,22.874
d,22.867
didn,22.846
done,22.835
easili,22.787
line,22.779
classic,22.720
worth,22.664
sakamoto,22.641
suitabl,22.583
scari,22.438
hand,22.318
main,22.142
reflect,22.097
typic,21.970
earli,21.876
itself,21.840
disappoint,21.830
lesson,21.805
rare,21.733
far,21.715
bad,21.670
depth,21.630
manag,21.586
curios,21.504
less,21.445
cri,21.411
screen,21.397
sever,21.396
won,21.394
mention,21.382
pooh,21.349
environ,21.313
case,21.285
8,21.206
strong,21.204
grandma,21.177
score,21.162
miyzaki,21.136
critter,21.126
cool,21.067
similar,21.064
yourself,21.002
thank,20.964
night,20.944
extrem,20.944
fresh,20.927
alic,20.922
flower,20.901
childish,20.745
mysteri,20.658
fall,20.641
each,20.586
gener,20.564
grin,20.553
seriou,20.531
sentiment,20.508
review,20.393
nostalgia,20.318
top,20.276
mythic,20.220
sleep,20.199
abil,20.172
compar,20.161
qualiti,20.143
major,20.095
him,20.064
u,19.999
total,19.996
fuzzi,19.982
nor,19.942
scare,19.852
vivid,19.851
stun,19.810
approach,19.761
inhabit,19.735
ponyo,19.723
winni,19.723
name,19.716
last,19.677
ye,19.641
tini,19.634
opinion,19.568
mix,19.465
western,19.401
final,19.384
usual,19.374
kanta,19.317
incred,19.310
fulli,19.309
lead,19.308
overal,19.216
hate,19.192
avail,19.170
quiet,19.154
until,19.131
felt,19.097
came,19.011
20,18.981
evil,18.947
likabl,18.914
remark,18.909
mayb,18.899
sad,18.894
artwork,18.862
respect,18.852
shimamoto,18.817
tororo,18.817
sumi,18.817
camphor,18.817
nekobu,18.817
chika,18.817
nostalg,18.786
troll,18.774
villag,18.722
slow,18.706
whom,18.663
noriko,18.633
fli,18.539
mere,18.536
realiz,18.493
entir,18.474
mispronunci,18.430
paint,18.425
suffer,18.399
school,18.342
complex,18.335
certain,18.330
whether,18.322
pleas,18.318
hold,18.287
color,18.263
translat,18.244
popular,18.241
repres,18.214
somewhat,18.211
everyday,18.205
alon,18.199
surpris,18.175
issu,18.163
art,18.138
greatest,18.119
wish,18.086
late,18.085
gigant,18.057
ride,17.974
expect,17.962
situat,17.899
1993,17.896
check,17.836
add,17.807
troubl,17.752
authent,17.704
complet,17.695
special,17.668
grass,17.634
heard,17.580
storylin,17.572
identifi,17.563
seren,17.535
dialogu,17.527
dialog,17.520
prefer,17.511
level,17.449
except,17.416
treat,17.392
guess,17.378
whilst,17.321
exampl,17.316
encourag,17.277
takahata,17.275
environment,17.269
impress,17.263
suggest,17.251
curiou,17.230
ground,17.085
note,17.076
brilliant,17.043
matur,17.042
side,16.911
convalesc,16.909
orient,16.904
sprout,16.885
blue,16.872
close,16.857
fairi,16.768
effect,16.768
belov,16.766
movement,16.743
lucki,16.730
link,16.711
guy,16.684
next,16.658
owl,16.643
corn,16.574
explain,16.555
visit,16.527
supernatur,16.502
sit,16.501
sceneri,16.494
ordinari,16.489
attract,16.432
afraid,16.370
cutest,16.325
tender,16.310
form,16.297
depict,16.249
focu,16.241
hole,16.199
annoy,16.192
inner,16.141
memor,16.140
nausica,16.110
portray,16.087
involv,16.084
outsid,16.075
door,16.004
hard,15.997
fascin,15.946
seven,15.922
miyisaki,15.919
jpnz,15.919
gerbl,15.919
elder,15.845
silli,15.837
cuddli,15.832
wide,15.791
himself,15.790
fluffi,15.770
roar,15.734
action,15.723
easi,15.708
particular,15.665
geniu,15.626
laughter,15.603
gift,15.589
soundtrack,15.510
mascot,15.500
uplift,15.498
lie,15.487
order,15.470
act,15.465
someon,15.458
friendship,15.449
left,15.422
empti,15.386
four,15.383
possibl,15.379
record,15.342
otherworldli,15.329
essenti,15.323
dure,15.314
given,15.310
anybodi,15.278
7,15.245
tunnel,15.217
drama,15.198
frame,15.165
gremlin,15.151
health,15.135
mostli,15.132
state,15.128
pleasur,15.108
stand,15.099
king,15.091
ten,15.055
idea,15.050
thoroughli,15.045
peac,15.032
totoru,15.016
flick,14.912
ebert,14.909
sooth,14.900
1950,14.888
chines,14.870
size,14.868
leg,14.834
across,14.759
sen,14.742
enorm,14.729
forget,14.707
craft,14.635
dark,14.607
clich,14.605
nephew,14.595
nonetheless,14.562
room,14.544
akira,14.509
carrol,14.499
saitama,14.488
shigesato,14.488
itoi,14.488
commun,14.426
walt,14.378
pokemon,14.328
notic,14.296
anyway,14.285
liter,14.276
joe,14.208
introduct,14.177
extra,14.163
nois,14.148
alreadi,14.124
miyaki,14.113
speak,14.107
sequenc,14.068
nausicaa,14.056
develop,14.054
gem,14.045
character,14.045
fare,14.044
tension,13.990
mr,13.983
collect,13.983
haven,13.949
valu,13.943
read,13.923
knew,13.921
famou,13.880
turn,13.877
arriv,13.847
tortoro,13.822
susuwatari,13.822
mnt,13.822
yasuko,13.822
normal,13.777
glad,13.770
valley,13.762
excel,13.759
three,13.752
etc,13.731
els,13.729
locat,13.705
light,13.698
job,13.692
whimsic,13.685
represent,13.667
tim,13.660
appreci,13.649
write,13.629
credit,13.598
fast,13.583
energi,13.550
stereotyp,13.550
asid,13.549
slowli,13.524
overwhelm,13.520
contain,13.519
wander,13.508
journey,13.489
chihiro,13.463
written,13.379
timeless,13.354
recomend,13.351
slightli,13.348
deep,13.347
high,13.328
immedi,13.327
dramat,13.325
vocal,13.319
term,13.309
honest,13.298
alongsid,13.294
backyard,13.260
begin,13.255
guardian,13.251
memori,13.245
reveal,13.242
describ,13.039
open,13.026
spite,13.020
summer,12.969
fairli,12.935
w,12.930
chanc,12.926
sama,12.919
loss,12.913
quirki,12.908
magnific,12.888
second,12.886
doubt,12.864
protagonist,12.860
30,12.849
alik,12.831
third,12.821
provid,12.791
ask,12.766
seemingli,12.718
structur,12.711
cheshir,12.682
premis,12.680
due,12.661
unfold,12.657
danc,12.642
aren,12.634
awe,12.631
produc,12.627
calm,12.625
warmth,12.616
base,12.605
free,12.604
the,12.597
garden,12.591
wasn,12.581
round,12.578
niec,12.568
ear,12.562
refer,12.521
type,12.520
achiev,12.513
hilari,12.493
fill,12.484
content,12.458
pop,12.458
anywher,12.436
90,12.402
miss,12.389
amongst,12.389
conclus,12.372
integr,12.367
direct,12.349
3,12.287
nativ,12.230
maker,12.225
sub,12.222
saccharin,12.195
cast,12.188
becam,12.182
build,12.146
presenc,12.146
basic,12.144
month,12.103
youth,12.095
revisit,12.094
whisker,12.083
equal,12.081
combin,12.061
idyl,12.048
pass,12.019
essenc,12.009
odd,12.008
water,12.007
formula,11.984
violenc,11.955
rest,11.942
2005,11.931
decent,11.930
half,11.926
posit,11.911
whenev,11.901
absenc,11.900
plenti,11.881
insid,11.852
unfortun,11.829
among,11.823
1,11.820
scan,11.801
offer,11.778
marvel,11.777
deserv,11.737
finish,11.733
jump,11.731
cinema,11.725
ruin,11.717
occasion,11.695
otherwis,11.691
comput,11.680
head,11.673
script,11.671
observ,11.671
stuff,11.648
couldn,11.637
com,11.633
die,11.626
greeneri,11.625
concern,11.595
imdb,11.579
result,11.518
http,11.506
massiv,11.486
2d,11.462
mous,11.415
bland,11.411
decid,11.402
six,11.396
pleasant,11.385
lightheart,11.358
g,11.334
protector,11.329
porco,11.325
poetic,11.317
exactli,11.295
shi,11.288
rosso,11.287
reccommend,11.287
narr,11.240
physic,11.208
laputa,11.180
loud,11.168
mouth,11.117
purpos,11.116
count,11.056
bond,11.048
embrac,11.044
imposs,11.033
fell,11.025
coupl,11.012
reaction,11.009
upon,11.006
mainli,10.967
press,10.960
multipl,10.954
suppos,10.937
scale,10.936
chase,10.931
today,10.928
accept,10.920
beat,10.913
occur,10.892
black,10.855
ebay,10.848
loos,10.847
sincer,10.829
headlight,10.822
yard,10.808
experienc,10.802
antagonist,10.790
kamikakushi,10.771
pat,10.749
hero,10.749
went,10.748
ft,10.746
tire,10.720
pain,10.714
inde,10.680
facial,10.666
protect,10.661
non,10.661
youngest,10.640
join,10.637
constantli,10.632
weird,10.632
realism,10.631
satseki,10.613
miyakazi,10.613
pq,10.613
mijayaki,10.613
sayama,10.613
took,10.612
humour,10.565
instantli,10.554
icon,10.550
eight,10.522
none,10.502
harmoni,10.500
guilti,10.500
titular,10.430
desir,10.424
shot,10.406
gave,10.402
continu,10.397
isao,10.365
whose,10.364
besid,10.364
familiar,10.338
pair,10.288
event,10.268
aim,10.264
clear,10.245
activ,10.239
accompani,10.235
ghost,10.212
secret,10.184
cinemat,10.182
pan,10.167
common,10.163
overcom,10.159
absent,10.157
genuin,10.156
2001,10.153
roll,10.151
lyric,10.136
regardless,10.133
fluid,10.124
respons,10.098
handl,10.092
worldwid,10.081
86,10.071
depress,10.071
lover,10.065
violent,10.063
enthusiasm,10.053
grew,10.053
devoid,10.047
addit,10.038
rent,10.037
breath,10.037
caus,10.034
spinal,10.028
preach,10.023
mood,10.016
salonga,10.011
plushi,10.011
tororu,10.011
heka,10.011
dustbunni,10.011
convinc,10.009
favor,10.000
creation,9.949
god,9.941
audio,9.929
focus,9.887
bottom,9.882
puddl,9.868
whimsi,9.868
intellig,9.858
everybodi,9.837
celebr,9.835
raindrop,9.819
tub,9.795
rich,9.792
wouldn,9.786
delic,9.753
land,9.741
slice,9.734
terrif,9.701
somehow,9.691
2004,9.688
foreign,9.676
toward,9.673
doubl,9.671
tadpol,9.658
murakami,9.658
sonya,9.658
totorro,9.658
share,9.657
compel,9.651
hime,9.639
carri,9.633
fond,9.624
lasset,9.608
question,9.603
further,9.593
fortun,9.593
unknown,9.593
soul,9.577
partli,9.577
standard,9.574
silenc,9.564
intrigu,9.535
behav,9.528
member,9.526
appropri,9.519
impact,9.508
distress,9.498
subtli,9.493
forgotten,9.474
tradit,9.461
bill,9.460
chest,9.449
safe,9.442
ok,9.419
area,9.413
welker,9.409
neko,9.409
compos,9.408
0,9.397
rise,9.383
pond,9.382
invent,9.377
reach,9.354
6,9.350
grate,9.331
avenu,9.315
surprisingli,9.314
thousand,9.308
scream,9.294
decad,9.288
creepi,9.286
inspir,9.271
perceiv,9.269
difficulti,9.262
forward,9.258
spark,9.253
yeah,9.253
amount,9.252
admit,9.251
receiv,9.246
norwegian,9.243
furthermor,9.224
class,9.200
polish,9.174
offens,9.174
smaller,9.151
seri,9.128
manga,9.125
box,9.118
rice,9.111
forc,9.106
250,9.086
green,9.077
rediscov,9.069
firstli,9.043
tv,9.041
babi,9.037
actor,9.026
nine,9.025
frighten,9.025
deliv,9.000
impli,8.984
nearli,8.980
edit,8.974
earth,8.973
lifestyl,8.957
underli,8.954
deepli,8.951
puppi,8.940
blanket,8.934
myazaki,8.923
choic,8.920
purest,8.910
breathtak,8.896
establish,8.890
spiritu,8.879
local,8.870
difficult,8.868
intric,8.866
moral,8.846
hour,8.846
talk,8.836
15,8.836
interpret,8.824
creator,8.812
miyazak,8.807
cagliostro,8.807
thumb,8.799
trademark,8.795
pixar,8.792
reson,8.774
carefre,8.768
pick,8.764
apart,8.743
growl,8.741
lovingli,8.736
fix,8.735
subplot,8.726
render,8.711
return,8.705
fs,8.704
incid,8.699
adulthood,8.674
abov,8.663
hasn,8.657
exuber,8.640
project,8.639
struck,8.633
flaw,8.623
apprehens,8.615
perspect,8.613
troma,8.613
medium,8.594
address,8.587
lame,8.576
astonishingli,8.536
roger,8.529
meaning,8.528
enthral,8.525
avoid,8.524
number,8.521
rais,8.514
upset,8.511
goodi,8.510
symbol,8.503
save,8.500
beyond,8.497
tomato,8.492
drop,8.485
transcend,8.482
miyasaki,8.454
harmless,8.453
spoil,8.444
meant,8.443
pre,8.434
contact,8.429
theatric,8.425
simpler,8.424
adject,8.412
gradual,8.365
random,8.362
pack,8.354
manner,8.337
finest,8.331
cater,8.328
o,8.322
sprit,8.320
spot,8.300
exagger,8.296
writer,8.288
affect,8.287
heroin,8.278
longer,8.262
impend,8.261
bling,8.261
huggabl,8.261
quickli,8.230
jeunet,8.229
biggest,8.222
occurr,8.222
storm,8.216
climax,8.211
rugrat,8.204
materi,8.203
importantli,8.198
break,8.185
bicycl,8.183
stem,8.180
site,8.170
welcom,8.168
regard,8.164
talent,8.155
taken,8.151
strike,8.150
hollywood,8.146
lush,8.133
sparkl,8.133
ball,8.120
dreamwork,8.119
behavior,8.118
widescreen,8.116
vs,8.113
angelica,8.102
topic,8.097
wrong,8.095
uncertainti,8.084
attempt,8.082
market,8.081
unfamiliar,8.081
citi,8.068
minor,8.065
immens,8.063
finland,8.055
smoke,8.053
rival,8.052
highest,8.050
chord,8.037
dozen,8.034
accord,8.016
revolv,8.015
cant,8.015
tone,7.978
white,7.976
death,7.968
bright,7.966
mickey,7.939
dirt,7.939
bizarr,7.931
under,7.929
scamper,7.928
shape,7.904
commerci,7.901
theater,7.894
bamboo,7.889
hadn,7.880
hit,7.876
behind,7.871
hair,7.861
circumst,7.859
overli,7.853
folk,7.853
astonish,7.832
bottl,7.804
weak,7.803
obnoxi,7.799
understood,7.782
disappear,7.755
factor,7.751
aura,7.749
cheer,7.748
belief,7.738
distract,7.732
energet,7.729
serious,7.721
grassi,7.718
rambl,7.703
twenti,7.701
field,7.698
histori,7.693
epic,7.689
creme,7.688
frolick,7.688
dislik,7.682
televis,7.677
trip,7.669
hang,7.666
undisclos,7.658
core,7.657
clearli,7.648
success,7.644
disturb,7.642
player,7.636
propel,7.611
prais,7.607
telegram,7.602
abod,7.602
honor,7.597
mine,7.593
hidden,7.590
adjust,7.587
amidst,7.587
y,7.585
stream,7.585
toon,7.576
tumblr,7.576
unit,7.575
sadli,7.564
wildli,7.546
instanc,7.539
role,7.539
blend,7.536
sore,7.536
cranni,7.525
obvious,7.518
menageri,7.500
plain,7.499
bigger,7.498
tomorrow,7.490
knowledg,7.487
worn,7.486
cousin,7.478
blu,7.478
cuter,7.476
ladi,7.475
complain,7.465
teach,7.461
aforement,7.455
siskel,7.453
plush,7.453
hundr,7.438
condit,7.437
weren,7.426
birthday,7.420
utterli,7.419
signific,7.412
eat,7.412
center,7.410
recogn,7.410
struggl,7.405
adolesc,7.401
shadow,7.389
80,7.382
specif,7.376
et,7.362
visibl,7.358
festiv,7.354
suffici,7.351
foundat,7.351
woodland,7.346
path,7.332
thrill,7.326
earn,7.319
previou,7.317
critic,7.310
erm,7.306
sulk,7.306
against,7.306
comparison,7.304
crawl,7.299
deeper,7.290
inher,7.275
extraordinari,7.275
opportun,7.268
suffic,7.263
test,7.263
dare,7.262
outstand,7.257
seamlessli,7.255
shown,7.250
wild,7.245
intend,7.239
gain,7.233
therefor,7.204
teller,7.198
collaps,7.197
grey,7.194
suck,7.192
silent,7.191
brought,7.186
elderli,7.186
rainstorm,7.181
sheer,7.180
mytholog,7.178
neither,7.175
moreov,7.171
enthusiast,7.170
evid,7.168
lose,7.154
buse,7.148
unengag,7.148
nook,7.132
skeptic,7.117
scurri,7.116
current,7.112
fashion,7.109
nut,7.103
entranc,7.095
wife,7.092
shade,7.092
minim,7.089
fanbas,7.086
shorter,7.081
depart,7.080
unforgett,7.080
san,7.078
consist,7.065
librari,7.061
eager,7.059
bare,7.036
spent,7.018
kick,7.003
air,7.002
fanci,7.001
companion,6.994
twice,6.992
yell,6.990
strength,6.980
hardli,6.980
notch,6.976
lupin,6.974
pull,6.970
16,6.960
shock,6.953
fail,6.950
recuper,6.948
born,6.941
aggress,6.937
trait,6.936
scant,6.935
dead,6.923
bratti,6.910
walk,6.908
aw,6.907
contrari,6.904
ultim,6.899
roadsid,6.898
nightli,6.898
realm,6.895
composit,6.888
star,6.885
simplist,6.879
claim,6.875
mommi,6.863
fit,6.845
offend,6.838
influenc,6.836
sugari,6.817
tast,6.816
postwar,6.807
rodent,6.807
week,6.802
listen,6.792
access,6.781
mindless,6.781
aliv,6.758
yesterday,6.755
soft,6.753
awesom,6.738
await,6.718
artifici,6.717
smooth,6.714
burst,6.709
insist,6.700
humor,6.696
horribl,6.678
undeni,6.674
humbl,6.672
fish,6.672
shout,6.670
squeal,6.657
cover,6.646
confess,6.628
earlier,6.627
spunki,6.621
boundless,6.621
ecolog,6.621
accident,6.620
shoe,6.617
invit,6.615
streamlin,6.613
bird,6.609
weirdest,6.604
react,6.600
catch,6.590
futur,6.586
routin,6.583
span,6.574
slight,6.559
asleep,6.558
spend,6.558
settl,6.556
elabor,6.554
whatsoev,6.551
affin,6.546
helper,6.538
evok,6.537
ridicul,6.527
occas,6.522
remot,6.513
percept,6.512
town,6.508
antidot,6.507
cackl,6.507
damag,6.501
step,6.472
whatev,6.472
benign,6.469
centerpiec,6.462
averag,6.460
folklor,6.454
notion,6.451
nap,6.447
treasur,6.444
wall,6.432
stomach,6.429
skip,6.427
reminisc,6.420
spectacular,6.417
crazi,6.413
weirdli,6.412
nuanc,6.409
eldest,6.405
sorri,6.404
america,6.390
bet,6.388
spielberg,6.382
brilliantli,6.381
santa,6.358
select,6.352
storyboard,6.352
danger,6.343
supposedli,6.338
truer,6.327
larger,6.323
par,6.315
tcm,6.302
morn,6.291
blew,6.282
fiction,6.278
summari,6.274
shine,6.271
bundl,6.261
deliber,6.250
drive,6.245
directli,6.245
assist,6.239
picturesqu,6.232
serv,6.232
escapad,6.226
inconsequenti,6.226
crack,6.219
mesmer,6.215
mistrust,6.215
naiveti,6.215
dora,6.215
mermaid,6.215
shallow,6.213
period,6.197
sensit,6.193
dynam,6.186
cuz,6.183
indoor,6.183
surreal,6.179
poignant,6.169
porch,6.167
vast,6.166
vcr,6.162
infecti,6.152
date,6.147
stupid,6.146
effort,6.145
countless,6.145
floor,6.140
altern,6.135
absurd,6.134
undoubtedli,6.132
lusciou,6.127
overnight,6.122
sleepi,6.112
butterfli,6.102
tear,6.096
succe,6.088
cautiou,6.083
attic,6.083
wrap,6.077
substanc,6.065
benevol,6.060
atop,6.042
obviou,6.031
parallel,6.025
recal,6.024
remast,6.019
profound,6.017
ghostli,6.015
latest,6.013
ideal,6.013
fight,6.003
veget,5.998
lea,5.985
support,5.982
hook,5.977
breathtakingli,5.977
pay,5.976
car,5.965
bicker,5.964
agre,5.957
aficionado,5.952
precis,5.952
loudli,5.940
refreshingli,5.916
galor,5.912
autobiograph,5.908
cough,5.904
60,5.892
rack,5.885
inevit,5.876
amazon,5.871
ether,5.871
childlik,5.867
sacr,5.856
permit,5.856
joyou,5.852
statement,5.842
board,5.838
replac,5.836
truth,5.828
cheap,5.823
unexpect,5.820
sat,5.815
oldest,5.813
arous,5.800
blossom,5.800
paddi,5.789
account,5.774
demand,5.770
yr,5.769
oh,5.769
florida,5.766
legend,5.760
keeper,5.760
ray,5.750
1958,5.750
weav,5.748
somewher,5.737
belli,5.737
telephon,5.734
reli,5.732
argu,5.730
complaint,5.730
brief,5.727
contribut,5.724
sing,5.714
extend,5.712
guidanc,5.712
selfless,5.712
career,5.709
confus,5.708
grab,5.702
met,5.695
shouldn,5.670
readili,5.670
robot,5.667
insight,5.664
constant,5.647
sign,5.643
middl,5.643
tend,5.642
profession,5.639
ol,5.627
inadvert,5.622
spars,5.619
nope,5.611
formal,5.586
figur,5.573
pander,5.570
distribut,5.568
grace,5.563
readi,5.550
herself,5.547
unnatur,5.545
vista,5.545
menac,5.537
raini,5.537
brim,5.537
driven,5.535
grant,5.527
cannon,5.525
thrive,5.517
fairytal,5.515
prove,5.510
indel,5.510
accustom,5.505
isaac,5.500
filter,5.500
rel,5.492
improv,5.488
till,5.474
trivia,5.474
singl,5.474
thunder,5.467
highlight,5.464
superior,5.464
info,5.458
intens,5.453
accur,5.451
mess,5.447
object,5.440
chemistri,5.439
bliss,5.422
filmographi,5.420
architectur,5.420
screenplay,5.419
awar,5.413
brother,5.401
barrier,5.400
region,5.387
convey,5.385
flow,5.383
downsid,5.381
optim,5.368
weep,5.352
comic,5.351
uncanni,5.350
cohes,5.348
ish,5.342
disconnect,5.328
bia,5.324
cross,5.322
hug,5.310
transform,5.309
disrespect,5.308
tototo,5.306
downrush,5.306
logger,5.306
filmogrophi,5.306
vi477103897,5.306
fomula,5.306
inadequici,5.306
cartoonnetwork,5.306
yashiki,5.306
amv,5.306
arenow,5.306
amagasa,5.306
overgrow,5.306
ohtomo,5.306
satasuki,5.306
nadia,5.306
simonhaha,5.306
munchin,5.306
kokaku,5.306
moviehav,5.306
camfer,5.306
neighboro,5.306
furbi,5.306
butcheredth,5.306
toshiyuki,5.306
fruiter,5.306
okagi,5.306
lindgren,5.306
satusuki,5.306
conif,5.306
ifukub,5.306
047,5.306
kikyo,5.306
ikebana,5.306
thethril,5.306
ccheck,5.306
satsumi,5.306
macek,5.306
tenkuuno,5.306
watari,5.306
ttoro,5.306
caphor,5.306
setiment,5.306
obak,5.306
setsum,5.306
agrown,5.306
empireonlin,5.306
majyo,5.306
12288,5.306
disni,5.306
sathuki,5.306
kidotai,5.306
randytruli,5.306
tatomi,5.306
tenku,5.306
goodwilling,5.306
japantwo,5.306
satski,5.306
feelwhen,5.306
scret,5.306
kittenbu,5.306
akan,5.306
kamikakusi,5.306
tololo,5.306
pardox,5.306
disneyfri,5.306
boysi,5.306
totorother,5.306
themag,5.306
gesundheit,5.306
takahatian,5.306
paulamost,5.306
mecak,5.306
aichi,5.306
waldisney,5.306
524,5.306
composedli,5.306
fluffbal,5.306
lving,5.306
thesmallest,5.306
tokorozawa,5.306
makkurokurosuk,5.306
convalescenc,5.306
rupan,5.306
gyibli,5.306
susu,5.306
rapyuta,5.306
satuski,5.306
attentionchildren,5.306
searchwheth,5.306
isil,5.306
sansei,5.306
80minut,5.306
remid,5.306
sanpo,5.306
japanrun,5.306
miyaxaki,5.306
ghibil,5.306
cimmia,5.306
invis,5.304
youngster,5.304
conjur,5.302
knee,5.301
dull,5.297
wise,5.296
substitut,5.280
prepar,5.279
tug,5.274
bother,5.267
spill,5.265
send,5.261
bittersweet,5.261
practic,5.260
household,5.257
22,5.257
50,5.256
vividli,5.254
suspens,5.245
okay,5.244
rental,5.238
someday,5.234
classifi,5.223
rush,5.223
nineti,5.213
trailer,5.210
envelop,5.210
mute,5.210
vibe,5.208
mildli,5.206
textur,5.204
push,5.201
mighti,5.199
balanc,5.199
ahead,5.195
exclus,5.189
peculiar,5.186
growth,5.182
plu,5.178
sugar,5.176
list,5.173
paragraph,5.167
mistak,5.162
candid,5.161
imo,5.153
tail,5.150
unsatisfi,5.145
length,5.144
genr,5.141
custom,5.140
brain,5.139
interior,5.134
trauma,5.130
idol,5.129
stunningli,5.126
thu,5.123
woven,5.123
anxieti,5.118
bush,5.115
perform,5.114
antic,5.109
masteri,5.092
legitim,5.090
al,5.086
rotten,5.083
flair,5.080
trite,5.077
perman,5.077
post,5.075
flawless,5.075
warrant,5.074
enter,5.072
lol,5.067
display,5.066
superb,5.065
trivial,5.059
ignor,5.054
hardcor,5.054
honestli,5.048
runtim,5.041
social,5.028
pet,5.024
counterpart,5.024
crude,5.020
money,5.018
cg,5.015
mortal,5.014
bump,5.014
thematis,5.005
beauy,5.005
michaelson,5.005
pippi,5.005
ryuichi,5.005
shinkansen,5.005
takkyubin,5.005
enid,5.005
muyo,5.005
tenchi,5.005
uninfluenc,5.005
ulyse,5.005
whaaaat,5.005
chie,5.005
hiragana,5.005
mayab,5.005
unextraordinari,5.005
jolliti,5.005
kodomo,5.005
aval,5.005
sootbal,5.005
buta,5.005
relativli,5.005
miayzaki,5.005
foral,5.005
ritu,5.005
neva,5.005
amongoth,5.005
etcso,5.005
untamp,5.005
whinier,5.005
ghibl,5.005
diseas,5.002
sneak,4.996
individu,4.994
smart,4.993
motiv,4.992
baffl,4.988
cherish,4.982
book,4.981
hardship,4.976
mild,4.974
hypnot,4.952
bow,4.950
hollow,4.941
britain,4.938
slightest,4.936
100,4.931
front,4.930
justic,4.928
match,4.928
celluloid,4.924
key,4.923
illeg,4.919
broad,4.918
swept,4.908
egg,4.896
exhibit,4.896
rule,4.875
trigger,4.858
joke,4.854
coat,4.853
irrelev,4.841
unbear,4.835
shortli,4.835
team,4.831
checkup,4.829
disnifi,4.829
malay,4.829
shrilli,4.829
longstock,4.829
myiazaki,4.829
filmsthemostbeautifulart,4.829
arang,4.829
blyton,4.829
awwwwwww,4.829
ongaeshi,4.829
naiveiti,4.829
kawaii,4.829
colmena,4.829
obscur,4.826
straightforward,4.825
cold,4.821
tall,4.809
flight,4.807
consciou,4.795
boundari,4.794
wick,4.793
heartfelt,4.786
2010,4.780
distinguish,4.780
tendenc,4.778
staff,4.778
1997,4.771
predict,4.769
fundament,4.766
resid,4.762
appar,4.759
radio,4.757
weather,4.753
uninterest,4.749
emphasi,4.748
sustain,4.748
nervou,4.747
inc,4.744
decept,4.744
intim,4.741
neighborhood,4.738
repeatedli,4.738
million,4.737
keen,4.731
extens,4.731
enlighten,4.726
option,4.718
1995,4.714
terribl,4.707
neat,4.706
buri,4.705
undergrowth,4.704
verison,4.704
cuddlesom,4.704
mazi,4.704
cutey,4.704
hyperviol,4.704
frolicsom,4.704
ranma,4.704
234,4.704
jimini,4.704
prefectur,4.704
toddl,4.704
epcot,4.704
onesi,4.704
miyazki,4.704
inuyasha,4.704
windowsil,4.704
slighter,4.704
ocarina,4.704
underst,4.695
similarli,4.681
iii,4.676
medic,4.671
usa,4.669
ala,4.668
wooden,4.667
verbal,4.665
analyz,4.664
glu,4.662
halfway,4.654
happili,4.650
meticul,4.649
honesti,4.648
purchas,4.647
taught,4.646
1st,4.645
asian,4.639
concept,4.637
throat,4.630
mad,4.619
lend,4.616
preciou,4.614
exhilar,4.612
rid,4.611
moviego,4.608
buld,4.607
cheryl,4.607
subsidi,4.607
unoffens,4.607
ghibili,4.607
softest,4.607
singsong,4.607
indignantli,4.607
nimh,4.607
stich,4.607
otherwordli,4.607
cinemagarden,4.607
buena,4.607
ultra,4.607
bodi,4.605
resolut,4.602
beneath,4.602
ensur,4.595
east,4.588
de,4.577
blow,4.576
miracl,4.574
e,4.574
18,4.561
rat,4.560
embarrass,4.552
reject,4.549
corni,4.548
splendid,4.545
edg,4.543
nemo,4.542
disast,4.537
nan,4.528
bumblebe,4.528
ticker,4.528
thundercat,4.528
gibli,4.528
iwil,4.528
costco,4.528
earthsea,4.528
rear,4.524
distant,4.513
simultan,4.511
gloriou,4.508
wast,4.507
strongest,4.506
twelv,4.504
dig,4.487
singer,4.487
advis,4.482
fat,4.481
daili,4.480
acknowledg,4.467
ad,4.466
faci,4.461
elmo,4.461
inconsequ,4.461
pouch,4.461
arigato,4.461
inki,4.461
lotu,4.461
stroboscop,4.461
scrapyard,4.461
reduc,4.456
march,4.451
varieti,4.449
man,4.447
group,4.447
stress,4.439
characterist,4.437
pound,4.429
lion,4.427
european,4.426
exchang,4.425
poster,4.425
adapt,4.421
promot,4.418
war,4.418
societi,4.418
20th,4.416
wont,4.409
naiv,4.408
glass,4.407
stronger,4.406
transliter,4.403
interpos,4.403
watercolour,4.403
urgh,4.403
briar,4.403
halftim,4.403
gerbil,4.403
subtleti,4.402
backdrop,4.396
coaster,4.392
swear,4.390
mechan,4.383
2nd,4.383
duti,4.383
gross,4.382
henc,4.379
destin,4.377
recognit,4.375
arrest,4.368
crucial,4.368
mark,4.361
imit,4.356
roller,4.355
toru,4.352
ursula,4.352
chu,4.352
cedar,4.352
takemitsu,4.352
nutso,4.352
deceivingli,4.352
eyeopen,4.352
katsuhiro,4.352
user,4.338
luck,4.336
embodi,4.335
offic,4.331
nod,4.327
urg,4.325
stranger,4.323
irrit,4.317
sensat,4.317
dazzl,4.315
proper,4.313
wave,4.307
buss,4.306
spookiest,4.306
homegrown,4.306
anthropomorphis,4.306
wester,4.306
raccoon,4.306
odder,4.306
candi,4.306
beast,4.297
sophist,4.295
loyalti,4.294
foot,4.292
engin,4.288
indulg,4.281
spell,4.272
lower,4.270
disallow,4.265
watercolor,4.265
bluth,4.265
miazaki,4.265
seedl,4.265
masaru,4.265
melon,4.265
assent,4.265
examin,4.263
bitter,4.263
north,4.263
glimps,4.259
25,4.251
subsequ,4.249
bag,4.239
fame,4.239
ticket,4.238
immers,4.237
scope,4.234
aid,4.233
shake,4.230
fleck,4.227
boogeyman,4.227
anaheim,4.227
judeo,4.227
space,4.222
lewi,4.218
escap,4.217
freak,4.204
mid,4.198
son,4.195
pretend,4.194
doorknob,4.192
1080p,4.192
fullscreen,4.192
hospitalis,4.192
kami,4.192
hiyao,4.192
kinda,4.179
benefit,4.178
dread,4.174
ambigu,4.167
section,4.166
screenshot,4.160
johan,4.160
engrossingli,4.160
grasshopp,4.160
traceabl,4.160
sato,4.160
briefer,4.160
mountain,4.158
jean,4.158
employ,4.150
woman,4.147
flash,4.143
quietest,4.130
mispronounc,4.130
ravin,4.130
thew,4.130
concord,4.130
ro,4.130
japenes,4.130
unrealist,4.125
emerg,4.124
teen,4.119
reput,4.113
controversi,4.113
expos,4.107
credibl,4.105
yen,4.102
10thi,4.102
metaphor,4.101
debut,4.096
nonsens,4.095
distinct,4.093
wizard,4.090
insult,4.088
comment,4.077
brynner,4.076
hummabl,4.076
raincoat,4.076
foward,4.076
workmanship,4.076
raw,4.069
theori,4.063
accus,4.060
glori,4.057
loveliest,4.051
rustl,4.051
vo,4.051
snuggl,4.051
cartoonist,4.051
krull,4.051
unpack,4.051
mib,4.051
mandarin,4.051
astound,4.048
greatli,4.046
refresh,4.041
cruel,4.041
scenario,4.035
gust,4.028
formless,4.028
handmad,4.028
yul,4.028
shiro,4.028
sensei,4.028
forth,4.023
piti,4.013
brave,4.010
scatterbrain,4.005
gotten,3.997
chosen,3.997
colleg,3.996
defeat,3.987
bossi,3.984
chester,3.984
puffi,3.984
soundscap,3.984
tomatomet,3.984
intern,3.984
grade,3.981
commentari,3.978
idiot,3.972
aspect,3.971
darker,3.969
acclaim,3.964
shinto,3.964
store,3.963
sentenc,3.960
cheesi,3.951
kai,3.945
pablum,3.945
kindheart,3.945
kabuki,3.945
unrestrict,3.945
doom,3.944
kill,3.940
sake,3.934
organ,3.932
reward,3.927
loveli,3.926
usd,3.926
nowher,3.925
possess,3.922
horror,3.922
p,3.918
concentr,3.917
strongli,3.915
latter,3.913
teletubbi,3.908
gromit,3.908
pear,3.908
censur,3.908
revok,3.908
flighti,3.908
liz,3.908
doldrum,3.908
iwa,3.908
healthier,3.908
surfac,3.899
tummi,3.891
lopsid,3.891
summertim,3.891
deni,3.891
dress,3.890
clue,3.890
dumb,3.885
anticip,3.884
surpass,3.881
pointless,3.878
quest,3.877
nestl,3.875
redesign,3.875
mmm,3.875
wake,3.874
win,3.864
disgust,3.860
cauldron,3.859
pleasantri,3.859
genit,3.859
tightest,3.859
crowd,3.859
hint,3.857
tremend,3.855
sexual,3.851
gonna,3.848
west,3.846
yap,3.844
fantasis,3.844
reverenti,3.844
cut,3.841
mass,3.830
bedridden,3.829
flagship,3.829
farmland,3.829
waaay,3.829
hill,3.829
charg,3.824
frustrat,3.823
assum,3.816
student,3.815
jap,3.815
evildo,3.815
airbend,3.801
babysit,3.801
began,3.798
legendari,3.797
male,3.796
overhaul,3.788
factli,3.788
painterli,3.788
task,3.787
regret,3.779
statu,3.775
frolic,3.775
pebbl,3.775
nauseam,3.775
revision,3.775
clau,3.775
expo,3.775
belong,3.773
uner,3.762
shan,3.762
baromet,3.750
ka,3.750
arcan,3.750
tenderli,3.750
reassess,3.750
rang,3.746
origami,3.738
unsaf,3.738
meadow,3.738
succeed,3.728
methink,3.727
jumpsuit,3.715
comedi,3.712
antz,3.704
farmhous,3.704
prettiest,3.704
kane,3.697
central,3.697
hotaru,3.694
cucumb,3.694
haka,3.694
vote,3.693
unless,3.680
opposit,3.673
christen,3.673
dazzlingli,3.673
protrud,3.673
brillianc,3.665
norway,3.663
barney,3.663
paw,3.653
pigeonhol,3.644
reawaken,3.644
industri,3.639
remak,3.636
cushion,3.634
vouch,3.634
sugarco,3.634
someplac,3.634
etiquett,3.625
faraway,3.625
snowman,3.625
plump,3.625
export,3.616
tract,3.616
beth,3.616
font,3.616
electro,3.616
uninhibit,3.616
sillier,3.616
fate,3.614
modestli,3.607
semest,3.607
suddenli,3.607
superhero,3.600
blown,3.599
scoobi,3.599
demot,3.599
jubil,3.599
plop,3.599
tb,3.599
road,3.592
damn,3.592
process,3.591
workahol,3.590
moviemusereview,3.590
lop,3.590
paedophil,3.590
preteen,3.590
prima,3.590
quota,3.590
docil,3.590
creaki,3.582
satchel,3.582
unavail,3.582
judg,3.582
hide,3.581
tragic,3.574
tawdri,3.574
clamor,3.566
shrine,3.566
cricket,3.566
unspecifi,3.558
topnotch,3.558
fidget,3.558
masterpeic,3.558
rascal,3.558
mileag,3.550
rapt,3.550
canni,3.550
sa,3.543
fruitless,3.543
la,3.540
citizen,3.538
clunker,3.535
motherli,3.535
letharg,3.535
super,3.531
hurt,3.529
anticlimax,3.528
pedal,3.528
plank,3.528
unfurl,3.528
rung,3.528
withhold,3.528
provinc,3.528
enemi,3.524
tie,3.522
stockholm,3.521
stronghold,3.521
guinea,3.521
humdrum,3.521
promis,3.520
heavi,3.520
obsess,3.515
mushroom,3.514
schooler,3.514
uproot,3.514
poppin,3.514
pastel,3.514
caprici,3.514
stone,3.509
playmat,3.507
sex,3.504
squeak,3.500
flutter,3.500
panti,3.500
nearer,3.500
supermarket,3.493
fuzz,3.493
curmudgeon,3.493
deplet,3.493
67,3.493
debilit,3.493
unattain,3.493
choos,3.492
presumpt,3.487
denot,3.487
unrestrain,3.487
redon,3.487
kitten,3.487
downstair,3.487
lavishli,3.487
potenti,3.485
godli,3.480
minutia,3.480
coolli,3.480
stamina,3.480
definitli,3.480
ostentati,3.480
ang,3.480
tot,3.480
beckon,3.474
brandish,3.474
pointi,3.474
foley,3.474
dote,3.468
john,3.464
grownup,3.461
femal,3.458
squabbl,3.455
intent,3.452
sequal,3.449
unobtrus,3.449
thier,3.449
ensnar,3.449
12,3.446
chubbi,3.443
char,3.443
compulsori,3.443
makeshift,3.437
oak,3.437
trust,3.434
repeat,3.433
straddl,3.431
melod,3.431
editori,3.431
public,3.429
defin,3.427
lookout,3.426
hehe,3.426
rowdi,3.426
scoff,3.420
blemish,3.420
discuss,3.415
rudimentari,3.414
mono,3.414
woeful,3.414
habitat,3.414
dang,3.414
irreplac,3.414
grader,3.409
freshli,3.409
exclam,3.409
apologis,3.409
adag,3.409
limit,3.409
animos,3.403
initi,3.402
shame,3.401
caught,3.400
ageless,3.398
92,3.398
unbeliev,3.395
stage,3.393
si,3.393
abras,3.393
goat,3.393
crossroad,3.387
iconographi,3.387
contagi,3.387
hercul,3.382
inkl,3.382
boister,3.382
flute,3.377
sweetest,3.377
scowl,3.377
87,3.377
olymp,3.377
straight,3.377
astrid,3.372
gl,3.367
allevi,3.367
pastor,3.367
jovial,3.367
uninhabit,3.367
toad,3.362
amen,3.362
360,3.362
moros,3.362
matern,3.362
bustl,3.362
shack,3.357
nicest,3.357
smear,3.357
excerpt,3.357
ultraviol,3.357
search,3.352
flown,3.352
threshold,3.352
narnia,3.352
binari,3.347
couldnt,3.347
slipper,3.347
wors,3.344
cavern,3.343
machin,3.342
slug,3.338
omen,3.338
laurel,3.338
savour,3.338
op,3.338
needn,3.333
era,3.330
overjoy,3.329
76,3.329
requir,3.326
rearrang,3.324
hyperact,3.324
admir,3.321
snag,3.320
sponsor,3.320
bask,3.320
erect,3.320
leaf,3.320
frank,3.316
luster,3.315
ravish,3.315
weasel,3.315
menu,3.315
wow,3.310
unsuit,3.306
didact,3.306
prick,3.306
hog,3.306
uncharacterist,3.302
conjunct,3.302
constrain,3.298
hipster,3.298
troublesom,3.298
mat,3.298
unbridl,3.298
widen,3.294
apex,3.289
scapegoat,3.289
dreamt,3.285
distributor,3.281
exalt,3.281
enraptur,3.281
hallucinogen,3.273
innocu,3.273
miramax,3.273
totem,3.273
featurett,3.269
earthi,3.269
repertoir,3.269
doo,3.265
catalog,3.261
solid,3.256
centuri,3.256
heavier,3.253
forev,3.251
heartach,3.249
happiest,3.249
amiabl,3.249
aimless,3.246
ur,3.246
ambient,3.246
slipperi,3.242
cloy,3.242
mental,3.239
implicit,3.238
perenni,3.238
chronic,3.238
berat,3.238
madli,3.238
mm,3.234
tidbit,3.234
cheeri,3.234
hedg,3.231
curl,3.227
bemus,3.227
antagon,3.227
nothing,3.227
trot,3.227
generos,3.227
satisfi,3.224
reccomend,3.224
partak,3.224
idiosyncrasi,3.224
conan,3.224
rippl,3.224
whirlwind,3.224
technic,3.222
seclud,3.220
goo,3.220
precoci,3.220
cgi,3.219
wallop,3.216
upstair,3.213
predomin,3.213
helen,3.213
vision,3.211
sedat,3.209
bambi,3.209
tonal,3.206
travel,3.205
plaudit,3.199
coop,3.199
heartili,3.196
reloc,3.196
videotap,3.189
outward,3.189
lurid,3.186
daredevil,3.186
47,3.186
skill,3.186
manual,3.182
dart,3.182
mischief,3.182
deliri,3.182
anthropomorph,3.182
stomp,3.182
snail,3.173
busi,3.171
relic,3.170
displac,3.170
ramp,3.170
painstak,3.170
frog,3.170
flatter,3.166
eschew,3.166
sensori,3.166
gorgeous,3.166
femin,3.163
48,3.163
cyberpunk,3.163
dog,3.160
quieter,3.157
nervous,3.157
uncar,3.154
tranquil,3.148
unifi,3.148
lifelik,3.142
denomin,3.139
latch,3.139
fur,3.136
bathtub,3.136
replet,3.136
cutesi,3.133
clutter,3.133
sofa,3.133
exec,3.130
godzilla,3.130
aback,3.130
assimil,3.127
endang,3.127
synthes,3.127
basket,3.127
execut,3.126
outlet,3.125
distil,3.125
answer,3.123
sang,3.122
unremark,3.119
naughti,3.119
puke,3.116
audibl,3.116
facebook,3.116
dishonest,3.113
soda,3.113
jerki,3.110
inadequ,3.108
aladdin,3.108
anthem,3.108
villian,3.105
unreason,3.102
skirt,3.102
prose,3.102
five,3.101
surviv,3.097
sporad,3.097
sneaki,3.097
symptom,3.094
synchron,3.094
log,3.089
flush,3.089
impart,3.086
den,3.084
strangest,3.084
mac,3.081
poni,3.078
tearjerk,3.076
brightli,3.076
truest,3.076
dichotomi,3.073
hybrid,3.073
fav,3.071
moralist,3.071
multipli,3.071
upgrad,3.068
unto,3.068
cautionari,3.068
ive,3.066
pluck,3.066
mystiqu,3.066
depalma,3.063
pristin,3.063
condescend,3.061
vicari,3.061
sunlight,3.061
magnifi,3.058
usher,3.058
frontier,3.056
uber,3.056
withstand,3.056
chore,3.053
widespread,3.053
glorious,3.053
acceler,3.053
pedophil,3.051
yo,3.051
committe,3.051
rejoic,3.046
kept,3.044
tickl,3.044
ness,3.044
seat,3.044
crass,3.042
faction,3.042
scorn,3.039
shamelessli,3.039
swirl,3.037
insect,3.035
noisi,3.035
fart,3.035
cryptic,3.030
stroll,3.030
transfix,3.030
darl,3.028
snob,3.028
worst,3.026
interv,3.025
distraught,3.025
drug,3.025
thirteen,3.021
setsuko,3.021
glee,3.019
eponym,3.016
bethani,3.014
temporarili,3.012
reproduc,3.012
minion,3.012
accommod,3.010
naturalist,3.007
jo,3.007
swedish,3.007
innuendo,3.007
shameless,3.007
discomfort,3.005
game,3.004
1963,3.003
afflict,3.003
um,3.001
resound,2.999
teari,2.999
subject,2.999
elegantli,2.997
empathis,2.997
sack,2.995
pantheon,2.992
acut,2.992
personif,2.992
vocabulari,2.990
forbid,2.988
pervad,2.986
easiest,2.984
muster,2.982
nameless,2.980
escapist,2.980
nurtur,2.980
filmmak,2.979
concert,2.978
expedit,2.976
uncommon,2.976
emin,2.976
beacon,2.974
wholeheartedli,2.970
slew,2.968
dialoug,2.968
omg,2.966
unimpress,2.966
yojimbo,2.966
overweight,2.964
strikingli,2.962
nonstop,2.960
sung,2.958
78,2.958
flock,2.956
kindli,2.956
mummi,2.954
moan,2.954
sunni,2.954
imbu,2.954
sceptic,2.952
focal,2.952
brighter,2.952
1973,2.952
smirk,2.948
ram,2.948
restless,2.948
worldli,2.947
download,2.945
temporari,2.945
indescrib,2.945
unsuspect,2.945
recaptur,2.943
darken,2.939
innat,2.935
breez,2.935
29,2.935
heartstr,2.933
gruff,2.933
intimaci,2.930
32,2.928
leisur,2.926
tooth,2.926
unimport,2.926
infuri,2.924
grandson,2.923
nag,2.923
wholesom,2.921
coloss,2.921
peek,2.919
liar,2.919
templat,2.917
lens,2.915
resili,2.914
intrud,2.912
catapult,2.912
conceptu,2.908
esp,2.908
sampl,2.907
eyebrow,2.905
ratio,2.905
ounc,2.905
hmm,2.900
intensifi,2.898
solidifi,2.893
deform,2.893
behalf,2.893
radiat,2.891
agreement,2.891
outdoor,2.890
summon,2.886
clarifi,2.886
thirst,2.886
narcot,2.885
eh,2.883
rewind,2.881
88,2.880
branch,2.880
hinder,2.880
brash,2.880
dreami,2.878
gentli,2.877
refug,2.877
lane,2.875
lap,2.875
mise,2.875
enact,2.872
dot,2.872
dusti,2.872
rot,2.870
merchandis,2.869
cox,2.867
tokyo,2.867
deepen,2.867
closeup,2.865
strengthen,2.865
novelti,2.865
advoc,2.858
compuls,2.855
babe,2.853
condens,2.852
mum,2.847
ruler,2.847
simplest,2.847
headach,2.847
earliest,2.845
concoct,2.845
sock,2.845
approxim,2.845
spellbound,2.845
unveil,2.844
finess,2.842
categor,2.842
27,2.841
minimalist,2.838
irrat,2.837
nit,2.835
fluff,2.835
orchestra,2.834
grandmoth,2.834
palac,2.832
shadi,2.832
elus,2.831
turkey,2.831
obligatori,2.831
feminin,2.831
deftli,2.826
freeli,2.825
upbeat,2.823
suburb,2.823
wink,2.823
commonli,2.823
tangibl,2.819
sprinkl,2.816
whini,2.816
00,2.815
ingmar,2.814
tin,2.812
underdevelop,2.812
boyl,2.809
extravag,2.808
palm,2.807
nearest,2.805
irresist,2.804
imper,2.804
drawback,2.803
splatter,2.798
allus,2.797
snappi,2.797
interfer,2.796
earnest,2.796
lunch,2.793
clutch,2.792
backbon,2.790
ring,2.790
joint,2.789
youtub,2.789
desk,2.788
happier,2.788
self,2.787
pad,2.787
disillus,2.787
hai,2.783
quirk,2.783
recollect,2.783
impati,2.781
lifeless,2.780
bucket,2.779
tack,2.777
electron,2.776
instil,2.775
patron,2.775
esteem,2.775
romp,2.772
tax,2.772
ongo,2.771
invok,2.770
coast,2.770
brat,2.769
pronounc,2.769
patch,2.766
motorcycl,2.766
perpetr,2.766
hulk,2.766
roam,2.765
1920,2.765
footstep,2.764
bind,2.764
giggl,2.760
daddi,2.760
extern,2.757
ranger,2.755
newest,2.754
cann,2.752
brink,2.750
loom,2.749
introspect,2.748
eaten,2.748
manufactur,2.746
predica,2.745
tempo,2.745
immacul,2.744
fright,2.743
adversari,2.743
pervert,2.742
lace,2.739
digress,2.738
rewatch,2.738
95,2.737
heel,2.735
lake,2.732
dens,2.732
extraordinarili,2.731
dissect,2.730
candl,2.729
se,2.729
moder,2.729
exposur,2.729
incap,2.728
sniper,2.728
trim,2.725
illumin,2.725
sydney,2.725
session,2.722
stuf,2.721
scarier,2.721
singular,2.721
modern,2.720
encapsul,2.720
abound,2.720
gush,2.718
compassion,2.716
twilight,2.715
emul,2.714
abruptli,2.713
spontan,2.709
discern,2.709
denial,2.708
lisa,2.708
scatter,2.705
spectrum,2.704
smarter,2.704
wider,2.701
cite,2.699
1955,2.698
disgrac,2.696
preval,2.694
closet,2.687
yawn,2.686
contest,2.686
deceiv,2.684
reliv,2.683
bounc,2.682
cram,2.681
uncompromis,2.681
comeback,2.681
phase,2.681
lowest,2.681
spoiler,2.680
fleet,2.679
enrich,2.678
deterior,2.678
affirm,2.674
minu,2.673
poke,2.672
chip,2.672
aviat,2.672
jade,2.671
succumb,2.670
depriv,2.669
relish,2.668
domest,2.668
1986,2.668
expans,2.667
mccarthi,2.667
hater,2.665
strategi,2.665
unintent,2.663
bubbl,2.663
disciplin,2.662
advers,2.662
puls,2.658
pierr,2.657
ie,2.656
orphan,2.655
inclin,2.655
eagerli,2.655
lousi,2.652
smallest,2.652
slam,2.651
pepper,2.651
misunderstood,2.649
chart,2.648
mindset,2.646
melancholi,2.645
neatli,2.645
acid,2.645
butcher,2.644
ash,2.644
occup,2.644
esqu,2.643
overpow,2.642
renown,2.642
pin,2.641
gender,2.641
beethoven,2.640
file,2.639
sigh,2.638
flood,2.635
steer,2.635
retrospect,2.634
pioneer,2.633
seduc,2.633
lurk,2.631
fabl,2.631
sadden,2.631
attain,2.630
underwhelm,2.629
equat,2.628
28,2.628
divis,2.628
acquaint,2.628
murder,2.626
lure,2.625
75,2.624
empath,2.623
sooner,2.623
evoc,2.623
porn,2.619
nitpick,2.619
unconsci,2.617
vanish,2.616
reliev,2.616
clariti,2.615
500,2.614
eighti,2.614
abrupt,2.614
enterpris,2.614
kitchen,2.613
el,2.611
rapid,2.609
criticis,2.608
mini,2.608
anytim,2.608
inch,2.607
delus,2.606
disc,2.605
unsur,2.604
secretli,2.602
tea,2.601
shortcom,2.599
avid,2.599
21,2.596
miracul,2.595
luxuri,2.594
fabric,2.593
turmoil,2.593
catchi,2.591
convert,2.590
crumbl,2.588
drastic,2.585
slide,2.585
resent,2.585
cartoonish,2.583
profoundli,2.582
jewel,2.580
underton,2.579
len,2.578
cycl,2.577
outlin,2.576
spain,2.576
banal,2.575
facet,2.575
seventi,2.572
dash,2.572
darkli,2.570
melt,2.570
provoc,2.569
drove,2.568
grief,2.566
shelter,2.566
hostil,2.564
eleven,2.564
bronson,2.561
perpetu,2.560
dump,2.560
spade,2.560
recogniz,2.559
idealist,2.558
cue,2.558
23,2.557
whisper,2.554
strictli,2.554
awhil,2.554
seamless,2.552
overus,2.551
hello,2.550
harden,2.550
updat,2.548
optimist,2.547
norm,2.547
articl,2.547
incarn,2.547
1982,2.546
stiff,2.546
comedian,2.544
holiday,2.544
bedroom,2.544
degener,2.543
momentum,2.543
vulgar,2.542
manifest,2.541
enlist,2.541
humili,2.541
vastli,2.541
traumat,2.540
northwest,2.540
prey,2.538
foremost,2.538
narrow,2.538
funnier,2.535
senseless,2.531
appal,2.530
geek,2.530
royal,2.530
scariest,2.528
breakthrough,2.527
mia,2.527
conspiraci,2.527
19,2.524
drift,2.523
thrust,2.521
ww2,2.520
instrument,2.520
pig,2.520
hitch,2.520
fragil,2.517
roof,2.517
past,2.517
upcom,2.515
obtain,2.508
feast,2.508
chronicl,2.505
deem,2.504
sacrif,2.504
99,2.502
gasp,2.502
afford,2.500
dive,2.499
mcqueen,2.499
archetyp,2.499
burden,2.498
restrain,2.494
insecur,2.493
honour,2.492
stroke,2.492
saturday,2.491
agenda,2.489
lip,2.489
glow,2.489
saniti,2.488
mundan,2.488
toe,2.487
battl,2.485
fierc,2.484
meat,2.484
aris,2.482
virtu,2.480
likewis,2.480
plight,2.479
behaviour,2.479
host,2.477
visionari,2.476
woo,2.474
en,2.473
heighten,2.472
websit,2.471
signatur,2.470
ideolog,2.468
poetri,2.468
effortlessli,2.466
underneath,2.464
equival,2.463
omin,2.463
acquir,2.462
forgett,2.459
hack,2.458
ludicr,2.458
partial,2.457
2007,2.456
gadget,2.453
hungri,2.452
tap,2.450
nake,2.450
implic,2.450
poison,2.450
firmli,2.448
rant,2.448
vibrant,2.448
diamond,2.445
bathroom,2.444
button,2.444
clip,2.444
pseudo,2.442
threw,2.440
2006,2.439
creep,2.439
crown,2.438
uk,2.436
elimin,2.435
accuraci,2.434
handsom,2.434
spring,2.433
boast,2.432
habit,2.431
underworld,2.431
grotesqu,2.431
passag,2.430
superman,2.428
durat,2.426
gray,2.426
compromis,2.424
conquer,2.424
wreck,2.424
unreal,2.423
rivalri,2.422
photo,2.422
contradict,2.420
infinit,2.420
impos,2.419
econom,2.418
obstacl,2.416
shore,2.415
sorrow,2.414
insert,2.411
teeth,2.411
gripe,2.410
lastli,2.410
despis,2.409
elli,2.409
labyrinth,2.409
critiqu,2.408
swallow,2.408
notori,2.408
tonight,2.407
preserv,2.407
dont,2.407
uncov,2.405
transfer,2.404
crystal,2.402
wheel,2.401
proport,2.400
thick,2.399
slapstick,2.398
shell,2.393
themat,2.391
comprehend,2.391
urban,2.389
fuel,2.388
fifteen,2.387
internet,2.386
nuditi,2.385
calcul,2.384
exit,2.384
hong,2.383
ingredi,2.382
tape,2.381
cake,2.381
behold,2.381
liberti,2.380
eleg,2.380
fed,2.379
rightli,2.378
gay,2.377
luckili,2.376
gap,2.376
versu,2.373
fifti,2.372
cave,2.372
myth,2.372
paus,2.370
2003,2.369
favour,2.368
print,2.366
contempl,2.365
tip,2.362
analysi,2.361
strip,2.360
clock,2.360
network,2.359
retain,2.357
patienc,2.357
shakespear,2.356
melodrama,2.356
scratch,2.353
primari,2.353
proceed,2.352
empathi,2.351
dilemma,2.350
ensu,2.350
im,2.349
pale,2.348
neck,2.347
harrow,2.346
valuabl,2.346
sunset,2.345
ventur,2.345
worthwhil,2.344
leap,2.343
www,2.342
resort,2.341
farmer,2.340
literatur,2.339
centr,2.338
nest,2.337
secondli,2.337
toler,2.337
reluct,2.334
men,2.333
alright,2.332
adopt,2.331
intimid,2.330
wash,2.329
verdict,2.329
slick,2.328
profit,2.328
per,2.327
legaci,2.324
farm,2.323
mixtur,2.323
occupi,2.321
delv,2.321
needless,2.320
exhaust,2.320
viscer,2.317
vari,2.316
1984,2.316
rubbish,2.316
brook,2.316
announc,2.314
psych,2.312
vital,2.312
closest,2.310
carl,2.310
weekend,2.309
linger,2.308
pump,2.308
text,2.307
ancient,2.306
packag,2.306
pile,2.305
nerv,2.305
trade,2.304
glorifi,2.303
financi,2.302
oz,2.299
solut,2.297
sympath,2.296
principl,2.294
segment,2.293
crisi,2.293
divers,2.293
ocean,2.292
resolv,2.291
downright,2.291
judgment,2.291
landmark,2.290
via,2.290
exercis,2.288
format,2.288
eras,2.287
testament,2.284
plausibl,2.283
sink,2.281
patriot,2.278
em,2.278
exquisit,2.277
pursuit,2.277
confin,2.275
float,2.274
suprem,2.272
premier,2.272
makeup,2.272
charisma,2.270
spare,2.269
emphas,2.269
eccentr,2.266
sublim,2.265
screw,2.265
45,2.265
rose,2.263
superfici,2.260
dinner,2.260
brian,2.259
crush,2.259
eas,2.251
prime,2.251
pro,2.249
owe,2.248
silver,2.248
collabor,2.248
pitch,2.248
1994,2.247
17,2.246
snow,2.245
leagu,2.242
tribut,2.242
function,2.240
furi,2.240
stumbl,2.239
hesit,2.237
shall,2.237
court,2.237
selfish,2.237
laid,2.237
fatal,2.236
outrag,2.236
pari,2.236
program,2.235
stole,2.233
jar,2.232
min,2.229
kong,2.228
tour,2.225
bang,2.225
aspir,2.225
sun,2.224
cell,2.224
lesser,2.223
2000,2.223
divid,2.222
infam,2.221
bergman,2.220
lazi,2.218
easier,2.217
compliment,2.216
consum,2.214
beg,2.213
borrow,2.212
cash,2.211
wallac,2.210
restor,2.208
zero,2.208
indian,2.206
gori,2.206
offici,2.205
reader,2.203
albeit,2.202
prize,2.202
brand,2.199
sold,2.198
expand,2.198
watchabl,2.195
explod,2.192
descript,2.191
awkward,2.190
impecc,2.188
expert,2.188
basi,2.187
multi,2.185
bold,2.185
uncomfort,2.182
showcas,2.182
card,2.182
bob,2.182
dragon,2.182
portrait,2.179
witch,2.178
holi,2.178
research,2.177
forgot,2.175
spoken,2.174
expens,2.174
ran,2.172
indic,2.169
eeri,2.167
con,2.165
proof,2.162
spin,2.161
burton,2.157
sinist,2.157
kurosawa,2.156
pursu,2.155
contriv,2.154
unpredict,2.153
liner,2.153
buddi,2.152
mankind,2.151
funniest,2.150
height,2.149
wilder,2.148
bleak,2.148
1999,2.148
invest,2.147
increas,2.147
thirti,2.146
wherea,2.144
fourth,2.143
ironi,2.142
ton,2.141
scheme,2.140
distanc,2.137
christma,2.136
illustr,2.136
finger,2.135
religion,2.132
season,2.132
van,2.131
contemporari,2.129
samurai,2.128
hatr,2.128
serial,2.127
merit,2.125
1980,2.124
guarante,2.123
skin,2.123
appli,2.123
rave,2.122
feet,2.119
mainstream,2.113
sole,2.113
threat,2.113
garbag,2.109
heat,2.106
tune,2.105
conclud,2.104
buff,2.104
argument,2.101
elev,2.101
sadist,2.101
stare,2.099
franc,2.097
warrior,2.095
grasp,2.094
prior,2.092
wwii,2.092
paper,2.089
emperor,2.089
split,2.088
dedic,2.088
photograph,2.087
shift,2.087
transit,2.086
oppos,2.084
somebodi,2.079
stood,2.078
bound,2.078
frequent,2.076
phone,2.076
meanwhil,2.075
superbl,2.075
nowaday,2.074
trash,2.073
engross,2.071
bed,2.069
mirror,2.068
consider,2.068
poorli,2.067
heavili,2.067
everywher,2.065
cloth,2.065
regular,2.062
weight,2.062
measur,2.061
necessarili,2.061
thin,2.059
previous,2.058
independ,2.057
absorb,2.056
associ,2.054
blind,2.054
nick,2.052
patient,2.050
redeem,2.049
kidnap,2.048
resembl,2.047
screenwrit,2.046
metal,2.045
danni,2.044
etern,2.043
titan,2.042
treatment,2.040
fulfil,2.039
exact,2.038
educ,2.036
convent,2.035
mari,2.034
disagre,2.031
oper,2.030
devic,2.028
failur,2.028
amazingli,2.027
badli,2.025
degre,2.025
model,2.024
threaten,2.022
fabul,2.021
lifetim,2.021
hat,2.021
knock,2.021
blame,2.020
13,2.020
harsh,2.019
innov,2.015
nail,2.013
chapter,2.011
enhanc,2.011
imageri,2.009
report,2.009
remov,2.009
charl,2.007
steve,2.006
virtual,2.005
neo,2.005
news,2.004
cost,2.003
extent,2.002
load,2.002
lock,1.995
ed,1.994
media,1.992
confid,1.987
river,1.983
excess,1.983
awaken,1.982
relief,1.982
demonstr,1.981
hey,1.975
dimension,1.969
teacher,1.969
nevertheless,1.967
addict,1.962
goal,1.960
gold,1.954
correct,1.953
categori,1.950
justifi,1.949
flat,1.936
depend,1.931
philosoph,1.927
trap,1.927
broken,1.925
desert,1.925
clean,1.923
stuck,1.923
saga,1.923
explan,1.922
rape,1.913
sourc,1.913
hot,1.911
angel,1.909
risk,1.909
unnecessari,1.903
attitud,1.902
greater,1.900
page,1.900
domin,1.898
witti,1.898
abus,1.898
construct,1.894
amus,1.892
higher,1.889
courag,1.887
40,1.883
billi,1.880
sell,1.880
nation,1.879
winner,1.877
phenomen,1.877
layer,1.875
girlfriend,1.873
jaw,1.872
anger,1.868
onto,1.864
parti,1.863
speech,1.863
thrown,1.861
ugli,1.859
destruct,1.858
capabl,1.855
termin,1.854
fault,1.851
logic,1.850
burn,1.847
bloodi,1.845
photographi,1.841
refus,1.839
manipul,1.836
wear,1.836
crap,1.836
confront,1.830
realis,1.824
root,1.821
park,1.821
separ,1.819
ship,1.817
complic,1.817
held,1.814
c,1.813
flashback,1.811
author,1.810
mile,1.809
led,1.808
fair,1.805
accent,1.804
instal,1.801
terrifi,1.798
nobodi,1.790
bar,1.789
steven,1.789
technolog,1.786
dollar,1.780
stephen,1.778
mission,1.772
freedom,1.771
tower,1.771
teenag,1.770
former,1.768
wrote,1.767
overr,1.766
accomplish,1.766
french,1.765
techniqu,1.763
trick,1.763
sent,1.753
l,1.748
quot,1.747
faith,1.747
convers,1.743
neg,1.743
explos,1.740
anti,1.740
stick,1.740
r,1.737
suit,1.732
angl,1.731
passion,1.727
progress,1.721
necessari,1.721
suspect,1.714
paul,1.712
b,1.711
studi,1.710
empir,1.710
budget,1.707
desper,1.706
lee,1.703
drag,1.692
rank,1.678
hitchcock,1.669
graphic,1.661
challeng,1.661
histor,1.661
grip,1.661
low,1.660
throw,1.658
narrat,1.657
psycholog,1.656
crimin,1.628
motion,1.628
episod,1.622
women,1.604
worthi,1.603
scienc,1.575
poor,1.556
clever,1.554
alien,1.553
christian,1.531
eventu,1.519
polic,1.517
destroy,1.497
sci,1.489
fi,1.489
wit,1.485
hell,1.473
gone,1.433
peter,1.422
novel,1.422
sequel,1.387
trilog,1.310
award,1.289
camera,1.208
twist,1.201
cinematographi,1.147
oscar,1.006
