algerian,1381.554
french,1062.617
algier,867.886
pontecorvo,586.647
algeria,553.125
fln,441.613
battl,314.350
independ,302.365
side,276.612
terrorist,268.380
documentari,252.069
bomb,251.727
gillo,241.984
mathieu,238.456
war,223.558
ali,214.814
coloni,195.332
their,194.117
terror,175.576
film,170.662
peopl,167.918
revolut,166.245
colon,160.591
tortur,158.605
casbah,153.169
franc,150.972
nation,146.564
rebel,145.255
against,143.687
freedom,143.445
iraq,132.769
paratroop,131.502
both,124.356
use,122.767
resist,122.270
militari,121.632
civilian,120.172
colonel,118.485
countri,117.493
liber,115.759
occup,113.674
event,111.665
polit,111.023
depict,110.788
la,109.727
struggl,109.598
as,109.584
muslim,108.829
women,107.440
are,106.788
by,106.411
they,106.199
tactic,105.025
footag,103.915
yacef,101.277
point,100.527
or,99.085
conflict,99.019
violenc,98.028
arab,97.129
show,96.705
saadi,96.662
leader,95.284
were,95.018
power,94.157
an,93.420
wa,93.287
we,92.373
histori,91.214
innoc,90.795
which,89.508
realist,88.632
1962,88.393
occupi,88.212
fight,87.048
guerrilla,85.842
from,85.834
on,85.709
today,83.782
style,83.120
govern,82.140
kill,81.752
rebellion,81.119
how,80.487
insurg,80.369
revolutionari,78.624
s,78.366
in,78.074
group,77.086
be,76.445
nlf,75.841
not,74.573
who,74.210
real,73.622
attack,73.579
italian,73.314
after,73.075
col,72.460
upris,72.285
1954,72.222
revolt,71.428
year,71.071
even,70.977
what,70.954
realism,70.873
algeri,70.214
for,69.594
method,69.151
make,68.822
portray,68.639
no,68.625
cultur,68.479
that,68.295
view,67.941
more,67.115
scene,66.766
1966,66.618
morricon,66.138
with,65.963
about,65.776
brutal,65.480
director,65.355
unbias,65.090
can,65.066
mani,64.735
you,64.727
made,64.655
between,64.278
own,64.029
right,63.663
there,63.629
battaglia,63.408
one,63.160
histor,63.130
place,63.010
though,62.660
pentagon,62.340
street,61.913
us,61.828
oppress,61.789
rule,61.754
so,61.742
at,61.229
nativ,61.150
viewer,60.736
when,60.482
shot,60.353
feel,60.304
caus,60.204
human,60.177
see,59.827
most,59.090
should,58.942
ani,58.547
understand,58.525
take,58.325
forc,58.049
becaus,58.036
other,57.989
neutral,57.879
movement,57.669
american,57.540
european,57.536
where,57.303
watch,57.194
ennio,56.912
islam,56.897
veri,56.625
way,56.388
front,55.876
white,55.833
relev,55.492
some,55.411
happen,55.098
non,54.826
armi,54.229
doe,53.838
neither,53.810
world,53.677
while,53.661
dure,53.600
had,53.332
profession,52.626
movi,52.404
amp,52.391
those,52.294
seem,52.022
warfar,51.431
our,51.009
do,50.800
up,50.655
soldier,50.477
into,50.362
then,50.275
like,50.044
have,49.916
these,49.723
situat,49.568
state,49.509
look,49.245
of,49.180
to,49.168
them,49.154
themselv,49.145
will,48.968
plant,48.903
act,48.686
polic,48.559
through,48.334
black,48.245
live,48.216
would,48.124
account,48.113
import,48.092
bia,47.914
jean,47.816
fighter,47.714
order,47.700
i,47.440
audienc,47.260
but,47.105
counter,47.076
fact,47.059
been,46.916
justifi,46.776
without,46.742
t,46.674
anoth,46.545
perspect,46.510
ha,46.487
shown,46.401
also,46.337
colonist,46.289
current,46.227
guerilla,45.961
actual,45.917
onli,45.826
propaganda,45.778
hand,45.752
well,45.704
if,45.326
end,45.310
he,44.964
face,44.858
insurrect,44.858
shoot,44.835
form,44.817
children,44.741
out,44.616
locat,44.543
foreign,44.511
hi,44.415
citi,44.372
than,44.193
1957,44.137
time,43.978
must,43.860
get,43.795
root,43.705
under,43.611
popul,43.527
action,43.425
colonialist,43.391
command,43.387
begin,43.299
is,43.139
attempt,43.106
present,43.087
commit,43.062
actor,43.048
citizen,42.457
all,42.423
stage,42.416
martin,42.350
emot,42.289
give,42.144
learn,41.387
such,41.319
organ,41.288
natur,41.222
interest,41.139
issu,40.867
strike,40.748
it,40.710
could,40.481
1950,40.409
just,40.380
quarter,40.321
newsreel,40.294
filmmak,40.222
victim,40.059
checkpoint,40.053
part,39.804
over,39.759
stori,39.751
question,39.611
think,39.609
reason,39.573
me,39.472
peac,39.460
thi,39.176
brahim,39.169
did,39.165
sympath,39.040
consid,38.942
almost,38.713
tell,38.602
afghanistan,38.355
tri,38.134
news,38.068
rather,37.997
gain,37.972
1965,37.923
retali,37.812
want,37.634
subject,37.482
civil,37.369
captur,37.280
releas,37.077
mean,37.030
hard,36.993
graini,36.790
two,36.608
escal,36.503
eye,36.481
everi,36.372
lesson,36.342
solina,36.226
neo,36.092
public,36.005
my,36.001
involv,35.880
extrem,35.727
gener,35.717
differ,35.691
whi,35.560
sens,35.333
each,35.290
although,35.273
realli,35.241
enemi,35.238
camera,35.042
befor,34.995
howev,34.766
crowd,34.729
especi,34.724
balanc,34.658
few,34.652
object,34.456
base,34.377
either,34.322
sympathi,34.243
behind,34.109
di,33.921
play,33.857
middl,33.857
charact,33.830
never,33.747
believ,33.737
start,33.622
becom,33.564
win,33.490
hero,33.440
bring,33.418
score,33.414
go,33.298
down,33.265
thing,33.175
toward,33.163
result,33.115
still,33.100
inform,33.088
seen,32.968
1960,32.742
tension,32.644
felt,32.577
nationalist,32.272
same,32.268
algierian,32.252
hide,32.233
put,32.177
major,32.153
later,32.114
much,32.012
seek,31.966
oppressor,31.958
first,31.762
work,31.722
interrog,31.683
explos,31.321
modern,31.281
gaull,31.229
day,31.161
your,31.127
doesn,31.077
good,31.043
know,31.026
respect,30.971
similar,30.893
atroc,30.874
structur,30.869
despit,30.780
influenc,30.764
suffer,30.664
true,30.590
protagonist,30.544
control,30.482
protest,30.479
oper,30.445
resort,30.429
eventu,30.385
back,30.377
carri,30.275
off,30.268
don,30.181
member,30.164
great,30.113
determin,30.112
perhap,30.082
here,30.063
cost,30.051
messag,30.020
continu,29.891
provid,29.847
screen,29.769
creat,29.626
1967,29.600
relat,29.533
move,29.487
clear,29.272
a,29.266
class,29.133
cinemat,29.091
sympathet,29.088
held,29.020
home,29.002
wrong,28.910
offic,28.874
life,28.856
matter,28.855
impress,28.772
respond,28.717
turn,28.679
130,28.672
partisan,28.613
11,28.554
ever,28.543
complet,28.509
main,28.469
guy,28.461
sometim,28.324
leav,28.323
truli,28.291
cream,28.278
entir,28.254
person,28.249
troop,28.243
might,28.222
basket,28.146
found,27.961
self,27.867
inspir,27.812
cinema,27.714
allow,27.669
authent,27.539
western,27.485
remain,27.466
bias,27.457
now,27.426
studi,27.367
thought,27.338
masterpiec,27.317
occur,27.231
ideolog,27.149
author,27.148
led,27.119
experi,26.989
close,26.972
say,26.780
recreat,26.709
produc,26.657
recent,26.640
follow,26.627
local,26.610
riot,26.599
took,26.530
unit,26.512
repress,26.464
itself,26.438
gatti,26.420
focus,26.364
imag,26.364
approach,26.348
explain,26.212
death,26.180
littl,26.178
better,26.064
defeat,25.913
realiz,25.890
moment,25.738
everyon,25.722
help,25.617
die,25.578
often,25.572
word,25.570
effect,25.551
goal,25.485
three,25.388
come,25.315
east,25.233
man,25.202
belief,25.149
document,25.070
and,25.064
particular,25.063
uniqu,25.039
yet,25.035
achiev,25.027
open,24.966
may,24.881
crush,24.846
truth,24.768
realiti,24.756
exampl,24.737
noth,24.724
am,24.702
direct,24.697
leadership,24.686
again,24.668
haunt,24.626
best,24.622
coup,24.447
violent,24.438
brought,24.433
de,24.408
anti,24.357
land,24.352
fought,24.335
knowledg,24.333
bloodsh,24.300
need,24.266
left,24.234
compar,24.193
hundr,24.174
opinion,24.172
instead,24.131
narr,24.086
complex,23.976
set,23.934
amaz,23.914
urban,23.894
ban,23.844
demonstr,23.775
plan,23.773
music,23.768
definit,23.669
display,23.644
anyon,23.594
moral,23.590
won,23.533
djafar,23.521
enjoy,23.515
answer,23.419
upon,23.389
statement,23.370
men,23.333
stark,23.305
motiv,23.296
nor,23.265
bar,23.261
period,23.240
saw,23.232
stand,23.229
himself,23.159
caf,23.158
sinc,23.116
massu,23.037
kasbah,23.037
whole,22.972
everyth,22.914
blow,22.880
re,22.821
iraqi,22.807
radic,22.806
centuri,22.792
focu,22.738
neorealist,22.727
choos,22.701
mostli,22.698
equal,22.652
alger,22.641
irak,22.641
area,22.591
deal,22.591
beauti,22.515
until,22.507
destroy,22.454
someth,22.450
alway,22.379
justif,22.366
find,22.312
sequenc,22.274
cell,22.239
gun,22.238
difficult,22.169
among,22.167
bloodi,22.140
remark,22.060
free,22.057
chang,22.012
sure,21.955
pictur,21.954
him,21.945
done,21.921
press,21.921
disclaim,21.892
earli,21.876
appear,21.838
intens,21.810
name,21.792
long,21.783
econom,21.764
taken,21.736
mind,21.732
danc,21.672
individu,21.642
60,21.605
ice,21.553
decid,21.537
gavra,21.532
kind,21.487
less,21.445
keep,21.418
clearli,21.414
ben,21.286
join,21.274
ago,21.260
africa,21.194
light,21.170
obviou,21.110
racial,21.109
raid,21.081
talk,20.986
includ,20.945
bomber,20.817
simpli,20.807
bad,20.803
america,20.766
abl,20.729
passion,20.727
critic,20.711
term,20.702
new,20.634
societi,20.617
featur,20.607
communist,20.579
assassin,20.574
criterion,20.573
last,20.572
decis,20.549
prison,20.530
edit,20.513
thu,20.491
activ,20.477
bush,20.459
marxist,20.420
initi,20.411
success,20.385
lead,20.381
boy,20.351
add,20.351
overal,20.347
raw,20.343
support,20.340
marcello,20.324
accept,20.279
final,20.266
remind,20.258
build,20.243
franco,20.159
fiction,20.090
parallel,20.084
recommend,20.073
casualti,20.047
given,20.020
shout,20.009
u,19.999
easi,19.992
accur,19.986
victori,19.986
effort,19.972
disturb,19.869
aspect,19.854
offici,19.845
sound,19.836
9,19.800
extremist,19.786
panther,19.761
reson,19.741
matthieu,19.723
quit,19.657
regard,19.593
late,19.592
presid,19.541
cast,19.501
cinematographi,19.495
idea,19.351
art,19.348
hous,19.344
enough,19.339
suppress,19.293
whilst,19.245
illustr,19.220
told,19.214
weapon,19.190
mass,19.152
theme,19.140
charg,19.121
call,19.114
product,19.089
run,19.085
stanc,19.078
care,18.965
mobil,18.961
necessari,18.935
too,18.916
old,18.882
high,18.881
recruit,18.863
oa,18.817
haggiag,18.817
empir,18.807
variou,18.804
execut,18.754
visual,18.713
isra,18.691
possibl,18.675
employ,18.674
strategi,18.654
destruct,18.578
measur,18.550
away,18.545
restaur,18.542
lost,18.515
d,18.511
lot,18.491
throughout,18.450
futur,18.442
kader,18.430
certain,18.330
whether,18.322
particip,18.288
becam,18.274
venic,18.235
docudrama,18.218
neoreal,18.218
probabl,18.192
usual,18.163
piec,18.057
fair,18.053
brilliant,18.046
obvious,18.044
awar,18.042
ideal,18.038
commun,18.032
therefor,18.009
un,17.968
process,17.957
vietnam,17.953
nobodi,17.902
petti,17.875
underdog,17.827
subtitl,17.818
mayb,17.787
languag,17.748
viewpoint,17.718
extra,17.704
evil,17.684
outsid,17.682
comment,17.667
accomplish,17.660
techniqu,17.634
job,17.604
iron,17.603
particularli,17.536
head,17.509
purpos,17.467
strong,17.462
regim,17.454
portrait,17.434
impact,17.431
onc,17.420
except,17.416
secular,17.401
septemb,17.399
describ,17.385
aris,17.376
stop,17.312
demand,17.311
airport,17.299
notion,17.203
convinc,17.158
cri,17.128
around,17.124
connect,17.085
discuss,17.077
murder,17.070
religion,17.054
valu,17.041
contemporari,17.035
tradit,17.030
decad,17.028
costa,17.016
conclus,17.011
univers,17.003
hold,16.981
conquer,16.967
40,16.948
nomin,16.911
000,16.908
soon,16.906
bodi,16.883
milit,16.834
excit,16.794
element,16.788
israel,16.785
parti,16.765
went,16.719
type,16.694
oppos,16.669
isn,16.654
cut,16.643
imparti,16.643
fairli,16.631
ident,16.628
admir,16.603
loss,16.602
ask,16.596
affect,16.573
ultim,16.557
the,16.529
coupl,16.518
illiter,16.510
ll,16.473
hideout,16.468
lack,16.439
schlinder,16.409
develop,16.396
appreci,16.379
posit,16.377
test,16.341
wit,16.340
credit,16.318
religi,16.304
jafar,16.304
savag,16.294
educ,16.289
whose,16.286
favorit,16.276
m,16.267
rossellini,16.204
topic,16.193
suicid,16.184
glorifi,16.120
report,16.072
far,16.050
hangout,16.021
surrend,16.001
intern,15.935
zilgit,15.919
incred,15.902
write,15.901
pure,15.862
engag,15.813
along,15.741
bystand,15.740
strength,15.705
dub,15.667
foolish,15.629
correct,15.626
maintain,15.577
pride,15.567
notabl,15.509
familiar,15.507
settler,15.500
imperi,15.492
wonder,15.488
lie,15.487
mistak,15.485
compass,15.483
cannot,15.454
four,15.383
consequ,15.377
hate,15.354
avoid,15.343
bit,15.304
inde,15.257
cooper,15.228
draw,15.202
frame,15.165
respons,15.147
expect,15.126
said,15.123
aftermath,15.122
rank,15.106
insight,15.103
past,15.101
louder,15.082
combin,15.076
systemat,15.059
compos,15.053
singl,15.052
invad,15.030
increas,15.030
case,15.025
manner,15.006
outcom,14.998
short,14.998
sneak,14.989
era,14.983
cover,14.955
commiss,14.952
ve,14.937
le,14.921
read,14.918
concern,14.908
repres,14.903
choic,14.867
palestinian,14.861
center,14.821
coffe,14.820
insid,14.814
dramat,14.806
justic,14.785
qualiti,14.772
certainli,14.733
politician,14.731
photographi,14.724
detail,14.699
opposit,14.693
interview,14.682
excel,14.676
path,14.664
nazi,14.657
crimin,14.655
policemen,14.640
full,14.626
ration,14.602
section,14.580
apart,14.572
impos,14.512
let,14.509
hadjadj,14.488
bigeard,14.488
hadi,14.488
hidi,14.488
heroic,14.405
further,14.390
target,14.383
quell,14.361
deepli,14.322
lose,14.308
villain,14.295
liberti,14.280
came,14.258
small,14.242
couldn,14.223
digniti,14.219
exploit,14.212
classic,14.200
spike,14.168
astound,14.168
teenag,14.162
provok,14.159
bunuel,14.142
former,14.141
alreadi,14.124
jaffar,14.113
rise,14.074
due,14.067
stone,14.034
drama,14.029
serv,14.022
air,14.004
favor,13.999
util,13.997
titl,13.976
manag,13.967
abil,13.965
anyth,13.965
book,13.946
honesti,13.944
hope,13.910
desir,13.899
forward,13.886
context,13.879
capit,13.877
receiv,13.869
greatest,13.855
intellectu,13.853
mention,13.835
femal,13.831
woman,13.824
label,13.784
pain,13.775
celebr,13.770
background,13.756
circumst,13.753
claim,13.749
repeat,13.731
wasn,13.725
suspect,13.712
level,13.710
least,13.698
dvd,13.676
club,13.628
edg,13.628
observ,13.616
dress,13.614
10,13.604
caught,13.600
worth,13.598
reflect,13.598
wider,13.505
none,13.503
sad,13.496
ignor,13.477
cours,13.435
easili,13.404
agre,13.404
waterboard,13.384
save,13.358
horribl,13.356
timeless,13.354
gritti,13.348
potent,13.295
line,13.288
train,13.284
across,13.283
lion,13.280
offer,13.251
alistair,13.210
courag,13.209
instanc,13.193
tend,13.165
explod,13.152
attain,13.148
fellow,13.123
empath,13.117
microphon,13.092
global,13.085
anger,13.074
islamist,13.056
el,13.054
onto,13.045
perfect,13.019
ugli,13.015
infiltr,13.007
signific,12.971
1956,12.953
wave,12.921
specif,12.908
interestingli,12.894
cycl,12.886
address,12.881
refus,12.872
problem,12.863
lay,12.838
tragedi,12.829
note,12.807
mainli,12.794
examin,12.790
number,12.781
unlik,12.764
seemingli,12.718
futil,12.711
liter,12.690
unfold,12.657
aren,12.634
child,12.629
guilti,12.600
sever,12.586
road,12.573
role,12.565
wwii,12.549
itali,12.545
random,12.543
figur,12.540
chronicl,12.525
tragic,12.509
prevent,12.496
defend,12.492
drive,12.490
directli,12.489
sang,12.487
beat,12.472
effici,12.447
law,12.443
protect,12.438
mission,12.403
heavili,12.402
plight,12.395
cloth,12.392
unforgett,12.389
reel,12.350
absorb,12.337
sort,12.329
aim,12.317
grand,12.312
guillotin,12.307
militarili,12.307
metaphor,12.302
chill,12.295
entertain,12.289
resembl,12.285
send,12.277
50,12.263
festiv,12.257
pertin,12.253
maker,12.225
elimin,12.177
behavior,12.177
heard,12.171
heart,12.153
born,12.147
harsh,12.113
dirti,12.107
memor,12.105
forth,12.069
voic,12.051
ruthless,12.046
unintellig,12.039
forget,12.033
pass,12.019
slaughter,12.016
verit,12.013
togeth,11.993
desper,11.940
sacrific,11.930
half,11.926
her,11.924
essenti,11.918
resid,11.905
semi,11.895
someon,11.891
fifti,11.859
forti,11.859
genuin,11.848
2003,11.847
post,11.842
surround,11.831
unfortun,11.829
print,11.829
enlighten,11.814
ethic,11.812
tip,11.809
memori,11.773
veteran,11.767
empathi,11.753
strongli,11.745
disguis,11.737
search,11.733
social,11.733
understood,11.673
goe,11.670
requir,11.642
hollywood,11.637
honest,11.636
energi,11.614
narrat,11.601
rare,11.591
dissolv,11.566
dictat,11.558
broken,11.550
greengrass,11.546
horn,11.539
tank,11.534
highli,11.523
quickli,11.522
trade,11.519
young,11.517
harder,11.517
got,11.489
everybodi,11.476
fieri,11.474
rememb,11.470
contribut,11.448
forgotten,11.369
surpris,11.359
stir,11.331
whatev,11.326
stun,11.320
applic,11.305
shop,11.293
shi,11.288
arm,11.286
speak,11.285
exist,11.279
intellig,11.266
winner,11.262
wall,11.256
legion,11.254
cold,11.249
alon,11.199
sentiment,11.186
within,11.181
surprisingli,11.177
thrown,11.166
march,11.129
stay,11.123
logic,11.098
treat,11.068
perpetr,11.064
ye,11.048
imposs,11.033
vivid,11.028
prove,11.020
reaction,11.009
didn,11.000
etc,10.985
suggest,10.978
occurr,10.962
docu,10.959
written,10.946
scale,10.936
organis,10.915
break,10.913
reach,10.913
uncomfort,10.912
extraordinari,10.912
fine,10.905
second,10.903
opportun,10.902
incid,10.874
5,10.860
polici,10.857
oliv,10.837
governor,10.830
contrast,10.804
experienc,10.802
special,10.797
gorilla,10.796
nationwid,10.796
basic,10.795
amount,10.794
region,10.774
convey,10.771
sophist,10.738
british,10.733
foot,10.729
mainland,10.722
ironi,10.710
pedro,10.698
grow,10.675
larg,10.674
deserv,10.670
horrifi,10.647
ethnic,10.636
skin,10.614
jafer,10.613
pontecervo,10.613
mhidi,10.613
yassef,10.613
faln,10.613
novemb,10.613
script,10.610
militarist,10.606
wrote,10.604
mainstream,10.565
abolish,10.563
plot,10.561
promis,10.560
debat,10.554
larger,10.538
wide,10.527
practic,10.520
buff,10.518
horrif,10.517
contain,10.515
stock,10.511
prophet,10.504
mid,10.495
hardli,10.469
express,10.464
immediaci,10.460
champagn,10.460
benefit,10.444
atmospher,10.434
villag,10.401
necess,10.392
frequent,10.382
n,10.369
besid,10.364
list,10.345
chief,10.332
mother,10.320
tough,10.311
integr,10.305
reveal,10.300
length,10.287
ghetto,10.286
controversi,10.282
dispassion,10.277
nice,10.258
indiscrimin,10.243
abandon,10.217
symbol,10.204
solv,10.202
price,10.198
flag,10.181
whom,10.180
unrest,10.162
perfectli,10.159
slowli,10.143
top,10.138
degre,10.124
greatli,10.114
fire,10.100
chao,10.097
3,10.053
imageri,10.045
sixti,10.025
otherwis,10.021
mood,10.016
mattheiu,10.011
burqa,10.011
pontecorovo,10.011
pontocorvo,10.011
lapoint,10.011
intifada,10.011
total,9.998
immedi,9.995
pretti,9.992
golden,9.973
strife,9.972
media,9.959
coda,9.959
agenda,9.958
popular,9.950
throw,9.945
god,9.941
earlier,9.940
simpl,9.936
rhythmic,9.932
caucasian,9.932
south,9.908
reveng,9.896
bloodiest,9.893
soundtrack,9.870
100,9.862
midst,9.845
coin,9.840
hour,9.829
hair,9.827
rational,9.819
possess,9.806
tens,9.805
latter,9.781
thriller,9.768
clash,9.765
egypt,9.760
2006,9.758
pull,9.758
betray,9.739
shock,9.734
fail,9.730
tale,9.724
fall,9.713
gray,9.702
inher,9.700
bear,9.693
mob,9.693
2004,9.688
troubl,9.683
writer,9.669
sight,9.669
baumer,9.658
queimada,9.658
national,9.658
30,9.637
swallow,9.630
preserv,9.628
inhuman,9.626
unknown,9.593
dawn,9.581
hustler,9.577
quiet,9.577
soul,9.577
standard,9.574
brilliantli,9.571
fascin,9.568
collater,9.567
populac,9.557
argu,9.550
declar,9.547
player,9.545
conquest,9.538
spiral,9.532
activist,9.528
attitud,9.512
began,9.496
versu,9.491
screenplay,9.484
condon,9.444
option,9.436
unfair,9.424
typic,9.416
terribl,9.414
1830,9.409
ayr,9.409
nair,9.409
big,9.393
fear,9.392
harrow,9.384
spoiler,9.380
phenomena,9.374
shatter,9.357
unjust,9.348
caricatur,9.344
myself,9.328
devil,9.327
teach,9.326
injustic,9.322
african,9.291
newspap,9.284
needless,9.282
concept,9.275
viscer,9.269
eat,9.264
difficulti,9.262
announc,9.255
thug,9.248
bilater,9.215
gendarm,9.215
ulul,9.215
pose,9.201
manipul,9.181
review,9.177
resourc,9.176
pertain,9.175
school,9.171
resolv,9.166
viciou,9.159
rel,9.153
confront,9.148
bella,9.146
montag,9.144
color,9.131
seat,9.131
multipl,9.128
patriot,9.113
superior,9.107
somewhat,9.106
spi,9.100
destini,9.097
afraid,9.095
emphas,9.076
paisan,9.056
lick,9.056
intend,9.049
blast,9.036
dictatorship,9.022
co,9.017
cleverli,9.005
deliv,9.000
blown,8.997
collabor,8.990
impli,8.984
epic,8.970
pay,8.964
function,8.960
outrag,8.945
technolog,8.929
influenti,8.925
omelet,8.923
unwinn,8.923
content,8.899
channel,8.891
establish,8.890
viet,8.886
chant,8.886
next,8.884
strateg,8.874
famili,8.855
exchang,8.850
she,8.841
restor,8.834
wise,8.827
1969,8.817
stronger,8.813
hunt,8.807
charismat,8.803
react,8.801
heavi,8.800
lean,8.791
pace,8.787
devast,8.784
nasti,8.780
duti,8.766
pick,8.764
latin,8.762
basi,8.748
bold,8.739
arrest,8.737
showcas,8.730
fresh,8.720
convers,8.716
transport,8.716
indict,8.710
research,8.709
outstand,8.708
gino,8.704
mira,8.704
annex,8.704
imdb,8.684
damag,8.668
abov,8.663
angl,8.655
guid,8.655
month,8.645
cinematograph,8.642
struck,8.633
antagonist,8.632
flaw,8.623
interven,8.615
near,8.615
rampantli,8.613
progress,8.607
star,8.606
bleak,8.592
z,8.587
explicitli,8.582
sieg,8.582
wartim,8.578
warn,8.575
ton,8.563
captiv,8.563
urgenc,8.545
ground,8.543
race,8.542
dynamit,8.541
advantag,8.530
paramilitari,8.530
headlin,8.523
rais,8.514
rate,8.513
lee,8.513
demon,8.508
allud,8.505
beyond,8.497
appli,8.491
plenti,8.486
exactli,8.472
tool,8.471
aid,8.465
historian,8.453
sole,8.451
hall,8.447
unflinch,8.445
jail,8.440
mere,8.425
yourself,8.401
seiz,8.400
combat,8.388
revolutionist,8.385
tunisia,8.385
firebrand,8.385
indochina,8.385
retel,8.383
economi,8.371
addit,8.365
known,8.361
red,8.358
machin,8.354
knew,8.352
barbar,8.325
moslem,8.320
grip,8.303
roam,8.294
imagin,8.280
mirror,8.273
nfl,8.261
salina,8.261
recount,8.257
sit,8.251
necessarili,8.243
biggest,8.222
assess,8.218
storm,8.216
key,8.206
4,8.202
dens,8.197
countless,8.193
accompani,8.188
distinct,8.186
screenwrit,8.183
altern,8.180
undoubtedli,8.177
savior,8.173
prompt,8.163
treatment,8.159
diner,8.153
ghraib,8.152
timeli,8.152
documentarian,8.152
2,8.135
minut,8.114
amazingli,8.109
penetr,8.106
occident,8.102
introduct,8.101
ourselv,8.088
averag,8.075
inner,8.071
youth,8.063
immens,8.063
technic,8.055
magnific,8.055
team,8.052
share,8.048
fulli,8.046
lowest,8.043
compel,8.043
vision,8.029
crime,8.027
character,8.026
jackal,8.011
inflict,8.010
extent,8.007
happi,8.007
midi,7.968
policeman,7.968
confid,7.946
mindset,7.939
fund,7.928
unten,7.928
restrict,7.922
introduc,7.916
fan,7.909
million,7.894
hit,7.876
desol,7.873
lavish,7.859
roberto,7.854
apartheid,7.852
clariti,7.846
triumph,7.845
horror,7.845
decemb,7.841
inevit,7.835
astonish,7.832
refer,7.826
seri,7.824
coalit,7.817
romanian,7.817
disc,7.814
degrad,7.809
gave,7.802
attent,7.796
fabric,7.779
turmoil,7.779
absolut,7.761
five,7.753
immigr,7.749
surviv,7.743
carnag,7.739
doubt,7.718
misconstru,7.718
genr,7.712
tremend,7.710
admit,7.709
trap,7.707
field,7.698
west,7.692
explan,7.687
core,7.657
rape,7.653
frustrat,7.647
ferret,7.630
mode,7.627
haven,7.609
greater,7.602
honor,7.597
domin,7.594
distort,7.593
campaign,7.591
appal,7.591
hidden,7.590
task,7.574
sadli,7.564
higher,7.557
money,7.526
obtain,7.525
cone,7.525
falsifi,7.525
game,7.511
injur,7.498
mix,7.487
origin,7.486
militar,7.476
salvador,7.476
invas,7.472
abstract,7.466
camu,7.453
speech,7.451
marri,7.425
utterli,7.419
websit,7.412
recogn,7.410
oust,7.409
indigen,7.387
zoom,7.382
driven,7.381
illeg,7.378
startl,7.367
sartr,7.366
touch,7.365
colonis,7.346
frenchmen,7.346
wear,7.344
egg,7.343
seriou,7.332
ambul,7.326
spotti,7.326
vice,7.315
glamor,7.315
comparison,7.304
accuraci,7.301
spring,7.299
deeper,7.290
potemkin,7.287
stuff,7.280
separ,7.277
compromis,7.273
mark,7.268
green,7.262
revisit,7.256
unfavor,7.250
sorrow,7.243
abbrevi,7.232
tract,7.232
soderbergh,7.232
moor,7.231
beget,7.215
depth,7.210
preced,7.198
hear,7.173
imperialist,7.164
judg,7.164
fuel,7.163
calcul,7.152
fundament,7.149
notic,7.148
antiwar,7.132
mistaken,7.126
love,7.115
defens,7.113
intim,7.111
lew,7.101
1,7.092
minim,7.089
conscious,7.087
analysi,7.083
interpret,7.060
ii,7.059
pleas,7.045
oscar,7.042
perform,7.032
wipe,7.031
unsentiment,7.028
escap,7.028
conscienc,7.025
implac,7.014
system,7.011
usa,7.004
cring,6.996
l,6.992
collect,6.992
mentor,6.990
redon,6.974
abu,6.974
fundamentalist,6.974
taught,6.970
coolli,6.961
livelihood,6.961
incorpor,6.959
stick,6.959
wish,6.956
perceiv,6.952
compatriot,6.948
fill,6.936
closest,6.931
oil,6.924
linger,6.923
furthermor,6.918
walk,6.908
alcohol,6.902
stoke,6.898
solut,6.892
assault,6.889
storytel,6.884
costli,6.874
judgment,6.872
corrupt,6.871
via,6.869
odd,6.862
water,6.861
defin,6.854
cr,6.851
paul,6.849
echo,6.841
eisenstein,6.840
represent,6.833
nab,6.829
hymn,6.829
budget,6.827
confin,6.825
nobl,6.824
splendid,6.818
dark,6.817
premier,6.815
battleship,6.807
disast,6.806
shame,6.802
secret,6.789
drop,6.788
cruelti,6.781
common,6.775
denizen,6.775
roll,6.767
meant,6.754
pro,6.748
huge,6.727
chiefli,6.724
bustl,6.724
feat,6.718
code,6.711
laid,6.710
pari,6.707
reenact,6.704
11th,6.695
altruist,6.695
subjug,6.685
curfew,6.685
guess,6.684
rough,6.684
pack,6.683
europ,6.678
percuss,6.676
consent,6.676
track,6.675
deep,6.674
humbl,6.672
pressur,6.655
easier,6.650
graphic,6.646
subtl,6.629
gather,6.627
20th,6.624
expand,6.595
catch,6.590
watchabl,6.585
disco,6.570
spend,6.558
suspens,6.556
appeal,6.553
master,6.552
crucial,6.551
globe,6.550
expens,6.522
hazi,6.522
town,6.508
forev,6.503
racism,6.498
check,6.486
encourag,6.479
heartbreak,6.474
mm,6.469
w,6.465
snapshot,6.462
spirit,6.456
minor,6.452
verisimilitud,6.447
medium,6.446
invest,6.442
exert,6.440
engin,6.432
wherea,6.431
servic,6.429
spectacular,6.417
ingrain,6.412
physic,6.404
dax,6.398
harshli,6.398
north,6.394
humanitarian,6.385
hatr,6.384
subsequ,6.374
shackl,6.372
manual,6.365
socio,6.352
band,6.344
busi,6.342
supposedli,6.338
urgent,6.314
survey,6.314
eight,6.313
segreg,6.308
chose,6.303
tcm,6.302
personnel,6.302
scienc,6.299
stare,6.298
compet,6.292
archiv,6.278
maim,6.278
martyr,6.278
prior,6.277
attest,6.272
maneuv,6.272
friend,6.265
shift,6.260
deliber,6.250
weak,6.243
meirel,6.232
uneduc,6.232
nowaday,6.222
anywher,6.218
fernando,6.215
repercuss,6.210
ratchet,6.210
parent,6.194
afterward,6.189
jacqu,6.188
emerg,6.185
milieu,6.183
buy,6.173
weaponri,6.172
reput,6.170
poignant,6.169
vast,6.166
norwegian,6.162
civilis,6.162
toddler,6.162
redeem,6.148
stupid,6.146
blurri,6.142
patrol,6.137
site,6.127
unabl,6.127
fuell,6.122
magnifi,6.117
convent,6.106
superpow,6.102
e,6.098
tear,6.096
theori,6.094
disservic,6.093
kept,6.088
vs,6.085
glori,6.085
failur,6.083
faction,6.083
regardless,6.080
defenc,6.078
rivet,6.076
everyday,6.068
hat,6.062
blame,6.061
chillingli,6.060
scenario,6.052
homeland,6.051
decapit,6.042
fast,6.037
fool,6.035
enhanc,6.033
drink,6.030
tv,6.027
temporarili,6.024
brave,6.015
accord,6.012
1963,6.006
essenc,6.004
audac,6.002
glorif,5.998
nearli,5.987
desensit,5.977
ex,5.973
age,5.970
flick,5.965
rehabilit,5.952
precis,5.952
utter,5.941
bottom,5.929
strikingli,5.924
doom,5.916
prohibit,5.908
allegedli,5.893
folk,5.889
reconstruct,5.889
faceless,5.878
concentr,5.876
torch,5.871
learnt,5.867
thrill,5.860
collid,5.860
comfort,5.848
dialogu,5.842
administr,5.827
fictiti,5.820
hire,5.814
cheer,5.811
ounc,5.810
overwhelm,5.794
whereabout,5.789
tide,5.779
proudli,5.776
twenti,5.776
1946,5.773
clarifi,5.773
taunt,5.766
record,5.753
trip,5.752
1958,5.750
lament,5.750
weav,5.748
henri,5.747
august,5.747
chanc,5.745
disappoint,5.745
disdain,5.744
enact,5.744
massiv,5.743
silenc,5.738
annihil,5.737
hot,5.734
gone,5.732
reli,5.732
diabol,5.728
student,5.723
career,5.709
confus,5.708
punch,5.704
six,5.698
abus,5.693
exemplari,5.682
ralli,5.670
blood,5.668
window,5.663
blend,5.652
simplifi,5.650
70,5.649
daylight,5.644
thoroughli,5.642
persecut,5.638
miss,5.631
underdevelop,5.624
plain,5.624
bigger,5.624
spars,5.619
built,5.617
replay,5.616
noir,5.602
wouldn,5.592
thousand,5.585
angri,5.585
backbon,5.581
ring,5.579
nam,5.578
discrimin,5.576
financ,5.576
happier,5.576
weren,5.569
capabl,5.566
grace,5.563
china,5.555
fault,5.553
readi,5.550
somber,5.550
analog,5.547
ongo,5.542
80,5.537
1920,5.530
bewar,5.522
brit,5.520
romantic,5.512
triangl,5.510
dehuman,5.510
impend,5.507
ordinari,5.496
camp,5.489
hypocrit,5.486
till,5.474
95,5.474
realis,5.472
suppos,5.468
kirk,5.467
highlight,5.464
countrysid,5.462
seed,5.458
illumin,5.451
incept,5.441
openli,5.435
flashback,5.433
conceal,5.426
babi,5.422
elect,5.420
pimp,5.420
omar,5.417
frighten,5.415
assert,5.413
exemplifi,5.413
juxtapos,5.413
laden,5.413
suddenli,5.410
unquestion,5.409
articul,5.398
cite,5.398
1955,5.396
suck,5.394
blatantli,5.394
essay,5.394
terrifi,5.393
silent,5.393
opt,5.387
freed,5.385
immor,5.381
unnerv,5.375
encount,5.366
reliv,5.366
grit,5.356
alley,5.350
uncanni,5.350
disord,5.346
chess,5.346
slow,5.345
doc,5.344
subdu,5.338
ultimatum,5.338
relish,5.336
forg,5.334
pie,5.332
disconnect,5.328
unintent,5.326
sober,5.326
heartless,5.326
salvat,5.324
inclin,5.310
depart,5.310
disrespect,5.308
aganda,5.306
orapronobi,5.306
amelio,5.306
carrosco,5.306
gilo,5.306
fathia,5.306
antidemocrat,5.306
istiql,5.306
documentarist,5.306
independentist,5.306
aussaress,5.306
ferraoun,5.306
pontecorov,5.306
locationspontecorvo,5.306
spymuseum,5.306
chrale,5.306
peupl,5.306
fanton,5.306
batail,5.306
tritest,5.306
salash,5.306
hasan,5.306
quemada,5.306
132nd,5.306
lapont,5.306
batalha,5.306
ponticorvo,5.306
frnace,5.306
ingvald,5.306
cinemag,5.306
brocka,5.306
hagiag,5.306
aljeri,5.306
arme,5.306
giullio,5.306
alegerian,5.306
demiworld,5.306
maricon,5.306
alisair,5.306
pontecorro,5.306
mouloud,5.306
1525,5.306
night3,5.306
boumedienn,5.306
rnebo,5.306
evenhanded,5.306
arou,5.306
algerien,5.306
preu,5.306
hirokazu,5.306
etcgood,5.306
astonishli,5.306
horsetrack,5.306
pontrcorvo,5.306
argel,5.306
venis,5.306
haigag,5.306
317th,5.306
bataglia,5.306
guiliano,5.306
gasset,5.306
amran,5.306
spetznaz,5.306
churhil,5.306
vicinityh,5.306
zbigniew,5.306
fusia,5.306
pontecorv,5.306
thanksp,5.306
timisoara,5.306
dankagvo,5.306
lenism,5.306
grete,5.306
potecorvo,5.306
boumedien,5.306
pontecorvco,5.306
kashba,5.306
kerbash,5.306
meng,5.306
koreeda,5.306
algeroi,5.306
counterrevolutionari,5.306
larbi,5.306
djamila,5.306
ugo,5.306
posterchild,5.306
dhimmitud,5.306
plebiscit,5.306
brezezinski,5.306
ammar,5.306
frenchwomen,5.306
paletti,5.306
halima,5.306
kassen,5.306
regain,5.306
8,5.302
consist,5.298
remors,5.291
palpabl,5.287
mutual,5.285
renown,5.283
bare,5.277
icon,5.275
drawn,5.273
fenc,5.265
equat,5.256
divis,5.256
vividli,5.254
scandal,5.250
totalitarian,5.243
macho,5.243
quot,5.242
thank,5.241
faith,5.240
profil,5.238
night,5.236
pinnacl,5.229
neg,5.228
potenti,5.227
eastern,5.211
presenc,5.205
push,5.201
ward,5.199
frantic,5.199
hasn,5.194
arriv,5.192
michael,5.192
boom,5.181
enabl,5.179
convert,5.179
intent,5.179
glad,5.164
len,5.156
spectat,5.148
privat,5.142
provoc,5.138
drove,5.135
interior,5.134
battlefield,5.126
perpetu,5.121
baddi,5.112
rever,5.099
listen,5.094
legitim,5.090
maximum,5.089
1976,5.087
degener,5.086
blatant,5.083
humili,5.081
inabl,5.081
prey,5.077
narrow,5.075
albert,5.074
enter,5.072
aliv,5.069
synopsi,5.065
superb,5.065
uniform,5.062
brazil,5.062
amidst,5.058
patho,5.055
explicit,5.049
crisp,5.048
handl,5.046
mileston,5.043
qualifi,5.042
planet,5.041
worldwid,5.041
instrument,5.041
bay,5.036
amateur,5.031
lieuten,5.027
ought,5.025
weari,5.024
father,5.021
insan,5.021
crude,5.020
reinforc,5.013
sacrif,5.009
deem,5.009
technich,5.005
francai,5.005
belonging,5.005
malaya,5.005
1790,5.005
cassino,5.005
ortega,5.005
ghettoiz,5.005
tinderbox,5.005
saari,5.005
cdt,5.005
mattieu,5.005
plo,5.005
reportori,5.005
tommaso,5.005
catchword,5.005
laugaug,5.005
burka,5.005
nonfunct,5.005
suppressor,5.005
60ti,5.005
academyaward,5.005
tapeworm,5.005
seditionist,5.005
rhodesia,5.005
policymak,5.005
enrio,5.005
baazi,5.005
tripoli,5.005
journalist,5.003
vigilant,4.995
blu,4.986
suspici,4.976
dougla,4.975
frank,4.974
rhythm,4.971
psycholog,4.967
english,4.965
audio,4.964
wow,4.964
poverti,4.963
likewis,4.959
longer,4.957
girl,4.952
video,4.945
heighten,4.944
unpleas,4.940
britain,4.938
mock,4.932
equival,4.926
acquir,4.925
trace,4.924
enforc,4.923
materi,4.922
valid,4.921
broad,4.918
inferior,4.916
partial,4.914
2007,4.911
milk,4.902
implic,4.899
mayhem,4.897
ridicul,4.895
legal,4.885
craft,4.878
repli,4.878
stylist,4.863
grotesqu,4.861
juli,4.861
hole,4.860
mental,4.858
trigger,4.858
satisfact,4.857
strive,4.855
step,4.854
flame,4.852
dealer,4.851
wait,4.839
orchestr,4.831
unviabl,4.829
chirac,4.829
discothequ,4.829
fla,4.829
1895,4.829
fipresci,4.829
priveledg,4.829
neorealismo,4.829
boson,4.829
underhanded,4.829
hoberman,4.829
schnabel,4.829
jul,4.829
decalogu,4.829
leftism,4.829
reflux,4.829
unexagger,4.829
mathia,4.829
joff,4.829
resistor,4.829
revelutionari,4.829
fredrich,4.829
explor,4.826
cop,4.811
transfer,4.809
melodramat,4.808
claustrophob,4.801
musician,4.796
24,4.796
awak,4.790
partli,4.788
skill,4.779
recognis,4.778
dose,4.777
intrigu,4.768
darkest,4.762
india,4.762
fed,4.759
danger,4.758
gap,4.752
kid,4.749
fanat,4.748
20,4.745
unsettl,4.741
harm,4.740
climat,4.740
neighborhood,4.738
repeatedli,4.738
thief,4.735
extens,4.731
entranc,4.730
shade,4.728
culmin,4.727
strip,4.721
retain,4.714
lynch,4.714
steal,4.713
princip,4.705
winnabl,4.704
adverb,4.704
nostradamu,4.704
verdun,4.704
guantanimo,4.704
decenni,4.704
countermeasur,4.704
overthrew,4.704
irrupt,4.704
decolon,4.704
dziga,4.704
vertov,4.704
samia,4.704
unbia,4.704
rialto,4.704
elim,4.704
outflank,4.704
folio,4.704
partisanship,4.704
proceed,4.704
dilemma,4.700
dealt,4.697
underst,4.695
flip,4.686
www,4.684
stake,4.681
sensibl,4.674
admittedli,4.673
analyz,4.664
yell,4.660
alien,4.659
wash,4.658
per,4.655
cowboy,4.653
1st,4.645
coincid,4.635
rome,4.629
famou,4.627
spark,4.627
1940,4.621
mad,4.619
lend,4.616
primarili,4.612
exhilar,4.612
territori,4.610
conciou,4.607
hawker,4.607
nicaragua,4.607
insurrectionist,4.607
engl,4.607
circumscrib,4.607
coronel,4.607
theoretician,4.607
120th,4.607
financi,4.605
prejudic,4.604
lt,4.596
ensur,4.595
normal,4.592
princ,4.587
divers,4.585
casual,4.578
exercis,4.577
format,4.577
border,4.577
discov,4.577
els,4.576
underground,4.574
portion,4.572
strang,4.568
testament,4.568
choreograph,4.563
platoon,4.561
pleasant,4.554
chain,4.553
groundbreak,4.549
drunk,4.542
drug,4.538
increasingli,4.530
salaam,4.528
rightist,4.528
knowing,4.528
tensiv,4.528
loav,4.528
wino,4.528
prog,4.528
chorus,4.528
leant,4.528
sisyphean,4.528
rosselini,4.528
darkish,4.528
manichaean,4.528
barbari,4.528
detract,4.528
rose,4.526
mindless,4.520
ten,4.516
linear,4.514
scientif,4.514
shoulder,4.510
strongest,4.506
ponder,4.503
soft,4.502
grim,4.488
dig,4.487
singer,4.487
advis,4.482
heaven,4.481
lifestyl,4.479
stumbl,4.479
hesit,4.475
insist,4.467
ad,4.466
regenc,4.461
bulwark,4.461
farenheit,4.461
minn,4.461
ophul,4.461
spiritless,4.461
crackdown,4.461
migr,4.461
dubya,4.461
fortunatli,4.461
blowtorch,4.461
metafict,4.461
birth,4.450
lesser,4.446
uplift,4.428
beg,4.426
poster,4.425
gruesom,4.422
zero,4.417
martial,4.415
wont,4.409
glass,4.407
wrench,4.406
bird,4.406
engel,4.403
agitprop,4.403
starkest,4.403
atavist,4.403
bugl,4.403
unruffl,4.403
bali,4.403
seul,4.403
dani,4.403
prize,4.403
backdrop,4.396
racist,4.396
previou,4.390
swear,4.390
descript,4.383
slight,4.373
multi,4.370
guilt,4.366
darko,4.365
room,4.363
tunisian,4.352
evenhand,4.352
unutter,4.352
frazier,4.352
causat,4.352
spoken,4.348
assur,4.348
percept,4.341
despair,4.341
user,4.338
wed,4.325
plane,4.322
corner,4.318
sensat,4.317
h,4.310
sudden,4.308
ut,4.306
winch,4.306
tarmac,4.306
doco,4.306
brendon,4.306
wester,4.306
machiavelli,4.306
peddler,4.306
libya,4.306
filipino,4.306
nonprofession,4.306
advic,4.296
thirti,4.292
fourth,4.287
third,4.274
indo,4.265
irregardless,4.265
kosovo,4.265
accret,4.265
proviso,4.265
dorsal,4.265
switch,4.265
meaning,4.264
season,4.263
professor,4.261
avail,4.260
size,4.248
fame,4.239
immers,4.237
select,4.235
equiti,4.227
preordain,4.227
2030,4.227
nato,4.227
mideast,4.227
threat,4.225
vulner,4.221
contact,4.214
cool,4.213
apocalyps,4.212
calm,4.208
elev,4.202
flesh,4.201
wound,4.199
begotten,4.192
yodel,4.192
etat,4.192
irreconcil,4.192
minh,4.192
olvidado,4.192
sein,4.192
unvarnish,4.192
warrior,4.189
blew,4.188
endless,4.186
gradual,4.182
summari,4.182
dedic,4.175
median,4.160
counterattack,4.160
mountain,4.158
dead,4.154
proud,4.152
superbl,4.149
crack,4.146
engross,4.141
fals,4.136
russian,4.133
illiteraci,4.130
wiri,4.130
perspicaci,4.130
sheehan,4.130
kosher,4.130
proportion,4.130
hardlin,4.130
amongst,4.130
sensit,4.129
unrealist,4.125
dynam,4.124
regular,4.123
weight,4.123
surreal,4.119
thin,4.119
runner,4.111
expos,4.107
associ,4.107
blind,4.107
crash,4.107
fit,4.107
asp,4.102
tr,4.102
theocrat,4.102
brechtian,4.102
philosophi,4.099
absurd,4.089
tabl,4.083
fulfil,4.078
talent,4.078
handbag,4.076
videocassett,4.076
epo,4.076
waiver,4.076
collud,4.076
neri,4.076
sub,4.074
pan,4.067
disagre,4.062
accus,4.060
succe,4.058
version,4.053
mccoy,4.051
municip,4.051
brother,4.051
badli,4.051
model,4.048
threaten,4.044
awesom,4.043
market,4.041
cruel,4.041
grandiloqu,4.028
vagari,4.028
sown,4.028
magisteri,4.028
unbal,4.028
hegemoni,4.028
jour,4.028
apolit,4.028
advocaci,4.028
sovereignti,4.028
organiz,4.028
rival,4.026
highest,4.025
sword,4.023
charl,4.013
gem,4.013
virtual,4.011
autonom,4.005
proletarian,4.005
cassavet,4.005
unsustain,4.005
che,4.005
muriel,4.005
politic,4.005
load,4.003
gotten,3.997
chosen,3.997
colleg,3.996
hideaway,3.984
supercharg,3.984
ciao,3.984
overtook,3.984
bright,3.983
grade,3.981
commentari,3.978
unusu,3.977
darker,3.969
cartoon,3.967
immol,3.964
crossfir,3.964
isolationist,3.964
treati,3.964
mindedli,3.964
barest,3.964
marseil,3.964
statesman,3.945
blackhawk,3.945
dryer,3.945
droop,3.945
attrit,3.945
undergradu,3.945
insouci,3.945
donni,3.940
hadn,3.940
dimension,3.939
endur,3.939
teacher,3.939
sake,3.934
closer,3.934
nevertheless,3.933
reward,3.927
loyalist,3.926
bresson,3.926
nobler,3.926
aeon,3.926
jostl,3.926
overpaid,3.908
unpalat,3.908
disus,3.908
inflam,3.908
crater,3.908
marxism,3.908
guantanamo,3.908
urchin,3.908
egalitarian,3.908
smidgen,3.908
undisturb,3.908
chivalr,3.908
identifi,3.903
board,3.892
adamantli,3.891
garrison,3.891
foothold,3.891
pointless,3.878
factor,3.875
derbi,3.875
ruffl,3.875
takeaway,3.875
autonomi,3.875
paltri,3.875
bombay,3.875
wake,3.874
marlon,3.867
award,3.866
monica,3.859
insubordin,3.859
guignol,3.859
various,3.859
cauldron,3.859
workabl,3.859
hint,3.857
clean,3.847
empti,3.847
watkin,3.844
facto,3.844
forsyth,3.844
undertook,3.844
enshrin,3.844
stander,3.844
etr,3.844
immateri,3.844
10min,3.844
fag,3.844
inflex,3.844
numer,3.843
dream,3.841
dislik,3.841
meet,3.837
ray,3.834
uncivil,3.829
exorc,3.829
booklet,3.829
cheney,3.829
souvenir,3.829
brief,3.818
fake,3.817
assum,3.816
clamp,3.815
spate,3.815
raison,3.815
kieslowski,3.815
unseemli,3.815
headway,3.815
visconti,3.815
elegi,3.815
leeway,3.815
sing,3.810
27th,3.801
basest,3.801
triangular,3.801
overthrown,3.801
unrefin,3.801
twing,3.801
shirk,3.801
page,3.800
rage,3.796
brando,3.792
unambigu,3.788
practition,3.788
depot,3.788
dong,3.788
grievou,3.788
1924,3.788
construct,3.787
statu,3.775
utilitarian,3.775
impun,3.775
circumv,3.775
extric,3.775
kinki,3.762
presag,3.762
fittest,3.762
effac,3.762
priorit,3.762
japanes,3.762
osama,3.750
prairi,3.750
reassess,3.750
psycho,3.742
1919,3.738
monochromat,3.738
mediterranean,3.738
interim,3.738
intertitl,3.738
return,3.731
succeed,3.728
absorpt,3.727
roland,3.727
undetect,3.727
condit,3.719
whenc,3.715
undu,3.715
riefenstahl,3.715
reissu,3.715
jen,3.715
mouth,3.706
berkeley,3.704
sugarcoat,3.704
scrawl,3.704
ancestri,3.704
desecr,3.704
tart,3.704
decoy,3.704
luggag,3.704
thrillingli,3.704
burn,3.694
presumptu,3.694
para,3.694
hussein,3.694
filmnomenon,3.694
vote,3.693
quick,3.691
grant,3.685
manoeuvr,3.683
jaunti,3.683
consequenti,3.683
crispli,3.683
demor,3.683
idli,3.683
unless,3.680
hoodwink,3.673
downey,3.673
crap,3.672
biter,3.663
popularli,3.663
incendiari,3.663
cafeteria,3.663
waffl,3.663
unrat,3.663
trodden,3.663
earn,3.659
improv,3.658
palestin,3.653
melvil,3.653
jarringli,3.653
chiaroscuro,3.653
jive,3.653
prism,3.653
curriculum,3.653
rock,3.647
ineff,3.644
polarisdib,3.644
tibet,3.644
biciclett,3.634
regener,3.634
raj,3.634
unargu,3.634
complic,3.633
richard,3.633
copi,3.629
darwin,3.625
ladri,3.625
hasten,3.625
mete,3.625
primer,3.625
alleyway,3.625
rarer,3.625
premis,3.623
impel,3.616
moham,3.616
disingenu,3.607
deaden,3.607
puf,3.607
cogent,3.607
younger,3.606
strident,3.599
bloodless,3.599
halo,3.599
overgrown,3.599
cineast,3.599
round,3.594
damn,3.592
battleground,3.590
quandari,3.590
marcel,3.590
talentless,3.590
sheer,3.590
evid,3.584
rest,3.583
hedon,3.582
eulog,3.582
columbin,3.582
incapacit,3.582
1001,3.582
coalesc,3.582
sacrifici,3.582
steven,3.578
bunch,3.576
f,3.576
cesspool,3.574
poorest,3.574
atleast,3.566
appet,3.566
clamor,3.566
exodu,3.566
residu,3.566
commot,3.566
tat,3.566
highbrow,3.566
ghoulish,3.566
stationari,3.566
ryan,3.561
pop,3.560
egyptian,3.558
renoir,3.558
contemptu,3.558
romanticis,3.558
captain,3.557
blockbust,3.555
fashion,3.555
uncannili,3.550
vilifi,3.550
klein,3.550
eyewit,3.550
canni,3.550
dec,3.543
saddam,3.543
calendar,3.543
transform,3.539
unturn,3.535
oasi,3.535
propagandist,3.535
kicker,3.535
hurt,3.529
pedal,3.528
smoki,3.528
trick,3.527
humour,3.522
forecast,3.521
vantag,3.521
prepar,3.519
creatur,3.517
epithet,3.514
dosag,3.514
infrastructur,3.514
smile,3.510
staunch,3.507
resurg,3.507
explic,3.507
org,3.507
mettl,3.507
sent,3.507
sex,3.504
kick,3.502
oili,3.493
supersed,3.493
extol,3.493
upheav,3.493
62,3.487
electrocut,3.480
sanctimoni,3.480
fanatic,3.474
romant,3.470
bj,3.468
polem,3.468
linguist,3.468
aros,3.468
petit,3.468
settlement,3.468
agricultur,3.468
ahead,3.463
wart,3.461
invalu,3.461
project,3.456
emmerich,3.455
sew,3.455
bleach,3.455
despot,3.455
agreeabl,3.455
dammit,3.455
aw,3.453
plu,3.452
platter,3.449
subtler,3.443
flux,3.443
def,3.443
warmli,3.443
54,3.437
weakl,3.437
napoleon,3.431
pb,3.431
legitimaci,3.431
subsid,3.431
elbow,3.431
bore,3.431
individualist,3.426
unsurpris,3.426
feral,3.426
potenc,3.426
unus,3.426
blemish,3.420
momentari,3.420
unforeseen,3.420
squalor,3.420
pensiv,3.414
fratern,3.414
dissatisfact,3.414
tenant,3.414
attir,3.409
adag,3.409
squadron,3.409
battalion,3.409
limit,3.409
decent,3.409
monster,3.404
zealou,3.403
sharpen,3.403
week,3.401
ageless,3.398
unbeliev,3.395
campu,3.393
poorer,3.393
vertic,3.393
pr,3.393
spatter,3.387
iconographi,3.387
2001,3.384
flawless,3.383
seizur,3.377
dweller,3.377
ammunit,3.377
straight,3.377
prod,3.372
portugues,3.372
omnisci,3.372
leas,3.372
leftist,3.372
binocular,3.372
erod,3.372
aisl,3.372
relinquish,3.367
unemot,3.367
91,3.367
bulg,3.362
matern,3.362
amen,3.362
errand,3.362
fervent,3.362
misgiv,3.362
frenchman,3.357
squash,3.357
foolishli,3.357
hiatu,3.357
advisor,3.357
depress,3.357
disk,3.352
tit,3.352
ownership,3.352
jump,3.352
ruin,3.348
eighteen,3.347
engend,3.347
cristoph,3.347
bourgeoi,3.347
diplomat,3.347
wors,3.344
footnot,3.343
specialti,3.343
hedonist,3.343
pussi,3.343
clout,3.343
discont,3.338
ramif,3.338
op,3.338
indoctrin,3.338
arabian,3.333
finest,3.333
airborn,3.329
skirmish,3.329
siren,3.329
expel,3.329
reproach,3.324
ink,3.324
challeng,3.323
spot,3.320
unpopular,3.320
affili,3.320
rewritten,3.320
sponsor,3.320
low,3.319
fervor,3.315
vfx,3.315
astronom,3.311
unwelcom,3.311
vindict,3.311
german,3.310
anew,3.306
tempera,3.306
hog,3.306
subservi,3.306
orderli,3.306
synthet,3.302
gestapo,3.302
conjunct,3.302
zest,3.294
unjustifi,3.294
extinguish,3.294
starkli,3.294
unknow,3.294
discours,3.294
revamp,3.289
uninvolv,3.289
scapegoat,3.289
impenetr,3.289
bi,3.289
axiom,3.289
revenu,3.289
inequ,3.285
secreci,3.285
match,3.285
malick,3.281
bred,3.281
exalt,3.281
variabl,3.281
scorses,3.277
franz,3.277
daydream,3.273
instantan,3.273
entwin,3.273
beggar,3.261
ecstasi,3.261
credenti,3.261
wobbl,3.257
rubbl,3.257
barb,3.257
impoverish,3.257
protract,3.257
sip,3.253
flabbergast,3.249
17th,3.249
surg,3.249
disagr,3.249
panorama,3.246
aimless,3.246
cock,3.246
banner,3.246
clich,3.246
episod,3.245
benefici,3.238
maverick,3.238
sica,3.238
romanc,3.235
echelon,3.234
goddess,3.234
sidewalk,3.234
startlingli,3.231
devout,3.227
explanatori,3.227
satisfi,3.224
deplor,3.224
snack,3.224
untrain,3.224
favela,3.220
steadfast,3.220
cgi,3.219
slope,3.216
inconveni,3.213
proposit,3.209
overrun,3.209
revisionist,3.209
emit,3.209
julian,3.209
crazi,3.206
tonal,3.206
worthi,3.205
paycheck,3.203
ineffect,3.196
1925,3.196
bureaucraci,3.196
agit,3.196
muppet,3.196
fingerprint,3.192
carrot,3.192
spielberg,3.191
ne,3.189
interchang,3.186
bluntli,3.186
viabl,3.182
bolster,3.182
richest,3.182
stomp,3.182
cohort,3.179
santa,3.179
lent,3.179
lui,3.179
machismo,3.179
predict,3.179
160,3.176
prof,3.176
tirad,3.173
authoritarian,3.173
1943,3.173
appar,3.173
chatter,3.170
coverag,3.170
dishearten,3.170
toppl,3.170
astoundingli,3.166
exclaim,3.160
salvator,3.160
introductori,3.157
precursor,3.157
vindic,3.154
hustl,3.154
subordin,3.151
swarm,3.148
fled,3.148
unifi,3.148
demolish,3.145
sunk,3.145
rework,3.142
hid,3.142
infidel,3.142
misdirect,3.142
fledg,3.142
bloodthirsti,3.142
precari,3.139
latch,3.139
reborn,3.136
courtyard,3.136
dissent,3.136
shriek,3.136
correl,3.136
yorker,3.136
godfath,3.136
shine,3.135
tangier,3.133
justli,3.133
deploy,3.130
pedest,3.130
chase,3.123
regrett,3.122
tier,3.119
loung,3.119
song,3.118
cinephil,3.116
intermin,3.116
absurdli,3.113
bankrupt,3.113
dishonest,3.113
poor,3.112
masterstrok,3.110
inadequ,3.108
heartbeat,3.108
avenu,3.105
erad,3.105
ruthlessli,3.105
identif,3.102
pitfal,3.102
skirt,3.102
grappl,3.102
du,3.100
backlash,3.100
blunder,3.100
choru,3.100
hierarchi,3.097
dumber,3.097
artist,3.097
upward,3.094
interweav,3.094
butter,3.094
analyt,3.094
unapologet,3.089
slant,3.086
masterclass,3.086
toxic,3.086
sixteen,3.086
grandpa,3.084
unaccept,3.081
callou,3.081
merchant,3.081
motto,3.078
impot,3.076
hoodlum,3.076
date,3.073
withdraw,3.073
hybrid,3.073
uniti,3.071
rattl,3.071
multipli,3.071
klimov,3.071
remnant,3.068
cautionari,3.068
jab,3.066
align,3.066
indirectli,3.066
diverg,3.063
deton,3.063
lusciou,3.063
pristin,3.063
overthrow,3.063
kubrick,3.063
impass,3.061
standoff,3.061
trembl,3.061
sunlight,3.061
cleans,3.058
flinch,3.058
entail,3.056
widespread,3.053
scrambl,3.053
austin,3.051
incit,3.051
7,3.049
93,3.046
rethink,3.044
jan,3.044
prais,3.043
stadium,3.042
box,3.039
shamelessli,3.039
frederick,3.037
noisi,3.035
mist,3.035
heinou,3.032
commonplac,3.032
actress,3.030
permiss,3.030
maestro,3.030
haha,3.028
psychosi,3.028
muddi,3.025
boldli,3.025
tee,3.021
mercilessli,3.021
astut,3.019
unavoid,3.019
reclaim,3.019
technician,3.019
unwittingli,3.016
conced,3.014
imprint,3.012
spree,3.012
shudder,3.012
reproduc,3.012
rotat,3.012
remast,3.010
downer,3.010
jo,3.007
120,3.007
reportedli,3.007
swedish,3.007
nightclub,3.005
aerial,3.001
10th,3.001
quo,3.001
57,3.001
smuggl,3.001
design,3.000
journey,2.997
plea,2.997
ride,2.996
iranian,2.995
iran,2.992
shrug,2.992
earth,2.991
compil,2.990
leak,2.990
skew,2.990
breathtakingli,2.988
unanim,2.988
griffith,2.988
pervad,2.986
soften,2.986
melanchol,2.986
vacuum,2.984
masquerad,2.984
solemn,2.984
proverbi,2.982
input,2.982
muster,2.982
ambush,2.980
wisecrack,2.980
nameless,2.980
expressionist,2.978
cuba,2.976
uncommon,2.976
emin,2.976
intervent,2.972
unmiss,2.972
ancestor,2.970
camaraderi,2.970
malici,2.962
flirt,2.962
refrain,2.958
sung,2.958
sunglass,2.958
concis,2.956
sheet,2.956
wretch,2.956
broader,2.956
terrain,2.954
cafe,2.954
autobiograph,2.954
imbu,2.954
suffoc,2.952
susan,2.950
800,2.950
mandatori,2.950
scan,2.950
gen,2.950
ritual,2.948
magic,2.948
throwback,2.947
panach,2.947
worldli,2.947
vigor,2.945
temporari,2.945
unsuspect,2.945
devour,2.945
smartest,2.945
adept,2.945
corp,2.943
quinn,2.941
tyrant,2.941
circuit,2.941
ambival,2.941
bin,2.941
mistreat,2.941
socialist,2.941
democrat,2.939
intox,2.937
heritag,2.935
revis,2.935
veil,2.933
finish,2.933
council,2.932
swift,2.932
intimaci,2.930
storylin,2.929
synonym,2.928
quasi,2.928
permit,2.928
sacr,2.928
leisur,2.926
overt,2.926
joyou,2.926
hindsight,2.926
nauseat,2.924
obey,2.924
unmistak,2.923
pov,2.919
cemeteri,2.917
templat,2.917
onward,2.917
botch,2.917
taboo,2.915
nyc,2.915
lens,2.915
ignit,2.914
sympathis,2.912
catalyst,2.912
arizona,2.903
fewer,2.903
calibr,2.902
nobil,2.902
korea,2.900
selv,2.898
intensifi,2.898
biolog,2.896
1964,2.896
vers,2.896
hapless,2.893
omiss,2.893
demograph,2.893
terrenc,2.891
textbook,2.891
faultless,2.891
finer,2.890
extermin,2.890
memoir,2.890
outdoor,2.890
fin,2.886
yr,2.885
asia,2.885
steril,2.885
dir,2.885
lifelong,2.885
oh,2.884
glamour,2.883
monitor,2.883
dispatch,2.880
branch,2.880
hinder,2.880
ravag,2.877
elud,2.877
surveil,2.877
grain,2.875
brute,2.875
poignanc,2.872
ovat,2.872
daunt,2.869
humanist,2.869
disturbingli,2.867
bid,2.865
retro,2.865
1945,2.864
mason,2.864
metaphys,2.861
claustrophobia,2.859
barren,2.859
northern,2.858
poet,2.858
advoc,2.858
anyway,2.857
compuls,2.855
pompou,2.853
unwil,2.852
distinctli,2.850
intrus,2.850
bafta,2.848
museum,2.847
ruler,2.847
analys,2.847
astonishingli,2.845
earliest,2.845
approxim,2.845
estim,2.844
rampag,2.842
bee,2.842
27,2.841
artifact,2.841
transpir,2.838
irrat,2.837
turkish,2.837
goodi,2.837
1974,2.835
facad,2.834
bread,2.834
traitor,2.834
spout,2.834
overtli,2.832
amid,2.832
tomato,2.831
hauntingli,2.831
rooftop,2.831
fascism,2.831
satisfactori,2.829
deftli,2.826
tread,2.826
erupt,2.823
commonli,2.823
emphasis,2.822
disput,2.821
etch,2.819
robert,2.817
unemploy,2.815
space,2.815
outset,2.812
1927,2.811
inadvert,2.811
retreat,2.807
fugit,2.805
purist,2.805
detest,2.797
ant,2.796
interfer,2.796
clearer,2.794
permeat,2.793
vacat,2.792
prestigi,2.790
youtub,2.789
handedli,2.788
disillus,2.787
pander,2.785
worm,2.785
distribut,2.784
mon,2.784
feroci,2.783
unnot,2.783
26,2.780
democraci,2.780
rashomon,2.779
dancer,2.777
patron,2.775
violat,2.774
implement,2.774
draft,2.772
remaind,2.772
factual,2.772
dubiou,2.772
poem,2.771
coast,2.770
randomli,2.769
lectur,2.769
frenet,2.767
corn,2.762
enslav,2.762
underlin,2.761
accentu,2.760
chunk,2.760
hideou,2.760
thrive,2.759
mourn,2.759
rariti,2.757
extinct,2.757
emotionless,2.757
volunt,2.757
indel,2.755
merciless,2.754
accustom,2.752
stale,2.751
loom,2.749
largest,2.748
laud,2.746
gentlemen,2.746
manufactur,2.746
alarm,2.745
chat,2.745
predica,2.745
atroci,2.745
versa,2.741
unclear,2.739
rewatch,2.738
melodi,2.738
sarcasm,2.737
static,2.737
usag,2.737
bulk,2.733
thunder,2.733
extraordinarili,2.731
hallway,2.731
dissect,2.730
se,2.729
bicycl,2.728
stem,2.727
testimoni,2.727
hypocrisi,2.727
carv,2.724
canva,2.724
incoher,2.721
resum,2.721
punctuat,2.720
abound,2.720
riski,2.720
constitut,2.718
compassion,2.716
therebi,2.716
doll,2.716
exot,2.716
beforehand,2.715
relationship,2.712
voter,2.712
magnet,2.712
shave,2.712
messi,2.712
medit,2.710
spontan,2.709
discern,2.709
scatter,2.705
unparallel,2.705
phoni,2.703
armor,2.703
wage,2.702
pretens,2.702
electrifi,2.702
compris,2.702
wrestl,2.702
hallow,2.701
barrier,2.700
weigh,2.699
refin,2.699
lunat,2.698
infect,2.696
unfamiliar,2.694
julia,2.694
undertak,2.694
stamp,2.693
inherit,2.690
downsid,2.690
scrap,2.689
sought,2.689
experiment,2.688
pat,2.687
benchmark,2.686
variat,2.685
incompet,2.685
deathli,2.685
deceiv,2.684
harbor,2.682
mtv,2.681
phase,2.681
uncompromis,2.681
roughli,2.681
margin,2.680
chord,2.679
fleet,2.679
virgin,2.679
deterior,2.678
rebelli,2.678
rapidli,2.672
oskar,2.672
poke,2.672
reform,2.672
coward,2.671
jade,2.671
anonym,2.671
whistl,2.670
succumb,2.670
uneven,2.668
expans,2.667
cowardli,2.667
punk,2.667
personifi,2.667
rifl,2.666
asset,2.664
entic,2.664
disciplin,2.662
spellbind,2.662
slasher,2.661
refuge,2.661
entiti,2.661
soar,2.659
thru,2.658
puls,2.658
pierr,2.657
imperfect,2.657
ie,2.656
senior,2.655
broadcast,2.655
invis,2.652
sharon,2.652
youngster,2.652
1992,2.650
apt,2.647
improvis,2.642
elder,2.641
nihilist,2.641
anguish,2.639
unstabl,2.639
triumphant,2.638
unseen,2.638
void,2.637
redund,2.636
undermin,2.636
steer,2.635
retrospect,2.634
pioneer,2.633
proce,2.633
polar,2.633
spill,2.632
anniversari,2.631
divin,2.631
dim,2.628
lure,2.625
sooner,2.623
chamber,2.622
drunken,2.622
trilog,2.620
anxiou,2.618
unconsci,2.617
decay,2.617
vanish,2.616
soviet,2.614
500,2.614
eighti,2.614
belt,2.614
impuls,2.613
eloqu,2.613
flavor,2.611
shirt,2.611
rendit,2.609
gt,2.608
instruct,2.607
passiv,2.607
inch,2.607
unansw,2.607
monolith,2.607
cardboard,2.607
righteou,2.607
lethal,2.605
unsur,2.604
quintessenti,2.602
secretli,2.602
femm,2.600
digest,2.600
cage,2.599
rogu,2.599
genocid,2.598
sicken,2.598
winston,2.595
verg,2.593
peculiar,2.593
bonu,2.592
catchi,2.591
cigarett,2.591
wire,2.590
spit,2.589
stagger,2.586
drastic,2.585
profoundli,2.582
edgi,2.581
panic,2.580
underton,2.579
2009,2.579
proclaim,2.579
preachi,2.576
uneasi,2.576
servant,2.574
mold,2.573
snap,2.573
seventi,2.572
compon,2.572
unsatisfi,2.572
entitl,2.572
35,2.572
darkli,2.570
elit,2.570
grief,2.566
eleven,2.564
hostil,2.564
properti,2.563
1991,2.560
idealist,2.558
squar,2.556
riddl,2.555
anim,2.555
district,2.553
braveri,2.552
seamless,2.552
disregard,2.549
updat,2.548
1939,2.547
avatar,2.547
boo,2.547
1982,2.546
bean,2.546
holiday,2.544
rotten,2.541
unimagin,2.541
enlist,2.541
incident,2.541
vastli,2.541
foreshadow,2.541
absent,2.539
perman,2.538
persuad,2.538
cabl,2.537
unrel,2.535
2013,2.535
thiev,2.531
fluid,2.531
dispos,2.530
scariest,2.528
stream,2.528
laugh,2.528
breakthrough,2.527
quietli,2.526
repris,2.525
embark,2.525
pot,2.524
drift,2.523
newli,2.522
evalu,2.522
envi,2.521
loath,2.521
unawar,2.520
moron,2.520
blogspot,2.520
freez,2.517
pray,2.515
deservedli,2.512
tempt,2.512
declin,2.511
insur,2.511
senat,2.510
junki,2.510
2012,2.507
enigmat,2.507
preach,2.506
steadi,2.503
hammer,2.503
grandeur,2.502
blink,2.502
stimul,2.500
neglect,2.499
1989,2.497
restrain,2.494
despic,2.494
baffl,2.494
cook,2.493
judgement,2.493
cousin,2.493
ga,2.491
cup,2.491
squad,2.485
hawk,2.485
strain,2.485
lit,2.485
fierc,2.484
extract,2.484
indiffer,2.484
blur,2.484
reign,2.481
korean,2.480
craze,2.480
paradox,2.478
chines,2.478
arabia,2.478
unhappi,2.478
reviv,2.478
guest,2.477
plastic,2.473
inject,2.472
hollow,2.471
slightest,2.468
poetri,2.468
ace,2.466
effortlessli,2.466
diminish,2.465
underneath,2.464
cun,2.462
chaotic,2.461
safeti,2.461
pill,2.461
forgett,2.459
watcher,2.458
pivot,2.457
visibl,2.453
hungri,2.452
briefli,2.451
suffici,2.450
poison,2.450
nake,2.450
exhibit,2.448
shootout,2.447
seal,2.447
upper,2.445
pseudo,2.442
convincingli,2.441
rout,2.440
newcom,2.439
pen,2.439
loser,2.439
delic,2.438
uk,2.436
detach,2.436
flawlessli,2.435
blank,2.434
sunday,2.433
habit,2.431
dick,2.431
underworld,2.431
vh,2.431
weakest,2.431
congratul,2.430
miseri,2.427
pattern,2.424
wreck,2.424
kingdom,2.423
unreal,2.423
rivalri,2.422
factori,2.422
suffic,2.421
pleasantli,2.420
contradict,2.420
cope,2.420
infinit,2.420
shortli,2.418
orient,2.415
shore,2.415
pearl,2.414
obscur,2.413
insert,2.411
despis,2.409
labyrinth,2.409
fascist,2.408
greedi,2.407
tonight,2.407
spoke,2.407
uncov,2.405
flight,2.403
tongu,2.401
stab,2.400
saint,2.400
descend,2.399
consciou,2.397
boundari,2.397
knife,2.394
hyster,2.394
maniac,2.392
helpless,2.390
moreov,2.390
distinguish,2.390
staff,2.389
fifteen,2.387
twin,2.387
glanc,2.386
2005,2.386
pianist,2.385
spine,2.384
flee,2.384
behav,2.382
absenc,2.380
eleg,2.380
bu,2.379
radio,2.378
crook,2.377
21st,2.374
sustain,2.374
garner,2.372
chronolog,2.372
thread,2.372
climact,2.372
conveni,2.371
drew,2.370
bulli,2.368
washington,2.367
contempl,2.365
chest,2.362
bowl,2.360
deer,2.359
1000,2.359
nois,2.358
presum,2.357
melodrama,2.356
pit,2.356
bourn,2.354
scratch,2.353
buri,2.353
jr,2.349
neck,2.347
immort,2.345
drown,2.344
expertli,2.343
leap,2.343
deriv,2.342
zone,2.342
literatur,2.339
massacr,2.338
iii,2.338
secondli,2.337
toler,2.337
afternoon,2.336
hail,2.336
enchant,2.335
3rd,2.335
ala,2.334
fanci,2.334
evolut,2.333
alright,2.332
glu,2.331
adopt,2.331
intimid,2.330
spanish,2.330
relentless,2.330
bug,2.329
instinct,2.326
happili,2.325
downfal,2.324
farm,2.323
assembl,2.320
16,2.320
promin,2.320
exhaust,2.320
useless,2.316
throat,2.315
psych,2.312
vital,2.312
weekend,2.309
hopeless,2.309
unravel,2.309
pump,2.308
preciou,2.307
text,2.307
ancient,2.306
rid,2.305
2008,2.305
pile,2.305
moviego,2.304
http,2.301
commend,2.300
monument,2.299
reserv,2.298
composit,2.296
polish,2.294
principl,2.294
simplist,2.293
segment,2.293
downright,2.291
landmark,2.290
prostitut,2.289
miracl,2.287
mous,2.283
bland,2.282
mount,2.281
18,2.281
survivor,2.278
conceiv,2.277
pursuit,2.277
applaud,2.276
jurass,2.274
inmat,2.273
makeup,2.272
charisma,2.270
spare,2.269
vagu,2.269
illus,2.266
shed,2.266
sublim,2.265
45,2.265
monologu,2.260
access,2.260
nine,2.256
gloriou,2.254
christ,2.254
yesterday,2.252
wander,2.251
eas,2.251
prime,2.251
torn,2.250
silver,2.248
pitch,2.248
backward,2.246
monkey,2.246
alert,2.244
tribut,2.242
rabbit,2.241
daili,2.240
artifici,2.239
underli,2.239
gratuit,2.237
shall,2.237
fatal,2.236
burst,2.236
slip,2.234
england,2.233
jar,2.232
1970,2.231
discoveri,2.230
reduc,2.228
loyal,2.227
scar,2.226
church,2.225
varieti,2.225
tour,2.225
aspir,2.225
sun,2.224
fist,2.224
infam,2.221
competit,2.221
blond,2.221
slaveri,2.220
stress,2.219
block,2.218
orson,2.216
intric,2.216
compliment,2.216
pound,2.215
alli,2.214
consum,2.214
beaten,2.213
deliveri,2.213
confess,2.209
promot,2.209
embrac,2.209
accident,2.207
gori,2.206
creator,2.203
mom,2.203
reader,2.203
digit,2.202
albeit,2.202
lo,2.202
jacket,2.202
subtleti,2.201
thumb,2.200
coaster,2.196
inhabit,2.193
franci,2.192
awkward,2.190
henc,2.189
impecc,2.188
popcorn,2.188
expert,2.188
arc,2.187
asleep,2.186
marin,2.186
dri,2.186
ambit,2.186
settl,2.185
elabor,2.185
fix,2.184
whatsoev,2.184
germani,2.183
card,2.182
tini,2.182
evok,2.179
render,2.178
roller,2.177
tree,2.175
forgot,2.175
occas,2.174
punish,2.170
indic,2.169
embodi,2.168
sincer,2.166
lift,2.163
urg,2.163
proof,2.162
shut,2.157
sinist,2.157
proper,2.157
sweep,2.154
curiou,2.154
contriv,2.154
unpredict,2.153
candi,2.153
wing,2.153
mankind,2.151
kudo,2.148
string,2.148
treasur,2.148
loyalti,2.147
secur,2.145
scientist,2.143
stomach,2.143
scheme,2.140
reminisc,2.140
alik,2.138
distanc,2.137
spell,2.136
finger,2.135
bitter,2.131
bet,2.129
corpor,2.129
serial,2.127
clark,2.127
guarante,2.123
transcend,2.121
bag,2.120
scope,2.117
ambiti,2.115
shake,2.115
instantli,2.111
sport,2.109
lewi,2.109
letter,2.108
theatric,2.106
attach,2.105
vehicl,2.105
tune,2.105
enorm,2.104
conclud,2.104
smith,2.103
argument,2.101
sadist,2.101
grasp,2.094
sky,2.094
ear,2.094
paper,2.089
link,2.089
dread,2.087
below,2.084
foster,2.081
assist,2.080
somebodi,2.079
stood,2.078
bound,2.078
alter,2.075
exagger,2.074
trash,2.073
tight,2.069
consider,2.068
ensembl,2.065
retir,2.062
credibl,2.052
stunt,2.052
nick,2.052
bank,2.050
importantli,2.049
ian,2.048
debut,2.048
leia,2.047
floor,2.047
metal,2.045
coppola,2.044
insult,2.044
convict,2.044
exact,2.038
excus,2.033
frankli,2.030
substanc,2.022
lifetim,2.021
knock,2.021
refresh,2.020
innov,2.015
nail,2.013
smoke,2.013
grew,2.011
remov,2.009
dozen,2.009
blade,2.005
ellen,2.002
formula,1.997
bullet,1.997
paid,1.993
overlook,1.991
ador,1.991
creation,1.990
food,1.988
river,1.983
excess,1.983
relief,1.982
acclaim,1.982
awaken,1.982
store,1.982
sentenc,1.980
shape,1.976
hey,1.975
guard,1.968
darth,1.965
overli,1.963
nowher,1.963
addict,1.962
slave,1.960
rip,1.955
affair,1.950
gift,1.949
landscap,1.947
cynic,1.946
rob,1.946
deni,1.945
replac,1.945
revel,1.945
dumb,1.943
advanc,1.941
unexpect,1.940
disappear,1.939
com,1.939
stereotyp,1.936
doubl,1.934
depend,1.931
disgust,1.930
goodfella,1.928
philosoph,1.927
desert,1.925
stuck,1.923
legend,1.920
fortun,1.919
anthoni,1.914
sourc,1.913
somewher,1.912
complaint,1.910
anybodi,1.910
angel,1.909
princess,1.908
unnecessari,1.903
legendari,1.898
male,1.898
vader,1.896
amus,1.892
likabl,1.891
regret,1.889
pleasur,1.889
belong,1.887
sign,1.881
interact,1.878
invent,1.875
layer,1.875
blue,1.875
rang,1.873
jaw,1.872
ladi,1.869
wind,1.866
sum,1.865
loud,1.861
scream,1.859
summer,1.853
herself,1.849
kane,1.848
central,1.848
shadow,1.847
paint,1.842
visit,1.836
ann,1.835
brillianc,1.833
attract,1.826
park,1.821
industri,1.819
mess,1.816
dare,1.815
anymor,1.814
c,1.813
loos,1.808
fate,1.807
awe,1.804
delight,1.804
compani,1.794
stanley,1.788
gari,1.783
dollar,1.780
breathtak,1.779
door,1.778
cross,1.774
constantli,1.772
weird,1.772
seven,1.769
detect,1.767
childhood,1.767
super,1.765
obsess,1.758
bother,1.756
gangster,1.755
spent,1.754
prefer,1.751
twice,1.748
notch,1.744
rush,1.741
r,1.737
gang,1.731
12,1.723
j,1.723
brain,1.713
b,1.711
tast,1.704
al,1.695
asid,1.694
honestli,1.683
marvel,1.682
lover,1.678
rent,1.673
costum,1.671
hitchcock,1.669
slightli,1.669
comput,1.669
smart,1.664
scare,1.654
harri,1.649
climax,1.642
crew,1.642
creativ,1.638
killer,1.623
terrif,1.617
somehow,1.615
scari,1.603
travel,1.602
sorri,1.601
tone,1.596
dialog,1.593
favourit,1.586
adult,1.573
6,1.558
clever,1.554
serious,1.544
christian,1.531
worst,1.513
william,1.495
car,1.491
academi,1.476
adapt,1.474
fantasi,1.470
peter,1.422
geniu,1.421
adventur,1.401
mr,1.398
sequel,1.387
comic,1.338
nolan,1.304
fun,1.242
wife,1.182
fantast,1.146
