islam,793.568
muslim,376.714
prophet,254.723
muhammad,242.950
moham,195.272
religion,155.615
messag,146.185
quinn,138.221
akkad,123.508
mecca,94.671
pbuh,92.998
anthoni,80.373
arab,78.753
god,76.688
muham,75.315
hamza,70.214
mohammad,64.085
christian,61.235
show,51.961
depict,51.701
moustapha,50.726
about,50.382
jesu,49.606
religi,46.874
histor,46.517
allah,46.500
quran,46.116
peopl,45.745
koran,45.681
faith,45.417
peac,45.097
papa,43.611
epic,41.007
movi,39.520
event,38.505
women,38.486
film,38.308
not,37.392
were,36.365
iren,35.579
portray,35.392
you,35.110
or,34.393
hi,34.237
medina,34.120
veri,33.886
they,33.885
teach,33.572
truth,33.509
birth,33.375
are,33.262
histori,32.969
sb,32.818
hz,32.252
world,32.206
as,32.069
by,31.954
which,31.649
would,31.581
wa,31.030
non,30.459
if,30.087
watch,30.058
messeng,29.757
khalid,28.975
him,28.842
equal,28.692
never,28.555
no,28.552
who,28.288
i,28.182
abu,27.894
great,27.569
al,27.124
ansara,26.768
follow,26.627
be,26.248
those,26.147
leader,25.987
convert,25.895
must,25.304
also,25.274
should,25.261
some,25.187
onli,25.130
polit,25.019
life,25.008
arabia,24.783
more,24.769
war,24.742
from,24.661
stori,24.646
have,24.508
can,24.400
becaus,24.228
other,24.162
read,23.868
excel,23.848
am,23.752
divin,23.675
u,23.635
uncl,23.536
one,23.477
gt,23.474
word,23.439
whi,23.437
well,23.318
that,23.299
spread,23.147
against,23.136
desert,23.094
know,22.960
actor,22.913
s,22.646
bilal,22.641
how,22.621
jew,22.321
made,22.314
director,22.298
these,22.099
there,22.068
hur,21.982
like,21.971
believ,21.929
earli,21.876
in,21.800
most,21.717
so,21.702
with,21.611
all,21.555
correct,21.485
an,21.124
import,21.113
say,21.082
true,21.030
wive,20.756
them,20.697
such,20.659
tell,20.648
act,20.620
pagan,20.486
antoni,20.420
make,20.378
christ,20.283
version,20.266
but,20.167
lion,19.920
fact,19.910
battl,19.880
men,19.833
than,19.701
for,19.530
understand,19.508
what,19.319
sav,19.317
meccan,19.317
west,19.229
gabriel,19.192
their,19.186
terrorist,19.019
view,18.984
respect,18.852
bakr,18.817
aisha,18.817
qualiti,18.800
will,18.763
mani,18.662
see,18.605
on,18.432
speak,18.338
when,18.315
right,18.314
propaganda,18.311
music,18.283
did,18.232
first,18.224
english,18.206
do,18.181
t,17.969
recommend,17.960
think,17.956
way,17.918
upon,17.886
scene,17.838
real,17.799
imag,17.576
armi,17.493
power,17.472
holi,17.426
vers,17.379
presenc,17.351
present,17.235
libya,17.225
between,17.201
good,17.200
then,17.199
accept,17.159
your,17.046
tradit,17.030
command,16.978
even,16.899
produc,16.836
learn,16.813
kill,16.744
known,16.723
allow,16.602
been,16.592
amp,16.545
accur,16.353
we,16.334
he,16.320
companion,16.320
is,16.314
thi,16.311
centuri,16.280
idea,16.125
itself,16.093
doe,16.081
testament,15.987
greatest,15.987
ben,15.965
at,15.932
islaam,15.919
kerim,15.919
actual,15.894
interest,15.755
best,15.669
ani,15.612
without,15.581
spiritu,15.537
slaveri,15.537
pleas,15.500
valu,15.492
of,15.487
don,15.386
ha,15.382
within,15.374
1,15.366
review,15.295
1976,15.262
2,15.254
around,15.222
still,15.171
differ,15.169
role,15.077
want,15.053
libyan,15.049
nation,15.032
mois,15.016
khadijah,15.016
lawrenc,15.000
mustafa,15.000
origin,14.973
to,14.971
7th,14.962
book,14.942
take,14.905
heard,14.875
time,14.866
realli,14.811
vote,14.773
detail,14.699
face,14.605
western,14.551
under,14.537
shown,14.500
camera,14.500
abyssinia,14.488
badr,14.488
sofyan,14.488
kaaba,14.488
sekka,14.488
azhar,14.488
10,14.360
after,14.259
educ,14.253
it,14.223
consid,14.161
begin,14.139
both,14.111
00,14.075
same,14.065
quit,14.041
fight,14.008
media,13.943
had,13.889
wrong,13.877
year,13.837
help,13.794
inde,13.732
miracl,13.723
king,13.719
tribe,13.639
product,13.635
thing,13.626
ten,13.549
belief,13.542
tri,13.506
cours,13.435
jarr,13.428
3,13.404
sure,13.364
angel,13.363
man,13.342
mean,13.293
my,13.242
mustapha,13.210
illiter,13.208
arm,13.167
masterpiec,13.152
look,13.132
thank,13.103
beauti,12.990
hear,12.911
wonder,12.906
found,12.905
lot,12.863
person,12.840
told,12.810
note,12.807
hour,12.778
stand,12.776
worship,12.733
befor,12.725
seen,12.724
commun,12.623
cinematographi,12.614
now,12.601
much,12.595
morocco,12.568
work,12.557
audienc,12.538
preach,12.528
use,12.432
new,12.380
exampl,12.369
line,12.339
bbc,12.243
mauric,12.234
maker,12.225
out,12.203
idolatri,12.153
talk,12.150
today,12.142
truli,12.125
peninsula,12.083
major,12.057
voic,12.051
part,12.016
top,11.981
whole,11.945
took,11.938
done,11.874
bring,11.858
give,11.853
difficult,11.824
relat,11.813
ignor,11.793
quin,11.778
start,11.768
bin,11.763
rate,11.706
gave,11.703
michael,11.682
call,11.681
human,11.647
includ,11.636
last,11.628
order,11.603
cannot,11.590
bless,11.582
though,11.543
charact,11.542
perform,11.507
while,11.499
mass,11.491
nazareth,11.404
represent,11.389
ago,11.339
creat,11.237
into,11.192
cultur,11.148
figur,11.146
me,11.145
score,11.138
26,11.120
signific,11.118
terror,11.089
ever,11.068
touch,11.047
explain,11.037
didn,11.000
4,10.937
through,10.914
popul,10.882
5,10.860
receiv,10.787
need,10.785
find,10.771
inherit,10.762
job,10.758
ali,10.741
fatima,10.651
transform,10.618
habash,10.613
umar,10.613
martenot,10.613
preassur,10.613
she,10.609
given,10.599
ban,10.597
three,10.578
cast,10.563
got,10.532
where,10.482
chang,10.482
pictur,10.454
perfect,10.415
bad,10.402
femal,10.373
struggl,10.367
claim,10.312
doubt,10.291
biographi,10.286
02,10.277
saw,10.222
mari,10.171
point,10.137
translat,10.136
imdb,10.132
said,10.082
instrument,10.081
pray,10.061
caus,10.034
billion,10.034
ohod,10.011
uhud,10.011
muezzin,10.011
mukhtar,10.011
monoth,10.011
zaid,10.011
ond,10.011
sunnah,10.011
makka,10.011
abdulla,10.011
arabian,10.000
strong,9.979
live,9.976
approv,9.950
repres,9.935
01,9.932
reason,9.893
extremist,9.893
old,9.890
merci,9.870
exist,9.869
whether,9.866
bibl,9.813
attack,9.811
howev,9.806
d,9.800
gift,9.743
gener,9.741
whosoev,9.658
sinc,9.632
question,9.603
over,9.597
viewer,9.590
effect,9.581
respond,9.572
dialog,9.556
misconcept,9.547
contribut,9.540
few,9.529
re,9.509
form,9.507
came,9.505
main,9.490
play,9.480
unit,9.469
sadli,9.454
martyr,9.417
gaddafi,9.409
innoc,9.393
although,9.337
hollywood,9.310
thousand,9.308
lie,9.292
rememb,9.176
noth,9.157
e,9.147
a,9.146
becam,9.137
eventu,9.115
just,9.095
250,9.086
scholar,9.036
deliv,9.000
subject,8.996
close,8.991
revolutionari,8.986
highli,8.962
shall,8.948
posit,8.933
seem,8.918
law,8.888
feel,8.887
high,8.885
prohibit,8.863
famili,8.855
freedom,8.855
becom,8.833
hurt,8.821
enemi,8.810
visual,8.806
mention,8.804
sacr,8.784
natur,8.744
everi,8.729
research,8.709
rare,8.693
might,8.684
user,8.676
day,8.656
result,8.639
perspect,8.613
228,8.613
mankind,8.605
ye,8.593
odd,8.577
everyon,8.574
length,8.573
compuls,8.564
variou,8.547
conflict,8.536
beyond,8.497
listen,8.490
too,8.480
middl,8.464
persecut,8.458
big,8.454
due,8.440
forbidden,8.437
matter,8.416
buff,8.414
enjoy,8.398
handicap,8.387
ibn,8.385
went,8.360
prevent,8.330
defend,8.328
directli,8.326
shot,8.325
simpli,8.323
moslem,8.320
tax,8.317
nor,8.309
love,8.301
creed,8.298
woman,8.294
may,8.294
carri,8.257
state,8.251
alreadi,8.239
controversi,8.226
100,8.218
blind,8.215
and,8.210
anyon,8.207
mosqu,8.204
sound,8.168
omar,8.126
rule,8.126
topic,8.097
could,8.096
citi,8.068
compar,8.064
opinion,8.057
apostl,8.055
sword,8.046
brave,8.020
soul,7.981
forc,7.967
invis,7.957
fighter,7.952
hope,7.949
inspir,7.946
final,7.930
go,7.928
impact,7.923
damien,7.878
free,7.877
full,7.876
rather,7.823
surmount,7.817
answer,7.806
come,7.789
own,7.787
revel,7.779
couldn,7.758
enough,7.736
account,7.698
idol,7.693
effort,7.682
halloween,7.679
class,7.666
suffer,7.666
sourc,7.651
rever,7.649
countri,7.629
7,7.623
protest,7.620
tear,7.620
superb,7.597
higher,7.557
statu,7.551
place,7.524
obvious,7.518
saudi,7.500
short,7.499
two,7.457
ad,7.444
virtu,7.441
involv,7.423
us,7.419
poetri,7.403
unfortun,7.393
kinship,7.387
vadi,7.387
himself,7.369
writ,7.346
mao,7.306
isn,7.286
remak,7.272
long,7.261
better,7.240
map,7.233
definit,7.204
whitewash,7.164
2005,7.159
less,7.148
absenc,7.140
confus,7.135
move,7.117
establish,7.112
protect,7.107
provid,7.106
jordan,7.099
wife,7.092
enlighten,7.089
saddam,7.086
propagandist,7.071
certain,7.050
end,7.048
www,7.026
similar,7.021
brilliant,7.018
sent,7.014
practic,7.013
injustic,6.991
tackl,6.965
misrepres,6.961
achiev,6.952
especi,6.945
prejudic,6.906
impress,6.905
http,6.904
east,6.882
principl,6.881
base,6.875
54,6.874
our,6.867
els,6.864
locat,6.853
offend,6.838
thu,6.830
budget,6.827
compat,6.817
initi,6.804
hind,6.796
overal,6.782
cruelti,6.781
onc,6.774
enter,6.762
14,6.754
basic,6.747
along,6.746
felt,6.740
dub,6.714
bleep,6.685
otherwis,6.681
church,6.676
slightli,6.674
51,6.666
divid,6.665
get,6.664
immedi,6.663
victori,6.662
pretti,6.661
easier,6.650
challeng,6.645
stalin,6.639
fought,6.637
popular,6.633
heart,6.629
promot,6.627
8,6.627
aspect,6.618
inform,6.618
far,6.609
creator,6.609
lean,6.593
gospel,6.579
biggest,6.578
duti,6.574
dure,6.563
materi,6.563
everybodi,6.558
appeal,6.553
liber,6.552
anoth,6.533
spoken,6.522
realiti,6.515
burial,6.507
up,6.506
experi,6.477
turn,6.476
small,6.473
sweep,6.463
obedi,6.454
almost,6.452
share,6.438
put,6.435
protagonist,6.430
ironi,6.426
30,6.425
alik,6.415
despit,6.412
mose,6.412
fastest,6.412
illustr,6.407
lower,6.405
cinema,6.396
further,6.395
25,6.376
percentag,6.372
success,6.370
script,6.366
add,6.360
either,6.356
manag,6.349
appar,6.345
engag,6.325
letter,6.325
treat,6.324
happen,6.323
least,6.322
38,6.320
39,6.314
suggest,6.273
benefit,6.267
alway,6.266
dedic,6.263
yet,6.259
reach,6.236
name,6.226
exagger,6.222
fals,6.204
thirsti,6.199
unbias,6.199
someth,6.193
gullibl,6.188
univers,6.183
serious,6.177
thoma,6.176
again,6.167
realiz,6.164
associ,6.161
entertain,6.145
kind,6.139
certainli,6.139
sermon,6.127
background,6.114
grow,6.100
larg,6.100
abl,6.097
strang,6.091
written,6.081
introduct,6.076
refresh,6.061
blame,6.061
31,6.046
late,6.028
tv,6.027
remov,6.027
piti,6.020
accord,6.012
news,6.011
57,6.002
quo,6.002
destroy,5.988
set,5.984
militari,5.982
releas,5.980
forbid,5.977
agre,5.957
detractor,5.952
precis,5.952
whenev,5.951
bomber,5.948
later,5.947
choic,5.947
demonstr,5.944
wit,5.942
prayer,5.924
dilut,5.916
term,5.915
among,5.911
documentari,5.908
authent,5.901
allegedli,5.893
societi,5.891
reveal,5.885
slave,5.879
nt,5.852
obey,5.849
6th,5.845
com,5.816
factor,5.813
let,5.804
describ,5.795
abov,5.775
pure,5.768
brought,5.749
humanist,5.737
player,5.727
brief,5.727
risk,5.726
bomb,5.721
honor,5.698
johnni,5.697
met,5.695
death,5.691
peter,5.690
geniu,5.682
number,5.680
incred,5.679
write,5.679
expect,5.672
blood,5.668
censor,5.667
g,5.667
cream,5.656
area,5.648
piec,5.643
historian,5.636
adher,5.633
miss,5.631
palm,5.613
civil,5.605
complain,5.599
retel,5.589
screen,5.582
prestigi,5.581
financ,5.576
marri,5.569
wish,5.565
mayb,5.558
recogn,5.557
misunderstand,5.547
fairli,5.544
invok,5.540
count,5.528
gandhi,5.525
chunk,5.520
refus,5.517
visit,5.509
canon,5.507
wherev,5.503
sceneri,5.498
featur,5.495
etc,5.492
mainli,5.483
biopic,5.481
fit,5.476
restraint,5.469
root,5.463
appreci,5.460
back,5.452
author,5.430
voter,5.424
lush,5.422
unnecessarili,5.420
unparallel,5.411
therefor,5.403
direct,5.403
littl,5.390
q,5.387
huge,5.382
judg,5.373
submit,5.366
eye,5.365
margin,5.360
won,5.348
guess,5.347
happi,5.338
breathtak,5.338
deserv,5.335
current,5.334
myself,5.330
cross,5.322
join,5.318
weird,5.316
300,5.312
qisa,5.306
717,5.306
haram,5.306
kitaab,5.306
610,5.306
contrad,5.306
than70,5.306
lobbyst,5.306
mubaarakpuri,5.306
gaith,5.306
hazrat,5.306
wahhaab,5.306
gizya,5.306
incil,5.306
allahu,5.306
zulfiqar,5.306
quran5,5.306
sahaba,5.306
tevrat,5.306
oumsa,5.306
najashi,5.306
khadija,5.306
pergnant,5.306
garbiel,5.306
msa,5.306
ethsn5swjri,5.306
makkah,5.306
maybach,5.306
muttalib,5.306
zebur,5.306
prohet,5.306
medinian,5.306
synthi,5.306
ghaith,5.306
islamiyet,5.306
zayd,5.306
791,5.306
prohphet,5.306
rahmaan,5.306
prophethood,5.306
462,5.306
muzzein,5.306
biweekli,5.306
qur,5.306
298,5.306
magdelan,5.306
soleado,5.306
withhim,5.306
shahadah,5.306
worldth,5.306
juwairiya,5.306
safi,5.306
sahabba,5.306
makhtoom,5.306
kur,5.306
aqad,5.306
caba,5.306
medinah,5.306
walid,5.306
muhammar,5.306
argual,5.306
zainab,5.306
back2,5.306
378,5.306
raheeq,5.306
anbiya,5.306
jazaak,5.306
khair,5.306
akkhad,5.306
bedr,5.306
alikom,5.306
mukthar,5.306
bours,5.306
enoughand,5.306
dower,5.306
632,5.306
taid,5.306
talib,5.306
ghadaffi,5.306
ameen,5.306
muhamemd,5.306
laith,5.306
husssein,5.306
risalah,5.306
aqaad,5.306
tawhe,5.306
sb1,5.306
katheer,5.306
hadith,5.306
inspiredbymuham,5.306
zakah,5.306
enourmu,5.306
godsummar,5.306
sufyan,5.306
kaid,5.306
safiya,5.306
universalist,5.306
wrote,5.302
misunderstood,5.299
consist,5.298
accomplish,5.298
9,5.280
promis,5.280
biblic,5.276
futur,5.269
stone,5.263
sadden,5.261
system,5.258
behind,5.248
inclus,5.247
convers,5.230
friend,5.221
vibe,5.208
clumsi,5.199
continu,5.199
project,5.183
list,5.173
aura,5.166
element,5.165
proclaim,5.158
seventi,5.145
captiv,5.138
bush,5.115
avoid,5.114
limit,5.113
rais,5.108
essenti,5.108
2001,5.077
decid,5.067
lack,5.058
handl,5.046
labor,5.028
wors,5.017
costum,5.013
prevail,5.007
muammar,5.005
809,5.005
companin,5.005
hafiz,5.005
djihad,5.005
fatimah,5.005
amman,5.005
lebannon,5.005
ibrahim,5.005
rubilev,5.005
alaikum,5.005
obscurant,5.005
abdulaziz,5.005
bukhari,5.005
zefirelli,5.005
ethiopian,5.005
manner,5.002
total,4.999
honest,4.987
hardship,4.976
narrat,4.972
thought,4.971
concern,4.969
fierc,4.968
simpl,4.968
focus,4.943
websit,4.941
quickli,4.938
plot,4.928
justic,4.928
extrem,4.928
crew,4.925
the,4.922
complet,4.915
each,4.901
rich,4.896
seal,4.894
style,4.889
m,4.880
delic,4.877
here,4.875
critic,4.873
accuraci,4.867
check,4.864
save,4.857
fall,4.857
gestur,4.845
contradict,4.841
magnific,4.833
lawgiv,4.829
abd,4.829
polytheist,4.829
463,4.829
sawa,4.829
pdf,4.829
halal,4.829
sora,4.829
instead,4.826
outsid,4.822
swallow,4.815
perhap,4.813
fifth,4.812
saint,4.800
daughter,4.795
adequ,4.788
standard,4.787
mytholog,4.785
violenc,4.782
skill,4.779
rest,4.777
her,4.770
purpos,4.764
someon,4.756
gap,4.752
20,4.745
chop,4.745
garner,4.745
paus,4.741
imagin,4.731
remark,4.727
pg,4.710
summarythi,4.704
191,4.704
sociocultur,4.704
256,4.704
jpg,4.704
salam,4.704
deacon,4.704
fealt,4.704
268,4.704
monotheist,4.704
andri,4.704
valuabl,4.692
confirm,4.679
problem,4.678
6,4.675
serv,4.674
toler,4.674
usa,4.669
poor,4.668
die,4.650
period,4.648
artist,4.645
perceiv,4.635
difficulti,4.631
announc,4.628
famou,4.627
admit,4.625
ancient,4.613
furthermor,4.612
row,4.608
archangel,4.607
shud,4.607
caliph,4.607
quir,4.607
herod,4.607
glorifi,4.606
financi,4.605
emot,4.597
disappoint,4.596
clearli,4.589
fantast,4.584
oppress,4.577
priest,4.560
conceiv,4.555
nobl,4.549
suprem,4.544
emphas,4.538
salaam,4.528
abrog,4.528
syrian,4.528
hassan,4.528
imam,4.528
edu,4.528
fez,4.528
firstli,4.521
pass,4.507
until,4.501
prime,4.501
none,4.501
pro,4.499
phrase,4.491
pay,4.482
advis,4.482
court,4.474
acknowledg,4.467
hous,4.464
hod,4.461
optimu,4.461
321,4.461
plat,4.461
714,4.461
reduc,4.456
group,4.447
properli,4.447
lesser,4.446
embrac,4.417
20th,4.416
morel,4.403
coerciv,4.403
charismat,4.402
clear,4.391
reson,4.387
awkward,4.379
settl,4.371
fix,4.368
globe,4.367
cinemat,4.364
togeth,4.361
verif,4.352
islamist,4.352
infanticid,4.352
abdul,4.352
contextualis,4.352
occas,4.348
damag,4.334
sincer,4.332
guid,4.327
doesn,4.316
flaw,4.312
magdalen,4.306
partook,4.306
unproduc,4.306
star,4.303
advic,4.296
address,4.294
wherea,4.288
indulg,4.281
reminisc,4.280
devot,4.279
spell,4.272
ou,4.265
jihad,4.265
breadwinn,4.265
contemporari,4.259
upset,4.255
forest,4.248
guarante,4.246
goe,4.244
sin,4.239
neighbor,4.239
holiest,4.227
fissur,4.227
mainstream,4.226
threat,4.225
debat,4.221
cool,4.213
enorm,4.208
recent,4.206
yourself,4.200
portrayel,4.192
revolutionist,4.192
belov,4.192
ring,4.184
emperor,4.177
uniqu,4.173
deliber,4.167
nonetheless,4.161
saliva,4.160
hildyard,4.160
mountain,4.158
bound,4.156
ultim,4.139
prove,4.132
shutdown,4.130
falsif,4.130
orthodoxi,4.130
281,4.130
twelfth,4.130
patronag,4.130
emerg,4.124
integr,4.122
necessarili,4.122
ll,4.118
dvd,4.103
yen,4.102
ethiopia,4.102
brussel,4.102
clot,4.102
importantli,4.099
fine,4.089
site,4.085
modern,4.080
credit,4.080
epo,4.076
subset,4.076
taken,4.076
children,4.067
glori,4.057
emers,4.051
occident,4.051
leav,4.046
suicid,4.046
probabl,4.043
attempt,4.041
scenario,4.035
immens,4.031
speciou,4.028
helmer,4.028
rival,4.026
fool,4.023
imageri,4.018
parallel,4.017
recal,4.016
gem,4.013
ideal,4.008
gut,4.008
psalm,4.005
pelt,4.005
roman,4.004
load,4.003
essenc,4.003
hard,3.999
chosen,3.997
lock,3.990
white,3.988
paid,3.985
creation,3.980
commentari,3.978
sacrific,3.977
k,3.970
second,3.965
treati,3.964
cheesi,3.951
commerci,3.950
chevi,3.945
statesman,3.945
unbeliv,3.945
scarf,3.945
60,3.928
overli,3.927
fornic,3.926
indubit,3.926
special,3.926
hold,3.919
p,3.918
strongli,3.915
350,3.908
preemin,3.908
comfort,3.899
bridg,3.895
maintain,3.894
straightforwardli,3.891
observ,3.890
bear,3.877
notabl,3.877
prankster,3.875
stereotyp,3.871
joseph,3.866
nobli,3.859
143,3.859
grown,3.850
nice,3.847
edit,3.846
romcom,3.844
assasin,3.844
judaism,3.844
moroccan,3.844
complianc,3.844
legend,3.840
weapon,3.838
often,3.836
record,3.835
salom,3.829
bit,3.826
argu,3.820
anybodi,3.820
fake,3.817
scarciti,3.815
sing,3.810
haven,3.804
sect,3.801
impost,3.801
shirk,3.801
began,3.798
domin,3.797
male,3.796
reverend,3.788
truce,3.788
warmong,3.788
task,3.787
sever,3.776
past,3.775
steadfastli,3.775
instanc,3.769
40,3.766
rudolph,3.762
case,3.756
osama,3.750
strategist,3.750
poof,3.750
pamphlet,3.750
bigger,3.749
knowledg,3.744
action,3.744
ladi,3.738
light,3.736
sum,3.731
return,3.731
sentiment,3.729
ascrib,3.727
pilgrimag,3.727
bagpip,3.727
destruct,3.716
govt,3.715
chairman,3.715
capabl,3.710
effervesc,3.704
reassembl,3.704
scholarli,3.704
lost,3.703
logic,3.699
central,3.697
shadow,3.695
pictori,3.694
falsehood,3.694
v,3.693
specif,3.688
photographi,3.681
manipul,3.672
wear,3.672
reaction,3.670
07,3.663
spotti,3.663
ministri,3.663
rel,3.661
tenet,3.653
attract,3.652
multipl,3.651
realis,3.648
appear,3.640
industri,3.639
afraid,3.638
extraordinari,3.637
74,3.634
om,3.634
sugarco,3.634
usual,3.633
dare,3.631
copi,3.629
object,3.627
auda,3.625
side,3.624
mind,3.622
husband,3.615
disingenu,3.607
aa,3.607
donkey,3.607
cosmet,3.607
co,3.607
contrast,3.601
experienc,3.601
braver,3.599
catacomb,3.590
armchair,3.590
emancip,3.590
landlord,3.590
support,3.589
neither,3.587
evid,3.584
age,3.582
hide,3.581
deepli,3.580
ergo,3.574
villa,3.574
obstruct,3.574
underw,3.574
exodu,3.566
vitriol,3.566
content,3.560
seek,3.552
sandstorm,3.550
buddha,3.550
physician,3.543
citizen,3.538
pusher,3.535
interpret,3.530
orthodox,3.528
sidestep,3.528
everyth,3.525
abolish,3.521
silli,3.519
icon,3.517
81,3.514
jerusalem,3.514
develop,3.513
spent,3.509
drama,3.507
preoccup,3.507
modesti,3.507
50,3.504
prefer,3.502
acquisit,3.500
deiti,3.500
twice,3.496
okay,3.496
viral,3.493
celtic,3.493
notch,3.488
scriptur,3.487
fundamentalist,3.487
62,3.487
neg,3.486
potenti,3.485
victim,3.483
tepid,3.480
doctrin,3.480
secular,3.480
sanctimoni,3.480
ang,3.480
fatalist,3.480
anti,3.480
fluentli,3.474
fanatic,3.474
overstay,3.474
r,3.474
unequ,3.468
angl,3.462
necessit,3.461
ware,3.461
iffi,3.461
throughout,3.459
harmon,3.455
besid,3.455
passion,3.455
plu,3.452
nightli,3.449
sacrileg,3.449
destitut,3.449
12,3.446
constantin,3.443
chastis,3.443
discreet,3.437
caravan,3.437
corrupt,3.435
behead,3.431
08,3.431
napoleon,3.431
68,3.426
paul,3.424
studi,3.421
unwarr,3.420
race,3.417
hymn,3.414
tenant,3.414
decent,3.409
surpris,3.408
zealou,3.403
worth,3.400
reflect,3.400
older,3.399
drop,3.394
renounc,3.393
laudabl,3.393
common,3.388
53,3.387
iconographi,3.387
baptist,3.387
post,3.384
memo,3.382
slowli,3.381
draw,3.378
display,3.378
87,3.377
hurdl,3.372
erod,3.372
56,3.367
respons,3.366
honestli,3.365
marvel,3.365
82,3.362
360,3.362
rank,3.357
social,3.352
hand,3.348
11th,3.347
diplomat,3.347
jeann,3.347
care,3.347
dogma,3.343
energ,3.343
omen,3.338
laurel,3.338
slain,3.333
hindu,3.333
eden,3.333
adulter,3.333
monger,3.333
wring,3.333
next,3.332
camel,3.329
84,3.329
deris,3.329
overjoy,3.329
absolut,3.326
cover,3.323
spot,3.320
low,3.319
luster,3.315
earthli,3.315
unwillingli,3.315
affect,3.315
lukewarm,3.311
offenc,3.311
scare,3.309
mahatma,3.306
theolog,3.306
43,3.302
luther,3.302
video,3.297
unjustifi,3.294
approach,3.293
migrat,3.289
conformist,3.289
front,3.287
46,3.285
rectifi,3.285
miniseri,3.285
match,3.285
key,3.282
hd,3.277
sadder,3.277
totem,3.273
featurett,3.269
regard,3.266
verifi,3.265
martin,3.258
rubbl,3.257
blasphem,3.257
redempt,3.257
open,3.256
solid,3.256
egypt,3.253
disagr,3.249
ur,3.246
clich,3.246
founder,3.242
benefici,3.238
pope,3.238
misogynist,3.234
tidbit,3.234
terrif,3.234
snapshot,3.231
averag,3.230
languag,3.227
minor,3.226
satisfi,3.224
trustworthi,3.224
technic,3.222
team,3.221
seeker,3.220
lead,3.218
explor,3.217
insurmount,3.216
predomin,3.213
inconveni,3.213
vision,3.211
whatnot,3.206
discipl,3.206
physic,3.202
matrix,3.197
oppressor,3.196
agit,3.196
overview,3.186
fisherman,3.186
cocktail,3.182
37,3.182
stomp,3.182
advent,3.176
atheist,3.176
danger,3.172
busi,3.171
prejud,3.170
marx,3.170
52,3.166
introduc,3.166
truer,3.163
aren,3.159
million,3.158
34,3.157
discredit,3.154
hurrican,3.154
loot,3.151
unifi,3.148
wasnt,3.148
downplay,3.142
ok,3.140
precari,3.139
whisk,3.139
correl,3.136
shine,3.135
particular,3.133
tact,3.127
anomali,3.127
execut,3.126
relay,3.122
marlow,3.122
disadvantag,3.113
dessert,3.113
bellow,3.108
villian,3.105
identif,3.102
david,3.096
decad,3.096
synchron,3.094
subvert,3.092
buy,3.087
44,3.086
amount,3.084
merchant,3.081
statist,3.078
uniti,3.071
consumpt,3.068
sharif,3.066
trembl,3.061
usher,3.058
crux,3.058
nero,3.056
chore,3.053
cameraman,3.053
aristocrat,3.053
incit,3.051
yo,3.051
lord,3.050
control,3.048
pillar,3.046
kept,3.044
minut,3.043
defenc,3.039
ripoff,3.039
banish,3.039
shuffl,3.039
swap,3.037
issu,3.027
mostli,3.026
33,3.016
fountain,3.016
combin,3.015
spree,3.012
upris,3.012
macdonald,3.010
ghostli,3.007
wast,3.005
contain,3.004
hobbi,3.003
verit,3.003
design,3.000
palat,2.999
barbarian,2.997
700,2.992
anyth,2.992
slay,2.990
shoot,2.989
empow,2.988
myer,2.988
vacuum,2.984
jung,2.982
filmmak,2.979
inexperienc,2.970
detriment,2.958
sung,2.958
lest,2.956
kindli,2.956
tribul,2.954
blindli,2.952
distast,2.952
across,2.952
harass,2.950
moral,2.949
ritual,2.948
restless,2.948
forefront,2.945
tyrant,2.941
mug,2.939
democrat,2.939
hijack,2.939
abid,2.937
amazon,2.935
29,2.935
innat,2.935
heritag,2.935
fuse,2.935
lincoln,2.935
seriou,2.933
storylin,2.929
permit,2.928
unimport,2.926
infuri,2.924
nephew,2.919
ditch,2.917
apart,2.914
ratio,2.905
outstand,2.903
nobil,2.902
septemb,2.900
blossom,2.900
academ,2.896
andr,2.895
omiss,2.893
textbook,2.891
extermin,2.890
stilt,2.890
proudli,2.888
exceedingli,2.885
beef,2.885
dir,2.885
depth,2.884
88,2.880
shepherd,2.877
differenti,2.877
violent,2.875
tyranni,2.873
chanc,2.872
shaken,2.872
incorrect,2.867
intricaci,2.862
everytim,2.862
moment,2.860
convinc,2.860
cri,2.855
career,2.855
analys,2.847
ruler,2.847
hopelessli,2.847
simplest,2.847
earliest,2.845
approxim,2.845
squirm,2.839
thorough,2.839
orchestra,2.834
amid,2.832
correspond,2.831
stun,2.830
kwai,2.826
dug,2.823
1981,2.823
pollut,2.822
uncontrol,2.821
soundtrack,2.820
tangibl,2.819
themselv,2.808
delay,2.808
child,2.807
mimic,2.805
fugit,2.805
swamp,2.804
multitud,2.804
drawback,2.803
catastroph,2.801
alon,2.800
beard,2.797
mr,2.797
titl,2.795
jeffrey,2.792
caution,2.792
spectacularli,2.790
youtub,2.789
preacher,2.787
pander,2.785
unpreced,2.784
type,2.782
away,2.782
fail,2.780
devis,2.777
esteem,2.775
fill,2.774
violat,2.774
intoler,2.772
romp,2.772
frenzi,2.771
sydow,2.771
yourselv,2.767
footstep,2.764
walk,2.763
captur,2.761
shelf,2.759
streak,2.756
coupl,2.753
sit,2.750
exil,2.749
st,2.748
johnson,2.743
scriptwrit,2.742
occurr,2.741
assess,2.739
discard,2.738
trivia,2.737
singl,2.737
omit,2.736
didnt,2.735
thunder,2.733
lake,2.732
improb,2.730
chicken,2.730
seed,2.729
moder,2.729
unmatch,2.728
charlton,2.727
testimoni,2.727
gentleman,2.725
spooki,2.724
inaccur,2.723
dodg,2.721
bout,2.720
riski,2.720
talent,2.718
comment,2.718
openli,2.718
polici,2.714
denial,2.708
assert,2.706
laden,2.706
penetr,2.702
sad,2.699
salut,2.697
region,2.694
contract,2.694
freed,2.693
anchor,2.685
lowest,2.681
virgin,2.679
contempt,2.674
affirm,2.674
utmost,2.671
whistl,2.670
expans,2.667
rumor,2.666
hater,2.665
vocal,2.664
heartless,2.663
salvat,2.662
refuge,2.661
greek,2.661
standpoint,2.660
barbara,2.659
deal,2.658
broadcast,2.655
seduct,2.651
foe,2.651
gaze,2.650
mindset,2.646
realist,2.646
conform,2.645
occup,2.644
fund,2.643
renown,2.642
restrict,2.641
magnitud,2.639
triumphant,2.638
assumpt,2.637
pioneer,2.633
schizophren,2.632
imperson,2.631
household,2.629
sucker,2.628
28,2.628
lure,2.625
drunken,2.622
mislead,2.622
night,2.618
global,2.617
templ,2.613
oblig,2.613
howl,2.612
classifi,2.612
el,2.611
criticis,2.608
instruct,2.607
inch,2.607
righteou,2.607
eastern,2.606
tea,2.601
shortcom,2.599
21,2.596
comprehens,2.595
heston,2.590
spit,2.589
triniti,2.589
carnag,2.580
len,2.578
award,2.577
imo,2.576
win,2.576
servant,2.574
jealou,2.572
warfar,2.572
monoton,2.572
breakdown,2.570
custom,2.570
eleven,2.564
battlefield,2.563
properti,2.563
dwell,2.562
sand,2.561
1975,2.561
cut,2.561
hate,2.559
compens,2.559
recogniz,2.559
23,2.557
strictli,2.554
seldom,2.549
disregard,2.549
temptat,2.549
unconvinc,2.547
outlook,2.544
conduct,2.542
manifest,2.541
incident,2.541
interrupt,2.540
philip,2.538
perman,2.538
cabl,2.537
radic,2.534
lyric,2.534
crippl,2.532
distort,2.531
profess,2.529
alexand,2.527
19,2.524
health,2.522
mileston,2.522
worldwid,2.520
correctli,2.516
lieuten,2.513
devoid,2.512
tempt,2.512
fiction,2.511
money,2.509
mortal,2.507
document,2.507
phenomenon,2.506
chronicl,2.505
deem,2.504
sacrif,2.504
civilian,2.504
99,2.502
pierc,2.502
grandeur,2.502
afford,2.500
calib,2.499
sneak,2.498
tomorrow,2.497
bias,2.496
worn,2.495
cousin,2.493
agenda,2.489
lip,2.489
bollywood,2.488
wrath,2.484
blur,2.484
audio,2.482
aris,2.482
poverti,2.482
wholli,2.482
reign,2.481
unhappi,2.478
reviv,2.478
visionari,2.476
warner,2.476
bash,2.476
woo,2.474
hollow,2.471
tech,2.471
ideolog,2.468
item,2.465
oppon,2.464
barrel,2.463
equival,2.463
imaginari,2.456
politician,2.455
visibl,2.453
briefli,2.451
vibrant,2.448
egg,2.448
diamond,2.445
clash,2.441
rout,2.440
1979,2.435
ration,2.434
sunday,2.433
weakest,2.431
congratul,2.430
passag,2.430
durat,2.426
inher,2.425
wreck,2.424
revisit,2.419
art,2.418
econom,2.418
secondari,2.418
black,2.412
teeth,2.411
elsewher,2.409
greedi,2.407
preserv,2.407
inhuman,2.407
spoke,2.407
transfer,2.404
slaughter,2.403
thick,2.399
24,2.398
grey,2.398
consciou,2.397
replic,2.396
speechless,2.395
heartfelt,2.393
theme,2.392
enthusiast,2.390
distinguish,2.390
off,2.390
curios,2.389
staff,2.389
hero,2.389
declar,2.387
half,2.385
fundament,2.383
monti,2.382
liberti,2.380
fed,2.379
bu,2.379
radio,2.378
weather,2.376
queen,2.374
emphasi,2.374
fanat,2.374
cave,2.372
forti,2.372
decept,2.372
inconsist,2.371
harm,2.370
digniti,2.370
repeatedli,2.369
favour,2.368
kim,2.363
ethic,2.362
conscious,2.362
clock,2.360
von,2.360
san,2.359
ve,2.359
patienc,2.357
melodrama,2.356
contend,2.356
troop,2.354
princip,2.353
cloud,2.352
0,2.349
neck,2.347
coher,2.345
slap,2.345
immort,2.345
worthwhil,2.344
wipe,2.344
deriv,2.342
resort,2.341
stake,2.341
suppli,2.337
secondli,2.337
sensibl,2.337
admittedli,2.336
whoever,2.336
head,2.335
reluct,2.334
wooden,2.334
evolut,2.333
python,2.331
adopt,2.331
stark,2.330
tender,2.330
meaningless,2.330
per,2.327
meticul,2.325
downfal,2.324
legaci,2.324
taught,2.323
african,2.323
except,2.322
assembl,2.320
exhaust,2.320
coincid,2.317
rome,2.315
vital,2.312
closest,2.310
carl,2.310
john,2.309
revolut,2.309
linger,2.308
text,2.307
primarili,2.306
childish,2.305
lust,2.305
pose,2.300
lt,2.298
solut,2.297
assault,2.296
moon,2.293
judgment,2.291
format,2.288
portion,2.286
mystic,2.285
bland,2.282
choreograph,2.281
sink,2.281
18,2.281
defi,2.278
applaud,2.276
confin,2.275
reject,2.275
tediou,2.273
charisma,2.270
vagu,2.269
disast,2.269
stir,2.266
increasingli,2.265
sublim,2.265
detract,2.264
poetic,2.263
rear,2.262
monologu,2.260
brian,2.259
blast,2.259
distant,2.257
error,2.255
stolen,2.254
duel,2.253
yesterday,2.252
soft,2.251
backward,2.246
un,2.246
impli,2.246
run,2.245
snow,2.245
hopkin,2.244
tribut,2.242
await,2.239
lifestyl,2.239
code,2.237
gratuit,2.237
fatal,2.236
program,2.235
london,2.233
stole,2.233
jar,2.232
influenti,2.231
loyal,2.227
march,2.226
varieti,2.225
humbl,2.224
channel,2.223
infam,2.221
characterist,2.219
pressur,2.218
uplift,2.214
beaten,2.213
exchang,2.213
compass,2.212
confess,2.209
invit,2.205
wont,2.205
crusad,2.204
left,2.203
albeit,2.202
react,2.200
assign,2.200
possibl,2.197
braveheart,2.193
press,2.192
descript,2.191
span,2.191
basi,2.187
ambit,2.186
crucial,2.184
uncomfort,2.182
card,2.182
tini,2.182
portrait,2.179
imit,2.178
render,2.178
tree,2.175
forgot,2.175
incid,2.175
entir,2.173
presid,2.171
favorit,2.170
punish,2.170
indic,2.169
embodi,2.168
eeri,2.167
racism,2.166
urg,2.163
andrew,2.162
proof,2.162
persona,2.161
trial,2.160
struck,2.158
dazzl,2.158
proper,2.157
h,2.155
curiou,2.154
wave,2.153
hors,2.151
notion,2.150
medium,2.149
kudo,2.148
treasur,2.148
increas,2.147
keanu,2.144
lay,2.140
reev,2.137
facial,2.133
north,2.131
glimps,2.130
merit,2.125
appli,2.123
rave,2.122
bag,2.120
feet,2.119
tool,2.118
select,2.117
sole,2.113
supposedli,2.113
instantli,2.111
lewi,2.109
contact,2.107
theatric,2.106
par,2.105
pretenti,2.103
stock,2.102
chose,2.101
elev,2.101
stare,2.099
pretend,2.097
combat,2.097
sky,2.094
grasp,2.094
prior,2.092
forgiv,2.092
summari,2.091
lucki,2.091
link,2.089
paper,2.089
split,2.088
photograph,2.087
below,2.084
section,2.083
deadli,2.082
sixth,2.079
stood,2.078
proud,2.076
n,2.074
crack,2.073
anywher,2.073
marriag,2.071
poorli,2.067
amongst,2.065
sensit,2.064
dynam,2.062
thin,2.059
previous,2.058
pair,2.058
worker,2.057
independ,2.057
reput,2.057
aim,2.053
credibl,2.052
activ,2.048
altern,2.045
jewish,2.045
abandon,2.043
welcom,2.042
treatment,2.040
exact,2.038
sub,2.037
raw,2.034
excus,2.033
disagre,2.031
exploit,2.030
behavior,2.029
vs,2.028
badli,2.025
degre,2.025
model,2.024
astound,2.024
greatli,2.023
lifetim,2.021
13,2.020
chao,2.019
youth,2.016
nail,2.013
smoke,2.013
chapter,2.011
enhanc,2.011
hitler,2.010
arguabl,2.010
report,2.009
character,2.006
profound,2.006
blade,2.005
cant,2.004
extent,2.002
defeat,1.993
overlook,1.991
ador,1.991
idiot,1.986
river,1.983
context,1.983
excess,1.983
awaken,1.982
acclaim,1.982
store,1.982
italian,1.981
subtitl,1.980
cult,1.979
intellectu,1.979
fan,1.977
hunter,1.972
resist,1.972
dimension,1.969
teacher,1.969
celebr,1.967
sake,1.967
closer,1.967
circumst,1.965
guy,1.963
nowher,1.963
triumph,1.961
possess,1.961
goal,1.960
mediocr,1.958
astonish,1.958
gold,1.954
affair,1.950
justifi,1.949
dark,1.948
statement,1.947
keep,1.947
board,1.946
rob,1.946
understood,1.946
deni,1.945
replac,1.945
doubl,1.934
sight,1.934
overwhelm,1.931
crowd,1.929
philosoph,1.927
sexual,1.925
twenti,1.925
broken,1.925
gonna,1.924
demand,1.923
dislik,1.920
televis,1.919
hill,1.915
massiv,1.914
daniel,1.914
charg,1.912
frustrat,1.912
assum,1.908
student,1.908
extend,1.904
appropri,1.904
11,1.904
attitud,1.902
greater,1.900
legendari,1.898
hidden,1.898
abus,1.898
matur,1.894
classic,1.893
regret,1.889
pleasur,1.889
belong,1.887
70,1.883
constant,1.882
compos,1.882
sign,1.881
tend,1.881
interact,1.878
fellow,1.875
plain,1.875
noir,1.867
max,1.866
speech,1.863
hundr,1.860
condit,1.859
weren,1.856
grace,1.854
termin,1.854
mouth,1.853
center,1.853
fault,1.851
ident,1.848
burn,1.847
bloodi,1.845
loss,1.845
sick,1.844
grant,1.842
bond,1.841
unless,1.840
fell,1.838
opposit,1.837
earn,1.830
improv,1.829
govern,1.825
till,1.825
superior,1.821
separ,1.819
lesson,1.817
ship,1.817
richard,1.817
mess,1.816
test,1.816
green,1.815
wood,1.814
held,1.814
c,1.813
gain,1.808
loos,1.808
babi,1.807
fate,1.807
fair,1.805
frighten,1.805
accent,1.804
superhero,1.800
silent,1.798
road,1.796
compani,1.794
encount,1.789
bunch,1.788
tragic,1.787
technolog,1.786
pop,1.780
door,1.778
blockbust,1.778
local,1.774
constantli,1.772
amaz,1.771
extra,1.770
teenag,1.770
depart,1.770
la,1.770
former,1.768
15,1.767
overr,1.766
dull,1.766
wise,1.765
studio,1.764
techniqu,1.763
iron,1.760
bare,1.759
grand,1.759
creatur,1.759
drawn,1.758
bother,1.756
wide,1.755
sex,1.752
collect,1.748
strength,1.745
rush,1.741
shawshank,1.738
trailer,1.737
born,1.735
romant,1.735
balanc,1.733
arriv,1.731
aw,1.727
intent,1.726
familiar,1.723
progress,1.721
necessari,1.721
glad,1.721
mistak,1.721
tough,1.719
trust,1.717
repeat,1.716
public,1.715
defin,1.714
decis,1.712
franchis,1.711
b,1.711
empir,1.710
influenc,1.709
ground,1.709
discuss,1.708
symbol,1.701
shame,1.701
secret,1.697
whom,1.697
asid,1.694
genuin,1.693
roll,1.692
drag,1.692
straight,1.688
fli,1.685
frame,1.685
planet,1.680
lover,1.678
addit,1.673
breath,1.673
red,1.672
finest,1.666
era,1.665
o,1.664
requir,1.663
admir,1.660
throw,1.658
longer,1.652
catch,1.648
haunt,1.642
scorses,1.639
motion,1.628
town,1.627
land,1.623
mental,1.619
annoy,1.619
step,1.618
somehow,1.615
spirit,1.614
troubl,1.614
compel,1.609
narr,1.606
spectacular,1.604
travel,1.602
sorri,1.601
tone,1.596
intrigu,1.589
member,1.588
imposs,1.576
steal,1.571
godfath,1.568
refer,1.565
chase,1.562
song,1.559
beat,1.559
tension,1.554
connect,1.553
parent,1.549
conclus,1.546
four,1.538
date,1.537
bodi,1.535
normal,1.531
disturb,1.528
discov,1.526
prais,1.521
somewhat,1.518
actress,1.515
drug,1.513
obviou,1.508
game,1.502
ride,1.498
mix,1.497
earth,1.496
express,1.495
flick,1.491
insid,1.481
dramat,1.481
academi,1.476
magic,1.474
hell,1.473
offer,1.472
memori,1.472
finish,1.467
particularli,1.461
mark,1.454
jackson,1.451
oh,1.442
jack,1.441
near,1.436
lose,1.431
anyway,1.429
easi,1.428
third,1.425
novel,1.422
exactli,1.412
nomin,1.409
soon,1.409
escap,1.406
adventur,1.401
son,1.398
wouldn,1.398
pull,1.394
self,1.393
knew,1.392
shock,1.391
stay,1.390
sequel,1.387
dead,1.385
toward,1.382
writer,1.381
mysteri,1.377
situat,1.377
remain,1.373
sort,1.370
suppos,1.367
break,1.364
brother,1.350
build,1.350
sometim,1.349
awesom,1.348
humor,1.339
comic,1.338
forget,1.337
slow,1.336
deep,1.335
theater,1.316
hit,1.313
master,1.310
attent,1.299
excit,1.292
genr,1.285
dream,1.280
ask,1.277
evil,1.263
pace,1.255
level,1.246
girl,1.238
comedi,1.237
stop,1.237
wait,1.210
twist,1.201
kid,1.187
dialogu,1.168
bore,1.144
young,1.047
sens,1.010
oscar,1.006
down,0.875
