kubrick,1971.000
war,1687.731
vietnam,1619.333
jacket,1554.515
metal,1433.606
pyle,1328.897
marin,1246.080
hartman,1065.354
ermey,1012.828
joker,922.273
drill,872.229
train,866.385
boot,843.579
camp,838.052
full,824.682
soldier,809.259
half,762.097
modin,751.906
onofrio,710.949
recruit,667.296
sergeant,649.771
privat,644.487
stanley,634.869
instructor,550.698
sniper,545.542
lee,543.150
platoon,529.107
part,503.179
second,481.723
vincent,420.194
first,416.554
pvt,414.158
r,401.214
fmj,377.710
film,377.454
militari,374.865
kill,363.450
matthew,352.242
he,349.718
d,346.268
gomer,340.941
hi,323.553
scene,322.108
we,321.615
as,315.373
corp,306.045
s,297.819
they,296.697
show,295.889
vietnames,290.744
gunneri,289.121
are,285.352
men,278.832
sgt,273.466
combat,272.623
parri,266.516
into,265.239
dehuman,256.206
you,255.563
basic,253.681
wa,248.832
their,244.339
two,239.987
movi,235.013
island,234.326
apocalyps,231.665
by,231.437
t,227.068
tet,224.893
most,223.734
on,223.490
through,222.961
at,221.487
or,218.643
how,217.263
one,213.163
there,212.218
about,211.324
us,210.216
from,209.782
other,209.727
hue,206.778
with,206.758
what,205.838
like,204.144
which,203.248
who,203.158
dure,202.366
i,199.343
be,199.064
but,198.647
nam,198.030
mani,197.704
then,197.129
them,196.617
when,195.928
not,194.776
have,193.369
veri,193.058
no,192.350
human,191.206
cowboy,190.760
in,190.509
brutal,190.488
that,189.273
now,187.532
some,185.923
out,185.709
shot,185.221
were,184.757
an,183.865
charact,183.080
anti,182.678
hell,181.126
becaus,180.305
made,180.232
machin,177.112
more,176.176
get,175.179
ha,174.668
just,173.160
realli,173.141
great,172.198
mickey,172.018
onli,171.969
for,171.509
where,171.211
feel,168.216
fight,168.092
all,167.857
killer,167.200
these,166.531
do,166.304
been,164.207
see,164.159
make,163.405
real,162.616
also,161.651
becom,161.638
much,161.110
best,160.270
hasford,159.089
battl,159.039
so,158.024
peopl,157.876
ever,157.277
him,156.749
good,155.636
end,155.563
here,155.190
use,154.625
shoot,153.934
than,153.877
depict,153.626
seem,153.092
mous,152.968
my,152.280
had,152.218
take,151.644
think,151.042
is,150.511
look,149.704
still,149.639
up,148.713
experi,147.898
can,147.876
me,147.206
perform,147.037
ani,147.018
actual,146.582
after,146.150
way,145.977
well,145.505
say,145.293
differ,144.549
go,144.293
10,143.600
armi,143.445
young,142.398
if,142.229
even,141.954
follow,141.328
know,140.860
would,138.858
offens,137.611
american,137.211
rafterman,136.794
dualiti,136.582
troop,136.506
seen,136.499
baldwin,136.465
act,136.321
befor,136.002
peac,135.290
realist,134.932
doesn,134.666
want,134.113
time,133.793
give,133.677
doe,133.546
arliss,132.968
work,132.174
turn,131.371
viet,130.326
point,130.093
watch,129.000
group,128.970
those,128.429
ryan,128.207
1987,127.527
man,127.490
horror,126.821
while,126.486
line,126.236
could,125.804
section,124.971
born,124.945
though,124.496
don,124.275
squad,124.275
sequenc,124.264
play,123.917
leonard,123.601
our,123.598
final,123.355
action,122.789
clockwork,122.056
camera,122.041
to,121.204
orang,120.931
same,120.797
effect,120.566
barrack,120.332
helmet,120.325
anoth,120.036
halv,119.532
never,119.414
down,119.055
of,118.975
view,118.897
howev,118.560
thing,118.483
it,118.173
such,118.053
battlefield,117.891
your,117.096
over,116.536
set,116.252
will,116.241
come,116.191
too,114.803
rifl,114.632
intens,114.505
song,113.825
direct,113.453
lot,113.357
off,113.105
director,113.026
better,112.944
enemi,112.762
adam,112.373
segment,112.361
interest,112.037
place,111.914
memor,111.637
nicknam,109.423
put,109.401
did,109.392
strangelov,108.686
disturb,108.518
messag,108.333
didn,108.308
start,107.591
conflict,107.556
tri,107.253
person,107.003
both,106.717
face,106.408
should,106.402
eye,106.224
portray,106.177
timer,106.021
re,105.548
isn,105.128
hard,104.981
2001,104.916
life,104.522
himself,104.215
rather,103.933
alway,103.840
whole,103.832
ve,103.774
begin,103.388
mother,103.200
masterpiec,103.196
thi,103.180
power,102.893
reason,102.891
everi,102.570
anim,102.183
prepar,102.055
quit,102.028
gun,101.660
minut,101.420
1968,101.349
howard,101.001
almost,100.470
ermi,100.133
divid,99.980
done,99.559
stori,99.378
dehumanis,99.176
rest,99.123
viewer,99.096
excel,99.062
audienc,98.377
individu,98.222
probabl,98.033
fact,97.738
bootcamp,97.226
hartmann,97.225
citi,96.811
may,96.761
name,96.506
lawrenc,96.430
funni,96.330
itself,95.408
glori,95.329
few,95.294
littl,94.703
noth,94.319
around,94.184
shine,94.064
mental,93.923
sens,93.884
short,93.737
save,93.504
new,93.266
di,92.718
complet,92.409
whi,92.132
dorian,91.901
harewood,91.170
favorit,91.146
again,90.962
last,90.337
bad,90.147
head,89.881
prostitut,89.267
mean,89.251
abus,89.187
goe,89.114
onc,89.033
focus,88.979
between,88.722
yet,88.518
gustav,88.314
job,88.021
path,87.984
pictur,87.817
a,87.102
happen,86.712
said,86.707
carolina,86.577
live,86.456
report,86.388
process,86.192
must,86.033
overweight,85.954
kind,85.949
world,85.883
entir,85.848
insult,85.844
greatest,85.264
someth,85.156
journalist,85.052
deal,85.047
die,84.871
later,84.448
serv,84.132
exampl,84.107
stripe,84.057
without,83.963
find,83.863
year,83.650
guy,83.422
less,83.398
instead,83.253
although,82.996
call,82.828
deer,82.579
countri,82.398
classic,82.358
music,82.275
bit,82.258
brilliant,82.209
simpli,82.188
far,82.139
side,82.138
black,82.016
anyth,81.792
unit,81.430
transform,81.405
each,81.363
humili,81.302
true,81.254
thought,81.185
strong,81.076
harsh,80.751
creat,80.705
fellow,80.611
humor,80.356
march,80.126
violenc,80.096
love,80.047
sing,80.001
truli,79.821
role,79.575
realiti,79.479
psycholog,79.467
style,79.452
emeri,79.279
clear,79.035
oswald,79.008
stand,78.980
sent,78.905
m,78.895
shave,78.647
death,78.540
especi,78.376
build,78.274
emot,78.143
dr,78.017
long,77.450
order,77.351
talk,77.316
amp,77.208
open,77.069
own,77.007
physic,76.852
gener,76.846
compar,76.612
idea,76.327
2,76.269
comment,76.102
understand,76.082
mouth,75.968
main,75.916
england,75.909
tough,75.615
theme,75.363
believ,75.064
field,75.056
overal,74.605
pretti,74.383
actor,74.292
sinc,74.163
ll,74.127
went,74.043
pile,73.762
got,73.723
major,73.683
tell,73.613
base,73.338
definit,73.067
hunter,72.975
alreadi,72.975
under,72.685
shock,72.310
opinion,71.365
perfect,71.171
rememb,71.115
aliv,70.961
lack,70.813
cold,70.709
am,70.307
insan,70.295
worth,70.258
wide,70.181
civilian,70.100
certainli,69.982
boy,69.958
bore,69.765
symbol,69.725
fat,69.452
mad,69.284
word,69.251
meet,69.064
situat,68.844
clearli,68.831
found,68.827
leav,68.784
lose,68.680
laugh,68.250
fail,68.107
hand,68.070
throughout,68.036
moral,67.820
and,67.742
moment,67.680
sound,67.675
suffer,67.462
particularli,67.220
right,67.152
move,67.108
mind,67.006
help,66.998
back,66.985
warfar,66.860
involv,66.811
slow,66.807
away,66.762
suicid,66.761
impress,66.750
sever,66.704
often,66.487
present,66.477
enjoy,66.347
except,66.182
suppos,65.620
shown,65.252
correspond,65.106
chang,64.988
natur,64.955
sargent,64.933
authent,64.914
pari,64.832
learn,64.667
state,64.637
dark,64.273
dialogu,64.265
wear,64.258
felt,64.030
fire,63.966
perhap,63.775
u,63.633
anyon,63.601
south,63.413
least,63.220
cours,63.041
wasn,62.905
includ,62.835
rate,62.787
histori,62.641
herr,62.415
maggot,62.082
offic,62.078
jungl,62.001
former,61.868
profan,61.760
portion,61.722
master,61.589
subject,61.471
three,61.355
big,61.055
gunner,61.036
harrow,60.993
until,60.768
mathew,60.719
friend,60.563
expect,60.504
command,60.365
late,60.283
cut,60.173
sure,60.137
lead,60.069
mayb,60.032
question,60.016
ask,60.002
structur,59.922
pick,59.886
piec,59.813
geniu,59.663
stone,59.646
saw,59.474
quot,59.408
star,59.383
ultim,59.329
front,59.163
review,59.139
genr,59.123
america,59.105
1,59.100
incred,59.064
let,59.005
realism,58.470
captur,57.991
given,57.705
due,57.677
thin,57.662
usmc,57.659
total,57.488
gritti,57.205
possibl,57.122
hour,57.008
forc,56.910
9,56.761
screen,56.747
walk,56.648
normal,56.640
unforgett,56.637
matter,56.508
might,56.444
punish,56.419
observ,56.410
photograph,56.357
polit,56.293
top,56.220
hilari,56.217
left,56.179
problem,56.132
women,56.125
critic,56.041
climax,55.834
plot,55.619
aspect,55.592
everyon,55.255
focu,55.220
along,55.092
close,55.067
highli,55.055
kevyn,54.953
came,54.656
everyth,54.642
crazi,54.507
eightbal,54.501
5,54.300
brilliantli,54.237
surviv,54.200
enough,54.149
novel,54.028
shut,53.921
recommend,53.880
rank,53.711
readi,53.654
keep,53.545
written,53.514
intent,53.513
someon,53.509
forget,53.481
either,53.390
fan,53.389
singl,53.367
result,53.271
absolut,53.217
join,53.185
realiz,53.013
vision,52.989
raw,52.891
separ,52.757
period,52.677
case,52.586
none,52.511
odyssey,52.500
wonder,52.486
blood,52.429
purpos,52.402
entertain,52.230
need,52.128
bring,51.744
extrem,51.743
among,51.724
grunt,51.635
cover,51.510
lbj,51.280
imag,51.264
cast,51.190
shout,51.134
toward,51.127
coppola,51.103
day,51.069
accur,50.875
remain,50.813
comedi,50.730
sort,50.688
statement,50.634
lost,50.609
flaw,50.303
vc,50.149
innoc,50.094
despit,50.017
progress,49.919
hate,49.900
dead,49.848
paint,49.746
bomb,49.583
spoiler,49.582
outstand,49.345
space,49.257
documentari,49.232
helicopt,49.200
els,49.194
drama,49.102
care,49.086
mention,49.052
8,49.040
detail,48.997
yell,48.930
violent,48.876
solid,48.846
script,48.808
typic,48.649
add,48.335
brainwash,48.314
girl,48.281
perfectli,48.257
disappoint,48.256
bullet,47.931
traine,47.914
amaz,47.829
foul,47.805
next,47.752
themselv,47.740
filmmak,47.671
haunt,47.610
credit,47.595
against,47.490
near,47.384
sometim,47.206
clich,47.060
allow,47.038
fantast,46.989
fear,46.958
joke,46.925
london,46.901
languag,46.789
home,46.655
truth,46.622
fit,46.545
gunni,46.499
scream,46.468
button,46.440
vietcong,46.412
narrat,46.405
doubt,46.311
deliv,46.287
wrong,46.256
event,46.206
interview,46.142
bodi,46.045
member,46.040
run,46.029
duti,46.020
hit,45.941
pain,45.916
term,45.840
read,45.748
confront,45.738
hold,45.718
becam,45.684
develop,45.675
superb,45.581
easili,45.573
note,45.537
continu,45.487
write,45.431
ye,45.420
carri,45.412
mostli,45.396
screw,45.299
buddi,45.190
sign,45.147
red,45.132
took,45.100
known,44.593
inde,44.247
attack,44.147
ass,44.079
assign,43.996
split,43.839
shift,43.817
equal,43.794
communist,43.730
obvious,43.606
express,43.350
conclus,43.301
patriot,43.286
stop,43.280
o,43.276
thank,43.239
atmospher,43.225
contrast,43.216
pull,43.213
agre,43.190
veteran,43.146
worthless,43.131
wish,43.129
uniqu,43.123
wit,43.077
commit,43.062
45,43.034
qualiti,42.973
whose,42.936
visual,42.929
third,42.735
e,42.687
upon,42.650
aren,42.641
eventu,42.539
togeth,42.519
cannot,42.498
strip,42.487
regard,42.452
stage,42.416
soundtrack,42.301
told,42.272
tour,42.268
pin,42.252
describ,42.015
comparison,41.996
tension,41.970
tortur,41.930
graduat,41.799
brought,41.680
era,41.619
push,41.606
tone,41.484
struggl,41.470
small,41.430
unfortun,41.402
repres,41.396
davi,41.391
consid,41.302
cinematographi,41.283
hair,41.272
usual,41.169
finish,41.067
ground,41.005
thu,40.981
remark,40.969
the,40.964
appreci,40.948
exactli,40.946
similar,40.723
ironi,40.698
refer,40.693
behind,40.669
central,40.663
stereotyp,40.649
bloodi,40.590
night,40.579
enter,40.572
heard,40.569
miss,40.546
wouldn,40.541
iron,40.487
old,40.461
kid,40.369
ordinari,40.307
technic,40.276
origin,40.239
abl,40.239
pace,40.169
desir,39.959
disciplin,39.929
sadist,39.911
art,39.905
honest,39.895
wound,39.891
unlik,39.710
mistak,39.573
middl,39.500
whether,39.463
2nd,39.445
taken,39.397
seargent,39.261
remind,39.068
attent,38.981
detach,38.975
journey,38.967
appear,38.824
guess,38.767
averag,38.762
loss,38.739
prove,38.570
inhuman,38.504
sit,38.503
ruin,38.497
dramat,38.496
rivet,38.481
featur,38.466
illustr,38.439
sorri,38.422
weapon,38.379
core,38.287
urban,38.230
background,38.212
break,38.196
hooker,38.108
manag,38.093
engag,37.952
apart,37.887
issu,37.840
worst,37.821
high,37.762
suck,37.760
terrifi,37.754
stress,37.728
gave,37.709
locat,37.690
tv,37.672
fall,37.639
fought,37.608
type,37.561
bunch,37.547
shape,37.543
asia,37.502
decent,37.494
zone,37.466
motion,37.444
mix,37.433
endur,37.417
reflect,37.395
drop,37.336
caus,37.269
sh,37.267
beauti,37.237
instinct,37.222
posit,37.221
latter,37.170
1st,37.164
easi,37.128
releas,37.077
lyndon,37.037
across,36.897
distinct,36.837
certain,36.660
blow,36.608
liner,36.598
strang,36.547
explos,36.541
affect,36.461
impact,36.446
concern,36.441
servic,36.429
introduc,36.412
stuff,36.399
arriv,36.347
occur,36.308
femal,36.306
self,36.227
voic,36.153
attitud,36.145
domin,36.071
draft,36.040
myself,35.981
nice,35.904
encount,35.775
harden,35.696
kubric,35.660
display,35.465
straight,35.454
stun,35.376
barri,35.332
handl,35.323
destruct,35.298
deserv,35.211
import,35.189
wors,35.116
80,35.066
7,35.064
horribl,35.061
maintain,35.048
sex,35.042
non,35.028
earli,35.002
prais,34.992
meaningless,34.950
within,34.941
street,34.925
expos,34.914
pointless,34.902
nor,34.898
light,34.869
earlier,34.789
absurd,34.758
jarhead,34.733
craze,34.724
treatment,34.674
broken,34.651
hero,34.634
senior,34.516
mass,34.474
destroy,34.429
nearli,34.423
answer,34.348
etc,34.328
notic,34.311
beat,34.297
ridicul,34.265
poor,34.235
round,34.141
ike,34.120
gni,34.120
north,34.103
neither,34.080
club,34.071
lie,34.070
horrifi,34.070
1980,33.988
tragic,33.954
form,33.952
famou,33.929
receiv,33.903
40,33.896
common,33.876
content,33.815
soon,33.812
stupid,33.805
meant,33.770
sad,33.739
phrase,33.679
mission,33.665
list,33.621
couldn,33.617
yourself,33.603
ho,33.599
alon,33.598
method,33.587
consist,33.557
satir,33.539
wayn,33.531
loud,33.505
indoctrin,33.379
deep,33.368
conscript,33.339
motiv,33.280
ident,33.256
burn,33.243
abov,33.207
treat,33.203
iraq,33.192
won,33.160
heart,33.144
touch,33.141
volunt,33.088
vulgar,33.048
futil,33.048
contain,33.046
cinema,33.044
react,33.002
brillianc,32.989
haven,32.970
balanc,32.925
particular,32.896
career,32.827
besid,32.818
product,32.724
consequ,32.677
c,32.640
connect,32.618
her,32.592
1967,32.560
kubrik,32.494
ball,32.478
therefor,32.417
amount,32.383
ourselv,32.351
respect,32.317
lusthog,32.252
glorifi,32.240
whom,32.236
compel,32.170
mr,32.162
protagonist,32.151
propaganda,32.045
sargeant,32.043
load,32.026
larg,32.023
control,32.006
area,32.004
constant,32.002
fill,31.904
skill,31.857
surpris,31.806
track,31.708
obviou,31.665
ten,31.615
today,31.570
graphic,31.567
wast,31.551
disjoint,31.362
transit,31.294
approach,31.288
3,31.275
number,31.242
100,31.228
choic,31.222
score,31.187
angl,31.159
level,31.158
cynic,31.132
support,31.108
pressur,31.055
boredom,31.028
nva,31.000
rigor,30.995
element,30.993
valu,30.984
highlight,30.965
obscen,30.904
repeat,30.895
surreal,30.894
vivid,30.879
snap,30.878
sir,30.788
imagin,30.754
whatev,30.741
effort,30.726
terrif,30.719
somehow,30.688
soap,30.628
whore,30.609
narr,30.509
roll,30.452
worthi,30.452
toilet,30.426
f,30.393
merciless,30.290
dialog,30.261
savag,30.260
pop,30.256
pass,30.047
slightli,30.034
convinc,30.027
finest,29.993
heavi,29.919
grip,29.891
book,29.885
drawn,29.881
complain,29.860
subtl,29.830
send,29.815
k,29.774
demonstr,29.719
weak,29.652
win,29.626
speak,29.624
intellig,29.574
terror,29.571
produc,29.463
horrif,29.446
hellish,29.371
titl,29.350
uneven,29.346
bathroom,29.331
familiar,29.292
perspect,29.284
figur,29.259
knew,29.233
advis,29.130
studi,29.077
colonel,29.062
infantri,29.012
avoid,28.980
rare,28.978
essenti,28.943
led,28.926
coupl,28.907
murder,28.888
account,28.868
john,28.865
pure,28.839
somewhat,28.835
gruesom,28.741
soul,28.731
convey,28.722
hear,28.691
pacifist,28.672
anybodi,28.647
combin,28.645
casualti,28.639
trademark,28.584
fun,28.575
addit,28.441
provid,28.425
bulli,28.414
pack,28.405
constantli,28.353
flick,28.332
portrait,28.330
immedi,28.320
awesom,28.302
attempt,28.288
ii,28.234
exist,28.198
nation,28.185
nomin,28.184
chapter,28.160
insid,28.147
bare,28.145
drive,28.103
rang,28.096
palm,28.067
system,28.045
air,28.008
verbal,27.988
reveal,27.956
traumat,27.939
hollywood,27.929
ain,27.922
strength,27.920
condit,27.890
ugli,27.890
everybodi,27.871
seriou,27.863
newspap,27.851
hardcor,27.794
project,27.645
cinemat,27.636
aw,27.627
nevertheless,27.534
tragedi,27.491
discov,27.460
tens,27.454
brain,27.407
return,27.360
outsid,27.327
superior,27.322
limit,27.269
mess,27.235
held,27.206
hire,27.133
children,27.116
cultur,27.073
drag,27.067
trap,26.976
liter,26.967
ignor,26.954
sheer,26.925
beyond,26.908
unknown,26.860
breath,26.764
downhil,26.759
trigger,26.719
target,26.711
mood,26.710
steal,26.710
lesser,26.678
manner,26.678
contradict,26.625
punch,26.619
weaker,26.599
relat,26.580
mine,26.576
provok,26.549
assisst,26.532
accept,26.519
6,26.491
scare,26.469
techniqu,26.451
past,26.427
surfin,26.420
clever,26.415
humour,26.412
chill,26.345
previou,26.339
practic,26.300
woman,26.265
cruel,26.264
psychot,26.217
four,26.151
vet,26.135
atroc,26.124
nang,26.113
incid,26.097
forti,26.090
degrad,26.031
forev,26.012
damag,26.005
clumsi,25.996
fine,25.899
misfit,25.846
screenplay,25.742
mold,25.732
35,25.724
defin,25.704
edit,25.641
improv,25.609
mainli,25.589
god,25.563
standard,25.530
special,25.520
success,25.481
comic,25.415
flawless,25.373
author,25.338
loos,25.311
frighten,25.270
recent,25.238
hamburg,25.232
experienc,25.204
lieuten,25.133
terribl,25.103
concret,25.102
hide,25.070
link,25.066
texa,25.063
adapt,25.050
deploy,25.042
offer,25.029
stay,25.028
beep,25.019
sergent,24.961
reach,24.943
suspens,24.914
gook,24.907
hardship,24.881
explain,24.833
comrad,24.816
inform,24.816
gruell,24.800
artist,24.772
she,24.754
torn,24.752
15,24.740
descent,24.726
admit,24.669
michael,24.663
key,24.617
hesit,24.612
materi,24.610
zoom,24.606
shouldn,24.571
patrol,24.546
jfk,24.526
rant,24.484
choos,24.447
fresh,24.415
juxtapos,24.358
anyway,24.285
snowbal,24.273
grave,24.251
bird,24.232
speech,24.216
spirit,24.210
sympathi,24.172
routin,24.139
fulli,24.137
weren,24.133
j,24.118
franci,24.113
weed,24.113
dozen,24.103
spectacular,24.064
revolv,24.046
scari,24.041
extent,24.022
twist,24.022
warn,24.011
lolita,23.991
cadet,23.979
tree,23.929
desensit,23.906
opposit,23.877
hope,23.846
oliv,23.842
improvis,23.775
nihilist,23.767
utter,23.765
asid,23.711
seemingli,23.619
simpl,23.598
outcom,23.569
honestli,23.558
nowher,23.551
suggest,23.524
seargeant,23.521
distanc,23.503
strict,23.490
writer,23.482
da,23.407
blown,23.393
smart,23.301
requir,23.285
notabl,23.263
five,23.259
environ,23.250
sinatra,23.206
forward,23.144
longer,23.134
psych,23.125
sexual,23.105
oh,23.074
tank,23.068
relationship,23.052
dislik,23.045
beckton,23.037
weird,23.035
biggest,23.022
gradual,23.004
class,22.999
match,22.996
crew,22.983
overr,22.960
flag,22.907
risk,22.905
exercis,22.885
icon,22.858
confus,22.832
decid,22.803
legendari,22.781
craft,22.765
evil,22.737
amongst,22.713
tradit,22.707
hardli,22.684
sarcast,22.683
potenti,22.650
instanc,22.617
troubl,22.594
distant,22.567
metaphor,22.554
share,22.534
wander,22.514
design,22.504
30,22.486
built,22.469
pay,22.410
sum,22.385
further,22.384
ad,22.331
movement,22.323
capabl,22.262
harvey,22.253
center,22.231
variou,22.223
chao,22.214
appar,22.208
favourit,22.200
nightmar,22.199
fairli,22.174
jungian,22.161
tast,22.152
nail,22.148
pound,22.147
20,22.144
unbalanc,22.143
rais,22.136
oscar,22.131
station,22.128
specif,22.127
societi,22.089
memori,22.075
1957,22.069
plenti,22.065
accord,22.044
stronger,22.032
magazin,22.030
slowli,21.977
excit,21.961
sharp,21.913
execut,21.880
4,21.873
scale,21.871
liber,21.841
darker,21.828
afraid,21.827
gentleman,21.803
test,21.788
anymor,21.765
phu,21.761
bai,21.761
intend,21.718
fate,21.685
eeri,21.668
concept,21.641
kennedi,21.634
60,21.605
spot,21.579
popular,21.558
damn,21.550
inevit,21.545
contriv,21.538
macarthur,21.532
compani,21.527
brass,21.513
correct,21.485
address,21.468
foot,21.459
justifi,21.439
cohes,21.391
lower,21.349
switch,21.323
protect,21.321
examin,21.317
color,21.306
heartless,21.303
ago,21.260
hint,21.211
accomplish,21.192
dull,21.188
whitman,21.136
bunk,21.084
check,21.078
reli,21.017
stare,20.993
collect,20.975
soil,20.947
random,20.904
victim,20.900
stick,20.876
seri,20.865
blanket,20.846
tale,20.838
deliber,20.834
construct,20.829
amus,20.807
nonetheless,20.803
sadli,20.800
primarili,20.753
tight,20.691
academi,20.662
chubbi,20.658
touchdown,20.651
east,20.645
dynam,20.621
award,20.618
weight,20.616
odd,20.585
aim,20.528
echo,20.522
latrin,20.511
succeed,20.506
accompani,20.470
ok,20.408
week,20.407
modern,20.401
talent,20.388
cong,20.387
barber,20.371
poetic,20.370
masteri,20.367
room,20.361
nanci,20.299
ammunit,20.262
soft,20.259
senseless,20.249
uniform,20.249
y,20.226
crap,20.194
depth,20.188
huge,20.181
dispatch,20.159
comed,20.152
fdr,20.138
drafte,20.138
rel,20.136
ego,20.133
gone,20.062
otherwis,20.042
gut,20.038
recreat,20.032
happi,20.018
wartim,20.014
lesson,19.988
date,19.977
gulf,19.972
object,19.948
ga,19.931
perfectionist,19.929
poster,19.913
commentari,19.889
de,19.832
thumb,19.798
kept,19.787
devast,19.765
swear,19.753
merci,19.740
theater,19.734
unflinch,19.705
judg,19.701
hadn,19.699
edg,19.685
1960,19.645
mediocr,19.584
strike,19.559
tactic,19.539
town,19.523
identifi,19.515
accuraci,19.469
achiev,19.465
seven,19.461
wrote,19.441
dumb,19.426
wise,19.419
french,19.417
interpret,19.414
wait,19.357
foreign,19.353
bother,19.311
spent,19.299
locker,19.278
philosoph,19.274
lay,19.257
numer,19.215
letdown,19.184
neg,19.170
sarg,19.146
fascin,19.136
journal,19.134
presenc,19.086
fake,19.086
gi,19.075
voiceov,19.075
honor,18.993
began,18.991
met,18.984
male,18.978
depot,18.939
task,18.936
necessari,18.935
version,18.915
yard,18.915
imposs,18.915
culmin,18.907
mark,18.896
analysi,18.887
safe,18.884
insight,18.879
blend,18.839
prior,18.831
gysgt,18.817
dealt,18.790
interact,18.784
ambigu,18.753
oppos,18.753
deadli,18.734
shooter,18.730
monster,18.723
caught,18.700
usa,18.677
1986,18.675
crack,18.656
anywher,18.653
relentless,18.640
onto,18.636
parti,18.628
abil,18.620
genuin,18.619
thousand,18.617
angri,18.615
halfway,18.614
thru,18.606
draw,18.581
ross,18.558
viscer,18.539
frame,18.535
useless,18.532
signific,18.530
heroic,18.521
gruel,18.517
conform,18.512
poignant,18.508
dichotomi,18.440
semper,18.430
harder,18.427
ultra,18.427
resolut,18.409
school,18.342
pan,18.300
montag,18.288
admir,18.264
failur,18.250
rock,18.235
throw,18.233
deeper,18.225
degre,18.224
blame,18.183
ship,18.170
prop,18.142
lockhart,18.113
furst,18.113
brotherhood,18.111
bark,18.111
imageri,18.081
ruthless,18.069
piti,18.060
profound,18.052
virtual,18.048
suddenli,18.034
strongest,18.023
breakdown,17.990
impli,17.968
flow,17.942
epic,17.940
evid,17.921
age,17.909
bar,17.893
program,17.879
ceas,17.859
precis,17.855
hello,17.853
context,17.844
bizarr,17.844
dolli,17.843
relev,17.837
step,17.798
enlist,17.790
current,17.779
establish,17.779
law,17.776
victori,17.766
seek,17.759
unrel,17.743
difficult,17.735
satisfi,17.733
trivial,17.708
beaten,17.703
explor,17.696
circumst,17.682
folk,17.668
hurt,17.643
moron,17.637
democrat,17.634
pray,17.608
promis,17.599
racist,17.582
storylin,17.572
permit,17.568
comfort,17.544
sixti,17.544
beret,17.535
bridg,17.527
prefer,17.511
ammo,17.501
predict,17.486
okay,17.480
maker,17.464
uncomfort,17.460
badg,17.419
ran,17.380
reunit,17.371
imdb,17.369
leader,17.324
gonna,17.316
empti,17.309
month,17.290
britain,17.281
chanc,17.235
hill,17.231
inspir,17.217
glad,17.212
notion,17.203
hack,17.203
contribut,17.173
appropri,17.134
cri,17.128
ton,17.126
nativ,17.122
queer,17.099
witti,17.083
boobi,17.071
bitter,17.051
1979,17.048
gate,17.043
towel,17.016
initi,17.009
appli,16.982
listen,16.980
upbeat,16.941
select,16.939
complex,16.925
obstacl,16.915
orient,16.904
plain,16.872
mere,16.851
heat,16.851
eight,16.835
slaughter,16.823
pretenti,16.822
mid,16.792
remorseless,16.785
lucki,16.730
distinguish,16.729
utterli,16.694
showdown,16.685
absenc,16.660
instil,16.649
somebodi,16.634
ongo,16.626
challeng,16.613
driven,16.606
incomplet,16.596
intim,16.592
n,16.591
flash,16.571
english,16.551
heavili,16.536
game,16.524
everywher,16.522
cloth,16.522
dual,16.522
marksmanship,16.521
retain,16.499
sceneri,16.494
previous,16.463
quickli,16.461
earth,16.451
dilemma,16.451
referenc,16.422
static,16.422
racial,16.418
dvd,16.412
spend,16.395
torment,16.385
se,16.373
floor,16.372
admittedli,16.355
undoubtedli,16.353
abandon,16.347
plan,16.344
green,16.339
unabl,16.338
grate,16.329
muddl,16.325
price,16.317
smartass,16.304
per,16.291
ordeal,16.272
meticul,16.272
disagre,16.248
exploit,16.243
16,16.240
co,16.230
commun,16.229
aimless,16.228
episod,16.224
amazingli,16.219
wrap,16.206
brother,16.203
annoy,16.192
greatli,16.183
road,16.166
hat,16.165
truman,16.147
ancient,16.144
dirti,16.143
minor,16.131
youth,16.127
unnerv,16.124
nobodi,16.112
team,16.104
uncompromis,16.086
disorient,16.082
assault,16.075
meander,16.074
remov,16.072
simplist,16.052
brave,16.041
cost,16.027
inflict,16.019
belittl,15.996
local,15.966
potent,15.954
ed,15.948
represent,15.944
freedom,15.938
ex,15.928
grade,15.923
lennord,15.919
youngster,15.913
intrigu,15.892
idiot,15.886
vagu,15.880
silli,15.837
steer,15.811
dog,15.801
proce,15.800
alia,15.786
owe,15.738
closer,15.735
organ,15.729
slave,15.677
concentr,15.669
instruct,15.644
pragmat,15.637
slip,15.636
doughnut,15.634
laughter,15.603
categori,15.601
surfac,15.595
ill,15.587
cheap,15.528
diego,15.500
flat,15.485
plung,15.483
carnag,15.478
belief,15.476
undergo,15.473
sight,15.470
cool,15.449
shoe,15.439
naiv,15.427
suspect,15.427
darkli,15.420
decis,15.412
scath,15.405
nasti,15.366
dream,15.363
reson,15.354
press,15.345
sardon,15.329
henc,15.326
shame,15.305
dri,15.303
sourc,15.302
charg,15.297
frustrat,15.294
argu,15.280
heroism,15.267
grow,15.250
inabl,15.244
protest,15.240
perman,15.231
post,15.226
surround,15.212
grab,15.207
lyric,15.204
greater,15.204
indic,15.183
embodi,15.174
respons,15.147
barrag,15.138
qualifi,15.126
thrust,15.126
higher,15.114
robot,15.111
fast,15.092
search,15.085
w,15.085
wave,15.074
fade,15.072
devoid,15.071
versatil,15.067
70,15.065
tend,15.045
string,15.038
nofrio,15.016
gunnari,15.016
nixon,15.016
phenomen,15.014
secur,15.013
invent,15.004
injur,14.997
bigger,14.996
glorif,14.994
reminisc,14.979
bro,14.953
stroke,14.953
heck,14.944
low,14.937
surprisingli,14.902
indiffer,14.901
bravado,14.900
fi,14.894
subsequ,14.872
tick,14.847
whip,14.843
video,14.836
en,14.835
catch,14.828
gear,14.824
hollow,14.824
unpleas,14.820
doesnt,14.820
chant,14.810
fault,14.808
yeah,14.805
band,14.802
mainstream,14.791
midst,14.768
chaotic,14.768
obes,14.752
creativ,14.746
tune,14.733
unless,14.719
navi,14.714
refus,14.711
chose,14.706
unthink,14.676
belov,14.670
ear,14.655
crimin,14.655
centuri,14.652
summari,14.639
earn,14.637
kinda,14.626
uk,14.616
attract,14.606
govern,14.603
blank,14.602
realis,14.592
juli,14.584
ford,14.575
defend,14.575
blackli,14.574
directli,14.571
miseri,14.560
condemn,14.553
durat,14.553
extraordinari,14.549
wreck,14.543
induct,14.537
opportun,14.536
frequent,14.535
factori,14.529
employ,14.524
superbl,14.522
worri,14.517
impos,14.512
mesmer,14.503
korea,14.499
shallow,14.498
seargant,14.488
rottencrotch,14.488
milsom,14.488
1964,14.482
fals,14.476
poorli,14.471
gain,14.465
scenc,14.465
ostens,14.449
dont,14.442
fair,14.442
regular,14.431
tall,14.426
necessarili,14.426
assassin,14.402
branch,14.399
thick,14.394
amplifi,14.391
famili,14.390
associ,14.376
mise,14.375
respond,14.358
countless,14.337
exact,14.269
slang,14.258
convent,14.246
uninterest,14.246
rambo,14.242
climact,14.231
quarter,14.231
regardless,14.187
badli,14.177
topic,14.169
extra,14.163
nois,14.148
pit,14.136
scenario,14.122
abigail,14.113
quonset,14.113
poontang,14.113
smoke,14.092
ventur,14.070
smile,14.039
confirm,14.038
overshadow,14.022
hail,14.016
kick,14.006
rebuilt,14.001
alright,13.991
gotten,13.989
twice,13.984
stark,13.983
hal,13.977
alien,13.976
notch,13.952
jelli,13.947
taught,13.939
fighter,13.917
univers,13.911
excess,13.879
aggress,13.875
relief,13.874
furthermor,13.835
dockland,13.822
fiction,13.812
plu,13.809
contrari,13.807
recov,13.807
doom,13.803
entri,13.784
composit,13.776
lone,13.771
abyss,13.762
viciou,13.738
pessimist,13.726
goal,13.723
length,13.716
p,13.715
strongli,13.702
trivia,13.685
rip,13.682
em,13.667
discuss,13.661
incap,13.639
discharg,13.635
stanc,13.627
spare,13.616
artsi,13.616
singular,13.604
nightmarish,13.588
compassion,13.582
shockingli,13.576
polici,13.571
teamwork,13.570
access,13.561
cruelti,13.561
filmographi,13.549
pimp,13.549
nine,13.538
error,13.531
phoni,13.516
disgust,13.510
14,13.508
eas,13.506
clean,13.463
ussr,13.428
record,13.424
fatal,13.418
quiet,13.408
massiv,13.400
somewher,13.387
gs,13.384
kubick,13.384
rent,13.383
facil,13.375
rough,13.367
doc,13.359
bang,13.348
unfocus,13.333
skirmish,13.315
page,13.299
hidden,13.283
unpopular,13.278
compass,13.271
gather,13.255
mindset,13.232
g,13.223
window,13.213
appos,13.210
courag,13.209
unseen,13.190
compos,13.171
imperson,13.157
mechan,13.150
22,13.144
aimlessli,13.141
divis,13.139
symbolis,13.124
arc,13.121
sooner,13.117
macho,13.108
spartacu,13.103
whatsoev,13.103
knowledg,13.102
card,13.091
tini,13.089
render,13.066
criticis,13.041
barb,13.029
thrown,13.027
presid,13.027
creepi,13.000
jargon,12.998
footag,12.989
land,12.988
gunman,12.983
urg,12.976
underr,12.969
recogn,12.967
tropic,12.953
boom,12.952
heartbreak,12.948
sweep,12.926
slide,12.923
gossett,12.919
vietman,12.919
snoopi,12.919
funniest,12.899
count,12.898
bleak,12.888
magnific,12.888
wherea,12.863
skip,12.854
sleep,12.854
wet,12.830
stunningli,12.814
disciplinari,12.795
cue,12.791
repuls,12.787
spielberg,12.764
plant,12.757
brien,12.756
steadicam,12.756
merit,12.752
soo,12.743
immers,12.710
incident,12.707
corps,12.696
trite,12.692
danger,12.687
pleas,12.681
000,12.681
sole,12.676
debat,12.664
pre,12.651
quietli,12.630
awar,12.629
explicit,12.623
bleed,12.623
younger,12.622
buff,12.622
newli,12.612
adventur,12.605
ww2,12.602
instrument,12.602
compet,12.584
morn,12.583
bt,12.577
blew,12.565
demean,12.556
father,12.554
paper,12.533
phenomenon,12.532
dedic,12.525
hammer,12.514
tire,12.507
below,12.503
sneak,12.491
gung,12.487
restrain,12.471
sympathet,12.466
colleagu,12.454
abstract,12.444
dougla,12.437
hawk,12.427
bed,12.416
mirror,12.410
consider,12.405
decad,12.384
emerg,12.371
retir,12.369
independ,12.341
reput,12.340
mould,12.335
oppon,12.319
grand,12.312
automat,12.306
philosophi,12.296
nonsens,12.286
startl,12.279
charli,12.269
trough,12.234
clash,12.206
convers,12.203
crawl,12.165
boast,12.159
marksman,12.153
rice,12.147
tag,12.136
inher,12.125
refresh,12.122
hasn,12.120
gestur,12.113
prolif,12.110
shortli,12.088
trail,12.088
technician,12.074
sorrow,12.071
pearl,12.071
gem,12.038
claim,12.030
ideal,12.025
news,12.022
b,11.978
dad,11.976
adequ,11.971
white,11.964
climb,11.957
intern,11.951
unfinish,11.945
recognis,11.944
fifteen,11.934
unusu,11.932
lung,11.928
ambush,11.920
behav,11.910
unbeliev,11.883
camaraderi,11.880
intellectu,11.874
emphasi,11.869
fifti,11.859
futur,11.855
mag,11.834
spoil,11.822
gunfir,11.817
dimension,11.816
teacher,11.816
chest,11.812
sake,11.803
editor,11.802
fli,11.798
smirk,11.794
gotta,11.787
ambival,11.763
primari,11.763
overdon,11.758
lover,11.743
aka,11.737
jump,11.731
disus,11.725
immort,11.725
halt,11.719
dress,11.669
unrecogniz,11.669
onward,11.669
evolut,11.666
adopt,11.655
histor,11.629
wake,11.621
lag,11.613
promin,11.598
exhaust,11.598
overwhelm,11.589
grown,11.551
demand,11.541
lend,11.540
stuck,11.540
taunt,11.532
legend,11.520
peasant,11.513
fortun,11.512
hang,11.499
famous,11.494
crisi,11.463
complaint,11.460
brief,11.454
amateurish,11.449
extend,11.425
consult,11.418
feed,11.413
18,11.403
rat,11.401
ruler,11.388
sock,11.382
courtesi,11.382
rule,11.376
jolt,11.370
likabl,11.348
belong,11.320
western,11.317
arm,11.286
thoroughli,11.284
simultan,11.278
un,11.230
travel,11.217
civil,11.211
tribut,11.208
anger,11.206
stumbl,11.196
artifici,11.195
teach,11.191
sentiment,11.186
justif,11.183
hacker,11.183
stane,11.180
papillon,11.180
reduc,11.139
choppi,11.130
undeni,11.123
sun,11.121
scrawl,11.113
homecom,11.113
logic,11.098
block,11.091
intoler,11.089
easier,11.084
looser,11.081
alongsid,11.079
alli,11.070
consum,11.068
beg,11.065
grant,11.054
mead,11.049
demor,11.049
photographi,11.043
gori,11.030
extern,11.029
69,11.019
wrench,11.014
adult,11.010
repetit,11.009
reaction,11.009
hallmark,10.995
stalingrad,10.989
watchabl,10.975
vinc,10.962
explod,10.960
donut,10.959
philippin,10.959
descript,10.957
recognit,10.937
toll,10.934
root,10.926
bone,10.916
showcas,10.912
250,10.903
sugarco,10.903
evok,10.895
juxtaposit,10.893
dare,10.892
copi,10.888
session,10.888
forgot,10.877
humid,10.875
spoken,10.870
openli,10.870
abruptli,10.852
spite,10.850
user,10.845
awe,10.827
laden,10.826
exclud,10.813
serious,10.809
brunt,10.796
lunat,10.791
relentlessli,10.787
salut,10.787
proper,10.783
opt,10.774
southeast,10.771
sudden,10.770
ft,10.746
raf,10.746
harbor,10.728
roughli,10.724
fourth,10.717
everyman,10.700
homicid,10.696
subdu,10.675
finger,10.675
fashion,10.664
disconnect,10.656
instant,10.654
elaps,10.651
box,10.638
1950,10.634
pugel,10.613
hartmen,10.613
srgt,10.613
iodin,10.613
macnammera,10.613
ofornio,10.613
licens,10.605
bag,10.598
sociopath,10.586
aid,10.581
ambiti,10.576
tie,10.565
auditori,10.563
substitut,10.559
instantli,10.554
larger,10.538
50,10.511
vividli,10.508
argument,10.507
derang,10.490
franc,10.484
banter,10.475
warrior,10.473
grasp,10.471
btw,10.465
wwii,10.458
forgiv,10.458
eloqu,10.450
ankl,10.441
rapid,10.436
scold,10.403
assist,10.399
alot,10.395
proud,10.380
passion,10.364
engross,10.353
anton,10.325
sensit,10.322
scribbl,10.311
cycl,10.309
measur,10.305
facet,10.299
spectat,10.296
controversi,10.282
unflinchingli,10.277
captiv,10.275
credibl,10.261
hostil,10.258
thrill,10.256
redeem,10.247
tim,10.245
tightli,10.242
activ,10.239
resembl,10.237
screenwrit,10.229
greet,10.226
squadron,10.226
abhor,10.226
altern,10.225
squar,10.223
unconvent,10.223
goodby,10.214
site,10.212
educ,10.181
ee,10.178
momentum,10.172
mari,10.171
conduct,10.169
absent,10.157
oper,10.148
frankli,10.148
vivian,10.146
introduct,10.127
distort,10.124
viewpoint,10.124
knock,10.103
equip,10.101
13,10.098
aftermath,10.081
blush,10.071
firefight,10.071
rival,10.065
social,10.057
flown,10.056
enhanc,10.055
allegori,10.053
weari,10.047
declin,10.045
purg,10.042
moscow,10.042
parallel,10.042
document,10.028
iwo,10.028
heap,10.025
preach,10.023
microscop,10.014
quotabl,10.012
onfrio,10.011
suppressor,10.011
slowpart,10.011
riflemen,10.011
trashmen,10.011
eremi,10.011
moddin,10.011
mcrd,10.011
stimul,10.001
favor,10.000
archetyp,9.995
colleg,9.989
jima,9.986
regim,9.974
defeat,9.967
media,9.959
stalin,9.959
bright,9.957
saniti,9.952
motif,9.932
faint,9.932
whenev,9.918
behaviour,9.916
paradox,9.913
ah,9.906
warner,9.903
hypnot,9.903
bloodiest,9.893
bottom,9.882
haze,9.881
unknow,9.881
instabl,9.881
peer,9.867
colour,9.852
malick,9.843
valid,9.843
guard,9.839
ludicr,9.830
partial,9.828
renam,9.807
possess,9.806
astonish,9.790
rubbl,9.771
loser,9.756
glamor,9.753
affair,9.751
occasion,9.746
penultim,9.737
landscap,9.735
understood,9.728
slogan,9.726
weakest,9.723
hole,9.719
berat,9.714
unexpect,9.700
disappear,9.694
factor,9.688
cheer,9.685
suffic,9.684
cope,9.682
energi,9.678
doubl,9.671
distract,9.665
anticlimact,9.660
uncomprimis,9.658
handjob,9.658
terrifyingli,9.649
wall,9.648
despis,9.637
elsewher,9.635
twenti,9.626
melodramat,9.615
beli,9.608
king,9.603
televis,9.597
weav,9.580
maniac,9.568
rescu,9.567
themat,9.566
hut,9.557
hot,9.557
tendenc,9.555
malfunct,9.547
declar,9.547
assum,9.541
patton,9.538
darkest,9.524
semi,9.516
busi,9.514
mistaken,9.502
six,9.496
butt,9.496
rage,9.490
thread,9.487
unsettl,9.481
climat,9.479
coldli,9.471
thief,9.469
entranc,9.459
free,9.453
ethic,9.449
terri,9.445
unifi,9.444
statu,9.439
san,9.438
bloodthirsti,9.426
contend,9.426
maim,9.417
scratch,9.410
ttrl,9.409
gusto,9.408
empathi,9.403
pt,9.399
0,9.397
pale,9.391
redneck,9.391
rise,9.383
slap,9.380
layer,9.374
conscienc,9.366
launch,9.365
shatter,9.357
centr,9.353
puke,9.348
caricatur,9.344
ladi,9.344
wind,9.330
devil,9.327
cring,9.327
glu,9.324
intimid,9.322
waver,9.299
backlash,9.299
hundr,9.298
induc,9.296
farm,9.291
sporad,9.291
goddamn,9.291
tackl,9.287
savageri,9.282
needless,9.282
vari,9.264
difficulti,9.262
buy,9.260
stabil,9.259
skinni,9.259
altogeth,9.248
shadow,9.236
hopeless,9.236
saigon,9.235
territori,9.220
venom,9.220
sick,9.220
trade,9.215
preper,9.215
bunkmat,9.215
gatecrash,9.215
commend,9.201
label,9.189
1948,9.183
republican,9.175
principl,9.174
boss,9.161
border,9.154
fend,9.153
haircut,9.146
particip,9.144
tear,9.144
disservic,9.139
testament,9.136
stride,9.132
aesthet,9.131
multipl,9.128
scorn,9.118
chillingli,9.090
sublim,9.060
uncoordin,9.056
bald,9.056
rear,9.047
grenad,9.042
manor,9.042
mindless,9.041
monologu,9.041
stylis,9.029
alabama,9.029
peak,9.001
pro,8.998
bs,8.997
laughabl,8.995
17,8.983
cimino,8.977
bravura,8.977
slur,8.965
heaven,8.962
daili,8.960
disintegr,8.959
await,8.957
smooth,8.953
dub,8.953
deepli,8.951
shall,8.948
ronald,8.946
burst,8.945
outrag,8.945
spr,8.934
hous,8.928
1970,8.925
influenti,8.925
dunderhead,8.923
deff,8.923
unwinn,8.923
min,8.914
scar,8.904
deck,8.904
dialoug,8.904
breathtak,8.896
dispar,8.892
door,8.891
nonstop,8.880
overlap,8.868
autobiograph,8.863
therein,8.857
tower,8.853
harass,8.851
exchang,8.850
volum,8.843
embrac,8.835
martial,8.829
loui,8.823
invit,8.820
bigot,8.806
subtleti,8.805
careless,8.800
lean,8.791
contradictori,8.784
money,8.781
passabl,8.778
overt,8.778
vignett,8.778
unmistak,8.768
basi,8.748
slight,8.746
elabor,8.739
slate,8.720
imit,8.712
filthi,8.710
expens,8.696
filth,8.694
percept,8.682
luck,8.672
memoir,8.669
dismay,8.664
embed,8.659
ahead,8.658
trial,8.640
irrit,8.635
ravag,8.630
picki,8.625
batter,8.620
weaken,8.620
h,8.620
shaken,8.615
gulliv,8.613
spray,8.606
fieri,8.606
mankind,8.605
hors,8.604
kudo,8.593
decidedli,8.592
corrupt,8.589
trust,8.585
thirti,8.584
friendship,8.583
lame,8.576
public,8.573
stomach,8.572
guidanc,8.568
lime,8.545
spell,8.544
race,8.542
desper,8.529
exemplari,8.523
glimps,8.519
bet,8.518
contemporari,8.518
sewer,8.514
spout,8.501
clinic,8.492
fame,8.478
rampant,8.475
ing,8.475
curs,8.466
minist,8.458
apocalys,8.454
threat,8.451
sprinkl,8.449
hall,8.447
outset,8.437
zombi,8.437
enorm,8.417
conclud,8.415
sheen,8.412
subvers,8.408
drawback,8.408
elev,8.403
depress,8.392
son,8.390
uh,8.387
infantrymen,8.385
syndrom,8.379
prolong,8.375
ambianc,8.375
beach,8.375
ring,8.369
handedli,8.364
discrimin,8.364
benefit,8.355
democraci,8.340
tack,8.332
electron,8.328
villag,8.321
violat,8.321
mechanist,8.320
bastardis,8.320
dubiou,8.317
stood,8.313
bound,8.312
denouement,8.309
randomli,8.306
alter,8.301
stellar,8.297
exagger,8.296
footstep,8.291
emotionless,8.272
suppress,8.268
neutral,8.268
chief,8.265
recon,8.261
ensembl,8.258
afterward,8.252
parad,8.243
alarm,8.236
assess,8.218
fragment,8.214
dish,8.214
agoni,8.207
nick,8.207
kirk,8.200
bulk,8.200
forebod,8.193
appeal,8.191
rural,8.180
collector,8.169
dodg,8.163
solv,8.161
rich,8.160
fulfil,8.157
religi,8.152
misguid,8.149
exot,8.149
doll,8.149
sub,8.148
excus,8.132
farc,8.126
pi,8.123
behavior,8.118
unparallel,8.116
devic,8.113
vs,8.113
spectrum,8.113
electrifi,8.106
lapel,8.102
icili,8.102
bloodsh,8.100
model,8.097
essay,8.090
disgrac,8.087
substanc,8.087
immor,8.071
wasteland,8.068
immens,8.063
duplic,8.056
taper,8.055
submit,8.049
insignific,8.046
vile,8.046
forth,8.046
cram,8.043
phase,8.043
arguabl,8.039
virgin,8.037
sloppi,8.037
goof,8.034
recal,8.033
auteur,8.028
stretch,8.024
sear,8.022
contempt,8.022
lighter,8.019
poke,8.016
thoughtlessli,8.011
essenc,8.006
reluctantli,8.001
formula,7.989
sober,7.989
bia,7.986
lock,7.981
riot,7.980
bud,7.977
imperfect,7.971
cocki,7.971
hook,7.970
perimet,7.968
sk,7.968
overlook,7.966
hug,7.965
spoof,7.962
huh,7.959
invis,7.957
food,7.953
misunderstood,7.948
grandios,7.942
sane,7.942
doctor,7.935
acclaim,7.928
esqu,7.928
store,7.927
pal,7.922
hey,7.898
cruis,7.897
shrapnel,7.889
canvass,7.889
blackhawk,7.889
resist,7.888
scienc,7.873
75,7.873
roar,7.867
hyper,7.867
pant,7.859
overli,7.853
themself,7.852
uncomplet,7.852
unconsci,7.851
clariti,7.846
500,7.843
belt,7.841
oblig,7.838
shirt,7.833
rendit,7.827
bought,7.821
cardboard,7.820
unfilt,7.817
chuckl,7.809
digest,7.799
obnoxi,7.799
ridden,7.796
shortcom,7.796
retriev,7.784
lightest,7.783
inscrib,7.783
shapeless,7.783
buffer,7.783
clincher,7.783
rafter,7.783
deni,7.782
unleash,7.771
anticip,7.768
advanc,7.763
sat,7.753
candid,7.741
spain,7.727
depend,7.725
dryli,7.718
quagmir,7.718
tremend,7.710
campi,7.705
admiss,7.705
rambl,7.703
moodi,7.691
rah,7.688
compens,7.677
idealist,7.674
petti,7.661
micki,7.658
regimen,7.658
grinder,7.658
optimist,7.642
unconvinc,7.642
player,7.636
entireti,7.631
listless,7.630
patti,7.630
blitz,7.630
sharpshoot,7.630
unimagin,7.624
foreshadow,7.622
pointedli,7.602
desensitis,7.602
amor,7.595
polic,7.587
adjust,7.587
forgotten,7.580
stallon,7.578
embark,7.576
factli,7.576
unawar,7.561
bay,7.555
pleasur,7.554
4th,7.552
fragil,7.552
correctli,7.548
rug,7.548
counterpart,7.536
junki,7.529
crude,7.529
creepili,7.525
unmerci,7.525
japanes,7.524
sell,7.522
enigmat,7.521
reinforc,7.519
winner,7.508
gasp,7.507
shaven,7.500
priceless,7.490
psycho,7.485
sweat,7.478
git,7.476
effici,7.468
rhythm,7.456
matt,7.455
aforement,7.455
ebert,7.455
lit,7.455
meat,7.453
sci,7.447
audio,7.447
arabia,7.435
counter,7.433
sweet,7.423
plastic,7.420
grace,7.418
signatur,7.410
comradeship,7.409
mock,7.399
flak,7.387
mast,7.387
henceforth,7.387
menac,7.383
quick,7.382
watcher,7.374
askew,7.366
inertia,7.366
politician,7.365
swept,7.362
suffici,7.351
visit,7.346
drain,7.342
shootout,7.342
mate,7.336
oddli,7.333
prison,7.332
decor,7.322
rout,7.320
pen,7.318
repli,7.317
flawlessli,7.306
demis,7.303
slice,7.301
habit,7.294
stylist,7.294
charect,7.287
flame,7.278
industri,7.277
remak,7.272
temper,7.271
markedli,7.269
photo,7.265
revisit,7.256
secondari,7.255
rarer,7.250
chi,7.250
infanc,7.250
wild,7.245
obscur,7.239
insert,7.234
map,7.233
babi,7.230
1998,7.226
swallow,7.223
preserv,7.221
spoke,7.220
fond,7.218
disloc,7.215
transfer,7.213
jack,7.206
claustrophob,7.202
goad,7.198
strident,7.198
descend,7.197
collaps,7.197
dawn,7.186
speechless,7.186
partli,7.182
retak,7.181
battleground,7.181
shell,7.178
moreov,7.171
enthusiast,7.170
curios,7.168
jest,7.164
imperialist,7.164
theatr,7.158
unquest,7.148
cake,7.142
radio,7.135
flashlight,7.132
antiwar,7.132
comfi,7.132
fanat,7.122
sustain,7.122
captain,7.115
inconsist,7.114
paus,7.111
repeatedli,7.106
nut,7.103
workout,7.101
vilifi,7.101
mortar,7.101
extens,7.096
horni,7.086
glaze,7.086
determin,7.085
shorter,7.081
depart,7.080
citizen,7.076
dieget,7.071
propagandist,7.071
presum,7.071
detect,7.069
childhood,7.069
neat,7.059
princip,7.058
inconclus,7.056
smoki,7.056
withhold,7.056
proceed,7.056
jame,7.050
jr,7.048
im,7.046
neck,7.040
escap,7.028
similarli,7.022
literatur,7.016
disquiet,7.014
prep,7.014
mill,7.012
nest,7.012
nuclear,7.011
toler,7.011
whoever,7.007
wooden,7.001
sonic,7.000
util,6.998
companion,6.994
l,6.992
faith,6.987
profus,6.987
thriller,6.977
outskirt,6.974
redon,6.974
afghanistan,6.974
honesti,6.972
electr,6.970
delv,6.963
doctrin,6.961
coincid,6.952
shovel,6.948
10rate,6.948
spark,6.940
constru,6.935
unequ,6.935
syllabl,6.935
closest,6.931
adrenalin,6.928
weekend,6.928
71,6.923
contraband,6.923
childish,6.915
dishonesti,6.910
prejudic,6.906
roadsid,6.898
monument,6.897
realm,6.895
ensur,6.893
12,6.892
sympath,6.889
flounder,6.886
storytel,6.884
divers,6.878
symmetr,6.874
costli,6.874
derogatori,6.874
resolv,6.874
landmark,6.869
oppress,6.865
relax,6.863
editori,6.863
water,6.861
68,6.851
ak,6.851
plausibl,6.848
offend,6.838
exposit,6.831
hoo,6.829
fratern,6.829
embarrass,6.828
nobl,6.824
groundbreak,6.824
eccentr,6.797
sc,6.796
fallen,6.795
firepow,6.785
elong,6.785
miser,6.780
suitabl,6.775
perfection,6.764
revil,6.764
irrevers,6.764
gloriou,6.762
christ,6.761
87,6.754
oftentim,6.754
prime,6.752
awol,6.744
leftist,6.744
debri,6.734
56,6.734
grim,6.731
revers,6.730
58,6.724
solidar,6.724
assail,6.724
function,6.720
advisor,6.714
firsthand,6.714
hiatu,6.714
court,6.711
gratuit,6.711
ingeni,6.707
acknowledg,6.701
lingo,6.695
bell,6.688
loyal,6.680
engrav,6.676
varieti,6.674
alex,6.673
cell,6.672
fish,6.672
properli,6.671
infam,6.663
revuls,6.657
imparti,6.657
characterist,6.656
truck,6.649
ink,6.648
compliment,6.647
rarest,6.639
erect,6.639
promot,6.627
zero,6.625
20th,6.624
demolit,6.613
prize,6.605
unev,6.604
derelict,6.604
preform,6.604
metamorphosi,6.595
sold,6.595
catalogu,6.587
withdrawn,6.587
impair,6.579
span,6.574
justic,6.571
46,6.570
impecc,6.565
expert,6.563
ambit,6.558
symmetri,6.554
crucial,6.551
globe,6.550
bawl,6.546
oversea,6.538
atyp,6.538
institut,6.537
research,6.532
lovabl,6.530
sculpt,6.530
occas,6.522
explet,6.522
auster,6.514
webb,6.514
chair,6.505
seper,6.499
villain,6.498
leviti,6.491
panorama,6.491
cock,6.491
lift,6.488
proof,6.485
stranger,6.484
manhood,6.484
payback,6.484
persona,6.483
psychopath,6.479
encourag,6.479
sensat,6.475
struck,6.475
romanc,6.470
sinist,6.470
forewarn,6.469
strewn,6.462
undevelop,6.462
kilter,6.462
wing,6.459
simpleton,6.454
obedi,6.454
antagon,6.454
chopper,6.447
fumbl,6.447
disarm,6.447
momentarili,6.447
beast,6.446
lib,6.440
unprepar,6.440
axi,6.433
plaster,6.433
mc,6.426
devot,6.419
ingrain,6.412
conundrum,6.398
meaning,6.396
daughter,6.394
amend,6.392
vest,6.392
sanit,6.392
hatr,6.384
upset,6.383
serial,6.381
ars,6.378
forest,6.372
asshol,6.372
dummi,6.372
guarante,6.369
virtuos,6.365
transcend,6.362
machismo,6.358
blare,6.358
feet,6.356
tool,6.353
enclos,6.352
cuss,6.352
tirad,6.346
shake,6.345
prejud,6.339
omnipres,6.339
supposedli,6.338
nippl,6.333
1949,6.320
theatric,6.319
vehicl,6.315
attach,6.315
par,6.315
awkwardli,6.314
copyright,6.308
hurrican,6.308
pyrotechn,6.308
retali,6.302
personnel,6.302
disconcert,6.296
bystand,6.296
wasnt,6.296
ca,6.290
ilk,6.284
flavour,6.278
spectacl,6.275
correl,6.272
lunaci,6.272
godfath,6.272
justli,6.266
reflex,6.261
abroad,6.261
bobbi,6.255
prevent,6.248
regrett,6.243
relay,6.243
loung,6.238
55,6.226
trueli,6.226
afterthought,6.226
summaris,6.221
trash,6.219
orgasm,6.215
recap,6.215
naiveti,6.215
folli,6.215
microcosm,6.210
ruthlessli,6.210
peckinpah,6.204
thirsti,6.199
unlucki,6.194
dumber,6.194
upward,6.188
analyt,6.188
synchron,6.188
unorthodox,6.183
frail,6.183
milieu,6.183
pair,6.173
slant,6.172
44,6.172
flicker,6.172
feroc,6.167
puzzl,6.163
callou,6.162
mac,6.162
motto,6.157
importantli,6.148
sandwich,6.147
debut,6.144
chalk,6.137
graini,6.132
titan,6.126
welcom,6.126
tabl,6.125
commenc,6.122
vicari,6.122
bandwagon,6.117
hurl,6.112
coup,6.112
sadism,6.112
65,6.107
glide,6.107
brag,6.107
incongru,6.102
accus,6.090
succe,6.088
brightest,6.083
crass,6.083
translat,6.081
astound,6.072
commonplac,6.064
gere,6.064
revert,6.060
guru,6.055
inner,6.053
innov,6.046
highest,6.038
gist,6.037
33,6.033
sailor,6.033
grew,6.032
rotat,6.024
systemat,6.024
charl,6.020
nihil,6.015
cant,6.011
grudg,6.011
1963,6.006
duh,6.002
10th,6.002
palat,5.998
resound,5.998
chosen,5.995
empathis,5.993
colorado,5.993
pupil,5.993
agon,5.989
swagger,5.985
personif,5.985
golden,5.984
skew,5.981
bloodbath,5.981
consensu,5.981
vocabulari,5.981
paid,5.978
breathtakingli,5.977
qualm,5.972
soften,5.972
uncut,5.972
jung,5.964
input,5.964
lessen,5.960
ck,5.956
sensual,5.948
beacon,5.948
fixat,5.944
sentenc,5.940
thereaft,5.940
inexperienc,5.940
gosh,5.936
interspers,5.932
vicious,5.924
pledg,5.924
prayer,5.924
stain,5.920
78,5.916
sung,5.916
strateg,5.916
detriment,5.916
unsympathet,5.916
tribul,5.908
lull,5.904
scan,5.901
ram,5.897
vigor,5.889
plug,5.885
fianc,5.882
cigar,5.882
faceless,5.878
token,5.878
wiser,5.874
amazon,5.871
learnt,5.867
101,5.867
toughest,5.863
gold,5.862
strung,5.856
mockeri,5.852
problemat,5.849
obey,5.849
gift,5.846
majesti,5.845
carefre,5.845
seren,5.845
jumbl,5.845
clue,5.834
bake,5.831
pervas,5.831
frighteningli,5.827
novelist,5.824
mesh,5.820
januari,5.817
conceptu,5.817
quest,5.815
sampl,5.813
deconstruct,5.810
fewer,5.806
rap,5.806
bait,5.803
nobil,5.803
scrutini,5.803
firework,5.800
underscor,5.800
programm,5.800
psychedel,5.796
1966,5.793
whereabout,5.789
hapless,5.786
outdoor,5.779
proudli,5.776
desert,5.774
whilst,5.774
steril,5.769
saga,5.768
glamour,5.766
explan,5.765
spew,5.763
rewind,5.763
jay,5.760
reunion,5.756
differenti,5.753
lament,5.750
catharsi,5.750
enact,5.744
rot,5.740
testosteron,5.740
silenc,5.738
belli,5.737
disturbingli,5.734
crank,5.734
psychic,5.734
hotel,5.732
auto,5.731
1945,5.728
explicitli,5.721
advoc,5.715
richer,5.715
solitari,5.709
poland,5.709
compuls,5.709
outshin,5.706
distinctli,5.700
crescendo,5.700
urgenc,5.697
johnni,5.697
deciph,5.694
pipe,5.691
horrid,5.685
categor,5.685
delusion,5.685
tripe,5.682
pole,5.676
minimalist,5.676
regret,5.668
spike,5.667
murki,5.658
vike,5.658
litter,5.653
simplifi,5.650
mud,5.647
emphasis,5.644
disput,5.641
superstar,5.636
historian,5.636
robert,5.634
cam,5.633
180,5.627
forbidden,5.624
eerili,5.624
blue,5.624
leather,5.619
1978,5.619
rain,5.617
delay,5.616
simpler,5.616
jaw,5.615
burnt,5.613
child,5.613
swamp,5.608
ridg,5.602
kiddi,5.597
splatter,5.597
aptli,5.594
handicap,5.592
inept,5.589
permeat,5.586
knockout,5.584
spectacularli,5.581
happier,5.576
stan,5.573
disillus,5.573
distribut,5.568
mon,5.568
unpreced,5.568
impati,5.563
lifeless,5.560
eat,5.559
china,5.555
gore,5.555
surf,5.550
somber,5.550
patron,5.550
barbar,5.550
implement,5.547
misunderstand,5.547
kane,5.545
remaind,5.545
factual,5.545
coast,5.540
prowess,5.540
tenni,5.540
fullest,5.537
pronounc,5.537
lighten,5.532
creed,5.532
stack,5.525
primit,5.525
mask,5.524
knack,5.522
surrealist,5.522
accentu,5.520
rariti,5.515
capt,5.515
fell,5.513
streak,5.512
indel,5.510
inspector,5.510
impend,5.507
valley,5.505
trench,5.500
drone,5.498
laud,5.493
manufactur,5.493
intact,5.490
predica,5.490
mail,5.488
fri,5.486
pervert,5.483
scriptwrit,5.483
dement,5.476
rewatch,5.476
till,5.474
fruit,5.474
usag,5.474
bolt,5.469
coach,5.469
recur,5.465
modest,5.465
extraordinarili,5.462
countrysid,5.462
chicken,5.460
exposur,5.458
invinc,5.458
madman,5.453
uncertain,5.451
canva,5.449
hop,5.446
stuf,5.442
scarier,5.442
abound,5.440
stapl,5.440
punctuat,5.440
riski,5.440
chemistri,5.439
twilight,5.431
bog,5.431
wore,5.428
inaccuraci,5.428
mile,5.427
conceal,5.426
1944,5.426
manic,5.426
sail,5.424
percent,5.424
spontan,5.417
denial,5.415
exemplifi,5.413
scatter,5.411
corridor,5.411
armor,5.406
wrestl,5.404
pretens,5.404
wider,5.402
rude,5.402
powerhous,5.400
barrier,5.400
ceremoni,5.398
1955,5.396
mesmeris,5.396
craftsmanship,5.394
blatantli,5.394
silent,5.393
uncertainti,5.389
akin,5.389
preval,5.387
region,5.387
penni,5.385
primal,5.385
ma,5.385
horrend,5.381
cerebr,5.381
toy,5.376
boost,5.372
vain,5.372
incompet,5.370
anchor,5.370
sister,5.368
british,5.366
shelley,5.364
lowest,5.362
blunt,5.360
uncanni,5.350
steam,5.344
coward,5.342
intro,5.342
dizzi,5.340
hum,5.340
forgiven,5.340
tom,5.336
stephen,5.335
illog,5.334
kevin,5.332
strategi,5.330
cross,5.322
masterwork,5.320
blah,5.314
teenag,5.311
synonom,5.306
plye,5.306
atmoshpher,5.306
10stanley,5.306
dramaticdocumentari,5.306
norfrio,5.306
bleur,5.306
conculs,5.306
contruct,5.306
goren,5.306
repriorit,5.306
slaugther,5.306
ucmj,5.306
norfolk,5.306
jokerencount,5.306
viatmes,5.306
vietnameis,5.306
jesusmotherofmari,5.306
oorah,5.306
viatnames,5.306
denoffrio,5.306
camb,5.306
gistav,5.306
autent,5.306
fh,5.306
shitz,5.306
marinelik,5.306
vietamness,5.306
ngoc,5.306
junguian,5.306
tinoshki,5.306
676,5.306
apocolips,5.306
jacketthi,5.306
emri,5.306
moviebegin,5.306
rendevous,5.306
getful,5.306
idiossyncrat,5.306
onorfio,5.306
useta,5.306
titi,5.306
fatbodi,5.306
witman,5.306
mcque,5.306
orfornio,5.306
apacalyps,5.306
ideologis,5.306
shellack,5.306
hypnos,5.306
m14,5.306
staney,5.306
tienamen,5.306
apcolyps,5.306
calbiar,5.306
lawrenceful,5.306
respawn,5.306
ermsey,5.306
mihn,5.306
countiu,5.306
thematicallt,5.306
oniofrio,5.306
cruilti,5.306
seventyf,5.306
deffenetli,5.306
beje,5.306
donofrio,5.306
dewolf,5.306
obtainedoveral,5.306
deathwatch,5.306
nonperson,5.306
trautman,5.306
beisd,5.306
majoy,5.306
weakheart,5.306
handtowel,5.306
m60,5.306
aliss,5.306
gaswork,5.306
16a1,5.306
shmartzi,5.306
flashcard,5.306
larwanc,5.306
jacketnow,5.306
vz,5.306
powr,5.306
lawar,5.306
arvwm,5.306
heresorri,5.306
earmi,5.306
pooley,5.306
vietaim,5.306
suribachi,5.306
desentis,5.306
mousket,5.306
uninti,5.306
borrish,5.306
winalot,5.306
jungli,5.306
vietnmam,5.306
rni,5.306
mardiv,5.306
hermey,5.306
staneley,5.306
onanfrio,5.306
shix,5.306
onifero,5.306
2livecrew,5.306
freshcut,5.306
mc2004,5.306
doorgunn,5.306
plethor,5.306
erney,5.306
gommer,5.306
distrurb,5.306
dostoewskij,5.306
snit,5.306
xm16e1,5.306
platton,5.306
ofrio,5.306
despicableembarrass,5.306
jokergo,5.306
harmonyfolk,5.306
hlaf,5.306
regt,5.306
satifys,5.306
camel137,5.306
ohe,5.306
metastori,5.306
supersatur,5.306
defonitli,5.306
instad,5.306
constint,5.306
kiowa,5.306
provoct,5.306
clockwark,5.306
87like,5.306
stiliz,5.306
scribd,5.306
saiper,5.306
goymer,5.306
onforio,5.306
5updat,5.306
incldu,5.306
squadbay,5.306
survivedgrac,5.306
colceri,5.306
coleri,5.306
mainmast,5.306
3rdbn,5.306
onisforu,5.306
scrict,5.306
phong,5.306
dnofrio,5.306
proza,5.306
civi,5.306
previouslythi,5.306
tertain,5.306
derigatori,5.306
squirrli,5.306
twentith,5.306
lollollollol,5.306
gooker,5.306
sni,5.306
warphotograph,5.306
harsford,5.306
sgrt,5.306
offorino,5.306
plt,5.306
sequent,5.306
insrtuctor,5.306
stranick,5.306
hoplite7,5.306
hitten,5.306
3042,5.306
vingett,5.306
lenni,5.306
5th,5.306
super,5.296
shove,5.295
deviat,5.293
dirt,5.293
remors,5.291
trick,5.290
noteworthi,5.289
occup,5.287
overpow,5.283
strand,5.280
file,5.278
anguish,5.278
sigh,5.276
untouch,5.276
churn,5.274
schizophren,5.265
sketch,5.263
retard,5.259
underwhelm,5.257
brick,5.256
dim,5.256
diari,5.254
lure,5.250
empath,5.247
inclus,5.247
meal,5.245
slower,5.239
eighti,5.229
significantli,5.229
impuls,5.225
warp,5.223
wannab,5.216
inch,5.215
longest,5.215
passiv,5.215
escal,5.215
eastern,5.211
lethal,5.210
debt,5.210
subtext,5.204
quintessenti,5.204
encompass,5.198
necess,5.196
suit,5.195
hardest,5.192
exclus,5.189
turmoil,5.186
unforgiv,5.186
bonu,5.184
catchi,5.182
wire,5.181
enabl,5.179
convert,5.179
crumbl,5.176
col,5.176
stagger,5.172
resent,5.169
paragraph,5.167
aura,5.166
panic,5.161
recycl,5.161
proclaim,5.158
inexplic,5.156
len,5.156
outlin,5.153
capac,5.153
preachi,5.153
banal,5.150
breathless,5.150
stray,5.148
upsid,5.146
compon,5.145
entitl,5.145
angst,5.138
grin,5.138
drove,5.135
hip,5.134
shelter,5.132
yearn,5.126
dwell,5.124
sand,5.123
sli,5.123
budget,5.120
recogniz,5.118
bush,5.115
prospect,5.113
antic,5.109
strictli,5.107
braveri,5.104
gloomi,5.101
disregard,5.098
understat,5.098
norm,5.095
worship,5.093
incarn,5.093
legitim,5.090
holiday,5.089
closur,5.089
degener,5.086
al,5.086
mode,5.084
rocket,5.083
manifest,5.083
blatant,5.083
vastli,5.081
snake,5.080
narrow,5.075
cabl,5.074
lol,5.067
wright,5.065
synopsi,5.065
flop,5.065
thiev,5.062
royal,5.061
amidst,5.058
scariest,5.056
mythic,5.055
smoothli,5.055
conspiraci,5.054
drift,5.046
summar,5.028
feast,5.015
publish,5.013
costum,5.013
viscious,5.005
mukerje,5.005
dehumin,5.005
justfi,5.005
misleadingli,5.005
drillmast,5.005
llosa,5.005
armamentarium,5.005
prostit,5.005
unspeci,5.005
brixton,5.005
emersonian,5.005
oddysea,5.005
manouevr,5.005
ickier,5.005
firebas,5.005
unrelentlessli,5.005
gelid,5.005
downrang,5.005
berkshir,5.005
snipper,5.005
ypre,5.005
tensionless,5.005
footlock,5.005
srg,5.005
ssg,5.005
quickfir,5.005
architech,5.005
posttraumat,5.005
sdi,5.005
maaan,5.005
kike,5.005
200l,5.005
mesmiris,5.005
depictur,5.005
armey,5.005
bloomberg,5.005
ludicru,5.005
emrey,5.005
ingluri,5.005
deathmatch,5.005
kubirck,5.005
coulnt,5.005
leatherlung,5.005
danang,5.005
kubrick8,5.005
sapper,5.005
shabbier,5.005
leann,5.005
setup,5.002
afford,5.000
dive,4.998
1989,4.995
crop,4.994
bias,4.992
insecur,4.986
200,4.983
invas,4.982
epitom,4.978
mundan,4.976
approv,4.975
le,4.974
strain,4.970
fierc,4.968
wrath,4.967
drum,4.967
aris,4.964
wow,4.964
wholli,4.963
plight,4.958
chines,4.957
visionari,4.953
reveng,4.948
pour,4.948
birthday,4.946
heighten,4.944
reel,4.940
ideolog,4.936
slightest,4.936
majest,4.930
diminish,4.930
item,4.930
trace,4.924
enforc,4.923
safeti,4.921
inferior,4.916
pivot,4.914
et,4.908
hungri,4.904
implic,4.899
firmli,4.897
goofi,4.890
clip,4.887
redempt,4.885
pseudo,4.884
convincingli,4.882
threw,4.880
newcom,4.879
delic,4.877
elimin,4.871
rehash,4.868
numb,4.861
strive,4.855
gray,4.851
compromis,4.849
boil,4.847
econom,4.836
seamlessli,4.836
unbear,4.835
orchestr,4.831
shore,4.830
abym,4.829
poon,4.829
names,4.829
portyal,4.829
dicker,4.829
pdf,4.829
unprint,4.829
weither,4.829
unluckiest,4.829
mileau,4.829
dmz,4.829
influenza,4.829
decrescendo,4.829
nyquil,4.829
gungho,4.829
propan,4.829
christsak,4.829
coem,4.829
verson,4.829
ephemera,4.829
slobbi,4.829
goran,4.829
tigerland,4.829
medevac,4.829
oddissey,4.829
nguyen,4.829
motionlessli,4.829
unsparingli,4.829
westfront,4.829
leele,4.829
apacolyps,4.829
crit,4.829
tripper,4.829
corpsman,4.829
characet,4.829
jt,4.829
noisey,4.829
crapload,4.829
gaurante,4.829
vri,4.829
imagist,4.829
dasein,4.829
krubeck,4.829
dolla,4.829
siskl,4.829
moulder,4.829
pun,4.815
cuckoo,4.807
wheel,4.802
proport,4.800
preced,4.799
smell,4.795
consciou,4.795
boundari,4.794
hyster,4.787
mytholog,4.785
norman,4.784
jane,4.783
comprehend,4.783
helpless,4.781
staff,4.778
spotlight,4.775
toss,4.770
calcul,4.768
exit,4.767
flee,4.767
fundament,4.766
hong,4.766
fed,4.759
rightli,4.756
luckili,4.753
gap,4.752
distress,4.749
versu,4.746
garner,4.745
decept,4.744
defens,4.742
drew,4.740
washington,4.735
tad,4.732
print,4.732
bend,4.728
bravo,4.727
enlighten,4.726
gentl,4.721
wisdom,4.710
uncl,4.707
eager,4.706
buri,4.705
winnabl,4.704
8overal,4.704
vicent,4.704
batallion,4.704
rabelai,4.704
bascial,4.704
bhagavad,4.704
whey,4.704
deathtrap,4.704
sno,4.704
landmin,4.704
mattew,4.704
essayist,4.704
2the,4.704
verdun,4.704
devda,4.704
lejeun,4.704
kuprick,4.704
quenten,4.704
vincet,4.704
drumbeat,4.704
kurisawa,4.704
usus,4.704
pueblo,4.704
reveil,4.704
shirker,4.704
modi,4.704
upbraid,4.704
hellen,4.704
lengthwis,4.704
ak47,4.704
sewerag,4.704
emplac,4.704
graffic,4.704
lindon,4.704
prevel,4.704
344,4.704
horiff,4.704
unglorifi,4.704
reclassifi,4.704
tennyson,4.704
flimsili,4.704
buck,4.703
worthwhil,4.688
wipe,4.687
flip,4.686
expertli,4.685
leap,4.685
nose,4.685
deriv,4.684
fare,4.681
3rd,4.669
reluct,4.668
ala,4.668
lengthi,4.666
injustic,4.661
mentor,4.660
wash,4.658
downfal,4.648
legaci,4.648
parent,4.646
paranoia,4.644
perceiv,4.635
bless,4.633
rubbish,4.632
capit,4.626
vital,4.624
linger,4.615
pump,4.615
nerv,4.609
lust,4.609
wern,4.607
assh,4.607
cee,4.607
rattlesnak,4.607
congruou,4.607
gunship,4.607
campus,4.607
greaser,4.607
357,4.607
particuli,4.607
blablabla,4.607
choicest,4.607
damocl,4.607
paler,4.607
innacur,4.607
nondieget,4.607
redem,4.607
superposit,4.607
moonscap,4.607
raphael,4.607
haltingli,4.607
tarkovskian,4.607
30ish,4.607
gainsay,4.607
wooli,4.607
2oth,4.607
pose,4.601
reserv,4.596
lt,4.596
moon,4.585
judgment,4.581
via,4.579
simplic,4.579
casual,4.578
format,4.577
smaller,4.575
eras,4.574
bland,4.565
southern,4.559
conceiv,4.555
pleasant,4.554
confin,4.550
reject,4.549
tediou,4.546
emphas,4.538
arrog,4.535
overag,4.528
icbm,4.528
tonkin,4.528
223,4.528
copola,4.528
hanoi,4.528
singalong,4.528
lionis,4.528
sweepstak,4.528
depositori,4.528
cubist,4.528
soullessli,4.528
fractal,4.528
killabl,4.528
hartley,4.528
strategem,4.528
timebomb,4.528
dantesqu,4.528
nontheless,4.528
vn,4.528
beaucoup,4.528
9999999,4.528
levelhead,4.528
280,4.528
unescap,4.528
versimilitud,4.528
detract,4.528
firstli,4.521
superfici,4.520
blast,4.518
nurs,4.517
crush,4.517
shi,4.515
linear,4.514
jesu,4.510
shoulder,4.510
wanna,4.508
stolen,4.507
collabor,4.495
ride,4.494
parodi,4.480
furi,4.479
laid,4.473
jar,4.463
pte,4.461
sputnik,4.461
inconsequ,4.461
vp,4.461
diaspora,4.461
streamer,4.461
putdown,4.461
intes,4.461
hardbal,4.461
confort,4.461
ribcag,4.461
wasen,4.461
riffl,4.461
euthan,4.461
discoveri,4.459
europ,4.452
bite,4.451
alec,4.450
fist,4.449
humbl,4.448
pride,4.448
channel,4.446
slaveri,4.439
intric,4.433
buzz,4.429
1990,4.424
borrow,4.424
restor,4.417
disbelief,4.412
fantasi,4.411
wont,4.409
kiss,4.406
mom,4.405
digit,4.404
albeit,4.404
mcclellan,4.403
neater,4.403
mahogani,4.403
personalis,4.403
nco,4.403
movei,4.403
adjud,4.403
coerciv,4.403
kipl,4.403
illiad,4.403
gothika,4.403
conjoin,4.403
balmi,4.403
marksmen,4.403
despatch,4.403
sez,4.403
brand,4.398
backdrop,4.396
awkward,4.379
destin,4.377
asleep,4.372
eve,4.370
bold,4.370
multi,4.370
bob,4.364
holi,4.357
misanthropist,4.352
agoraphob,4.352
kurbrick,4.352
exspeci,4.352
compartmentalis,4.352
klutz,4.352
sorti,4.352
quoteabl,4.352
breakabl,4.352
maddest,4.352
margret,4.352
scathingli,4.352
pressuris,4.352
serio,4.352
airmen,4.352
blueish,4.352
devest,4.352
eyeopen,4.352
frag,4.352
opinon,4.352
rifleman,4.352
oddyssey,4.352
greenhorn,4.352
174,4.352
assur,4.348
remot,4.342
despair,4.341
circl,4.334
sincer,4.332
racism,4.332
con,4.329
guid,4.327
nod,4.327
spin,4.323
corner,4.318
antagonist,4.316
kurosawa,4.311
unpredict,4.307
m16,4.306
realer,4.306
faintheart,4.306
fulmin,4.306
dresden,4.306
unrepeat,4.306
disorganis,4.306
firemen,4.306
newark,4.306
acced,4.306
supress,4.306
pitbul,4.306
copul,4.306
ssgt,4.306
propoganda,4.306
height,4.299
advic,4.296
sophist,4.295
increas,4.294
indulg,4.281
cheat,4.276
nuanc,4.273
facial,4.266
chimer,4.265
exemplif,4.265
graceless,4.265
delta,4.265
browbeat,4.265
sickl,4.265
levinson,4.265
guadalcan,4.265
jejun,4.265
wop,4.265
oat,4.265
espcial,4.265
tertiari,4.265
epiphan,4.265
filthiest,4.265
lowdown,4.265
mekong,4.265
cpr,4.265
mendaci,4.265
waggl,4.265
professor,4.261
avail,4.260
corpor,4.257
demon,4.254
25,4.251
neighbor,4.239
bull,4.235
goer,4.235
scope,4.234
recondit,4.227
aftereffect,4.227
cav,4.227
vladimir,4.227
nato,4.227
sluggishli,4.227
bloodili,4.227
refrenc,4.227
salo,4.227
gestalt,4.227
gita,4.227
thame,4.227
ret,4.227
uninvent,4.227
tequila,4.227
sport,4.219
contact,4.214
calm,4.208
flesh,4.201
jocker,4.192
jello,4.192
munit,4.192
unstructur,4.192
damnabl,4.192
completley,4.192
tracer,4.192
reportag,4.192
minh,4.192
peaceabl,4.192
moo,4.192
sky,4.188
endless,4.186
dread,4.174
accid,4.174
isol,4.173
foliag,4.160
screed,4.160
dink,4.160
checkout,4.160
defac,4.160
m1,4.160
untyp,4.160
endgam,4.160
spoileri,4.160
windtalk,4.160
satyr,4.160
walru,4.160
hoorah,4.160
rotor,4.160
ere,4.160
meanwhil,4.150
nowaday,4.148
boat,4.145
thereabout,4.130
oustand,4.130
mckee,4.130
schoolyard,4.130
milder,4.130
invect,4.130
stiffli,4.130
physcolog,4.130
ewe,4.130
prong,4.130
anywho,4.130
untidi,4.130
allright,4.130
hardlin,4.130
popularis,4.130
pathet,4.128
unrealist,4.125
integr,4.122
teen,4.119
vast,4.110
blind,4.107
ignobl,4.102
middlebrow,4.102
infantryman,4.102
tobia,4.102
socialis,4.102
exager,4.102
stranglov,4.102
entropi,4.102
lovin,4.102
christo,4.102
penis,4.102
nucleu,4.102
nabokov,4.102
oafish,4.102
intransig,4.102
unattach,4.102
militarili,4.102
gump,4.092
etern,4.086
ghost,4.085
zeu,4.076
clamour,4.076
linkag,4.076
nj,4.076
sellar,4.076
unspar,4.076
cartridg,4.076
rigour,4.076
spitfir,4.076
trod,4.076
timidli,4.076
splittingli,4.076
beefcak,4.076
partner,4.066
theori,4.063
odessey,4.051
harangu,4.051
armada,4.051
dew,4.051
charlen,4.051
gettysburg,4.051
tortuous,4.051
tautli,4.051
unevenli,4.051
expressli,4.051
epistemolog,4.051
gilmor,4.051
boomerang,4.051
messier,4.051
pallid,4.051
everyday,4.046
threaten,4.044
woulda,4.028
numero,4.028
unceas,4.028
segway,4.028
apolit,4.028
volumin,4.028
tiff,4.028
speckl,4.028
shouti,4.028
simil,4.028
formless,4.028
dilettant,4.028
jell,4.028
apoc,4.028
hermet,4.028
contra,4.028
objectif,4.028
isi,4.028
dumpi,4.028
apocolyps,4.028
excori,4.028
116,4.028
outrank,4.028
workmat,4.028
registr,4.028
sword,4.023
hospit,4.017
crime,4.013
character,4.013
latest,4.008
sanctifi,4.005
uno,4.005
pelt,4.005
languor,4.005
compunct,4.005
transmut,4.005
supermen,4.005
hoc,4.005
uppiti,4.005
deerhunt,4.005
protaganist,4.005
projectil,4.005
peru,4.005
watermelon,4.005
walkin,3.984
frontlin,3.984
blacker,3.984
victimis,3.984
mai,3.984
hade,3.984
syria,3.984
10if,3.984
geopolit,3.984
oddysey,3.984
storychart,3.984
faultlessli,3.984
searingli,3.984
ador,3.982
creation,3.980
sacrific,3.977
river,3.966
gnarli,3.964
turret,3.964
fowl,3.964
prefigur,3.964
brutalis,3.964
magnifici,3.964
headless,3.964
kitano,3.964
insignia,3.964
centrifug,3.964
macaulay,3.964
subtitl,3.960
cheesi,3.951
commerci,3.950
paroxysm,3.945
statesid,3.945
newsweek,3.945
insouci,3.945
ditti,3.945
disciplinarian,3.945
tuberculosi,3.945
parter,3.945
postscript,3.945
dualism,3.926
wringer,3.926
nowday,3.926
tumult,3.926
reconnaiss,3.926
pretent,3.926
1918,3.926
luckiest,3.926
pasolini,3.926
triumph,3.923
reassert,3.908
unpalat,3.908
infront,3.908
mustard,3.908
urchin,3.908
ransack,3.908
overcoat,3.908
healthier,3.908
heaviest,3.908
unearn,3.908
inauthent,3.908
lai,3.908
betray,3.896
board,3.892
lopsid,3.891
retroact,3.891
lan,3.891
stigmat,3.891
straightforwardli,3.891
inventori,3.891
downtim,3.891
friedrich,3.891
revel,3.890
bear,3.877
unrespons,3.875
lawer,3.875
toughen,3.875
redesign,3.875
pudgi,3.875
tragicomedi,3.875
fresco,3.875
brusqu,3.875
jaunt,3.875
mural,3.875
bart,3.875
humorist,3.875
overdub,3.875
scrappi,3.875
debauch,3.875
misnom,3.875
warm,3.867
totali,3.859
blandli,3.859
ellison,3.859
groin,3.859
insubordin,3.859
eardrum,3.859
unaccount,3.859
grittiest,3.859
aleck,3.859
leaven,3.859
bonus,3.859
unnervingli,3.859
crowd,3.859
hurray,3.844
maladi,3.844
fag,3.844
geometri,3.844
ontolog,3.844
transcrib,3.844
immateri,3.844
antipathi,3.844
inaugur,3.844
daringli,3.844
firecrack,3.844
complianc,3.844
trip,3.834
giant,3.832
shrivel,3.829
directionless,3.829
uncount,3.829
115,3.829
upend,3.829
improp,3.829
thigh,3.829
underachiev,3.829
florid,3.829
heartland,3.829
rape,3.826
student,3.815
stubbl,3.815
demonis,3.815
wondrous,3.815
ruptur,3.815
duress,3.815
misbehav,3.815
materialis,3.815
boatload,3.815
elegi,3.815
11,3.807
unnecessari,3.805
washroom,3.801
muzzl,3.801
bulldoz,3.801
triangular,3.801
oversimplif,3.801
scatolog,3.801
undisciplin,3.801
babysit,3.801
basest,3.801
foregon,3.801
quak,3.801
iowa,3.801
jaundic,3.788
ensconc,3.788
airhead,3.788
vehicular,3.788
luftwaff,3.788
unexcept,3.788
truce,3.788
harwood,3.788
athletic,3.788
matur,3.787
solicit,3.775
uncr,3.775
berth,3.775
cameramen,3.775
freelanc,3.775
columnist,3.762
dogmat,3.762
accredit,3.762
edifi,3.762
artless,3.762
hellhol,3.762
stalem,3.762
concuss,3.762
solder,3.762
20min,3.762
proffer,3.750
jokingli,3.750
thailand,3.750
paperback,3.750
baromet,3.750
poof,3.750
emblem,3.750
paula,3.750
nickolson,3.750
saudi,3.750
grope,3.750
cushi,3.750
blather,3.750
tenur,3.750
uncompromisingli,3.750
teammat,3.750
militar,3.738
unremit,3.738
pseudonym,3.738
disarray,3.738
stanli,3.738
hector,3.738
suffus,3.738
millimet,3.738
baptiz,3.738
resuscit,3.738
trouser,3.738
iti,3.738
charcter,3.738
satiris,3.727
siskel,3.727
jangl,3.727
blith,3.727
bleaker,3.727
bloodlust,3.727
foreplay,3.727
neanderth,3.727
flippant,3.727
threadbar,3.727
scotch,3.727
abet,3.727
ream,3.727
10x,3.715
fearlessli,3.715
chairman,3.715
pilgrim,3.715
increment,3.715
craftili,3.715
neophyt,3.715
nip,3.715
conveyor,3.715
sperm,3.715
effus,3.715
scroung,3.704
retail,3.704
lengthen,3.704
pungent,3.704
sugarcoat,3.704
decoy,3.704
stagey,3.704
moralis,3.694
melbourn,3.694
gong,3.694
courier,3.694
ellipt,3.694
cambodian,3.694
storywis,3.694
eviscer,3.694
v,3.693
herzog,3.683
uncensor,3.683
ire,3.683
awok,3.683
suprisingli,3.683
paddl,3.683
overcook,3.683
compart,3.683
wuss,3.683
godless,3.683
krueger,3.683
consequenti,3.683
testicl,3.673
packet,3.673
reptilian,3.673
ouch,3.673
loudmouth,3.673
delux,3.673
servitud,3.673
manipul,3.672
ann,3.670
overstuf,3.663
callow,3.663
meagr,3.663
quantifi,3.663
blot,3.663
repriev,3.663
harlan,3.663
dreg,3.663
pathway,3.663
x,3.658
nastiest,3.653
spolier,3.653
bingo,3.653
irredeem,3.653
untal,3.653
patchwork,3.653
erm,3.653
homoerot,3.653
lawsuit,3.653
oddest,3.653
pizazz,3.644
methodolog,3.644
snarki,3.644
undecid,3.644
absurdist,3.644
gooey,3.644
birdi,3.644
greec,3.644
ineff,3.644
uglier,3.644
roster,3.634
snl,3.634
schizo,3.634
beck,3.634
beaver,3.634
unargu,3.634
wood,3.628
peripheri,3.625
yer,3.625
preliminari,3.625
nigger,3.625
unfavor,3.625
seami,3.625
plump,3.625
aghast,3.625
exel,3.616
disorgan,3.616
monik,3.616
smatter,3.616
veloc,3.616
rebuk,3.616
ballist,3.616
font,3.616
dishonor,3.616
meltdown,3.616
danc,3.612
uncommonli,3.607
spartan,3.607
sticker,3.607
chrome,3.607
overabund,3.607
swath,3.607
pallet,3.607
achil,3.607
transcript,3.607
scrawni,3.599
underhand,3.599
squid,3.599
gentlemanli,3.599
liven,3.599
jubil,3.599
cnn,3.599
tran,3.599
vicin,3.599
int,3.599
goofbal,3.599
unrelentingli,3.599
ventil,3.599
geometr,3.599
quandari,3.590
earnestli,3.590
hogwash,3.590
euphem,3.590
entertainingli,3.590
od,3.590
counten,3.590
headlong,3.590
forsak,3.590
thinner,3.590
patchi,3.590
burli,3.582
coalesc,3.582
slob,3.582
inaccess,3.582
mak,3.582
mandat,3.582
unkind,3.582
complementari,3.582
vestig,3.582
chilton,3.582
steven,3.578
trickster,3.574
diabet,3.574
definet,3.574
gauntlet,3.574
acquiesc,3.574
schmuck,3.574
unreach,3.574
tobacco,3.574
unengag,3.574
technolog,3.571
haggard,3.566
vitriol,3.566
ghoulish,3.566
unwis,3.566
sickeningli,3.566
lamest,3.566
attun,3.566
misde,3.566
fussi,3.566
purportedli,3.566
prerequisit,3.566
haphazard,3.558
terminolog,3.558
agonis,3.558
joe,3.552
64,3.550
irration,3.550
spoilersi,3.550
chapel,3.550
bandag,3.550
arid,3.550
spunk,3.550
snipe,3.550
wife,3.546
90,3.543
wierd,3.543
rove,3.543
recoil,3.543
chais,3.543
bestial,3.543
brigad,3.543
tractor,3.543
reprimand,3.543
la,3.540
besieg,3.535
automaton,3.535
flap,3.535
overstep,3.535
proverb,3.535
clunker,3.535
militarist,3.535
frat,3.535
kubrickian,3.535
disclosur,3.535
ingrati,3.535
ringer,3.528
glaringli,3.528
impressionist,3.528
fiber,3.528
haywir,3.528
inund,3.528
mirag,3.528
joyless,3.528
studio,3.528
hunt,3.523
claptrap,3.521
disobedi,3.521
bulki,3.521
looney,3.521
tutelag,3.521
troublemak,3.521
tormentor,3.521
nil,3.521
creatur,3.517
obsess,3.515
infrastructur,3.514
shit,3.514
predestin,3.514
81,3.514
peanut,3.514
castrat,3.514
overheard,3.514
bluster,3.514
preoccup,3.507
salti,3.507
boorish,3.507
newborn,3.507
kidman,3.507
implac,3.507
freakish,3.507
mettl,3.507
blob,3.500
dramatis,3.500
discontinu,3.500
beginn,3.500
photojournalist,3.500
humanis,3.500
valiantli,3.500
squeak,3.500
supermarket,3.493
specimen,3.493
ivori,3.493
extol,3.493
aswel,3.493
reduct,3.493
unnotic,3.493
wouldnt,3.493
enunci,3.493
goliath,3.493
kitten,3.487
immediaci,3.487
62,3.487
dill,3.487
rush,3.482
tepid,3.480
truncat,3.480
coolli,3.480
definitli,3.480
verac,3.480
cadenc,3.480
enlarg,3.480
platitud,3.480
secular,3.480
flea,3.480
sanction,3.480
undertaken,3.480
beckon,3.474
harshest,3.474
exacerb,3.474
reoccur,3.474
minuscul,3.474
wreckag,3.474
complimentari,3.474
trailer,3.473
horrifyingli,3.468
disparag,3.468
satisfactorili,3.468
obliqu,3.468
aros,3.468
batch,3.468
unfeel,3.468
polem,3.468
fuller,3.468
fyi,3.468
iffi,3.461
obama,3.461
wager,3.461
crummi,3.461
godlik,3.461
kinder,3.461
fortifi,3.455
tutor,3.455
duli,3.449
ordinarili,3.449
sensationalist,3.449
slowest,3.449
inexperi,3.449
propens,3.449
stead,3.443
necklac,3.443
chastis,3.443
argento,3.443
outbreak,3.443
worldview,3.443
transcendent,3.443
surgeon,3.443
flux,3.443
pointer,3.437
erron,3.437
nevermind,3.437
tang,3.437
dario,3.437
grievanc,3.437
unafraid,3.437
caustic,3.437
straddl,3.431
ricci,3.431
pb,3.431
camouflag,3.431
unison,3.431
nelson,3.431
forcibl,3.431
dimwit,3.431
sidetrack,3.426
succinctli,3.426
indecis,3.426
cleanli,3.426
tandem,3.426
din,3.426
misogyni,3.426
scarili,3.426
denigr,3.426
shtick,3.426
excrement,3.426
angrili,3.420
strait,3.420
woken,3.420
66,3.420
influenc,3.418
zillion,3.414
worsen,3.414
stagi,3.414
abundantli,3.414
commi,3.414
indiscrimin,3.414
mono,3.414
afar,3.414
fallaci,3.414
hymn,3.414
dang,3.414
joy,3.412
quiver,3.409
inquiri,3.409
whizz,3.409
freshli,3.409
predic,3.409
snatcher,3.409
flex,3.409
eject,3.409
frequenc,3.403
mint,3.403
geographi,3.403
backstag,3.403
thoughtless,3.403
incent,3.403
gatsbi,3.403
panick,3.403
fizzl,3.403
older,3.399
swore,3.398
undergon,3.393
gunmen,3.393
despond,3.393
menacingli,3.393
renounc,3.393
terroris,3.393
prefect,3.393
paranorm,3.387
wayward,3.387
spatter,3.387
plato,3.387
incessantli,3.387
grime,3.387
snooz,3.387
chisel,3.387
nicholson,3.383
cornerston,3.382
countrymen,3.382
regiment,3.382
deviant,3.382
spielburg,3.377
pueril,3.377
grill,3.377
prod,3.372
defo,3.372
hurdl,3.372
leas,3.372
graft,3.372
erod,3.372
aisl,3.372
inton,3.372
cracker,3.372
voluntarili,3.367
dilapid,3.367
unemot,3.367
jovial,3.367
marvel,3.365
sam,3.363
shin,3.362
unfit,3.362
hotshot,3.362
furnish,3.362
inact,3.362
chiefli,3.362
misgiv,3.362
planet,3.361
bewilder,3.357
bypass,3.357
squash,3.357
werner,3.357
dastardli,3.357
dismantl,3.352
ledg,3.352
nighttim,3.352
varga,3.352
segu,3.347
underwritten,3.347
visag,3.347
11th,3.347
swindl,3.347
administ,3.347
mosquito,3.347
revelatori,3.347
transpos,3.347
disgustingli,3.343
specialti,3.343
obtus,3.343
dogma,3.343
misl,3.343
anal,3.343
hitchcock,3.339
slug,3.338
doubtless,3.338
percuss,3.338
normalci,3.338
recomend,3.338
disappointingli,3.338
staggeringli,3.338
op,3.338
comput,3.337
monger,3.333
slain,3.333
grizzli,3.333
hubri,3.333
vacant,3.333
dj,3.333
expel,3.329
hockey,3.329
76,3.329
trampl,3.329
spar,3.324
faulti,3.324
strife,3.324
unabashedli,3.320
geniou,3.320
mismatch,3.320
lithuania,3.320
callous,3.320
rewritten,3.320
luster,3.315
omnipot,3.315
proxi,3.315
glitz,3.315
labori,3.315
lawless,3.315
artific,3.315
assuredli,3.315
fluke,3.315
prescript,3.315
lukewarm,3.311
rhythmic,3.311
77,3.311
vindict,3.311
erni,3.311
offenc,3.311
german,3.310
plaza,3.306
didact,3.306
anew,3.306
subservi,3.306
dullea,3.306
unsuit,3.306
pessim,3.306
gaff,3.306
apprais,3.306
orderli,3.306
marbl,3.306
uncharacterist,3.302
hardwar,3.302
constrain,3.298
mat,3.298
dour,3.298
ski,3.298
unjustifi,3.294
hideout,3.294
machinist,3.294
starkli,3.294
unarm,3.294
subscrib,3.294
overarch,3.294
rapport,3.294
clift,3.289
verbos,3.289
thor,3.289
uninvolv,3.289
whimsi,3.289
devastatingli,3.289
swipe,3.289
misadventur,3.289
oregon,3.285
notorieti,3.285
outwardli,3.285
turd,3.285
mindblow,3.285
deflat,3.281
golf,3.281
prefac,3.281
49,3.281
mice,3.281
sector,3.277
stoner,3.277
fertil,3.277
figment,3.277
rational,3.273
sluggish,3.273
adul,3.273
naivet,3.273
shrill,3.273
deduc,3.273
fiasco,3.269
torrenc,3.269
transgress,3.269
nietzsch,3.269
fluiditi,3.265
crazier,3.265
cozi,3.265
portent,3.265
hose,3.261
layout,3.261
beggar,3.261
martin,3.258
nigh,3.257
hairstyl,3.257
sleaz,3.257
disapoint,3.257
blasphem,3.257
crunch,3.257
burial,3.253
schmaltzi,3.253
tribal,3.253
nuke,3.253
pulp,3.250
pedant,3.249
fray,3.249
royalti,3.249
unneed,3.249
amiabl,3.249
undoubt,3.249
enrol,3.249
keir,3.249
mutini,3.246
concess,3.246
drought,3.246
freud,3.246
snarl,3.246
dilig,3.246
carrier,3.246
uptight,3.246
tote,3.242
saloon,3.242
founder,3.242
zen,3.242
cloy,3.242
reprehens,3.242
alpha,3.242
certifi,3.242
perenni,3.238
helplessli,3.238
heyday,3.238
gill,3.238
godard,3.238
benign,3.234
clumsili,3.234
misogynist,3.234
echelon,3.234
patholog,3.234
woefulli,3.234
texan,3.231
startlingli,3.231
franklin,3.231
snapshot,3.231
explanatori,3.227
connoisseur,3.227
lifer,3.224
meta,3.224
copiou,3.224
vener,3.224
obsolet,3.220
steadfast,3.220
altman,3.220
geograph,3.220
exert,3.220
whirl,3.220
montgomeri,3.220
cgi,3.219
incredul,3.216
inexor,3.216
cavalri,3.216
15th,3.216
predomin,3.213
pollak,3.213
disinterest,3.213
piss,3.213
pummel,3.213
disillusion,3.213
decim,3.213
bambi,3.209
bitterli,3.209
proposit,3.209
1953,3.206
cidad,3.206
oldi,3.206
congress,3.206
jumpi,3.206
cord,3.203
daft,3.203
paycheck,3.203
yup,3.203
invalid,3.203
plaudit,3.199
welfar,3.199
nonexist,3.199
wili,3.199
bludgeon,3.199
harshli,3.199
conspicu,3.196
unlock,3.196
monotoni,3.196
ineffect,3.196
deliver,3.196
sensation,3.196
agit,3.196
oeuvr,3.192
wickedli,3.192
fingerprint,3.192
sissi,3.192
boyhood,3.192
humanitarian,3.192
scoop,3.192
fanfar,3.189
lennon,3.189
catchphras,3.189
gratif,3.189
ne,3.189
wwi,3.189
throb,3.189
sticki,3.186
interchang,3.186
shackl,3.186
populac,3.186
daredevil,3.186
grammar,3.186
smother,3.186
47,3.186
overview,3.186
hefti,3.186
unscrupul,3.186
bluntli,3.186
viabl,3.182
wiseguy,3.182
gutter,3.182
foray,3.182
misconcept,3.182
misfir,3.182
conquest,3.179
naysay,3.179
seeth,3.179
mantra,3.179
atheist,3.176
definetli,3.176
scumbag,3.176
seventeen,3.176
underwear,3.176
sandal,3.173
discrep,3.173
negat,3.173
cargo,3.173
novic,3.173
cower,3.170
fiend,3.170
coverag,3.170
astoundingli,3.166
sensori,3.166
circular,3.166
52,3.166
weirdo,3.166
blister,3.163
rockwel,3.163
disposit,3.160
statuett,3.160
9th,3.160
augment,3.160
38,3.160
connot,3.160
1965,3.160
exclaim,3.160
obliter,3.157
sexist,3.157
drawer,3.157
sherlock,3.157
stutter,3.157
gleefulli,3.157
nervous,3.157
10http,3.157
97,3.154
telegraph,3.154
sag,3.154
remedi,3.151
isnt,3.151
underpin,3.151
sickli,3.151
idiosyncrat,3.151
grander,3.151
whichev,3.148
peni,3.148
swarm,3.148
demolish,3.145
89,3.145
raptor,3.142
bobafett1138,3.142
fledg,3.142
replica,3.142
nc,3.142
brake,3.142
whisk,3.139
dolbi,3.139
frown,3.136
fur,3.136
frailti,3.136
reborn,3.136
nicol,3.136
attest,3.136
rife,3.136
hype,3.135
undisput,3.133
publicli,3.133
spun,3.133
glitter,3.130
bundl,3.130
supervis,3.130
allot,3.130
defici,3.130
dine,3.130
shone,3.130
aback,3.130
pedest,3.130
basket,3.127
ubiquit,3.127
jem,3.127
stall,3.127
quaint,3.125
pastich,3.125
wane,3.125
outlet,3.125
undi,3.125
chase,3.123
dawson,3.122
eman,3.122
sang,3.122
stint,3.119
sociolog,3.119
bearer,3.119
sparingli,3.116
cinephil,3.116
anxious,3.116
unjust,3.116
airlin,3.116
picturesqu,3.116
incess,3.113
dusk,3.113
dishonest,3.113
absurdli,3.113
escapad,3.113
looni,3.113
mister,3.113
splice,3.110
jerki,3.110
masterstrok,3.110
overdu,3.110
tranc,3.110
faux,3.108
sneer,3.108
heartbeat,3.108
bearabl,3.108
eclect,3.105
detour,3.105
repercuss,3.105
sombr,3.105
affection,3.105
delarg,3.105
abort,3.102
prose,3.102
copycat,3.102
mimick,3.102
seam,3.102
identif,3.102
skirt,3.102
unbias,3.100
choru,3.100
unreli,3.100
blunder,3.100
mishap,3.097
sneaki,3.097
poss,3.097
david,3.096
symptom,3.094
farcic,3.094
abnorm,3.092
juici,3.092
inspect,3.089
mutter,3.089
roommat,3.089
thinli,3.089
flush,3.089
impart,3.086
thump,3.086
sixteen,3.086
immun,3.086
grandpa,3.084
misstep,3.084
thirdli,3.081
evidenc,3.081
vanilla,3.081
propheci,3.081
outdid,3.081
vcr,3.081
poker,3.081
circa,3.078
insensit,3.078
loathsom,3.078
patent,3.076
hoodlum,3.076
georg,3.076
limelight,3.073
hybrid,3.073
shook,3.073
kingpin,3.073
prematur,3.073
uniti,3.071
rattl,3.071
dwarv,3.071
klimov,3.071
anecdot,3.071
pinch,3.071
moralist,3.071
domain,3.071
fourteen,3.068
unto,3.068
consumpt,3.068
allegi,3.068
inescap,3.066
rebuild,3.066
ive,3.066
align,3.066
guerrilla,3.066
winc,3.066
indirectli,3.066
playground,3.066
hitchcockian,3.063
depalma,3.063
pristin,3.063
requisit,3.063
overthrow,3.063
christian,3.062
trembl,3.061
fuell,3.061
condescend,3.061
impass,3.061
vin,3.058
cleans,3.058
crux,3.058
flinch,3.058
kilgor,3.058
steep,3.058
withstand,3.056
intrins,3.056
villaini,3.056
frontier,3.056
widespread,3.053
glorious,3.053
filmak,3.053
cameraman,3.053
debaucheri,3.053
tangent,3.053
onscreen,3.053
dunno,3.053
superpow,3.051
scrape,3.051
ripe,3.051
incit,3.051
narcissist,3.051
gratifi,3.051
bloke,3.051
lord,3.050
coars,3.049
bigotri,3.049
mt,3.046
googl,3.044
rethink,3.044
keller,3.044
tint,3.044
seat,3.044
pinpoint,3.042
cautiou,3.042
whale,3.042
undercurr,3.042
risen,3.039
unknowingli,3.039
pois,3.039
jolli,3.039
defenc,3.039
censorship,3.039
dearli,3.039
shuffl,3.039
shamelessli,3.039
hing,3.037
humil,3.037
swap,3.037
lofti,3.037
cherri,3.037
insect,3.035
chemic,3.035
untim,3.032
neal,3.032
havent,3.032
egotist,3.032
juic,3.032
maestro,3.030
tenth,3.030
transfix,3.030
permiss,3.030
snippet,3.028
unhing,3.028
grandma,3.025
muddi,3.025
boldli,3.025
distraught,3.025
fraction,3.025
curv,3.025
drug,3.025
crafti,3.023
needlessli,3.023
vent,3.023
owen,3.023
divert,3.021
solar,3.021
thirteen,3.021
tee,3.021
rabid,3.019
tilt,3.019
epiphani,3.019
compact,3.019
astut,3.019
lick,3.019
grimi,3.019
paraphras,3.016
infer,3.016
unwittingli,3.016
louder,3.016
wri,3.014
bethani,3.014
fearsom,3.012
groan,3.012
forese,3.012
remast,3.010
glimmer,3.010
downer,3.010
diesel,3.010
zani,3.010
motor,3.010
reportedli,3.007
output,3.007
nerdi,3.007
incom,3.005
verit,3.003
picken,3.003
um,3.001
wade,3.001
audac,3.001
smuggl,3.001
showi,2.999
barbarian,2.997
mischiev,2.997
plea,2.997
groom,2.995
theoret,2.995
tighten,2.995
cancel,2.995
rhetor,2.995
iran,2.992
shrug,2.992
acut,2.992
compil,2.990
wagon,2.990
pub,2.990
expend,2.990
forbid,2.988
quip,2.988
grossli,2.988
griffith,2.988
whim,2.986
accumul,2.986
pervad,2.986
dignifi,2.986
savor,2.984
screech,2.984
outta,2.984
easiest,2.984
unnam,2.984
car,2.983
muster,2.982
sweetheart,2.982
wizardri,2.982
wisecrack,2.980
shun,2.980
puppi,2.980
impression,2.978
dialect,2.976
dna,2.974
ting,2.974
intervent,2.972
unwant,2.972
shelli,2.972
unmiss,2.972
thwart,2.972
quantiti,2.970
overwrought,2.970
slew,2.968
unimpress,2.966
omg,2.966
volatil,2.966
carpet,2.964
plotlin,2.962
malici,2.962
endors,2.962
arbitrari,2.962
strikingli,2.962
griev,2.962
vaniti,2.960
rigid,2.960
sordid,2.960
frankenstein,2.960
refrain,2.958
sheet,2.956
concis,2.956
excruci,2.956
broader,2.956
powerless,2.956
transpar,2.956
herein,2.954
mummi,2.954
prohibit,2.954
certainti,2.954
terrain,2.954
moan,2.954
imbu,2.954
album,2.954
distast,2.952
focal,2.952
tripl,2.952
1973,2.952
retribut,2.950
ritual,2.948
tube,2.948
sen,2.948
magic,2.948
repel,2.947
gladli,2.947
athlet,2.947
booth,2.947
allegedli,2.947
worldli,2.947
ode,2.947
panach,2.947
forefront,2.945
download,2.945
canada,2.945
temporari,2.945
glue,2.945
smartest,2.945
chock,2.943
deft,2.941
tyrant,2.941
tarentino,2.939
mug,2.939
rea,2.939
idl,2.939
1969,2.939
intox,2.937
logo,2.937
testifi,2.933
dip,2.933
swift,2.932
council,2.932
kansa,2.932
intimaci,2.930
wherein,2.930
unspeak,2.930
lacklust,2.930
reconcil,2.930
mash,2.928
fodder,2.928
sacr,2.928
hindsight,2.926
gape,2.926
tangl,2.926
proven,2.924
defect,2.924
hover,2.923
societ,2.923
freddi,2.923
prodigi,2.921
peek,2.919
penchant,2.919
hometown,2.919
liar,2.919
miniatur,2.917
feebl,2.917
unwatch,2.917
satan,2.917
lens,2.915
administr,2.914
resili,2.914
hillari,2.912
catapult,2.912
catalyst,2.912
assort,2.912
drench,2.912
tighter,2.910
hick,2.910
posthum,2.908
bestow,2.908
moonlight,2.908
overwhelmingli,2.905
stow,2.903
jackson,2.902
homeless,2.902
calibr,2.902
pauli,2.902
prone,2.902
mississippi,2.900
arous,2.900
brainless,2.898
farther,2.898
intensifi,2.898
selv,2.898
vers,2.896
nobel,2.896
academ,2.896
sleev,2.895
treacher,2.893
omiss,2.893
terrenc,2.891
postur,2.891
agreement,2.891
finer,2.890
tide,2.890
inflat,2.890
limp,2.888
snub,2.888
persuas,2.888
clarifi,2.886
goon,2.885
beef,2.885
deadpan,2.885
overplay,2.885
whack,2.883
gravita,2.881
netflix,2.880
underplay,2.878
incompar,2.877
reassur,2.877
undeserv,2.875
1958,2.875
brute,2.875
lane,2.875
lap,2.875
august,2.873
lash,2.873
evad,2.873
disdain,2.872
poignanc,2.872
speilberg,2.870
til,2.870
humanist,2.869
daunt,2.869
cox,2.867
9000,2.867
retro,2.865
freaki,2.865
bid,2.865
novelti,2.865
reclus,2.862
pacif,2.861
outweigh,2.861
sieg,2.861
metaphys,2.861
claustrophobia,2.859
competitor,2.859
poet,2.858
vomit,2.858
northern,2.858
tailor,2.858
gunshot,2.858
twentieth,2.858
kinet,2.858
misplac,2.856
pod,2.855
stud,2.855
misfortun,2.853
unwil,2.852
expertis,2.852
condens,2.852
intrus,2.850
flare,2.850
labour,2.850
bafta,2.848
defiantli,2.847
cab,2.847
headach,2.847
hopelessli,2.847
analys,2.847
audit,2.845
astonishingli,2.845
drab,2.845
approxim,2.845
concoct,2.845
mercenari,2.845
farewel,2.845
peter,2.845
unveil,2.844
soulless,2.844
wtf,2.841
myriad,2.841
400,2.839
squirm,2.839
interplay,2.839
transpir,2.838
outcast,2.838
pic,2.837
irrat,2.837
strangl,2.835
readili,2.835
allud,2.835
pistol,2.835
ralli,2.835
crouch,2.834
chandler,2.834
orchestra,2.834
facad,2.834
bread,2.834
censor,2.834
amid,2.832
feminin,2.831
tomato,2.831
turkey,2.831
obligatori,2.831
scaveng,2.829
cream,2.828
deftli,2.826
oneself,2.826
applic,2.826
kwai,2.826
shini,2.826
wink,2.823
commonli,2.823
palett,2.822
uncontrol,2.821
overboard,2.821
engulf,2.819
etch,2.819
harmless,2.818
fraud,2.818
plod,2.818
omaha,2.818
bereng,2.816
decenc,2.816
perri,2.815
antonio,2.814
ol,2.814
exorcist,2.811
tourist,2.811
morbid,2.811
disastr,2.811
inadvert,2.811
violin,2.811
spars,2.809
willing,2.808
razor,2.808
replay,2.808
waitress,2.807
retreat,2.807
mimic,2.805
wolv,2.805
meantim,2.805
purist,2.805
nope,2.805
fugit,2.805
signifi,2.805
mi,2.804
superflu,2.804
rewrit,2.804
stoic,2.803
satur,2.801
catastroph,2.801
stitch,2.801
sublimin,2.801
seiz,2.800
overton,2.800
recept,2.798
bumbl,2.798
detest,2.797
pave,2.797
snappi,2.797
overbear,2.796
muse,2.796
clearer,2.794
voyag,2.794
formal,2.793
persever,2.793
caution,2.792
redux,2.790
youtub,2.789
desk,2.788
pad,2.787
pander,2.785
submiss,2.784
rooki,2.784
likeabl,2.784
elliot,2.784
lanc,2.784
bargain,2.784
quirk,2.783
feroci,2.783
margaret,2.779
devis,2.777
ici,2.775
unnatur,2.772
plethora,2.772
frenzi,2.771
invok,2.770
lectur,2.769
brim,2.769
infatu,2.769
frenet,2.767
outdat,2.767
motorcycl,2.766
perpetr,2.766
bewild,2.766
schedul,2.766
scum,2.766
slimi,2.765
roam,2.765
bind,2.764
hippi,2.764
allur,2.764
peel,2.761
simon,2.761
hideou,2.760
endeavor,2.759
romantic,2.756
architect,2.756
cow,2.755
accustom,2.752
wherev,2.751
tricki,2.751
filter,2.750
couch,2.750
brink,2.750
perplex,2.750
loom,2.749
sway,2.749
introspect,2.748
largest,2.748
elicit,2.746
gentlemen,2.746
chat,2.745
atroci,2.745
sprawl,2.745
immacul,2.744
russia,2.744
hypocrit,2.743
reinvent,2.743
adversari,2.743
negoti,2.741
torranc,2.741
unclear,2.739
lace,2.739
digress,2.738
sarcasm,2.737
whimsic,2.737
95,2.737
shred,2.736
omit,2.736
didnt,2.735
spoon,2.731
hallway,2.731
doug,2.730
info,2.729
seed,2.729
wonderland,2.728
bicycl,2.728
stem,2.727
symphoni,2.725
underestim,2.725
timelin,2.724
neurot,2.724
spooki,2.724
regist,2.723
dire,2.723
incoher,2.721
resum,2.721
sour,2.721
encapsul,2.720
constitut,2.718
sob,2.718
monstrou,2.715
masculin,2.714
newer,2.713
sylvest,2.713
id,2.712
messi,2.712
taut,2.712
lush,2.711
unnecessarili,2.710
elect,2.710
architectur,2.710
mobil,2.709
supremaci,2.708
vow,2.708
outdo,2.708
assert,2.706
1959,2.706
widescreen,2.705
gym,2.705
brush,2.705
unquestion,2.704
gloss,2.703
compris,2.702
wage,2.702
refin,2.699
cite,2.699
weigh,2.699
articul,2.699
outdon,2.699
gloria,2.698
sunris,2.698
artwork,2.695
fearless,2.694
unfamiliar,2.694
undertak,2.694
freed,2.693
inherit,2.690
downsid,2.690
stern,2.689
scrap,2.689
squeez,2.687
pat,2.687
yawn,2.686
dreari,2.686
dalla,2.686
benchmark,2.686
deathli,2.685
deceiv,2.684
hayden,2.684
optim,2.684
bounc,2.682
rag,2.681
margin,2.680
skull,2.680
willem,2.680
juvenil,2.679
infus,2.679
enrich,2.678
estrang,2.677
slim,2.676
weep,2.676
cent,2.675
appl,2.675
affirm,2.674
chess,2.673
disord,2.673
aviat,2.672
ish,2.671
hurri,2.671
anonym,2.671
jade,2.671
willard,2.671
deceas,2.671
whistl,2.670
depriv,2.669
er,2.668
expans,2.667
personifi,2.667
forg,2.667
onlin,2.667
pie,2.666
quibbl,2.665
teas,2.664
exterior,2.664
buffalo,2.663
spellbind,2.662
advers,2.662
gunfight,2.661
ham,2.661
entiti,2.661
youngest,2.660
bloat,2.659
unexpectedli,2.657
300,2.656
ie,2.656
broadcast,2.655
uninspir,2.655
pervers,2.655
disrespect,2.654
novemb,2.653
lousi,2.652
seduct,2.651
pepper,2.651
chart,2.648
apt,2.647
neatli,2.645
acid,2.645
1941,2.645
butcher,2.644
palpabl,2.644
ash,2.644
mutual,2.643
payoff,2.643
fund,2.643
nearbi,2.642
renown,2.642
restrict,2.641
singin,2.641
unstabl,2.639
void,2.637
mar,2.637
cap,2.637
opu,2.637
redund,2.636
undermin,2.636
tiresom,2.636
raid,2.635
flood,2.635
retrospect,2.634
sterl,2.634
seduc,2.633
polar,2.633
spill,2.632
fenc,2.632
apollo,2.631
inappropri,2.631
sadden,2.631
divin,2.631
bittersweet,2.631
household,2.629
acquaint,2.628
sucker,2.628
prophet,2.626
harmoni,2.625
scandal,2.625
desol,2.624
evoc,2.623
chamber,2.622
footbal,2.622
dysfunct,2.622
bitch,2.622
1972,2.620
profil,2.619
android,2.618
someday,2.617
decay,2.617
hr,2.617
reliev,2.616
vanish,2.616
soviet,2.614
pinnacl,2.614
abrupt,2.614
enterpris,2.614
flower,2.613
templ,2.613
classifi,2.612
healthi,2.611
trainer,2.610
anytim,2.608
mini,2.608
artistri,2.607
nineti,2.607
righteou,2.607
traffic,2.606
delus,2.606
disc,2.605
breed,2.605
mute,2.605
envelop,2.605
mildli,2.603
micheal,2.602
textur,2.602
bottl,2.601
glare,2.600
estat,2.600
sicken,2.598
sheep,2.596
overblown,2.595
comprehens,2.595
luxuri,2.594
growth,2.591
kay,2.590
scout,2.590
sidney,2.590
spit,2.589
lumet,2.588
rous,2.586
drastic,2.585
wield,2.585
unorigin,2.582
imperi,2.582
persist,2.581
puppet,2.581
edgi,2.581
dean,2.580
jewel,2.580
interestingli,2.579
energet,2.576
imo,2.576
grandfath,2.576
cement,2.574
crappi,2.573
unsatisfi,2.572
seventi,2.572
monoton,2.572
elit,2.570
custom,2.570
melt,2.570
endlessli,2.569
provoc,2.569
bent,2.568
berlin,2.568
vein,2.568
interior,2.567
grief,2.566
trauma,2.565
idol,2.564
properti,2.563
1975,2.561
1991,2.560
dump,2.560
spade,2.560
applaus,2.560
anxieti,2.559
trainspot,2.559
blake,2.557
whisper,2.554
gran,2.554
substanti,2.554
awhil,2.554
afi,2.552
injuri,2.552
seamless,2.552
seldom,2.549
1939,2.547
mastermind,2.547
boo,2.547
articl,2.547
underdog,2.547
1982,2.546
stiff,2.546
comedian,2.544
outlook,2.544
friday,2.544
maximum,2.544
1976,2.544
rope,2.543
rotten,2.541
peril,2.540
interrupt,2.540
foremost,2.538
persuad,2.538
darn,2.537
warrant,2.537
spiderman,2.536
funnier,2.535
radic,2.534
conserv,2.534
steel,2.534
existenti,2.533
nomine,2.533
brazil,2.531
fluid,2.531
campaign,2.530
appal,2.530
dispos,2.530
profess,2.529
spotless,2.529
shaki,2.528
stream,2.528
apolog,2.527
breakthrough,2.527
alexand,2.527
patho,2.527
crisp,2.524
signal,2.524
astronaut,2.522
health,2.522
mileston,2.522
envi,2.521
bastard,2.521
worldwid,2.520
runtim,2.520
blogspot,2.520
pig,2.520
hitch,2.520
superl,2.519
delet,2.518
freez,2.517
roof,2.517
wildli,2.515
amateur,2.515
ape,2.515
earl,2.515
minimum,2.513
sore,2.512
tempt,2.512
deservedli,2.512
insur,2.511
senat,2.510
gimmick,2.510
obtain,2.508
bump,2.507
mortal,2.507
invad,2.505
chronicl,2.505
deem,2.504
sacrif,2.504
steadi,2.503
99,2.502
asham,2.502
pierc,2.502
blink,2.502
grandeur,2.502
firm,2.501
diseas,2.501
cheek,2.501
calib,2.499
tomorrow,2.497
worn,2.495
cousin,2.493
saturday,2.491
cherish,2.491
agenda,2.489
toe,2.487
extract,2.484
blur,2.484
literari,2.483
chew,2.482
cliff,2.482
serki,2.481
korean,2.480
likewis,2.480
swing,2.480
reviv,2.478
predat,2.477
host,2.477
guest,2.477
bow,2.475
speci,2.475
web,2.472
deed,2.471
flashi,2.471
tech,2.471
divorc,2.470
coffe,2.470
adolesc,2.467
effortlessli,2.466
sidekick,2.464
barrel,2.463
omin,2.463
acquir,2.462
celluloid,2.462
coin,2.460
forgett,2.459
whiplash,2.459
broad,2.459
juri,2.459
rebellion,2.458
faster,2.458
motel,2.456
2007,2.456
overlong,2.454
bibl,2.453
visibl,2.453
heal,2.451
briefli,2.451
tap,2.450
exhibit,2.448
upper,2.445
diamond,2.445
creep,2.439
outer,2.438
vice,2.438
crown,2.438
overact,2.437
arrang,2.436
ration,2.434
dick,2.431
vh,2.431
grotesqu,2.431
intertwin,2.430
dwarf,2.429
satisfact,2.428
pattern,2.424
conquer,2.424
unreal,2.423
rivalri,2.422
irrelev,2.420
bate,2.420
infinit,2.420
paranoid,2.419
complement,2.418
straightforward,2.413
gripe,2.410
widow,2.410
trio,2.409
critiqu,2.408
suspend,2.408
tonight,2.407
penn,2.406
crystal,2.402
tongu,2.401
stab,2.400
saint,2.400
teller,2.399
grey,2.398
replic,2.396
wick,2.396
awak,2.395
knife,2.394
heartfelt,2.393
attribut,2.393
brood,2.392
2010,2.390
fuel,2.388
twin,2.387
2005,2.386
glanc,2.386
internet,2.386
nuditi,2.385
spiral,2.383
ingredi,2.382
tape,2.381
behold,2.381
liberti,2.380
bu,2.379
nervou,2.373
skeptic,2.372
chop,2.372
cave,2.372
harm,2.370
digniti,2.370
phantom,2.369
2003,2.369
favour,2.368
befriend,2.366
keen,2.365
contempl,2.365
gene,2.364
shade,2.364
apocalypt,2.363
conscious,2.362
tip,2.362
clock,2.360
bowl,2.360
option,2.359
plagu,2.357
unfair,2.356
pg,2.355
scorces,2.355
cloud,2.352
ensu,2.350
nostalg,2.348
disguis,2.347
underst,2.347
valuabl,2.346
sunset,2.345
fred,2.344
drown,2.344
bunni,2.344
resort,2.341
2002,2.341
farmer,2.340
massacr,2.338
subconsci,2.337
suppli,2.337
sensibl,2.337
secondli,2.337
medic,2.336
dismiss,2.334
fanci,2.334
1977,2.332
analyz,2.332
dear,2.330
tender,2.330
verdict,2.329
bug,2.329
happili,2.325
purchas,2.324
mixtur,2.323
african,2.323
occupi,2.321
asian,2.320
incorpor,2.320
jerk,2.317
1984,2.316
throat,2.315
announc,2.314
trait,2.312
dictat,2.312
1940,2.311
spaceship,2.310
oil,2.308
text,2.307
packag,2.306
exhilar,2.306
rid,2.305
flew,2.305
gag,2.305
moviego,2.304
row,2.304
beneath,2.301
solut,2.297
polish,2.294
downright,2.291
sunshin,2.286
mystic,2.285
vertigo,2.282
sink,2.281
defi,2.278
standout,2.277
chain,2.277
float,2.274
destini,2.274
corni,2.274
jurass,2.274
splendid,2.273
suprem,2.272
premier,2.272
charisma,2.270
disast,2.269
dust,2.267
stir,2.266
advertis,2.265
travolta,2.265
dinner,2.260
brian,2.259
shop,2.259
japan,2.258
wolf,2.257
iv,2.254
duel,2.253
twelv,2.252
yesterday,2.252
ponder,2.251
backward,2.246
revolutionari,2.246
alert,2.244
lifestyl,2.239
feat,2.239
underli,2.239
code,2.237
sexi,2.232
vengeanc,2.231
kong,2.228
birth,2.225
aspir,2.225
2000,2.223
competit,2.221
attend,2.221
basterd,2.218
ron,2.216
uplift,2.214
lion,2.213
european,2.213
directori,2.210
broke,2.208
friendli,2.206
offici,2.205
lo,2.202
arnold,2.202
expand,2.198
braveheart,2.193
inhabit,2.193
arrest,2.184
guilt,2.183
germani,2.183
transport,2.179
popul,2.176
cinematograph,2.161
dazzl,2.158
ice,2.155
pursu,2.155
quirki,2.151
medium,2.149
invest,2.147
loyalti,2.147
engin,2.144
evolv,2.143
scientist,2.143
murphi,2.139
advantag,2.133
roger,2.132
season,2.132
enthral,2.131
size,2.124
skin,2.123
predecessor,2.123
rave,2.122
sin,2.120
ticket,2.119
terrorist,2.113
vulner,2.110
garbag,2.109
casablanca,2.109
letter,2.108
smith,2.103
pretend,2.097
taxi,2.094
emperor,2.089
mountain,2.079
sixth,2.079
phone,2.076
homag,2.073
marriag,2.071
russian,2.066
cameo,2.058
absorb,2.056
bank,2.050
kidnap,2.048
holocaust,2.045
forrest,2.037
dent,2.026
fabul,2.021
lifetim,2.021
market,2.020
speed,2.016
fool,2.012
hitler,2.010
drink,2.010
confid,1.987
cartoon,1.984
awaken,1.982
cult,1.979
celebr,1.967
gladiat,1.958
holm,1.958
robin,1.947
rob,1.946
replac,1.945
surpass,1.940
com,1.939
marlon,1.933
west,1.923
fox,1.922
daniel,1.914
anthoni,1.914
sean,1.912
angel,1.909
brando,1.896
billi,1.880
profession,1.880
girlfriend,1.873
termin,1.854
summer,1.853
chri,1.847
vote,1.847
bond,1.841
clint,1.841
jim,1.839
park,1.821
complic,1.817
richard,1.817
premis,1.811
unfold,1.808
driver,1.808
delight,1.804
instal,1.801
eastwood,1.797
willi,1.788
dollar,1.780
blockbust,1.778
andi,1.772
luca,1.771
gang,1.731
empir,1.710
jone,1.706
heath,1.702
frank,1.658
scorses,1.639
matrix,1.599
million,1.579
bill,1.577
actress,1.515
william,1.495
tarantino,1.486
knight,1.428
sequel,1.387
mysteri,1.377
trilog,1.310
