keaton,1534.290
buster,971.114
train,637.612
gener,555.238
annabel,529.021
silent,523.127
johnni,497.527
engin,435.249
locomot,401.107
stunt,311.911
comedi,298.192
union,276.467
civil,259.713
confeder,249.148
hi,232.872
gray,228.000
he,226.484
chase,201.435
gag,193.588
enlist,180.441
war,180.260
mack,173.813
chaplin,165.217
railroad,155.057
armi,150.442
film,147.968
south,134.753
bridg,128.533
laugh,123.861
him,122.264
s,121.571
spi,120.572
wa,117.400
funni,116.972
era,116.534
southern,116.250
as,111.233
when,103.501
slapstick,103.108
on,100.225
action,99.578
dure,94.073
girl,92.848
marion,91.600
by,89.038
love,88.942
northern,88.587
1926,87.504
at,85.596
reject,84.158
scene,82.566
great,82.282
jr,82.223
becaus,81.701
stolen,81.132
track,80.105
lee,80.025
move,79.309
time,78.975
sherlock,78.928
i,77.689
most,77.271
also,76.877
t,76.778
with,76.768
they,76.447
an,76.164
uniform,75.933
1927,75.892
were,75.662
more,75.504
one,75.417
there,75.398
physic,75.251
valuabl,75.068
soldier,74.901
cannon,74.582
or,72.472
get,71.881
today,71.639
even,70.977
out,70.546
yanke,69.943
deadpan,69.234
rescu,68.885
work,68.730
moment,68.633
are,68.274
into,68.268
which,68.244
north,68.205
made,68.088
back,67.764
but,67.560
be,67.440
humor,66.964
use,66.046
express,65.773
shot,65.556
from,65.337
while,65.160
some,65.027
pursu,64.640
watch,64.291
himself,64.213
movi,64.173
had,63.887
girlfriend,63.673
ha,63.578
in,63.090
later,63.039
where,62.894
then,62.843
texa,62.658
that,62.210
music,62.163
so,61.742
onli,61.594
just,61.115
well,61.094
for,60.241
who,59.882
first,59.880
never,59.707
make,59.595
tri,59.585
lot,59.492
you,59.472
charli,59.301
mani,58.903
stori,58.832
doe,58.732
greatest,58.619
set,58.126
do,57.752
find,57.704
two,57.624
her,57.234
histori,57.146
after,57.034
other,57.022
them,56.915
rail,56.819
consid,56.643
not,56.616
belov,56.586
still,56.546
sit,56.379
hilari,56.217
coward,56.088
classic,55.852
up,55.303
interest,55.143
take,55.084
comic,54.843
me,54.796
realli,54.649
we,54.635
pictur,54.363
than,54.310
face,54.247
did,54.021
have,53.514
too,53.488
my,53.381
off,53.367
side,53.148
all,52.971
both,52.918
enemi,52.857
play,52.817
seem,52.765
run,52.765
if,52.750
would,52.636
railway,52.466
best,52.379
anoth,52.261
steal,51.848
no,51.594
see,51.437
what,51.284
own,51.050
like,50.960
veri,50.828
comed,50.380
collaps,50.378
entertain,50.182
cinema,50.098
raider,49.899
think,49.643
impress,49.487
found,49.469
line,49.355
fire,48.816
much,48.805
enjoy,48.711
battl,48.457
comedian,48.344
period,48.029
view,47.958
look,47.932
bruckman,47.873
sound,47.840
expens,47.830
hero,47.771
steamboat,47.747
she,47.741
river,47.589
seen,47.428
can,46.951
is,46.679
ever,46.601
screen,46.514
been,46.344
to,46.259
almost,46.087
plan,46.060
amaz,46.057
way,45.848
confederaci,45.780
thing,45.616
geniu,45.457
american,45.368
it,45.059
doesn,44.889
could,44.841
year,44.655
minut,44.625
real,44.497
sight,44.478
actual,44.151
modern,43.521
acrobat,43.508
perform,43.472
littl,43.117
actor,43.048
start,42.868
keep,42.836
until,42.763
100,42.733
front,42.728
along,42.725
excit,42.630
how,42.611
don,42.609
effect,42.318
fun,42.241
romanc,42.052
adventur,42.015
howev,41.897
wood,41.719
audienc,41.473
cours,41.339
through,41.318
wonder,41.300
danger,41.232
alway,41.178
sequenc,41.031
ani,40.983
about,40.935
burn,40.630
good,40.272
down,40.269
car,40.265
critic,40.203
fall,40.067
turn,39.781
come,39.596
charact,39.402
quit,39.314
version,39.182
go,39.112
over,39.074
part,39.053
offic,38.979
without,38.952
kidnap,38.911
must,38.799
plot,38.722
amp,38.604
tell,38.602
prove,38.570
man,38.544
know,38.473
featur,38.466
masterpiec,38.446
facial,38.397
their,38.372
stop,38.334
histor,38.210
around,38.054
unionist,38.045
though,37.926
amus,37.831
old,37.763
wasn,37.743
motion,37.444
perfect,37.321
of,37.318
our,37.276
each,37.251
these,37.095
better,36.924
those,36.914
favorit,36.892
may,36.861
thought,36.450
pursuit,36.425
true,36.325
end,36.248
between,36.213
ve,36.164
star,36.146
1861,36.048
event,35.938
befor,35.790
enough,35.777
same,35.577
print,35.488
flop,35.456
cowcatch,35.226
piano,34.984
place,34.797
simpl,34.776
steam,34.734
didn,34.693
day,34.623
a,34.584
situat,34.422
pretti,34.416
give,34.242
appreci,34.123
viewer,34.098
now,34.097
yet,33.977
goe,33.948
show,33.919
nation,33.822
follow,33.796
sinc,33.711
second,33.701
bit,33.477
stone,33.332
often,33.243
top,33.179
1920,33.177
put,33.096
thi,33.086
fight,33.018
ride,32.953
oregon,32.852
kind,32.743
break,32.739
d,32.667
tabl,32.665
includ,32.581
10,32.499
such,32.465
aboard,32.400
hijack,32.329
score,32.301
thrill,32.233
involv,32.168
beauti,32.041
everi,32.008
big,31.937
say,31.908
becom,31.798
under,31.717
reason,31.659
loud,31.643
happen,31.614
whi,31.519
full,31.502
complet,31.458
father,31.384
expect,31.197
rod,31.170
brother,31.056
done,31.055
list,31.035
base,30.940
want,30.791
accompani,30.705
certainli,30.694
need,30.558
straight,30.389
skill,30.264
speed,30.241
life,30.138
pace,30.127
person,29.961
definit,29.844
away,29.672
few,29.454
piec,29.342
will,29.289
here,29.251
save,29.144
allow,29.053
saw,28.808
point,28.722
releas,28.705
light,28.642
product,28.633
repetit,28.624
possibl,28.561
review,28.550
re,28.526
special,28.464
number,28.402
remark,28.363
win,28.337
troop,28.243
epic,28.192
tie,28.173
among,28.079
fact,28.055
us,28.029
clever,27.969
funniest,27.947
rather,27.939
creativ,27.853
direct,27.784
fan,27.683
throughout,27.675
should,27.557
resourc,27.527
upon,27.516
noth,27.471
water,27.445
georgia,27.417
less,27.402
far,27.380
box,27.354
final,27.314
cavend,27.169
marietta,27.169
sumter,27.169
entir,27.167
onc,27.097
doubl,27.078
import,26.978
although,26.974
especi,26.787
hand,26.782
laughter,26.748
sure,26.728
anyon,26.671
manag,26.665
high,26.655
help,26.602
join,26.592
white,26.587
camera,26.583
wouldn,26.561
call,26.547
black,26.535
inspir,26.488
matter,26.451
recommend,26.412
job,26.406
someth,26.321
probabl,26.277
invent,26.257
clyde,26.248
short,26.246
captur,26.234
famou,26.218
incid,26.097
m,26.027
your,25.939
differ,25.876
and,25.838
length,25.718
authent,25.572
orchestra,25.502
feel,25.391
board,25.300
itself,25.289
least,25.288
boiler,25.282
buff,25.243
said,25.205
titl,25.157
pull,25.091
across,25.090
donlin,25.027
woodley,25.027
chattanooga,25.027
long,25.010
isn,24.981
simpli,24.968
might,24.966
anyth,24.937
got,24.893
overal,24.868
subtl,24.858
risk,24.814
new,24.761
begin,24.743
eye,24.678
humour,24.651
crash,24.645
singl,24.631
dvd,24.617
peopl,24.546
kino,24.501
men,24.500
regard,24.492
absolut,24.391
main,24.251
kiss,24.232
technic,24.166
obstacl,24.165
fast,24.148
major,24.114
pass,24.038
wheel,24.011
showcas,24.007
hard,23.996
speak,23.981
refus,23.906
again,23.897
name,23.867
reaction,23.852
hous,23.808
everyth,23.796
andrew,23.786
came,23.764
am,23.752
mean,23.737
bring,23.716
believ,23.616
master,23.587
recruit,23.579
athlet,23.572
drama,23.382
earli,23.335
style,23.225
let,23.215
anderson,23.182
cross,23.062
disappoint,22.979
whole,22.972
photograph,22.960
background,22.927
attempt,22.900
anyway,22.856
prefer,22.765
provid,22.740
1924,22.727
myself,22.655
sever,22.654
joke,22.654
ll,22.650
heroic,22.637
took,22.550
bradi,22.500
ebert,22.364
stonefac,22.306
birth,22.250
lost,22.218
sens,22.209
hold,22.206
dialogu,22.201
state,22.004
remain,21.973
display,21.955
frame,21.905
context,21.810
right,21.803
jump,21.786
dare,21.785
cut,21.765
abil,21.724
clown,21.664
log,21.622
surpris,21.583
incred,21.581
origin,21.523
qualiti,21.486
class,21.466
lose,21.462
home,21.436
miss,21.399
slow,21.378
word,21.308
attack,21.256
truli,21.218
mostli,21.185
centuri,21.164
brilliant,21.054
behind,20.990
firewood,20.962
nearli,20.953
left,20.929
stand,20.906
spectacular,20.855
learn,20.694
couldn,20.687
last,20.572
edit,20.513
fort,20.483
budget,20.480
talent,20.388
taken,20.378
cinemat,20.364
roll,20.301
tension,20.208
pure,20.187
station,20.117
glen,20.113
1928,20.084
pack,20.050
director,19.991
next,19.989
effort,19.972
copi,19.962
bodi,19.953
boxcar,19.921
chang,19.916
develop,19.910
earlier,19.880
restor,19.876
larg,19.823
timber,19.820
visual,19.813
exampl,19.790
sheer,19.745
soon,19.724
ye,19.641
equal,19.632
togeth,19.624
door,19.560
open,19.539
attent,19.491
advanc,19.409
art,19.348
order,19.338
thatcher,19.320
foot,19.313
doubt,19.296
role,19.266
perhap,19.253
told,19.214
highli,19.205
conductor,19.134
age,19.103
felt,19.097
seriou,19.064
comment,19.026
particularli,18.997
care,18.965
perspect,18.948
heard,18.932
bill,18.919
act,18.902
sad,18.894
sometim,18.882
public,18.860
shown,18.851
memor,18.830
race,18.792
drive,18.735
guess,18.715
suppli,18.699
onto,18.636
marvel,18.506
lloyd,18.500
realiz,18.493
unlik,18.437
trestl,18.430
handcar,18.430
domain,18.425
creat,18.388
hit,18.376
75,18.369
cameraman,18.321
abl,18.290
failur,18.250
lead,18.235
throw,18.233
repres,18.214
knock,18.185
pratfal,18.171
usual,18.163
rival,18.117
known,18.116
instead,18.098
combin,18.092
achiev,18.075
brave,18.046
reportedli,18.045
co,18.034
mix,17.968
toward,17.964
process,17.957
despit,17.955
militari,17.946
griffith,17.930
coupl,17.895
carri,17.889
agre,17.872
obstruct,17.870
technolog,17.857
talki,17.821
lack,17.703
protagonist,17.683
talk,17.672
broke,17.664
consist,17.661
accomplish,17.660
fianc,17.645
techniqu,17.634
finish,17.600
understand,17.557
standard,17.552
build,17.544
basic,17.542
mechan,17.534
head,17.509
natur,17.488
sneak,17.487
live,17.457
card,17.455
appar,17.449
bear,17.448
explos,17.400
ahead,17.315
project,17.278
result,17.277
present,17.235
near,17.231
safeti,17.224
aspect,17.207
mind,17.204
idea,17.201
catcher,17.186
timeless,17.169
notic,17.155
easi,17.136
won,17.115
variou,17.094
roger,17.058
suspens,17.046
valu,17.041
avail,17.040
plenti,16.973
forward,16.972
navig,16.967
exactli,16.943
due,16.881
alon,16.799
bumbl,16.791
element,16.788
rank,16.785
lover,16.776
e,16.770
hyster,16.755
theme,16.747
movement,16.743
climb,16.740
spectacl,16.732
went,16.719
grace,16.690
mayb,16.675
fill,16.645
requir,16.632
climact,16.603
late,16.578
coal,16.554
emot,16.548
sort,16.439
scale,16.404
posit,16.377
opportun,16.353
structur,16.342
dramat,16.287
solid,16.282
model,16.193
leav,16.184
terrif,16.168
return,16.167
compar,16.129
storylin,16.107
theatr,16.106
world,16.103
insignific,16.092
hospit,16.067
1862,16.021
happi,16.014
bore,16.012
forc,15.935
extra,15.934
precis,15.871
three,15.868
worth,15.865
smile,15.794
caus,15.768
night,15.708
career,15.700
rush,15.668
note,15.653
seri,15.649
atlant,15.637
correct,15.626
farley,15.580
observ,15.562
block,15.527
soundtrack,15.510
pleas,15.500
mishap,15.484
decad,15.480
20th,15.456
produc,15.433
genr,15.423
within,15.374
thu,15.368
date,15.367
legend,15.360
ask,15.320
initi,15.308
uniqu,15.302
success,15.289
discov,15.255
tint,15.219
funnier,15.213
woman,15.206
forgotten,15.159
athletic,15.151
instrument,15.122
instanc,15.078
tend,15.045
setup,15.005
servic,15.000
finest,14.996
level,14.956
ladi,14.950
illustr,14.949
cinematographi,14.908
rate,14.899
filmmak,14.897
els,14.873
marian,14.817
depict,14.772
write,14.765
guy,14.721
detail,14.699
excel,14.676
stoni,14.652
imag,14.647
mgm,14.631
against,14.612
written,14.595
rock,14.588
miniatur,14.586
highlight,14.572
room,14.544
chaplain,14.537
occur,14.523
outstand,14.513
pitteng,14.488
intend,14.479
remind,14.470
the,14.458
famili,14.390
gentli,14.383
hear,14.345
rest,14.331
half,14.312
continu,14.296
aren,14.214
introduct,14.177
determin,14.170
wrote,14.139
given,14.132
tennese,14.113
studio,14.110
trick,14.106
nice,14.105
iron,14.082
forth,14.080
remov,14.063
gem,14.045
bother,14.044
passeng,14.033
retreat,14.033
poor,14.005
seiz,13.999
either,13.983
connect,13.979
handedli,13.939
lie,13.938
except,13.933
read,13.923
serious,13.898
romant,13.879
amount,13.878
bad,13.869
prowess,13.849
crossbar,13.822
opinion,13.813
ultim,13.798
label,13.784
cow,13.774
vaudevil,13.772
accustom,13.762
total,13.747
warn,13.721
control,13.717
lightn,13.703
singlehandedli,13.702
seat,13.696
eventu,13.673
influenc,13.673
4,13.671
ingenu,13.662
joy,13.650
bicycl,13.639
deni,13.618
stage,13.573
sat,13.568
harold,13.565
dinner,13.559
cheer,13.559
flat,13.550
close,13.486
destroy,13.472
demand,13.464
respons,13.464
feat,13.436
stole,13.398
addit,13.384
choic,13.381
reli,13.375
assum,13.358
mood,13.355
march,13.354
appear,13.346
group,13.342
manner,13.339
everyon,13.337
relat,13.290
heart,13.257
8,13.254
realist,13.229
pleasur,13.220
courag,13.209
command,13.205
video,13.187
70,13.182
raid,13.176
chan,13.148
pick,13.146
impecc,13.130
harmoni,13.126
overhear,13.124
outnumb,13.092
someon,13.080
kid,13.061
surprisingli,13.039
describ,13.039
town,13.015
imagin,13.011
sweet,12.989
center,12.968
small,12.947
brought,12.935
chanc,12.926
gone,12.897
sophist,12.886
problem,12.863
fell,12.863
endlessli,12.846
deserv,12.804
america,12.779
contemporari,12.776
ago,12.756
wrong,12.720
boy,12.720
add,12.720
seemingli,12.718
tramp,12.707
busi,12.685
whether,12.684
thame,12.682
driver,12.654
20,12.654
engag,12.651
hostag,12.637
rememb,12.617
smith,12.615
prat,12.577
typic,12.555
sixti,12.532
deem,12.521
type,12.520
fail,12.510
serv,12.464
exagger,12.445
explain,12.416
five,12.405
artist,12.386
conclus,12.372
dull,12.360
hurt,12.350
receiv,12.328
aim,12.317
dirk,12.307
suffer,12.266
strength,12.215
countri,12.207
inde,12.206
balanc,12.130
wreck,12.119
gestur,12.113
sympathi,12.086
arguabl,12.058
charl,12.040
claim,12.030
wast,12.019
contain,12.017
defin,11.995
grey,11.989
decis,11.987
sack,11.978
william,11.962
unusu,11.932
limit,11.930
sweetheart,11.928
tast,11.928
idiot,11.915
week,11.904
caught,11.900
demonstr,11.887
experi,11.875
whose,11.844
alloy,11.834
twig,11.834
enter,11.834
78,11.832
jacki,11.822
ignor,11.793
flip,11.715
previou,11.706
machin,11.696
immedi,11.661
truth,11.655
affect,11.601
inform,11.581
outdoor,11.559
abov,11.550
numer,11.529
territori,11.525
dream,11.522
televis,11.516
climax,11.495
machineri,11.474
frustrat,11.470
shanti,11.445
perfectli,11.429
confus,11.416
haven,11.413
theft,11.412
grab,11.405
1915,11.404
undaunt,11.404
decid,11.402
superb,11.395
began,11.395
construct,11.361
check,11.350
stun,11.320
western,11.317
linear,11.286
exist,11.279
case,11.268
escap,11.244
themselv,11.233
revers,11.217
barn,11.199
smooth,11.191
2,11.186
ingeni,11.178
tone,11.169
thrown,11.166
figur,11.146
knew,11.136
stay,11.123
varieti,11.123
victori,11.104
logic,11.098
80,11.074
quick,11.074
writer,11.050
photographi,11.043
jim,11.036
free,11.028
shoe,11.028
grove,11.019
trademark,10.994
105,10.989
suggest,10.978
routin,10.972
particular,10.965
execut,10.940
accept,10.920
fine,10.905
complic,10.900
object,10.881
form,10.865
5,10.860
unfold,10.849
persona,10.804
salut,10.787
sweep,10.772
convey,10.771
huge,10.763
foil,10.753
normal,10.716
clearli,10.707
content,10.679
blow,10.677
breathtak,10.675
captain,10.672
switch,10.661
non,10.661
becam,10.660
mortar,10.651
constantli,10.632
deal,10.631
90,10.630
somewhat,10.623
ksff,10.613
yonah,10.613
matthew,10.610
edg,10.600
circu,10.590
ambiti,10.576
occup,10.574
silli,10.558
bare,10.554
icon,10.550
pioneer,10.533
obvious,10.526
vehicl,10.525
practic,10.520
chose,10.504
mid,10.495
guffaw,10.480
choos,10.477
grasp,10.471
artistri,10.430
desir,10.424
foolish,10.419
prevent,10.413
chuckl,10.412
tennesse,10.403
fuller,10.403
cottag,10.403
australian,10.402
clumsi,10.399
frantic,10.399
stood,10.391
miracul,10.378
crack,10.364
term,10.351
unfortun,10.351
stoke,10.347
difficult,10.346
consider,10.338
amongst,10.324
mistak,10.323
magic,10.316
adapt,10.315
repeat,10.298
seventi,10.289
pair,10.288
poignant,10.282
locat,10.279
discuss,10.246
desper,10.234
undoubtedli,10.221
essenti,10.215
braveri,10.208
afi,10.208
ceas,10.205
symbol,10.204
underdog,10.187
unbeliev,10.186
drop,10.182
asid,10.162
interrupt,10.160
genuin,10.156
imdb,10.132
meant,10.131
handl,10.092
roof,10.070
mention,10.062
parallel,10.042
stretch,10.030
cost,10.017
civilian,10.014
kennesaw,10.011
anabel,10.011
hagney,10.011
guardsmen,10.011
flatcar,10.011
ncrd,10.011
organist,10.011
lano,10.011
load,10.008
gaug,10.000
colleg,9.989
strong,9.979
nor,9.971
challeng,9.968
frank,9.949
concern,9.939
hope,9.936
virtu,9.921
bizarr,9.913
acclaim,9.910
catch,9.885
approach,9.880
quickli,9.876
certain,9.870
effortlessli,9.862
hadn,9.849
midst,9.845
organ,9.831
appeal,9.829
hour,9.829
inimit,9.807
festiv,9.806
yourself,9.801
disney,9.794
astonish,9.790
latter,9.781
gold,9.770
occasion,9.746
stoog,9.737
landscap,9.735
dress,9.724
1956,9.714
step,9.708
power,9.707
human,9.706
somehow,9.691
troubl,9.683
satisfi,9.673
derail,9.660
greydanu,9.658
overwhelm,9.657
fulli,9.655
portray,9.652
straightforward,9.650
crowd,9.647
narr,9.634
pun,9.630
empti,9.616
consequ,9.611
throwaway,9.608
1925,9.587
walt,9.585
giant,9.581
quiet,9.577
support,9.572
brilliantli,9.571
fascin,9.568
fuel,9.551
complaint,9.550
contribut,9.540
behold,9.522
appropri,9.519
favourit,9.514
greater,9.502
skeptic,9.489
paus,9.481
drew,9.479
favour,9.473
tcm,9.453
safe,9.442
blend,9.420
narrowli,9.417
alreadi,9.416
citi,9.412
vroom,9.409
compos,9.408
arm,9.405
innoc,9.393
neck,9.387
quaint,9.374
fellow,9.373
dexter,9.365
jaw,9.359
reach,9.354
wooden,9.335
wind,9.330
dear,9.322
sentiment,9.322
succeed,9.321
tender,9.320
hollywood,9.310
per,9.309
hundr,9.298
difficulti,9.262
recogn,9.262
admit,9.251
herself,9.245
central,9.242
closest,9.241
recov,9.205
visit,9.182
fantast,9.168
scrambl,9.160
landmark,9.159
rel,9.153
wikipedia,9.139
attract,9.129
choreograph,9.126
18,9.123
endear,9.121
frederick,9.111
superior,9.107
villain,9.097
makeup,9.087
test,9.078
curv,9.076
prop,9.071
bk,9.056
reclaim,9.056
scholar,9.036
ten,9.033
awe,9.022
suddenli,9.017
prime,9.002
shoot,8.967
meet,8.953
encount,8.944
sepia,8.940
cast,8.938
ad,8.932
meld,8.922
thwart,8.916
humbl,8.896
blockbust,8.888
divid,8.887
struggl,8.886
nonstop,8.880
mission,8.859
tower,8.853
accident,8.827
interpret,8.824
york,8.819
prison,8.799
lean,8.791
wide,8.773
slight,8.746
twice,8.740
stuff,8.736
mesh,8.730
fresh,8.720
reeler,8.704
harpo,8.704
forgot,8.701
ran,8.690
runaway,8.684
percept,8.682
luck,8.672
hilar,8.664
sabotag,8.659
arriv,8.654
boot,8.652
netflix,8.640
extrem,8.624
w,8.620
unpredict,8.614
necessari,8.607
height,8.598
medium,8.594
touch,8.592
treasur,8.592
disrupt,8.550
cab,8.541
feder,8.541
museum,8.541
avoid,8.524
beyond,8.497
select,8.470
common,8.469
shake,8.460
flawless,8.458
slowli,8.453
space,8.444
instantli,8.443
similar,8.425
effortless,8.424
attach,8.420
recent,8.413
der,8.412
stock,8.409
stoic,8.408
havoc,8.404
piston,8.385
young,8.376
insan,8.368
dreamer,8.367
lucki,8.365
rent,8.364
clueless,8.364
split,8.350
wish,8.348
slightli,8.343
below,8.336
individu,8.324
misunderstand,8.321
motiv,8.320
admir,8.302
nowaday,8.295
anywher,8.290
walk,8.290
davi,8.278
canon,8.261
cannonbal,8.261
canutt,8.261
afterward,8.252
surreal,8.238
independ,8.228
reput,8.227
biggest,8.222
spend,8.197
countless,8.193
credit,8.159
die,8.138
relationship,8.136
charm,8.133
focu,8.121
episod,8.112
greatli,8.091
whatev,8.090
hat,8.082
languag,8.067
immens,8.063
clamber,8.055
sword,8.046
forget,8.022
women,8.018
poke,8.016
travel,8.012
nicknam,8.007
relish,8.004
dad,7.984
hook,7.970
stuntwork,7.968
death,7.968
dialog,7.963
begun,7.959
cartoon,7.934
relief,7.928
encamp,7.928
store,7.927
unseen,7.914
shape,7.904
theater,7.894
imposs,7.881
nevertheless,7.867
thank,7.862
hair,7.861
circumst,7.859
reward,7.854
folk,7.853
messag,7.831
refer,7.826
inch,7.822
3,7.819
gave,7.802
retriev,7.784
errant,7.783
convert,7.769
com,7.755
bayonet,7.750
bombay,7.750
unorigin,7.746
surviv,7.743
plung,7.741
cannot,7.727
deliv,7.714
tremend,7.710
trap,7.707
broken,7.700
1923,7.688
explan,7.687
unknown,7.674
record,7.671
hang,7.666
hot,7.645
argu,7.640
anybodi,7.639
johni,7.630
narrow,7.613
kept,7.610
prais,7.607
conserv,7.602
honor,7.597
fluid,7.593
fairbank,7.576
likabl,7.566
runtim,7.561
g,7.556
enthusiasm,7.540
lieuten,7.540
tv,7.534
declin,7.533
money,7.526
sign,7.525
accordion,7.525
gasp,7.507
subject,7.496
journey,7.494
rang,7.492
priceless,7.490
knowledg,7.487
reviv,7.433
host,7.431
broom,7.431
script,7.427
bow,7.425
signific,7.412
websit,7.412
readi,7.401
oppon,7.391
equival,7.389
acquir,7.387
driven,7.381
specif,7.376
count,7.370
paint,7.370
2007,7.367
stuntman,7.366
offer,7.362
tap,7.351
tragedi,7.331
1860,7.326
chug,7.326
detach,7.308
flawlessli,7.306
comparison,7.304
multipl,7.302
spring,7.299
till,7.299
boast,7.296
ineff,7.287
afraid,7.276
extraordinari,7.275
u,7.272
accur,7.268
pleasantli,7.261
held,7.255
seamlessli,7.255
orchestr,7.246
mile,7.237
gain,7.233
preserv,7.221
fair,7.221
gallant,7.215
melodramat,7.211
contrast,7.203
partli,7.182
retak,7.181
flung,7.181
neither,7.175
evid,7.168
recognis,7.167
judg,7.164
hide,7.163
nobodi,7.161
exit,7.151
flee,7.151
tire,7.147
eleg,7.140
tireless,7.132
chop,7.117
chronolog,7.116
joe,7.104
seek,7.104
local,7.096
option,7.077
librari,7.061
plank,7.056
ensu,7.049
disguis,7.042
underst,7.042
1930,7.038
grand,7.035
drawn,7.031
leap,7.028
spent,7.018
send,7.015
system,7.011
forlorn,7.000
mr,6.992
collect,6.992
67,6.987
unnotic,6.987
maker,6.986
fluidli,6.974
book,6.973
neg,6.971
needless,6.961
16,6.960
incorpor,6.959
stick,6.959
coincid,6.952
brook,6.948
carl,6.930
hasn,6.926
contraband,6.923
splinter,6.923
text,6.920
exhilar,6.918
besid,6.909
passion,6.909
financi,6.907
plu,6.904
gorg,6.898
familiar,6.892
solut,6.892
composit,6.888
eavesdrop,6.886
progress,6.885
format,6.865
odd,6.862
portion,6.858
suspect,6.856
captiv,6.850
pursuer,6.840
defi,6.833
conceiv,6.832
exquisit,6.831
tim,6.830
antebellum,6.817
whizz,6.817
suprem,6.816
spare,6.808
mint,6.807
shame,6.802
reflect,6.799
shed,6.798
hind,6.796
sublim,6.795
access,6.781
tenaci,6.764
perfection,6.764
surround,6.761
draw,6.757
parlor,6.754
backward,6.739
respect,6.733
tribut,6.725
unfit,6.724
expressionless,6.724
function,6.720
israel,6.714
hesit,6.712
burst,6.709
easili,6.702
insist,6.700
breath,6.691
bell,6.688
costum,6.683
otherwis,6.681
laurel,6.676
attend,6.662
honest,6.649
alongsid,6.647
alli,6.642
spot,6.640
offici,6.615
react,6.600
9,6.600
backdrop,6.594
reson,6.580
misadventur,6.579
downtrodden,6.579
press,6.576
explod,6.576
key,6.565
materi,6.563
recognit,6.562
graviti,6.562
distributor,6.562
arc,6.560
elabor,6.554
fix,6.551
evok,6.537
institut,6.537
throttl,6.530
spoken,6.522
mingl,6.522
concur,6.522
strike,6.520
realiti,6.515
toil,6.507
forev,6.503
damag,6.501
proper,6.470
jeopardi,6.469
contriv,6.461
increas,6.441
share,6.438
rode,6.433
wall,6.432
dimens,6.431
wherea,6.431
ironi,6.426
30,6.425
vision,6.423
distanc,6.410
heck,6.405
soul,6.385
1950,6.380
indiana,6.376
forest,6.372
agil,6.372
1800,6.372
fame,6.358
gun,6.354
member,6.350
liter,6.345
marx,6.339
hall,6.336
introduc,6.333
dam,6.327
treat,6.324
coldli,6.314
calm,6.312
wound,6.299
hype,6.270
transit,6.259
rise,6.255
aloof,6.249
section,6.249
nonetheless,6.241
6,6.233
frequent,6.229
mel,6.226
flash,6.214
mirror,6.205
heavili,6.201
chief,6.199
synchron,6.188
integr,6.183
concept,6.183
univers,6.183
necessarili,6.183
absorb,6.169
porch,6.167
misstep,6.167
storm,6.162
hybrid,6.147
stupid,6.146
distinct,6.140
floor,6.140
pain,6.122
treatment,6.119
frontier,6.112
hurl,6.112
pan,6.100
overcom,6.095
disservic,6.093
strang,6.091
exploit,6.091
accus,6.090
ball,6.090
oper,6.089
behavior,6.088
jan,6.088
color,6.088
astound,6.072
preconcept,6.064
blame,6.061
scenario,6.052
atop,6.042
tee,6.042
fool,6.035
report,6.027
virtual,6.016
ideal,6.013
accord,6.012
revolv,6.011
gut,6.011
cant,6.011
utilis,6.011
wreak,6.006
question,6.002
none,6.001
gotten,5.995
commiss,5.981
defeat,5.980
paid,5.978
ador,5.973
grade,5.971
wizardri,5.964
atmospher,5.962
yield,5.956
escort,5.952
wit,5.942
sentenc,5.940
quantiti,5.940
overdo,5.936
1,5.910
kill,5.910
imbu,5.908
reappear,5.908
lone,5.902
closer,5.901
42,5.901
moral,5.897
60,5.892
chock,5.885
recaptur,5.885
forum,5.885
triumph,5.884
circuit,5.882
mug,5.878
strongli,5.872
lincoln,5.871
fuse,5.871
dip,5.867
clear,5.854
affair,5.850
comfort,5.848
gift,5.846
assort,5.824
surpass,5.821
unexpect,5.820
disappear,5.816
factor,5.813
ratio,5.810
energi,5.807
blossom,5.800
beam,5.796
eclips,5.793
account,5.774
field,5.774
virginia,5.773
clean,5.770
hinder,5.760
brash,5.760
trip,5.752
cute,5.744
interven,5.744
massiv,5.743
somewher,5.737
belli,5.737
crank,5.734
operat,5.731
player,5.727
brief,5.727
intricaci,5.725
convinc,5.719
wartim,5.718
kinet,5.715
expertis,5.703
page,5.699
third,5.698
rage,5.694
artifact,5.682
unit,5.681
task,5.681
minimalist,5.676
outcast,5.676
sadli,5.673
strangl,5.670
readili,5.670
statu,5.663
deftli,5.653
constant,5.647
thoroughli,5.642
complex,5.642
interact,5.635
perri,5.630
blue,5.624
cool,5.618
irresist,5.608
earnest,5.592
persever,5.586
condit,5.578
outlandish,5.573
weren,5.569
unnot,5.565
shock,5.562
tale,5.557
devis,5.555
19th,5.545
intoler,5.545
romp,5.545
vista,5.545
draft,5.545
fairli,5.544
yourselv,5.535
loss,5.534
underlin,5.522
unless,5.520
junior,5.520
exce,5.517
volunt,5.515
opposit,5.510
mysteri,5.509
manipul,5.509
wear,5.508
stale,5.503
starter,5.503
path,5.499
sceneri,5.498
ordinari,5.496
elicit,5.493
tempo,5.490
adversari,5.486
fit,5.476
sarcasm,5.474
bolt,5.469
bulk,5.467
thunder,5.467
modest,5.465
root,5.463
park,5.462
sniper,5.455
remak,5.454
250,5.452
lesson,5.451
basebal,5.444
worri,5.444
anymor,5.441
author,5.430
abruptli,5.426
children,5.423
delight,5.411
unparallel,5.411
compris,5.404
craftsmanship,5.394
akin,5.389
region,5.387
undertak,5.387
fearless,5.387
bust,5.385
flow,5.383
compani,5.382
experiment,5.377
deepli,5.371
variat,5.370
bunch,5.364
voic,5.356
goof,5.356
auteur,5.352
everyman,5.350
dollar,5.341
loop,5.340
subdu,5.338
depriv,5.338
tom,5.336
regularli,5.334
fashion,5.332
unintent,5.326
advers,5.324
riot,5.320
unexpectedli,5.314
hug,5.310
increbl,5.306
brawniest,5.306
c0m,5.306
keatonit,5.306
770,5.306
camerabravo,5.306
wgn,5.306
keatonesqu,5.306
30144,5.306
fplum,5.306
southbound,5.306
sumpter,5.306
looooooower,5.306
pvrd,5.306
1h15min,5.306
roku,5.306
efforst,5.306
adairsvil,5.306
dardi,5.306
hile,5.306
bykeaton,5.306
matthewson,5.306
cattlecatch,5.306
innund,5.306
oevr,5.306
frizzl,5.306
seeli,5.306
boasberg,5.306
recog,5.306
occasionsand,5.306
semiton,5.306
2117,5.306
2829,5.306
andsecondari,5.306
10mph,5.306
mcdevitt,5.306
dreamweav,5.306
faulwel,5.306
heedlessli,5.306
elsinor,5.306
truecinemat,5.306
vroon,5.306
kinoglaz,5.306
ronda,5.306
killiam,5.306
deffinantli,5.306
veryinnov,5.306
sluh,5.306
annebel,5.306
tennessee,5.306
lorber,5.306
andphys,5.306
legendarycomedian,5.306
trainwatch,5.306
avenc,5.306
trobl,5.306
chali,5.306
southernmusuem,5.306
hospiti,5.306
courtin,5.306
abc1,5.306
nehalem,5.306
pondersom,5.306
lesney,5.306
stochast,5.306
fom,5.306
keatonon,5.306
ross,5.302
abduct,5.299
wise,5.296
melancholi,5.291
payoff,5.285
improvis,5.283
prepar,5.279
tiresom,5.272
horizon,5.267
household,5.257
reckon,5.257
50,5.256
roar,5.245
okay,5.244
pant,5.239
hardli,5.235
unconsci,5.234
clariti,5.231
convers,5.230
eighti,5.229
potenti,5.227
friend,5.221
titular,5.215
passiv,5.215
outfit,5.204
quintessenti,5.204
tea,5.203
push,5.201
shortcom,5.198
suit,5.195
21,5.192
bonu,5.184
glad,5.164
storytel,5.163
undergo,5.158
award,5.155
outlin,5.153
grin,5.138
b,5.133
ground,5.126
tightli,5.121
dump,5.121
applaus,5.119
jone,5.118
cue,5.116
decent,5.113
antic,5.109
injuri,5.104
updat,5.096
listen,5.094
secret,5.092
masteri,5.092
heroism,5.089
limb,5.084
foremost,5.077
drag,5.075
tunnel,5.072
unrel,5.070
steel,5.068
dispos,5.059
amidst,5.058
adjust,5.058
stream,5.056
mythic,5.055
patho,5.055
honestli,5.048
evalu,5.045
mileston,5.043
sarcast,5.041
past,5.034
wildli,5.031
metropoli,5.029
counterpart,5.024
versatil,5.022
insur,5.022
wors,5.017
feast,5.015
styliz,5.009
prevail,5.007
steadi,5.006
kinfolk,5.005
reck,5.005
woolsey,5.005
019,5.005
pyhrric,5.005
titchi,5.005
mordaunt,5.005
1h15,5.005
howeer,5.005
unprompt,5.005
pursue,5.005
equabl,5.005
uncoupl,5.005
1856,5.005
outth,5.005
grandeur,5.003
injur,4.999
neglect,4.999
cousin,4.986
blu,4.986
cover,4.985
ga,4.983
cherish,4.982
privileg,4.978
abstract,4.978
rhythm,4.971
indiffer,4.967
drum,4.967
aris,4.964
scare,4.963
merci,4.935
diminish,4.930
match,4.928
underneath,4.927
haunt,4.925
crew,4.925
chaotic,4.923
forgett,4.919
watcher,4.916
faster,4.915
pivot,4.914
visibl,4.905
goofi,4.890
newcom,4.879
craft,4.878
repli,4.878
loser,4.878
sunday,4.866
hole,4.860
annoy,4.858
inher,4.850
photo,4.843
econom,4.836
magnific,4.833
chaplan,4.829
ballplay,4.829
truelov,4.829
buffon,4.829
inat,4.829
4pm,4.829
427,4.829
wip,4.829
outbound,4.829
uncatch,4.829
primp,4.829
insert,4.823
cold,4.821
elsewher,4.817
worthi,4.808
twist,4.804
thick,4.798
further,4.797
dawn,4.790
heartfelt,4.786
attribut,4.785
helpless,4.781
moreov,4.781
enthusiast,4.780
curios,4.779
fifteen,4.773
declar,4.773
1997,4.771
toss,4.770
pianist,4.770
predict,4.769
ingredi,4.763
accolad,4.763
tape,4.762
exceed,4.761
rightli,4.756
weather,4.753
21st,4.749
sustain,4.748
butt,4.748
subtli,4.747
fifti,4.744
forti,4.744
dog,4.740
repeatedli,4.738
nut,4.736
tad,4.732
wife,4.728
bend,4.728
analysi,4.722
shorter,4.721
gentl,4.721
clock,4.721
presum,4.714
contend,4.713
eager,4.706
scratch,4.705
primari,4.705
brownlow,4.704
damascen,4.704
purplish,4.704
dziga,4.704
rinki,4.704
unhurriedli,4.704
ironwork,4.704
gout,4.704
pylon,4.704
vertov,4.704
whil,4.704
nlp,4.704
dejectedli,4.704
niblo,4.704
wc,4.704
fcuk,4.704
kart,4.704
weak,4.682
similarli,4.681
fare,4.681
beat,4.677
hail,4.672
devil,4.664
ain,4.654
mixtur,4.645
occupi,4.643
exhaust,4.639
vari,4.632
dictat,4.623
linger,4.615
packag,4.613
furthermor,4.612
rid,4.611
cheroke,4.607
forlornli,4.607
hollywoodesqu,4.607
sibil,4.607
kingston,4.607
daintili,4.607
legibl,4.607
forwardli,4.607
secess,4.607
smokestack,4.607
valenc,4.607
harder,4.607
monument,4.598
entri,4.595
sympath,4.593
assault,4.593
7,4.574
testament,4.568
mous,4.566
plausibl,4.565
feed,4.565
mount,4.562
patriot,4.556
nobl,4.549
tediou,4.546
premier,4.543
disast,4.537
advertis,4.530
skelton,4.528
approb,4.528
durant,4.528
bumbler,4.528
poetic,4.527
obviou,4.524
crush,4.517
distant,4.513
jerri,4.513
simultan,4.511
error,4.510
game,4.507
yesterday,4.503
eas,4.502
laughabl,4.497
pitch,4.495
17,4.491
alert,4.488
dig,4.487
pay,4.482
advis,4.482
stumbl,4.479
dub,4.476
jimmi,4.470
program,4.470
acknowledg,4.467
slip,4.467
influenti,4.462
brokenheart,4.461
garth,4.461
siam,4.461
knocker,4.461
hammerstein,4.461
topeka,4.461
min,4.457
reduc,4.456
pride,4.448
properli,4.447
mike,4.446
lesser,4.446
channel,4.446
insid,4.444
characterist,4.437
pressur,4.436
easier,4.434
orson,4.433
compliment,4.431
consum,4.427
poster,4.425
borrow,4.424
mother,4.423
promot,4.418
embrac,4.417
memori,4.415
reveal,4.414
disbelief,4.412
grave,4.409
wont,4.409
creator,4.406
mom,4.405
digit,4.404
lo,4.404
tlc,4.403
upwardli,4.403
goodli,4.403
psi,4.403
custard,4.403
imd,4.403
subtleti,4.402
brand,4.398
racist,4.396
duti,4.383
awkward,4.379
henc,4.379
dri,4.372
apart,4.372
crucial,4.368
whatsoev,4.368
1960,4.366
tini,4.363
pilot,4.362
mark,4.361
research,4.355
lovabl,4.353
unflag,4.352
scree,4.352
kline,4.352
tablecloth,4.352
timet,4.352
occas,4.348
assur,4.348
rare,4.347
racism,4.332
sincer,4.332
footag,4.330
oh,4.326
encourag,4.319
irrit,4.317
curiou,4.308
customarili,4.306
expectantli,4.306
vector,4.306
burlap,4.306
telltal,4.306
fakeri,4.306
neuro,4.306
switchback,4.306
nw,4.306
lovelorn,4.306
notion,4.301
string,4.297
invest,4.295
ton,4.282
lay,4.279
devot,4.279
lower,4.270
erwin,4.265
lowdown,4.265
cinemaphil,4.265
fess,4.265
meaning,4.264
examin,4.263
season,4.263
bitter,4.263
subsequ,4.249
appli,4.246
rave,4.243
transcend,4.241
leg,4.238
feet,4.238
goer,4.235
scope,4.234
middl,4.232
tn,4.227
impeach,4.227
shyli,4.227
girard,4.227
loco,4.227
doolittl,4.227
gg,4.227
hightail,4.227
suppl,4.227
alto,4.227
spacial,4.227
pseud,4.227
sport,4.219
pre,4.217
par,4.210
tune,4.209
enorm,4.208
pretenti,4.206
argument,4.203
flesh,4.201
pretend,4.194
maltreat,4.192
thinnest,4.192
laugher,4.192
sisyphu,4.192
tonit,4.192
top100project,4.192
ear,4.187
thriller,4.186
endless,4.186
prior,4.185
gradual,4.182
random,4.181
self,4.180
link,4.178
accid,4.174
isol,4.173
oppos,4.167
defend,4.164
directli,4.163
inconsol,4.160
crestfallen,4.160
chummi,4.160
claimant,4.160
imperil,4.160
sexualis,4.160
constabl,4.160
dink,4.160
somebodi,4.158
bound,4.156
sympathet,4.155
dead,4.154
meanwhil,4.150
employ,4.150
homag,4.145
shallow,4.142
engross,4.141
heroin,4.139
cloth,4.131
marksmanship,4.130
tinkl,4.130
bitti,4.130
dynam,4.124
regular,4.123
measur,4.122
king,4.116
target,4.109
puzzl,4.109
expos,4.107
trampolin,4.102
floppi,4.102
weekday,4.102
unattach,4.102
trundl,4.102
battlefront,4.102
suppos,4.101
metaphor,4.101
importantli,4.099
redeem,4.099
intens,4.089
absurd,4.089
convict,4.087
abandon,4.087
fulfil,4.078
karloff,4.076
overh,4.076
trod,4.076
bejesu,4.076
sweeti,4.076
aguirr,4.076
exhibitionist,4.076
lovesick,4.076
mockingli,4.076
yakima,4.076
educ,4.072
convent,4.070
excus,4.066
theori,4.063
frankli,4.059
succe,4.058
devic,4.057
vs,4.057
amazingli,4.055
quizzic,4.051
seldomli,4.051
boomerang,4.051
outsiz,4.051
strictest,4.051
gettysburg,4.051
rivet,4.051
degre,4.050
threaten,4.044
lifetim,4.042
13,4.039
chao,4.039
harsh,4.038
rebel,4.035
innov,4.031
mcgraw,4.028
advocaci,4.028
unreel,4.028
cruditi,4.028
url,4.028
registr,4.028
116,4.028
enhanc,4.022
character,4.013
blade,4.009
news,4.007
fiance,4.005
meritori,4.005
apocryph,4.005
extent,4.004
essenc,4.003
favor,4.000
refurbish,3.984
juggler,3.984
sharp,3.984
overlook,3.983
commentari,3.978
whenev,3.967
rodeo,3.964
recalcitr,3.964
starr,3.964
kentucki,3.964
aloft,3.964
rediscoveri,3.964
rebuf,3.964
1922,3.964
cult,3.959
futur,3.952
commerci,3.950
condescens,3.945
afoul,3.945
unsupport,3.945
blackhawk,3.945
rater,3.945
trove,3.945
insouci,3.945
unskil,3.945
hoe,3.945
hunter,3.945
doom,3.944
sake,3.934
overli,3.927
vaudevillian,3.926
bonehead,3.926
conven,3.926
nowher,3.925
veteran,3.922
goal,3.921
p,3.918
bought,3.910
preemin,3.908
puzzlement,3.908
liz,3.908
embattl,3.908
unexperienc,3.908
identifi,3.903
maintain,3.894
thomson,3.891
cyclon,3.891
parlay,3.891
undeservedli,3.891
playhous,3.891
107,3.891
outstrip,3.891
odeon,3.891
rob,3.891
dumb,3.885
quest,3.877
environ,3.875
tragicomedi,3.875
moviedom,3.875
chirp,3.875
cambridg,3.875
vocifer,3.875
unclutt,3.875
courtney,3.875
stereotyp,3.871
distract,3.866
depend,3.862
handbook,3.859
salem,3.859
feckless,3.859
hint,3.857
twenti,3.850
west,3.846
rhode,3.844
dous,3.844
worshipp,3.844
sanctiti,3.844
hate,3.838
fortun,3.837
ray,3.834
henri,3.832
oct,3.829
megan,3.829
eyelin,3.829
hill,3.829
core,3.829
sourc,3.826
silenc,3.826
hotel,3.821
angel,3.818
fake,3.817
undervalu,3.815
ruptur,3.815
beckett,3.815
podcast,3.815
misbehav,3.815
tragicom,3.815
bomb,3.814
unnecessari,3.805
27th,3.801
ragtim,3.801
muzzl,3.801
shirk,3.801
mine,3.797
witti,3.796
toon,3.788
courteou,3.788
crazili,3.788
effet,3.788
summarili,3.788
insight,3.776
window,3.775
solemnli,3.775
burnett,3.775
belong,3.773
area,3.765
stuntmen,3.762
nitrat,3.762
itun,3.762
malleabl,3.762
happenst,3.762
dissoci,3.762
hellhol,3.762
profession,3.759
phenomen,3.754
thunderstorm,3.750
layer,3.750
built,3.745
rain,3.745
hardi,3.740
lever,3.738
huff,3.738
que,3.738
unspoil,3.738
acolyt,3.738
complain,3.732
matt,3.727
cull,3.727
maj,3.727
reveri,3.727
threadbar,3.727
blith,3.727
thousand,3.723
destruct,3.716
adjac,3.715
fearlessli,3.715
flyer,3.715
22nd,3.715
inasmuch,3.715
marri,3.713
capabl,3.710
mouth,3.706
summer,3.705
prettiest,3.704
luggag,3.704
slink,3.694
hobo,3.694
grant,3.685
precipic,3.683
recours,3.683
bronz,3.683
headphon,3.683
1898,3.683
doggedli,3.683
jaunti,3.683
savant,3.673
tray,3.673
protrud,3.673
mannequin,3.673
rectangular,3.663
07,3.663
snuck,3.663
abridg,3.663
nimbl,3.663
camp,3.660
earn,3.659
improv,3.658
mainli,3.656
transient,3.653
bevi,3.653
govern,3.651
realis,3.648
glum,3.644
lipstick,3.644
potemkin,3.644
polarisdib,3.644
74,3.634
wal,3.634
coyot,3.634
ship,3.634
wait,3.629
surreptiti,3.625
enthus,3.625
wild,3.623
dishonor,3.616
mope,3.616
furnac,3.616
led,3.616
frighten,3.610
awar,3.608
quicken,3.607
deficit,3.607
beget,3.607
semest,3.607
commun,3.606
therefor,3.602
instal,3.602
hairdo,3.599
lifespan,3.599
languish,3.599
round,3.594
road,3.592
damn,3.592
bertolucci,3.590
sliver,3.590
haughti,3.590
chivalri,3.590
clownish,3.590
eugen,3.590
congression,3.590
disprov,3.590
toy,3.584
gob,3.582
06,3.582
ft,3.582
unkind,3.582
ineptitud,3.582
philistin,3.582
bar,3.579
british,3.578
tragic,3.574
abbott,3.574
irrepress,3.574
wheeler,3.566
fussi,3.566
beau,3.558
feb,3.558
persev,3.558
current,3.556
establish,3.556
law,3.555
fortuit,3.550
misinform,3.550
nonchalantli,3.550
rapt,3.550
weird,3.544
snot,3.543
summit,3.543
depart,3.540
provok,3.540
unforgett,3.540
transform,3.539
seven,3.538
keyston,3.535
1916,3.535
letharg,3.535
ingrati,3.535
misjudg,3.535
cymbal,3.535
35mm,3.528
smoki,3.528
pester,3.528
05,3.528
hunt,3.523
looney,3.521
forecast,3.521
nth,3.521
queri,3.521
snare,3.514
mop,3.507
resurg,3.507
org,3.507
wiggl,3.507
maelstrom,3.507
resurfac,3.500
interlock,3.500
namesak,3.493
reduct,3.493
deject,3.493
slab,3.493
gangsta,3.487
victim,3.483
tepid,3.480
stamina,3.480
forsaken,3.480
ankl,3.480
doubli,3.480
upto,3.480
spurn,3.480
beckon,3.474
shovel,3.474
fluentli,3.474
presenc,3.470
disparag,3.468
linguist,3.468
lumier,3.468
mart,3.468
graciou,3.468
leader,3.465
angl,3.462
month,3.458
carriag,3.455
stealth,3.455
hurtl,3.455
aw,3.453
intent,3.452
munich,3.449
spatial,3.443
barg,3.443
1921,3.443
feign,3.443
costli,3.437
modernist,3.437
abc,3.437
bonker,3.437
makeshift,3.437
nosferatu,3.437
erron,3.437
abe,3.437
straddl,3.431
unwilling,3.431
overtim,3.431
sank,3.431
forcibl,3.431
privat,3.428
brain,3.426
cathedr,3.426
columbu,3.426
sniff,3.426
furious,3.426
likelihood,3.426
paul,3.424
studi,3.421
optic,3.420
strait,3.420
freight,3.420
conflict,3.414
lonesom,3.414
amusingli,3.414
abundantli,3.414
dissatisfact,3.414
stagnant,3.409
ruse,3.409
compat,3.409
eject,3.409
rais,3.406
fickl,3.403
frequenc,3.403
backstag,3.403
sharpen,3.403
ribbon,3.398
unriv,3.398
monochrom,3.398
goat,3.393
emascul,3.393
al,3.391
tore,3.387
outclass,3.387
fling,3.387
post,3.384
retold,3.382
cornerston,3.382
countrymen,3.382
entourag,3.382
aliv,3.379
spoil,3.378
repetiti,3.377
unsavori,3.377
flute,3.377
foggi,3.377
grill,3.377
cassett,3.377
fli,3.371
debri,3.367
bulg,3.362
bustl,3.362
excerpt,3.357
trusti,3.357
social,3.352
reenact,3.352
nighttim,3.352
monetari,3.347
red,3.343
footnot,3.343
barrack,3.343
cheaper,3.343
flaunt,3.338
vanquish,3.338
registri,3.338
comput,3.337
paramet,3.333
underway,3.333
nari,3.333
squeal,3.329
disson,3.329
overjoy,3.329
excis,3.329
76,3.329
ism,3.324
faulti,3.324
honorari,3.324
hisaishi,3.320
mismatch,3.320
coda,3.320
militia,3.320
low,3.319
popular,3.317
assuredli,3.315
robust,3.315
sped,3.315
glitz,3.315
lukewarm,3.311
01,3.311
spunki,3.311
unwelcom,3.311
composur,3.311
wow,3.310
rib,3.306
synthet,3.302
whimsi,3.289
apex,3.289
sandler,3.289
piqu,3.289
justic,3.285
peerless,3.285
overdr,3.281
fertil,3.277
plummet,3.277
bawl,3.273
americana,3.273
raindrop,3.273
broaden,3.273
trifl,3.273
instantan,3.273
earthi,3.269
helper,3.269
shortcut,3.269
featurett,3.269
strut,3.269
repertoir,3.269
fluiditi,3.265
picnic,3.265
katharin,3.265
rich,3.264
hose,3.261
unattract,3.257
backfir,3.257
impoverish,3.257
columbia,3.253
rule,3.250
enrol,3.249
yesteryear,3.249
land,3.247
aimless,3.246
rollick,3.246
cock,3.246
tic,3.246
clich,3.246
townspeopl,3.242
summat,3.242
discret,3.238
breakneck,3.238
travers,3.238
gill,3.238
heyday,3.238
infantil,3.231
whiz,3.231
referenti,3.231
snapshot,3.231
kilter,3.231
spirit,3.228
aggrav,3.227
aplenti,3.227
connoisseur,3.227
minor,3.226
meta,3.224
trustworthi,3.224
momentarili,3.224
idiosyncrasi,3.224
whirlwind,3.224
mona,3.220
cgi,3.219
explor,3.217
ardent,3.216
insurmount,3.216
buckl,3.216
hepburn,3.216
outsid,3.215
predomin,3.213
flexibl,3.213
sworn,3.213
genesi,3.213
setback,3.213
shenanigan,3.209
artilleri,3.209
heartedli,3.209
cop,3.208
congress,3.206
scari,3.205
vacuou,3.203
whoop,3.199
bluray,3.199
expression,3.199
aloud,3.199
heartili,3.196
bygon,3.196
oeuvr,3.192
arsen,3.192
extran,3.189
nicola,3.189
videotap,3.189
shackl,3.186
bori,3.186
grammar,3.186
bluntli,3.186
hazard,3.186
cultur,3.185
foray,3.182
deliri,3.182
tedium,3.182
wither,3.179
skit,3.179
conquest,3.179
lent,3.179
ole,3.179
intrigu,3.178
scenic,3.176
exasper,3.176
hamper,3.173
caption,3.173
displac,3.170
cower,3.170
coverag,3.170
toppl,3.170
searcher,3.170
malign,3.170
impact,3.169
predominantli,3.166
circular,3.166
glitch,3.166
gorgeous,3.166
cartooni,3.163
disposit,3.160
augment,3.160
mustach,3.157
introductori,3.157
exam,3.157
precursor,3.157
urgent,3.157
10http,3.157
unassum,3.157
sleeper,3.157
copyright,3.154
underpin,3.151
remedi,3.151
outwit,3.148
zip,3.148
venu,3.148
whichev,3.148
conscienti,3.148
confound,3.148
demolish,3.145
panoram,3.145
boulder,3.145
downplay,3.142
bobafett1138,3.142
virtuoso,3.142
precari,3.139
maim,3.139
terribl,3.138
frown,3.136
massachusett,3.136
maneuv,3.136
atlanta,3.133
polit,3.127
tact,3.127
endang,3.127
ubiquit,3.127
fluent,3.122
buffoon,3.119
uneduc,3.116
unjust,3.116
absurdli,3.113
escapad,3.113
pantomim,3.108
naiveti,3.108
haul,3.105
1932,3.105
mammoth,3.100
rigor,3.100
parent,3.097
wednesday,3.097
poss,3.097
ww,3.094
butter,3.094
analyt,3.094
bookend,3.094
indoor,3.092
sumptuou,3.089
mont,3.089
marvin,3.086
flicker,3.086
44,3.086
demil,3.084
gal,3.084
mac,3.081
prot,3.078
infecti,3.076
patent,3.076
pine,3.073
mistakenli,3.071
uniti,3.071
multipli,3.071
antiqu,3.071
anecdot,3.071
equilibrium,3.068
upgrad,3.068
unfunni,3.066
graini,3.066
pertin,3.063
sermon,3.063
pristin,3.063
trashi,3.061
impass,3.061
flinch,3.058
trough,3.058
school,3.057
disturb,3.057
sleepi,3.056
multiplex,3.056
brag,3.053
righteous,3.053
widespread,3.053
onscreen,3.053
65,3.053
acceler,3.053
fend,3.051
ripe,3.051
austin,3.051
incit,3.051
rein,3.051
gratifi,3.051
scrape,3.051
tear,3.048
annual,3.044
tickl,3.044
googl,3.044
renaiss,3.044
sr,3.042
pinpoint,3.042
unknowingli,3.039
vault,3.039
atom,3.037
polic,3.035
aplomb,3.035
egotist,3.032
darl,3.028
judici,3.028
yank,3.028
snippet,3.028
prolif,3.028
issu,3.027
worst,3.026
1900,3.025
jonni,3.025
interv,3.025
swiftli,3.025
1931,3.023
divert,3.021
infest,3.021
compact,3.019
eponym,3.016
unwittingli,3.016
wri,3.014
manor,3.014
temporarili,3.012
trickeri,3.012
tow,3.010
downer,3.010
remast,3.010
zani,3.010
motor,3.010
reek,3.007
unheard,3.003
introvert,3.003
10th,3.001
um,3.001
quo,3.001
audac,3.001
design,3.000
teari,2.999
solitud,2.999
gravit,2.997
7th,2.992
bruis,2.992
unsurpass,2.992
compil,2.990
bloodbath,2.990
consensu,2.990
unanim,2.988
disintegr,2.986
screech,2.984
flick,2.982
puppi,2.980
nielsen,2.978
april,2.978
baggag,2.976
semin,2.976
blvd,2.974
intervent,2.972
surrog,2.972
octan,2.970
inexperienc,2.970
lesli,2.968
salvag,2.966
homework,2.966
arbitrari,2.962
endors,2.962
hord,2.960
concis,2.956
mummi,2.954
certainti,2.954
terrain,2.954
fiddl,2.954
cowardic,2.954
lull,2.952
sceptic,2.952
sleek,2.952
brighter,2.952
scan,2.950
societi,2.945
vigor,2.945
reconstruct,2.945
modifi,2.943
foreground,2.943
navi,2.943
cigar,2.941
hyperbol,2.941
iri,2.939
visitor,2.939
whoa,2.937
inventor,2.937
heritag,2.935
offbeat,2.935
revis,2.935
platform,2.933
toughest,2.932
kansa,2.932
intimaci,2.930
halt,2.930
reconcil,2.930
strung,2.928
fodder,2.928
tangl,2.926
leisur,2.926
passabl,2.926
vignett,2.926
seren,2.923
unmistak,2.923
conceit,2.923
coordin,2.921
coloss,2.921
prodigi,2.921
hometown,2.919
headquart,2.919
christi,2.919
splendor,2.919
penchant,2.919
notwithstand,2.917
cemeteri,2.917
templat,2.917
unwatch,2.917
pervas,2.915
halv,2.915
herald,2.914
resili,2.914
frighteningli,2.914
drench,2.912
posthum,2.908
sampl,2.907
consumm,2.907
shaft,2.905
deconstruct,2.905
wari,2.903
lag,2.903
firework,2.900
recip,2.898
sleev,2.895
hapless,2.893
textbook,2.891
faultless,2.891
agreement,2.891
memoir,2.890
tide,2.890
framework,2.888
snub,2.888
thirst,2.886
steril,2.885
beef,2.885
overplay,2.885
dir,2.885
lifelong,2.885
taunt,2.883
vessel,2.881
rewind,2.881
yarn,2.880
88,2.880
branch,2.880
underplay,2.878
amplifi,2.878
18th,2.877
lump,2.877
elud,2.877
surveil,2.877
catharsi,2.875
batter,2.873
famous,2.873
disdain,2.872
enact,2.872
kidnapp,2.872
dusti,2.872
telephon,2.867
tokyo,2.867
arti,2.867
hatch,2.865
pacif,2.861
gunshot,2.858
dreamlik,2.856
misplac,2.856
june,2.855
pompou,2.853
misfortun,2.853
1971,2.852
unwil,2.852
intrus,2.850
repair,2.850
renew,2.848
rambo,2.848
dynamit,2.847
astonishingli,2.845
inter,2.845
earliest,2.845
courtesi,2.845
farewel,2.845
soulless,2.844
estim,2.844
tripe,2.841
puriti,2.841
squirm,2.839
cabin,2.838
1942,2.838
bread,2.834
spike,2.834
censor,2.834
spout,2.834
amid,2.832
resign,2.831
turkey,2.831
correspond,2.831
feminin,2.831
satisfactori,2.829
applic,2.826
bombard,2.823
dug,2.823
uncontrol,2.821
overboard,2.821
jame,2.820
persecut,2.819
harmless,2.818
ballet,2.818
historian,2.818
magnum,2.818
robert,2.817
intellig,2.817
sprinkl,2.816
breakfast,2.815
ol,2.814
captor,2.814
februari,2.814
outset,2.812
eerili,2.812
yep,2.811
violin,2.811
inadvert,2.811
simpler,2.808
replay,2.808
delay,2.808
palm,2.807
burnt,2.807
mimic,2.805
grumpi,2.804
subvers,2.803
stitch,2.801
catastroph,2.801
recept,2.798
aptli,2.797
snappi,2.797
son,2.797
ant,2.796
inept,2.794
lunch,2.793
jeffrey,2.792
clutch,2.792
economi,2.790
youtub,2.789
parker,2.789
stan,2.787
pander,2.785
flamboy,2.784
unpreced,2.784
distribut,2.784
choppi,2.783
recollect,2.783
cotton,2.780
26,2.780
somber,2.775
benicio,2.774
placement,2.774
1987,2.772
tax,2.772
ongo,2.771
randomli,2.769
pronounc,2.769
frenet,2.767
outdat,2.767
lighten,2.766
bind,2.764
primit,2.762
accentu,2.760
chunk,2.760
hideou,2.760
medal,2.759
extern,2.757
emotionless,2.757
rariti,2.757
nutshel,2.755
recount,2.752
valley,2.752
wherev,2.751
couch,2.750
filter,2.750
drone,2.749
loom,2.749
sway,2.749
wondrou,2.749
parad,2.748
loan,2.748
gentlemen,2.746
etc,2.746
alarm,2.745
mail,2.744
gabriel,2.742
australia,2.742
wacki,2.742
occurr,2.741
merg,2.738
fragment,2.738
melodi,2.738
static,2.737
hung,2.737
recur,2.732
dens,2.732
countrysid,2.731
extraordinarili,2.731
doug,2.730
info,2.729
rural,2.727
gentleman,2.725
underestim,2.725
downward,2.725
symphoni,2.725
hop,2.723
juxtaposit,2.723
regist,2.723
resum,2.721
dodg,2.721
stapl,2.720
riski,2.720
shockingli,2.715
masculin,2.714
newer,2.713
manic,2.713
damsel,2.713
percent,2.712
sail,2.712
flourish,2.712
sparkl,2.711
screenplay,2.710
lisa,2.708
exemplifi,2.706
1959,2.706
widescreen,2.705
smarter,2.704
unquestion,2.704
yard,2.702
bloodsh,2.700
swashbuckl,2.700
cite,2.699
outdon,2.699
prologu,2.699
sunris,2.698
lunat,2.698
relentlessli,2.697
remad,2.697
disgrac,2.696
awesom,2.695
wrongli,2.694
unfamiliar,2.694
freed,2.693
caretak,2.691
scrap,2.689
sought,2.689
squeez,2.687
benchmark,2.686
incompet,2.685
duplic,2.685
mathemat,2.683
troll,2.682
cram,2.681
sgt,2.681
spoiler,2.680
chord,2.679
juvenil,2.679
infus,2.679
meander,2.679
enrich,2.678
cent,2.675
carol,2.674
cohes,2.674
hurri,2.671
anonym,2.671
intro,2.671
inflict,2.670
deep,2.669
smack,2.669
domest,2.668
er,2.668
bett,2.668
expans,2.667
cowardli,2.667
onlin,2.667
pie,2.666
strategi,2.665
vocal,2.664
entic,2.664
asset,2.664
bubbl,2.663
demeanor,2.663
bike,2.662
masterwork,2.660
standpoint,2.660
soar,2.659
imperfect,2.657
regain,2.653
smallest,2.652
unstopp,2.651
misunderstood,2.649
clap,2.649
apt,2.647
grandios,2.647
mickey,2.646
conform,2.645
outright,2.644
esqu,2.643
nearbi,2.642
pin,2.641
restrict,2.641
strand,2.640
anguish,2.639
opu,2.637
churn,2.637
redund,2.636
undermin,2.636
soak,2.635
steer,2.635
retrospect,2.634
cruis,2.632
imperson,2.631
inappropri,2.631
anniversari,2.631
divin,2.631
attain,2.630
22,2.629
sullivan,2.629
sucker,2.628
divis,2.628
acquaint,2.628
courtroom,2.626
empath,2.623
inclus,2.623
dysfunct,2.622
mislead,2.622
1972,2.620
slower,2.620
lavish,2.620
profil,2.619
rental,2.619
anxiou,2.618
rider,2.616
costello,2.616
vanish,2.616
horror,2.615
500,2.614
pinnacl,2.614
eloqu,2.613
flower,2.613
templ,2.613
flavor,2.611
strict,2.610
intellect,2.609
rapid,2.609
anytim,2.608
instruct,2.607
righteou,2.607
mute,2.605
envelop,2.605
mildli,2.603
secretli,2.602
infiltr,2.601
glare,2.600
mighti,2.600
shiver,2.600
obnoxi,2.600
cage,2.599
hardest,2.596
peculiar,2.593
growth,2.591
unleash,2.590
wire,2.590
enabl,2.590
propos,2.590
deepest,2.589
crumbl,2.588
rous,2.586
stagger,2.586
funer,2.585
slide,2.585
aura,2.583
cartoonish,2.583
panic,2.580
recycl,2.580
carnag,2.580
interestingli,2.579
underton,2.579
inexplic,2.578
cycl,2.577
energet,2.576
capac,2.576
abund,2.576
spain,2.576
banal,2.575
mold,2.573
unsatisfi,2.572
entitl,2.572
compon,2.572
biographi,2.572
monoton,2.572
drove,2.568
idol,2.564
properti,2.563
dwell,2.562
woven,2.561
perpetu,2.560
spade,2.560
23,2.557
prospect,2.557
squar,2.556
riddl,2.555
anim,2.555
substanti,2.554
petti,2.554
awhil,2.554
fuss,2.550
optimist,2.547
1939,2.547
worship,2.547
stiff,2.546
flag,2.545
outlook,2.544
maximum,2.544
entireti,2.544
momentum,2.543
conduct,2.542
futil,2.542
unimagin,2.541
incident,2.541
northwest,2.540
turner,2.539
chicago,2.539
prey,2.538
propel,2.537
2013,2.535
radic,2.534
lyric,2.534
lol,2.533
synopsi,2.533
thiev,2.531
senseless,2.531
profess,2.529
shaki,2.528
smoothli,2.527
apolog,2.527
quietli,2.526
explicit,2.525
mansion,2.524
drift,2.523
thrust,2.521
worldwid,2.520
unawar,2.520
blogspot,2.520
superl,2.519
bay,2.518
labor,2.514
minimum,2.513
pet,2.512
gimmick,2.510
obtain,2.508
cg,2.508
enigmat,2.507
2012,2.507
reinforc,2.506
asham,2.502
blink,2.502
firm,2.501
afford,2.500
burden,2.498
restrain,2.494
baffl,2.494
2014,2.494
honour,2.492
200,2.491
saturday,2.491
cup,2.491
effici,2.489
agenda,2.489
mundan,2.488
dougla,2.487
mild,2.487
lit,2.485
fierc,2.484
meat,2.484
extract,2.484
wrath,2.484
ted,2.483
motif,2.483
literari,2.483
audio,2.482
wholli,2.482
reunit,2.482
characteris,2.480
swing,2.480
plight,2.479
speci,2.475
whip,2.474
pour,2.474
plastic,2.473
inject,2.472
saber,2.471
reel,2.470
divorc,2.470
britain,2.469
ideolog,2.468
cole,2.468
barrel,2.463
cun,2.462
broad,2.459
partial,2.457
overlong,2.454
et,2.454
hungri,2.452
nake,2.450
vibrant,2.448
mayhem,2.448
oddli,2.444
legal,2.442
hur,2.442
convincingli,2.441
rout,2.440
threw,2.440
2006,2.439
glamor,2.438
crown,2.438
overact,2.437
uk,2.436
arrang,2.436
1979,2.435
rehash,2.434
blank,2.434
slice,2.434
handsom,2.434
fx,2.432
habit,2.431
stylist,2.431
juli,2.431
lebowski,2.430
passag,2.430
dwarf,2.429
durat,2.426
conquer,2.424
temper,2.424
boil,2.423
suffic,2.421
infinit,2.420
revisit,2.419
secondari,2.418
complement,2.418
trail,2.418
map,2.411
lastli,2.410
1998,2.409
swallow,2.408
dont,2.407
tonight,2.407
spoke,2.407
fond,2.406
uncov,2.405
tall,2.404
flight,2.403
crystal,2.402
preced,2.399
24,2.398
consciou,2.397
replic,2.396
wick,2.396
awak,2.395
adequ,2.394
respond,2.393
dose,2.388
2005,2.386
internet,2.386
behav,2.382
monti,2.382
cake,2.381
absenc,2.380
liberti,2.380
mistaken,2.375
distress,2.374
emphasi,2.374
fanat,2.374
versu,2.373
garner,2.372
thread,2.372
quarter,2.372
defens,2.371
smash,2.370
harm,2.370
climat,2.370
loneli,2.366
keen,2.365
extens,2.365
gene,2.364
culmin,2.363
bravo,2.363
apocalypt,2.363
ethic,2.362
strip,2.360
bowl,2.360
san,2.359
gotta,2.357
retain,2.357
melodrama,2.356
joan,2.356
soap,2.356
unfair,2.356
proceed,2.352
empathi,2.351
dilemma,2.350
0,2.349
nostalg,2.348
coher,2.345
racial,2.345
sunset,2.345
slap,2.345
immort,2.345
fred,2.344
worthwhil,2.344
expertli,2.343
deriv,2.342
www,2.342
centr,2.338
robberi,2.338
subconsci,2.337
secondli,2.337
toler,2.337
afternoon,2.336
jonathan,2.336
medic,2.336
3rd,2.335
ala,2.334
util,2.333
verbal,2.332
cring,2.332
python,2.331
glu,2.331
spanish,2.330
yell,2.330
meaningless,2.330
slick,2.328
induc,2.324
honesti,2.324
purchas,2.324
electr,2.323
teddi,2.321
walken,2.320
perceiv,2.317
useless,2.316
throat,2.315
announc,2.314
aggress,2.312
strangelov,2.312
altogeth,2.312
1940,2.311
weekend,2.309
john,2.309
revolut,2.309
lend,2.308
tank,2.307
ancient,2.306
primarili,2.306
pile,2.305
moviego,2.304
row,2.304
resolut,2.301
beneath,2.301
alcohol,2.301
pose,2.300
commend,2.300
ark,2.299
reserv,2.298
ensur,2.298
polish,2.294
princ,2.294
simplist,2.293
divers,2.293
resolv,2.291
via,2.290
simplic,2.290
casual,2.289
propaganda,2.289
border,2.288
relax,2.288
montag,2.286
particip,2.286
mystic,2.285
sink,2.281
rat,2.280
offend,2.279
represent,2.278
standout,2.277
pleasant,2.277
exposit,2.277
chain,2.277
splendid,2.273
eccentr,2.266
increasingli,2.265
detract,2.264
miser,2.260
blast,2.259
shop,2.259
shi,2.258
nostalgia,2.258
shoulder,2.255
strongest,2.253
14,2.251
ponder,2.251
wander,2.251
soft,2.251
peak,2.250
pro,2.249
owe,2.248
silver,2.248
collabor,2.248
revolutionari,2.246
leagu,2.242
parodi,2.240
await,2.239
lifestyl,2.239
artifici,2.239
shall,2.237
court,2.237
gratuit,2.237
code,2.237
fatal,2.236
outrag,2.236
jar,2.232
2000,2.223
competit,2.221
blond,2.221
slaveri,2.220
spiritu,2.220
stress,2.219
lazi,2.218
intric,2.216
buzz,2.215
cash,2.211
volum,2.211
directori,2.210
confess,2.209
gather,2.209
zero,2.208
naiv,2.204
bird,2.203
reader,2.203
albeit,2.202
jacket,2.202
prize,2.202
charismat,2.201
thumb,2.200
sir,2.199
sold,2.198
coaster,2.196
watchabl,2.195
swear,2.195
descript,2.191
popcorn,2.188
basi,2.187
asleep,2.186
settl,2.185
liber,2.184
bone,2.183
germani,2.183
bob,2.182
transport,2.179
holi,2.178
imit,2.178
roller,2.177
tree,2.175
indic,2.169
user,2.169
chair,2.168
oliv,2.167
con,2.165
guid,2.164
urg,2.163
lift,2.163
spin,2.161
cinematograph,2.161
trial,2.160
sensat,2.158
struck,2.158
dazzl,2.158
shut,2.157
h,2.155
wave,2.153
candi,2.153
liner,2.153
buddi,2.152
quirki,2.151
hors,2.151
wilder,2.148
advic,2.148
bleak,2.148
thirti,2.146
fourth,2.143
outcom,2.143
alik,2.138
enthral,2.131
instant,2.131
glimps,2.130
bet,2.129
serial,2.127
plant,2.126
merit,2.125
25,2.125
1980,2.124
size,2.124
helm,2.121
adam,2.120
neighbor,2.119
tool,2.118
bull,2.118
band,2.115
000,2.114
mainstream,2.113
sole,2.113
debat,2.111
larger,2.108
contact,2.107
theatric,2.106
eight,2.104
conclud,2.104
freak,2.102
elev,2.101
stare,2.099
compet,2.097
allen,2.097
franc,2.097
blew,2.094
sky,2.094
summari,2.091
benefit,2.089
dedic,2.088
shift,2.087
assist,2.080
mountain,2.079
proud,2.076
alter,2.075
boat,2.073
mesmer,2.072
tight,2.069
pathet,2.064
emerg,2.062
weight,2.062
cameo,2.058
previous,2.058
worker,2.057
controversi,2.056
vast,2.055
associ,2.054
bank,2.050
patient,2.050
debut,2.048
activ,2.048
resembl,2.047
metal,2.045
etern,2.043
titan,2.042
cat,2.035
kelli,2.030
translat,2.027
regardless,2.027
badli,2.025
topic,2.024
everyday,2.023
ourselv,2.022
substanc,2.022
fabul,2.021
odyssey,2.019
dirti,2.018
youth,2.016
nail,2.013
chapter,2.011
drink,2.010
imageri,2.009
recal,2.008
chosen,1.998
formula,1.997
media,1.992
intern,1.992
bright,1.991
creation,1.990
sacrific,1.988
gorgeou,1.985
relev,1.982
method,1.976
cheesi,1.976
hey,1.975
endur,1.969
documentari,1.969
dimension,1.969
guard,1.968
addict,1.962
possess,1.961
tens,1.961
concentr,1.959
inevit,1.959
holm,1.958
categori,1.950
surfac,1.949
ill,1.948
statement,1.947
robin,1.947
replac,1.945
anticip,1.942
cheap,1.941
pointless,1.939
hire,1.938
island,1.937
warm,1.933
philosoph,1.927
desert,1.925
saga,1.923
weapon,1.919
charg,1.912
princess,1.908
student,1.908
11,1.904
attitud,1.902
punch,1.901
legendari,1.898
domin,1.898
male,1.898
abus,1.898
brando,1.896
matur,1.894
tradit,1.892
agent,1.892
regret,1.889
higher,1.889
solo,1.886
sell,1.880
peac,1.879
anger,1.868
sum,1.865
ugli,1.859
fault,1.851
kane,1.848
terror,1.848
ident,1.848
shadow,1.847
vote,1.847
v,1.846
bloodi,1.845
clint,1.841
sleep,1.836
brillianc,1.833
boss,1.832
confront,1.830
deeper,1.822
industri,1.819
separ,1.819
premis,1.811
loos,1.808
husband,1.808
babi,1.807
danc,1.806
blown,1.799
suck,1.798
terrifi,1.798
sister,1.789
steven,1.789
ryan,1.781
pop,1.780
kevin,1.777
ben,1.774
andi,1.772
realism,1.772
la,1.770
citizen,1.769
former,1.768
childhood,1.767
heavi,1.760
promis,1.760
sent,1.753
kick,1.751
l,1.748
quot,1.747
notch,1.744
born,1.735
dr,1.734
gang,1.731
femal,1.729
commit,1.722
tough,1.719
trust,1.717
older,1.699
whom,1.697
mere,1.685
wayn,1.677
search,1.676
ruin,1.674
smart,1.664
graphic,1.661
grip,1.661
longer,1.652
everybodi,1.639
ridicul,1.632
nazi,1.629
crimin,1.628
averag,1.615
team,1.610
crazi,1.603
daughter,1.598
spielberg,1.596
purpos,1.588
street,1.588
adult,1.573
ok,1.570
godfath,1.568
shine,1.568
song,1.559
alien,1.553
david,1.548
buy,1.543
mad,1.540
de,1.526
grow,1.525
actress,1.515
hell,1.473
depth,1.442
bruce,1.440
violent,1.438
flaw,1.437
knight,1.428
cri,1.427
god,1.420
child,1.403
fear,1.342
christoph,1.314
michael,1.298
oscar,1.006
dark,0.974
