anim,1949.146
mononok,1809.219
miyazaki,1190.246
ashitaka,1170.795
princess,1030.260
forest,985.506
japanes,588.746
eboshi,567.326
san,464.803
boar,435.303
god,433.143
spirit,418.034
hime,382.338
natur,378.490
dub,376.012
demon,357.350
hayao,355.800
human,353.295
curs,317.487
iron,295.731
english,291.293
villag,280.836
disney,274.229
japan,273.207
film,267.250
voic,261.103
ladi,257.889
ghibli,235.079
beauti,233.814
i,232.599
charact,219.297
wolv,210.397
are,209.075
stori,203.923
by,199.482
you,198.718
town,193.604
thornton,187.587
wolf,187.342
billi,186.168
princ,183.481
s,180.717
wa,179.657
good,179.548
watch,178.679
jigo,178.028
she,176.818
he,172.528
between,172.012
cure,170.134
my,170.074
version,168.887
as,167.857
movi,167.371
evil,166.735
not,164.989
side,164.276
like,163.255
with,163.213
or,162.959
t,161.025
dane,159.953
cartoon,156.697
an,155.898
there,154.842
creatur,154.755
hi,154.220
find,153.878
other,153.671
who,151.726
her,151.035
irontown,150.629
which,150.334
ha,150.058
see,149.567
veri,149.364
studio,148.157
love,147.050
crudup,146.575
away,145.577
world,144.927
they,144.629
seen,144.018
all,143.550
for,143.451
even,142.920
also,142.169
more,141.820
will,141.412
but,141.026
epic,140.960
that,140.754
conflict,139.993
well,139.909
me,139.776
be,139.479
have,138.956
one,138.785
just,138.237
from,137.399
some,136.924
subtitl,136.607
can,135.676
than,134.709
moro,134.538
no,134.244
if,133.633
work,133.495
both,133.176
most,132.321
messag,131.827
bob,130.911
fantasi,130.849
nausicaa,130.016
about,129.104
on,129.025
visual,128.787
onli,127.622
plot,127.431
action,127.281
minni,126.252
so,126.236
peopl,125.520
ve,125.001
at,124.645
best,123.112
much,122.800
too,121.978
clair,121.387
live,121.370
tri,120.759
great,120.454
make,120.343
becaus,120.015
children,119.310
their,119.066
destroy,118.257
ever,118.249
translat,117.574
fan,116.665
in,116.378
would,115.798
ani,115.793
art,114.877
adult,114.823
bad,114.417
complex,114.240
into,114.153
american,113.974
detail,113.919
what,113.808
time,113.662
vs,113.584
war,113.104
do,112.830
mani,112.557
out,112.493
theme,112.446
get,112.343
gillian,111.388
when,111.168
is,110.766
don,110.664
realli,110.320
featur,109.902
we,108.707
them,108.010
may,107.819
way,107.506
kill,107.360
first,107.263
music,106.957
though,106.358
still,105.506
fight,105.057
protect,104.831
think,104.568
never,104.487
such,104.034
akira,103.981
wonder,103.250
want,102.637
thing,102.488
interest,102.409
it,101.846
had,101.664
violenc,101.614
gaiman,101.582
10,101.276
hate,101.080
how,101.004
understand,100.467
rais,100.464
while,100.423
must,99.528
man,99.324
amaz,99.200
castl,98.693
kid,98.548
drawn,98.432
quit,98.284
m,97.602
origin,97.323
environ,96.875
differ,96.366
take,95.912
say,95.723
been,95.549
feel,95.217
thi,94.457
battl,94.429
made,94.407
recommend,94.026
driver,94.004
littl,93.933
were,93.845
hisaishi,92.948
give,92.850
anderson,92.726
enjoy,92.382
seem,92.153
end,92.129
environment,92.103
peac,92.072
deer,92.017
saw,91.999
truli,91.945
should,91.858
him,91.541
to,91.141
head,91.049
off,90.803
someth,90.575
go,90.381
show,90.210
look,89.297
leper,89.271
better,89.052
come,88.928
soundtrack,88.833
young,87.952
could,87.813
us,87.384
style,86.787
kiki,86.426
simpli,86.349
doe,86.001
up,85.975
howev,85.577
then,85.335
where,85.256
everi,85.111
own,84.795
over,83.632
lot,83.611
hero,83.600
monk,82.912
call,82.828
journey,82.431
person,82.178
totoro,82.004
real,81.712
right,81.105
bring,80.850
girl,80.469
bit,80.345
after,80.204
stun,79.242
arm,79.001
done,78.551
infect,78.175
part,78.105
your,77.817
kind,77.764
violent,77.627
our,77.494
languag,77.444
each,77.442
re,77.021
imagin,76.886
although,76.771
mytholog,76.561
tale,76.407
usual,76.285
reason,76.179
storylin,76.144
strong,76.086
manga,76.038
favorit,75.955
set,75.222
moral,75.192
whi,75.160
am,75.057
scene,74.921
help,74.880
two,74.572
mean,74.060
mine,74.033
those,73.827
ancient,73.803
life,73.742
tribe,73.648
tell,73.613
element,73.608
sound,73.509
rate,73.429
warrior,73.314
of,73.235
west,73.070
use,73.039
ecolog,72.836
leav,72.830
industri,72.774
didn,72.770
anoth,72.675
hope,72.531
qualiti,72.516
audienc,72.336
few,71.903
these,71.821
long,71.803
far,71.754
place,71.474
everyth,71.387
word,71.382
move,71.175
dvd,71.117
found,70.977
through,70.942
emishi,70.724
same,70.327
again,70.149
befor,69.990
power,69.890
tree,69.612
did,69.552
everyon,69.545
western,69.521
here,69.064
definit,68.950
caus,68.805
background,68.782
thought,68.759
beast,68.755
isn,68.698
pinkett,68.469
jada,68.469
land,68.186
pokemon,68.059
emot,68.031
view,67.941
masterpiec,67.786
guy,67.719
fantast,67.618
eye,67.597
point,67.581
draw,67.566
main,67.481
felt,67.400
clear,67.326
rather,67.054
excel,66.958
anyon,66.678
name,66.413
creat,66.403
almost,66.366
alway,66.242
yet,66.165
cultur,65.293
review,65.257
know,65.155
heard,64.910
uncloud,64.855
magic,64.846
artwork,64.671
defend,64.544
against,64.537
put,64.353
year,64.152
breathtak,64.052
doesn,63.880
hatr,63.838
attack,63.768
either,63.560
follow,63.495
perfect,63.359
piec,63.199
wound,62.986
minut,62.881
viewer,62.868
gener,62.775
believ,62.413
expect,62.395
develop,62.071
neil,61.688
deep,61.396
start,61.360
incred,61.336
wrong,61.289
anyth,60.845
save,60.717
stop,60.592
tradit,60.551
a,60.230
score,60.146
top,59.906
giant,59.400
true,59.268
turn,59.209
miramax,58.913
whole,58.808
got,58.404
sure,58.228
hand,58.027
complet,58.002
depth,57.681
especi,57.542
balanc,57.186
without,57.129
confus,57.081
fact,57.014
d,56.622
might,56.444
releas,56.213
around,56.130
forc,55.772
actual,55.630
now,55.593
chang,55.554
present,55.398
theater,55.256
miss,55.188
typic,54.926
matur,54.913
and,54.784
protagonist,54.657
adventur,54.620
villain,54.583
women,54.522
titl,54.506
big,54.480
involv,54.438
pretti,54.400
greatest,54.356
opinion,54.099
import,53.957
read,53.704
care,53.549
ll,53.536
motiv,53.248
enough,53.182
consid,53.103
becom,52.996
form,52.965
experi,52.898
idea,52.677
keep,52.572
woman,52.530
mind,52.518
13,52.511
meet,52.437
sky,52.354
simpl,52.164
absolut,52.108
attent,51.975
talk,51.912
strang,51.775
probabl,51.543
noth,51.280
imag,51.264
cut,51.211
screen,51.166
blood,51.012
worth,50.994
impress,50.638
full,50.629
itself,50.578
deal,50.496
pure,50.469
begin,50.369
old,50.351
touch,50.326
won,50.275
shell,50.243
destruct,50.161
age,50.144
includ,50.036
die,49.993
gore,49.991
often,49.865
goe,49.862
unlik,49.638
amp,49.634
himself,49.476
pg,49.455
middl,49.375
onc,49.355
line,49.355
sinc,49.121
back,49.071
mayb,48.915
frame,48.864
least,48.469
throughout,48.432
brilliant,48.122
pictur,48.090
lack,48.052
dialogu,47.907
learn,47.854
sever,47.826
final,47.580
came,47.527
last,47.405
level,47.361
among,47.290
along,47.222
sometim,47.206
extrem,46.815
upon,46.777
entir,46.728
brothel,46.474
travel,46.469
sens,46.437
heart,46.401
cannot,46.361
cast,46.315
match,45.992
wish,45.912
perhap,45.725
matter,45.688
color,45.656
high,45.536
cours,45.472
let,45.463
romanc,45.287
pace,45.190
abl,45.116
possibl,45.039
servic,45.001
bought,44.968
ghost,44.935
despit,44.887
togeth,44.700
down,44.646
instead,44.643
harmoni,44.627
problem,44.437
struggl,44.432
joe,44.401
howl,44.400
haven,44.383
compar,44.354
hour,44.230
note,44.114
overal,44.085
issu,43.895
genr,43.700
intens,43.621
given,43.573
highli,43.532
nightwalk,43.521
said,43.353
exampl,43.290
day,43.279
need,43.140
standard,43.082
kodama,43.063
except,42.960
1997,42.943
wind,42.916
state,42.633
pleas,42.272
talent,42.136
goddess,42.048
deliveri,42.039
design,42.007
within,41.930
awesom,41.778
respect,41.743
gt,41.732
uniqu,41.732
ambigu,41.673
later,41.629
mountain,41.580
graphic,41.535
director,41.520
toward,41.454
small,41.430
myself,41.311
storytel,41.301
new,41.268
mystic,41.125
hard,40.993
creativ,40.961
exist,40.886
face,40.685
happen,40.646
rare,40.569
samurai,40.436
sceneri,40.320
fill,40.226
serious,40.149
moment,40.036
entertain,39.940
america,39.935
bodi,39.906
arrow,39.826
fit,39.700
beyond,39.654
non,39.597
faction,39.540
deserv,39.479
realiz,39.451
dure,39.379
run,39.293
technolog,39.286
decid,39.273
script,39.258
possess,39.223
worker,39.081
movement,39.066
brought,38.805
forget,38.774
artist,38.707
preachi,38.646
search,38.551
valley,38.535
strength,38.390
monok,38.385
thorton,38.385
scale,38.275
until,38.261
thank,37.998
led,37.966
classic,37.866
recent,37.857
yourself,37.803
pig,37.794
wasn,37.743
known,37.626
encount,37.564
coloni,37.564
death,37.563
contain,37.552
achiev,37.540
effect,37.527
5,37.407
earth,37.389
flaw,37.368
laputa,37.266
carri,37.155
sort,36.988
effort,36.871
nago,36.859
antagonist,36.687
speak,36.677
clash,36.619
els,36.610
2,36.609
themselv,36.507
leader,36.381
femal,36.306
video,36.266
shown,36.251
type,36.170
neighbor,36.030
question,36.010
captiv,35.963
white,35.893
express,35.876
half,35.779
smith,35.743
gorgeou,35.737
under,35.682
versu,35.593
seek,35.518
appreci,35.488
actor,35.410
fulli,35.401
night,35.343
alreadi,35.310
spectacular,35.294
relationship,35.256
left,35.250
toki,35.226
surpris,35.214
inhabit,35.084
grow,35.076
produc,35.075
comput,35.040
men,35.000
total,34.993
intrigu,34.962
stuff,34.943
couldn,34.910
quest,34.892
distract,34.795
engag,34.789
abov,34.651
nice,34.621
progress,34.427
aspect,34.414
mediev,34.404
certainli,34.377
etc,34.328
lead,34.325
reach,34.297
easi,34.272
job,34.230
neither,34.080
master,34.071
check,34.050
home,34.046
ago,34.016
term,34.011
listen,33.961
buy,33.954
surround,33.804
stand,33.682
dagger,33.521
major,33.492
dimension,33.478
prais,33.470
breath,33.456
rest,33.439
worm,33.423
emperor,33.418
friend,33.414
slow,33.404
track,33.377
cover,33.232
act,33.221
allow,33.203
bore,33.167
ye,33.144
wow,33.096
gross,32.866
anyway,32.856
cri,32.829
appeal,32.765
dragon,32.728
second,32.710
mention,32.702
consequ,32.677
comment,32.615
elk,32.607
hollywood,32.584
open,32.565
across,32.470
basic,32.385
symbol,32.312
mankind,32.270
nausica,32.221
disappoint,32.171
less,32.168
greed,32.155
rememb,32.117
prostitut,32.045
told,32.024
kept,31.964
enemi,31.714
combin,31.660
today,31.570
fall,31.568
notic,31.451
case,31.301
modern,31.281
credit,31.277
tatara,31.229
choic,31.222
whose,31.091
certain,31.020
period,30.987
surviv,30.971
huge,30.944
order,30.941
societi,30.925
cinema,30.912
miyazak,30.823
spoiler,30.822
alon,30.798
wild,30.793
happi,30.694
awe,30.676
cute,30.635
caught,30.599
whom,30.540
boy,30.527
add,30.527
theatr,30.422
close,30.343
mere,30.331
appear,30.331
fascin,30.298
oh,30.285
content,30.256
decapit,30.208
hit,30.190
ape,30.184
rent,30.112
ten,30.110
wise,30.012
nearli,29.933
famili,29.886
subtl,29.830
number,29.822
attempt,29.636
intellig,29.574
due,29.542
valu,29.434
wouldn,29.357
feudal,29.349
familiar,29.292
critic,29.239
particularli,29.226
environmentalist,29.225
written,29.190
length,29.147
realist,29.103
averag,29.072
folklor,29.045
magnific,28.997
larg,28.973
7,28.966
awar,28.867
younger,28.850
contrast,28.811
miner,28.792
soul,28.731
hear,28.691
gori,28.678
complaint,28.650
return,28.603
continu,28.592
liter,28.553
excit,28.420
star,28.401
otherwis,28.393
badli,28.354
doubt,28.301
heavi,28.159
sequenc,28.135
drive,28.103
difficult,28.081
manag,27.935
seriou,27.863
fluid,27.842
distribut,27.839
direct,27.784
admit,27.752
herself,27.736
shishigami,27.644
yakul,27.644
rule,27.627
ponyo,27.612
describ,27.527
went,27.468
remain,27.466
hold,27.431
astonish,27.413
eventu,27.346
nobl,27.294
chanc,27.289
fine,27.262
landscap,27.259
lesson,27.256
worst,27.231
taken,27.170
okkoto,27.169
muromachi,27.169
late,27.127
foreign,27.094
oppos,27.087
shot,27.055
mix,26.952
slay,26.913
flow,26.913
japanim,26.908
dislik,26.885
smooth,26.858
aren,26.848
portray,26.812
similar,26.681
perfectli,26.668
coexist,26.666
spiritu,26.636
particular,26.630
unfortun,26.616
nor,26.589
relat,26.580
transform,26.545
offer,26.502
special,26.501
inspir,26.488
sub,26.482
clan,26.434
porco,26.424
rosso,26.336
lie,26.327
biggest,26.311
the,26.290
rich,26.113
profound,26.075
suffer,26.065
angri,26.061
pain,26.019
bullet,25.963
lord,25.923
result,25.916
product,25.906
near,25.846
somehow,25.843
paint,25.794
alik,25.661
variou,25.641
obviou,25.633
tv,25.617
rampag,25.582
none,25.505
sprite,25.505
older,25.491
easili,25.468
u,25.453
gun,25.415
keith,25.398
introduc,25.330
black,25.328
superb,25.323
treat,25.297
mythic,25.275
honestli,25.240
resourc,25.233
took,25.203
suck,25.173
process,25.139
pack,25.063
mother,25.063
finest,24.994
repres,24.838
abil,24.827
audio,24.822
situat,24.784
gave,24.706
quickli,24.691
amount,24.672
male,24.671
receiv,24.657
prepar,24.634
list,24.570
regret,24.562
send,24.553
encroach,24.549
heal,24.514
motion,24.420
lush,24.398
focu,24.362
civil,24.290
somewhat,24.282
threaten,24.266
teach,24.247
wait,24.196
equal,24.162
highest,24.151
geniu,24.149
orient,24.148
despis,24.093
character,24.077
preserv,24.071
greedi,24.071
fault,24.064
tentacl,24.019
decis,23.974
defeat,23.920
avoid,23.866
tast,23.856
atmospher,23.848
monster,23.830
plenti,23.762
short,23.747
ring,23.712
kurosawa,23.712
dramat,23.690
slowli,23.667
1,23.640
shade,23.638
depict,23.635
fail,23.629
ethic,23.624
wood,23.580
handl,23.549
suggest,23.524
gami,23.521
ironwork,23.521
nuanc,23.500
strongli,23.490
refer,23.477
finish,23.467
accent,23.455
answer,23.419
fare,23.407
guarante,23.354
enchant,23.351
convey,23.337
next,23.321
apart,23.315
surpass,23.284
deepli,23.273
singl,23.262
suppos,23.240
concept,23.187
deliv,23.143
fairi,23.056
stupid,23.049
legend,23.040
poko,23.037
ishida,23.037
matsuda,23.037
tatarigami,23.037
determin,23.027
success,22.933
avatar,22.927
disturb,22.926
countri,22.888
becam,22.842
fear,22.808
guess,22.726
annoy,22.668
firefli,22.634
someon,22.592
area,22.591
whether,22.550
soon,22.541
8,22.532
diseas,22.508
injur,22.495
intent,22.441
9,22.440
plu,22.439
pay,22.410
flick,22.368
tone,22.338
trust,22.322
warn,22.296
astound,22.263
predict,22.254
mouth,22.235
eat,22.235
lost,22.218
bloodi,22.140
explain,22.074
grave,22.046
favor,21.999
histori,21.979
display,21.955
fli,21.910
4,21.873
weak,21.849
compromis,21.820
mark,21.803
factori,21.794
render,21.776
addit,21.749
five,21.709
horribl,21.704
gain,21.698
fate,21.685
fair,21.663
individu,21.642
univers,21.640
lift,21.627
requir,21.622
write,21.580
popular,21.558
chihiro,21.540
sama,21.532
date,21.513
medium,21.486
sister,21.473
convinc,21.448
resid,21.429
dark,21.424
focus,21.421
100,21.367
control,21.337
pom,21.325
miazaki,21.325
north,21.314
everybodi,21.313
avail,21.300
box,21.275
sight,21.272
weird,21.263
regard,21.226
former,21.212
exactli,21.179
craft,21.139
fabl,21.045
calm,21.041
silenc,21.041
play,20.991
troubl,20.980
share,20.924
compel,20.911
pull,20.910
ore,20.882
brutal,20.835
likabl,20.805
plan,20.801
further,20.785
miscast,20.783
dead,20.770
childish,20.745
captur,20.711
dialog,20.705
ultim,20.696
heroin,20.696
walker,20.683
clare,20.651
jewel,20.644
sensit,20.643
simplist,20.638
adapt,20.629
impact,20.600
defin,20.563
anger,20.544
aim,20.528
race,20.500
onto,20.499
distinct,20.465
break,20.462
earli,20.418
ok,20.408
treatment,20.396
price,20.396
cinemat,20.364
ball,20.299
sad,20.243
cel,20.138
lover,20.131
realis,20.065
brave,20.051
root,20.032
ashikata,20.021
ashitak,20.021
gama,20.021
afraid,20.008
provid,19.898
outcast,19.866
friendli,19.851
discov,19.832
shinto,19.820
e,19.819
key,19.694
behind,19.679
mostli,19.671
tire,19.653
child,19.646
poison,19.597
centuri,19.536
damag,19.504
constantli,19.493
base,19.480
provok,19.469
144,19.457
strive,19.418
gray,19.404
terrif,19.401
notabl,19.386
posit,19.355
grand,19.347
walk,19.343
pixar,19.343
overwhelm,19.314
wide,19.300
outsid,19.290
prove,19.285
vision,19.269
choos,19.208
meaning,19.188
notch,19.183
neg,19.170
walt,19.170
player,19.089
appropri,19.037
000,19.022
greater,19.005
besid,19.000
passion,19.000
3,18.989
screenplay,18.968
par,18.945
oracl,18.943
courag,18.871
supernatur,18.860
blend,18.839
yuriko,18.817
gonza,18.817
shishi,18.817
jiko,18.817
thu,18.783
deadli,18.734
rang,18.731
comic,18.727
song,18.711
sensibl,18.695
frequent,18.688
employ,18.674
drop,18.668
sum,18.654
asid,18.630
surprisingli,18.628
thousand,18.617
consider,18.608
asian,18.557
capabl,18.552
ignor,18.531
respons,18.513
absorb,18.506
trait,18.496
fairli,18.479
rid,18.444
kaze,18.430
accompani,18.423
altern,18.406
unless,18.399
solut,18.379
clearli,18.355
slightli,18.354
manner,18.341
immedi,18.325
inde,18.309
grip,18.267
comparison,18.259
seri,18.257
superior,18.215
market,18.183
complic,18.167
homeland,18.152
tiger,18.115
approach,18.114
intend,18.098
imageri,18.081
therefor,18.009
prime,18.005
blown,17.994
event,17.969
writer,17.957
sheer,17.950
edit,17.949
mysteri,17.903
neighbour,17.902
coupl,17.895
laid,17.893
forev,17.883
bunch,17.880
sit,17.876
macross,17.845
joke,17.799
wildlif,17.791
group,17.789
colour,17.734
90,17.717
explor,17.696
sen,17.690
wrote,17.674
dull,17.656
vivid,17.645
techniqu,17.634
p,17.633
past,17.618
silli,17.597
daughter,17.583
bother,17.555
occasion,17.543
skill,17.521
prefer,17.511
citi,17.480
cd,17.471
maker,17.464
stereotyp,17.421
fun,17.393
depend,17.381
desir,17.373
prosper,17.338
remark,17.333
grown,17.327
struck,17.267
sourc,17.215
1999,17.181
z,17.174
repeat,17.164
beat,17.148
vibrant,17.139
third,17.094
began,17.092
habitat,17.071
switch,17.058
limit,17.043
david,17.029
conclus,17.011
plant,17.010
crouch,17.002
transcend,16.964
constant,16.942
three,16.925
mainstream,16.904
aliv,16.896
spoil,16.888
invent,16.879
ninja,16.857
normal,16.839
marvel,16.824
grey,16.785
mr,16.780
succeed,16.778
combat,16.777
tani,16.770
blew,16.753
themat,16.740
stay,16.685
signific,16.677
nonetheless,16.642
chop,16.606
driven,16.606
admir,16.603
myth,16.603
fast,16.601
specif,16.596
grant,16.581
affect,16.573
fell,16.538
neutral,16.537
heavili,16.536
emerg,16.495
wondrou,16.493
ride,16.477
rel,16.475
king,16.463
blind,16.430
justic,16.427
philosophi,16.395
ad,16.376
extraordinari,16.368
wit,16.340
convent,16.282
charm,16.266
purchas,16.265
exploit,16.243
co,16.230
commun,16.229
wider,16.206
spread,16.203
whatev,16.179
memor,16.140
territori,16.135
resolut,16.108
forth,16.092
ruthless,16.062
resolv,16.040
southern,15.956
extra,15.934
allitt,15.919
iboshi,15.919
destini,15.919
creation,15.918
role,15.915
15,15.904
offic,15.881
purpos,15.879
favourit,15.857
acclaim,15.857
promis,15.839
20,15.817
futur,15.807
imposs,15.762
torn,15.751
okay,15.732
collect,15.731
terribl,15.689
innoc,15.654
rise,15.638
presenc,15.616
6,15.583
humbl,15.567
poor,15.562
cheap,15.528
unreason,15.511
consum,15.495
flat,15.485
gigant,15.478
corrupt,15.460
forward,15.429
hint,15.427
creator,15.420
philosoph,15.419
subtleti,15.408
twenti,15.402
b,15.400
mad,15.396
expand,15.389
stunningli,15.377
perform,15.343
rebuild,15.329
figur,15.326
week,15.306
blow,15.253
snake,15.240
tear,15.239
attitud,15.219
occas,15.219
remot,15.196
straight,15.195
viewpoint,15.187
safe,15.107
ruin,15.064
compos,15.053
scroll,15.048
feast,15.046
jo,15.037
obvious,15.036
sophist,15.034
ebosi,15.016
ashitaki,15.016
mononokehim,15.016
wolfgod,15.016
dimens,15.006
134,14.953
heck,14.944
spot,14.940
parti,14.902
filmmak,14.897
inform,14.890
longer,14.872
rave,14.852
speci,14.851
pour,14.843
scope,14.820
insid,14.814
front,14.791
imaginari,14.734
strike,14.669
brillianc,14.662
forgiv,14.641
summari,14.639
sync,14.622
clich,14.605
till,14.598
accur,14.536
seemingli,14.535
minor,14.518
mh,14.488
taka,14.488
tottoro,14.488
ainu,14.488
imdb,14.474
unfold,14.465
dont,14.442
eco,14.430
scari,14.424
beef,14.424
twist,14.413
sorri,14.408
vast,14.386
kamikakushi,14.361
support,14.358
comprehend,14.349
realiti,14.332
2d,14.327
etern,14.302
tragic,14.296
appar,14.276
danger,14.273
current,14.224
drew,14.219
harm,14.219
amazingli,14.192
win,14.169
teenag,14.162
greatli,14.160
blame,14.142
refresh,14.142
wisdom,14.130
accomplish,14.128
simplifi,14.125
super,14.123
ranma,14.113
im,14.092
aka,14.084
coher,14.072
ventur,14.070
tarzan,14.056
gem,14.045
accept,14.040
drama,14.029
practic,14.027
cost,14.024
serv,14.022
load,14.012
kiddi,13.992
adopt,13.986
connect,13.979
writh,13.974
hardli,13.959
book,13.946
parent,13.937
unusu,13.921
knew,13.921
mon,13.920
shock,13.906
difficulti,13.893
darker,13.890
bizarr,13.879
relev,13.873
closest,13.862
sentenc,13.860
packag,13.838
yourselv,13.836
month,13.832
cheesi,13.829
project,13.823
ashi,13.822
money,13.798
sympath,13.779
necessari,13.771
glad,13.770
sake,13.770
east,13.764
hair,13.757
school,13.756
exil,13.744
folk,13.742
landmark,13.738
simplic,13.738
format,13.731
behead,13.725
goal,13.723
water,13.722
concentr,13.710
latter,13.694
static,13.685
scoff,13.679
gold,13.678
didnt,13.673
dens,13.662
gift,13.640
statement,13.632
edg,13.628
essenti,13.620
shame,13.604
metalwork,13.585
maggio,13.585
detract,13.583
mindless,13.561
common,13.550
suitabl,13.550
flawless,13.532
strongest,13.517
wage,13.511
disgust,13.510
wander,13.508
bloodsh,13.500
pro,13.497
subject,13.494
region,13.468
fire,13.466
stuck,13.463
advis,13.445
stumbl,13.436
televis,13.435
weapon,13.433
hesit,13.425
record,13.424
selfish,13.422
jump,13.407
agre,13.404
enrich,13.390
wors,13.377
red,13.373
loyal,13.361
scar,13.357
era,13.318
incur,13.315
honor,13.295
alongsid,13.294
histor,13.291
rage,13.286
geniou,13.278
throw,13.260
unit,13.256
construct,13.255
earlier,13.253
concern,13.251
guardian,13.251
scare,13.234
shouldn,13.230
pleasur,13.220
kiss,13.217
warpaint,13.210
tend,13.165
pick,13.146
haunt,13.134
recognit,13.125
fellow,13.123
plain,13.123
spend,13.116
settl,13.113
complain,13.064
outstand,13.062
shintoism,13.056
pok,13.056
fern,13.056
forgot,13.052
spoken,13.045
expens,13.045
remind,13.023
urg,12.976
townspeopl,12.968
step,12.944
central,12.938
drawl,12.938
burn,12.928
sweep,12.926
otomo,12.919
candi,12.919
2009,12.894
technic,12.888
award,12.886
team,12.883
ton,12.845
illustr,12.813
physic,12.809
x,12.805
enthral,12.787
goodby,12.768
ask,12.766
brilliantli,12.762
disregard,12.745
mediat,12.717
instantli,12.664
geek,12.652
theatric,12.638
delight,12.627
explicit,12.623
funni,12.615
freak,12.613
argument,12.608
free,12.604
hiyao,12.577
lucki,12.547
self,12.540
hide,12.535
nobodi,12.531
99,12.511
fluent,12.487
zelda,12.481
pop,12.458
alter,12.451
lip,12.447
exagger,12.445
nowaday,12.443
jerki,12.442
mesmer,12.431
cross,12.418
local,12.418
virtu,12.401
visionari,12.382
bow,12.376
necessarili,12.365
consist,12.363
overr,12.363
teen,12.358
deed,12.356
gear,12.353
chill,12.295
resembl,12.285
rattl,12.283
startl,12.279
sent,12.274
titan,12.252
rant,12.242
potenti,12.196
frankli,12.178
banish,12.157
introduct,12.152
degre,12.149
push,12.135
suit,12.121
superhuman,12.101
133,12.083
sailor,12.065
perspect,12.058
claim,12.030
fond,12.030
ideal,12.025
rainforest,12.016
locat,11.992
gotten,11.991
hook,11.955
breathtakingli,11.953
bright,11.949
ador,11.946
grade,11.942
sacrific,11.930
spine,11.918
trend,11.916
fundament,11.916
behold,11.903
commerci,11.851
drag,11.842
hunter,11.834
doom,11.831
closer,11.801
nevertheless,11.800
indescrib,11.778
reveal,11.771
triumph,11.768
ambival,11.763
grass,11.756
wealth,11.727
thrill,11.721
correct,11.719
previou,11.706
categori,11.701
lengthi,11.664
dumb,11.655
room,11.635
pointless,11.634
disappear,11.633
sat,11.629
low,11.618
belief,11.607
vari,11.580
tremend,11.564
catch,11.533
primarili,11.530
fortun,11.512
prejudic,11.510
climax,11.495
realm,11.491
risk,11.453
lose,11.447
sing,11.429
11,11.421
career,11.418
grab,11.405
soldier,11.398
legendari,11.391
ruler,11.388
applaud,11.381
hokey,11.376
laugh,11.375
splendid,11.363
task,11.361
spare,11.347
vagu,11.343
amid,11.329
veng,11.294
pollut,11.288
gloriou,11.270
whini,11.266
peak,11.251
bigger,11.247
30,11.243
cool,11.236
rain,11.234
jaw,11.231
crazi,11.222
leach,11.214
light,11.208
havoc,11.205
fatal,11.182
thrown,11.166
dominion,11.146
weren,11.138
choppi,11.130
cell,11.120
center,11.115
divid,11.109
cater,11.105
attend,11.104
readi,11.101
analog,11.094
intric,11.082
lectur,11.074
oscar,11.065
sick,11.064
compass,11.059
cannon,11.049
restor,11.042
refus,11.033
fairytal,11.029
invit,11.025
woodland,11.019
stronger,11.016
digit,11.011
tame,11.005
path,10.998
confront,10.977
swear,10.974
hype,10.972
descript,10.957
multipl,10.954
deeper,10.935
feminist,10.934
pocahonta,10.931
ambit,10.931
separ,10.915
tini,10.908
stanc,10.902
structur,10.895
green,10.892
occur,10.892
dare,10.892
holi,10.891
worri,10.887
object,10.881
mile,10.855
experienc,10.802
famou,10.796
sensat,10.792
round,10.781
contract,10.774
unfamiliar,10.774
freed,10.770
unpredict,10.767
notion,10.752
height,10.747
judg,10.746
address,10.734
lay,10.698
inflict,10.679
lower,10.675
fantasia,10.674
facial,10.666
fashion,10.664
rumor,10.663
seat,10.653
entiti,10.644
dismember,10.629
ashitaku,10.613
eacut,10.613
nauiscaa,10.613
mononko,10.613
isaotaka,10.613
calligostro,10.613
smallest,10.609
fame,10.597
ticket,10.594
interpret,10.589
aid,10.581
ambiti,10.576
nearbi,10.567
renown,10.567
tie,10.565
spent,10.526
enorm,10.521
pass,10.516
pretenti,10.514
compet,10.487
morn,10.486
unconsci,10.468
shoot,10.462
kinda,10.447
rush,10.445
anti,10.439
artistri,10.430
eastern,10.423
tea,10.405
settlement,10.403
john,10.391
hasn,10.388
archaic,10.384
shallow,10.355
ooz,10.355
12,10.338
everywher,10.327
mistak,10.323
afterward,10.315
hell,10.308
regular,10.308
weight,10.308
friendship,10.299
tail,10.299
heroic,10.289
studi,10.262
ground,10.251
importantli,10.247
nonsens,10.239
decent,10.226
metal,10.225
awhil,10.214
solv,10.202
truth,10.199
unbeliev,10.186
unimagin,10.166
genuin,10.156
2001,10.153
roll,10.151
post,10.151
succe,10.146
enter,10.143
glori,10.141
regardless,10.133
lol,10.133
meant,10.131
wrap,10.129
inton,10.116
chao,10.097
scenario,10.087
pray,10.061
enhanc,10.055
arguabl,10.048
remov,10.045
parallel,10.042
crude,10.039
cameron,10.031
bump,10.028
mood,10.016
redrew,10.011
tatari,10.011
pikachu,10.011
kodoma,10.011
tataraba,10.011
hyao,10.011
ghibi,10.011
kohroku,10.011
pompoko,10.011
essenc,10.007
chosen,9.992
bias,9.984
honour,9.968
paid,9.963
overlook,9.957
menu,9.945
aforement,9.939
blur,9.934
chew,9.929
likewis,9.919
river,9.914
excess,9.913
chines,9.913
relief,9.910
demonstr,9.906
warner,9.903
utter,9.902
cult,9.897
reveng,9.896
web,9.888
shape,9.880
method,9.879
sidekick,9.857
equival,9.852
materi,9.844
distributor,9.843
organ,9.831
overli,9.817
nativ,9.784
solid,9.769
whit,9.760
comfort,9.747
justifi,9.745
uk,9.744
conquer,9.695
bear,9.693
suffic,9.684
pleasantli,9.682
infinit,9.679
orchestr,9.661
seiyuu,9.658
nausicca,9.658
dain,9.658
asano,9.658
mononk,9.658
cgi,9.656
crowd,9.647
champion,9.639
whilst,9.623
worthi,9.616
unknown,9.593
musician,9.591
humanitarian,9.577
adequ,9.577
core,9.572
rescu,9.567
mytho,9.567
rape,9.566
urban,9.557
argu,9.550
declar,9.547
glanc,9.545
toss,9.541
nuditi,9.541
timeless,9.539
tape,9.524
eleg,9.520
caption,9.518
page,9.499
emphasi,9.496
fanat,9.496
skeptic,9.489
garner,9.489
hidden,9.488
bitten,9.471
befriend,9.463
enlighten,9.451
conscious,9.449
insight,9.439
network,9.438
option,9.436
nois,9.432
retain,9.428
pit,9.424
neat,9.412
ferngulli,9.409
deforest,9.409
inuyasha,9.409
overdon,9.407
thoroughli,9.403
interact,9.392
godzilla,9.391
execut,9.377
relay,9.365
built,9.362
sparingli,9.348
whoever,9.342
usa,9.338
dismiss,9.337
reluct,9.337
analyz,9.327
sentiment,9.322
relentless,9.320
profit,9.311
massag,9.307
synchron,9.282
utterli,9.274
viscer,9.269
logic,9.248
altogeth,9.248
loathsom,9.235
80,9.228
feud,9.228
furthermor,9.224
oxen,9.215
dimaggio,9.215
bond,9.206
contrari,9.205
reaction,9.174
moon,9.171
ordinari,9.161
viciou,9.159
improv,9.146
mainli,9.139
testament,9.136
mous,9.132
feed,9.131
sink,9.124
corni,9.097
maestro,9.090
anymor,9.069
c,9.067
sublim,9.060
fallen,9.060
gundam,9.056
reclaim,9.056
author,9.049
loos,9.040
husband,9.038
shop,9.035
nine,9.025
game,9.013
afflict,9.009
soft,9.004
owe,8.993
elegantli,8.990
monkey,8.983
snow,8.981
phrase,8.981
plainli,8.977
dream,8.962
evid,8.960
dignifi,8.959
underli,8.954
gratuit,8.948
feisti,8.934
hous,8.928
neon,8.928
myazaki,8.923
hisashi,8.923
distrust,8.916
min,8.914
quantiti,8.910
varieti,8.899
properli,8.894
channel,8.891
characterist,8.874
easier,8.867
mission,8.859
freedom,8.855
seven,8.846
volum,8.843
gather,8.836
childhood,8.836
embrac,8.835
stricken,8.823
york,8.819
wont,8.818
wrench,8.812
reader,8.810
hunt,8.807
gulli,8.807
oshii,8.807
500th,8.807
veil,8.800
bare,8.795
backdrop,8.792
sacr,8.784
smile,8.774
2nd,8.766
wholesom,8.762
air,8.753
expert,8.751
lore,8.746
faith,8.734
fresh,8.720
convers,8.716
lovabl,8.707
sculli,8.704
fs,8.704
demograph,8.679
romant,8.674
sincer,8.663
3d,8.658
corner,8.636
dreami,8.635
aw,8.633
dazzl,8.631
differenti,8.630
proper,8.626
sudden,8.616
interven,8.615
tanaka,8.613
commit,8.612
treasur,8.592
advic,8.592
decidedli,8.592
public,8.573
evolv,8.572
bye,8.564
reminisc,8.560
spell,8.544
courtesi,8.536
advantag,8.530
spirt,8.530
wormi,8.530
sandman,8.530
trope,8.527
bitter,8.526
instant,8.523
initi,8.505
25,8.501
merit,8.501
size,8.496
correspond,8.492
immers,8.473
tool,8.471
select,8.470
disput,8.462
jame,8.461
miyzaki,8.454
threat,8.451
larger,8.431
simpler,8.424
tune,8.419
nope,8.416
flesh,8.402
planet,8.402
guilti,8.400
rank,8.392
uh,8.387
caution,8.375
prior,8.369
spectacl,8.366
feroci,8.348
below,8.336
alchemist,8.320
sprit,8.320
ongo,8.313
honest,8.312
challeng,8.307
superbl,8.299
stellar,8.297
roam,8.294
narrat,8.287
exce,8.276
drip,8.261
rochest,8.261
amongst,8.259
accustom,8.257
dynam,8.248
integr,8.244
manufactur,8.239
surreal,8.238
tempo,8.236
target,8.219
agoni,8.207
metaphor,8.201
lake,8.197
activ,8.191
fanboy,8.180
abandon,8.174
carv,8.173
unabl,8.169
welcom,8.168
gush,8.153
therebi,8.149
cat,8.141
raw,8.137
unparallel,8.116
nickelodeon,8.102
brother,8.102
rivet,8.101
topic,8.097
squeamish,8.090
lifetim,8.084
knock,8.082
lotr,8.077
speed,8.064
satisfi,8.060
iliad,8.055
droplet,8.055
rival,8.052
lowest,8.043
humor,8.036
dozen,8.034
envis,8.031
latest,8.017
revolv,8.015
intro,8.013
utmost,8.013
altho,8.011
steed,8.011
porki,8.011
filmwork,8.011
onlin,8.001
rifl,7.998
formula,7.989
bia,7.986
salvat,7.986
imperfect,7.971
overtook,7.968
sharp,7.968
lousi,7.957
commentari,7.956
whenev,7.934
awaken,7.928
store,7.927
overpow,7.925
elder,7.922
magnitud,7.917
bottom,7.905
mountainsid,7.889
intrig,7.889
endur,7.877
guard,7.872
profil,7.856
reward,7.854
anxiou,7.854
dumbass,7.852
pinnacl,7.843
inevit,7.835
longest,7.822
beautiful,7.817
mute,7.814
mildli,7.809
textur,7.807
identifi,7.806
board,7.785
comprehens,7.784
revel,7.779
fabric,7.779
convert,7.769
advanc,7.763
unexpect,7.760
sappi,7.754
paragraph,7.751
factor,7.751
aura,7.749
cartoonish,7.749
wake,7.747
dc,7.741
array,7.722
symbiosi,7.718
unsatisfi,7.717
sexual,7.702
broken,7.700
field,7.698
hostil,7.693
four,7.692
saga,7.691
shogun,7.688
sept,7.688
dwell,7.686
numer,7.686
click,7.668
quiet,7.662
mass,7.661
strictli,7.661
carton,7.658
viz,7.658
braveri,7.656
ceas,7.654
somewher,7.650
anybodi,7.639
heroism,7.633
contribut,7.632
undervalu,7.630
manifest,7.624
absent,7.618
perman,7.615
darn,7.611
conserv,7.602
campaign,7.591
y,7.585
apolog,7.582
smoothli,7.582
forgotten,7.580
suv,7.576
anvil,7.576
runtim,7.561
higher,7.557
upcom,7.546
instanc,7.539
styliz,7.513
deem,7.513
wast,7.512
phenomen,7.507
gasp,7.507
tonari,7.500
tableaux,7.500
flatli,7.500
dive,7.496
restrain,7.482
2014,7.482
villai,7.476
portug,7.476
untam,7.476
cup,7.472
abstract,7.466
ebert,7.455
ecosystem,7.453
yada,7.453
fierc,7.453
indiffer,7.451
craze,7.441
hundr,7.438
condit,7.437
scream,7.435
sweet,7.423
plastic,7.420
summer,7.411
recogn,7.410
quick,7.382
academi,7.379
loss,7.379
broad,7.376
paddl,7.366
swept,7.362
opposit,7.347
visit,7.346
wear,7.344
crap,7.343
tragedi,7.331
fandom,7.326
earn,7.319
crown,7.313
specter,7.306
flawlessli,7.306
gate,7.304
attract,7.303
rock,7.294
inher,7.275
250,7.269
gestur,7.268
mess,7.263
copi,7.259
econom,7.255
complement,7.253
ba,7.250
lastli,7.231
danc,7.224
spoke,7.220
transfer,7.213
silent,7.191
awak,7.186
diehard,7.181
compani,7.176
helpless,7.171
gone,7.165
06,7.164
internet,7.157
convolut,7.151
attun,7.132
luckili,7.129
uninterest,7.123
distress,7.123
climact,7.116
thread,7.116
intim,7.111
favour,7.105
135,7.101
bandag,7.101
unedit,7.101
apocalypt,7.089
minim,7.089
ji,7.086
shorter,7.081
unforgett,7.080
gotta,7.072
musket,7.071
inspit,7.071
french,7.061
primari,7.058
buri,7.058
cloud,7.056
dilemma,7.051
pale,7.043
humour,7.043
valuabl,7.038
immort,7.035
expertli,7.028
leap,7.028
flu,7.014
secondli,7.011
toler,7.011
admittedli,7.009
sex,7.008
kick,7.003
fanci,7.001
wooden,7.001
grate,6.998
devil,6.996
son,6.992
stark,6.991
quot,6.989
supersed,6.987
profus,6.987
halfway,6.980
happili,6.975
intriguingli,6.974
fester,6.974
lupin,6.974
jelli,6.974
meticul,6.974
honesti,6.972
taught,6.970
occupi,6.964
townsfolk,6.961
16,6.960
promin,6.959
1984,6.948
r,6.947
throat,6.945
vital,6.936
weekend,6.928
arriv,6.923
wart,6.923
preciou,6.920
tank,6.920
leech,6.910
harmon,6.910
bleach,6.910
beneath,6.904
commend,6.901
ensur,6.893
gunpowd,6.886
pillag,6.886
jitteri,6.886
crisi,6.878
tough,6.874
unwilling,6.863
odd,6.862
portion,6.858
brain,6.852
nugget,6.851
aesthet,6.848
echo,6.841
influenc,6.836
represent,6.833
builder,6.829
reject,6.824
desper,6.823
tediou,6.819
preview,6.810
reflect,6.799
stir,6.798
advertis,6.795
poetic,6.790
rose,6.789
goat,6.785
di,6.784
al,6.781
distant,6.770
dough,6.764
irrespect,6.764
duel,6.760
twelv,6.756
yesterday,6.755
ponder,6.754
14,6.754
dweller,6.754
artifici,6.717
trusti,6.714
depress,6.714
insist,6.700
diplomat,6.695
binari,6.695
laughter,6.687
reduc,6.684
europ,6.678
march,6.677
sun,6.673
baroqu,6.648
poster,6.638
1990,6.637
gruesom,6.632
rerun,6.621
boundless,6.621
disbelief,6.618
pessim,6.613
hog,6.613
streamlin,6.613
mom,6.608
react,6.600
brand,6.596
lean,6.593
starkli,6.587
watchabl,6.585
piqu,6.579
braveheart,6.578
explod,6.576
henc,6.568
destin,6.566
mushi,6.562
arc,6.560
suspens,6.556
multi,6.554
whatsoev,6.551
showcas,6.547
oversea,6.538
portrait,6.538
transport,6.537
evok,6.537
fluiditi,6.530
sculpt,6.530
layout,6.522
assur,6.521
ran,6.517
dispel,6.514
mangl,6.514
percept,6.512
punish,6.510
indic,6.507
circl,6.501
eeri,6.500
episod,6.490
boot,6.489
proof,6.485
underr,6.484
hole,6.480
mental,6.477
racer,6.476
sea,6.461
wing,6.459
explanatori,6.454
antagon,6.454
insuffici,6.454
conan,6.447
seclud,6.440
goo,6.440
15th,6.433
wherea,6.431
cold,6.428
genesi,6.426
narr,6.423
devot,6.419
dude,6.413
daft,6.405
aloud,6.398
harshli,6.398
roger,6.397
horrifi,6.388
bet,6.388
contemporari,6.388
upset,6.383
subsequ,6.374
130,6.372
hefti,6.372
appli,6.368
elat,6.365
bag,6.359
voiceov,6.358
gi,6.358
leg,6.357
goer,6.352
definetli,6.352
sole,6.338
supposedli,6.338
debat,6.332
pre,6.326
letter,6.325
steeli,6.320
9th,6.320
million,6.316
sleeper,6.314
disclos,6.302
retali,6.302
tranquil,6.296
lifelik,6.284
bloodthirsti,6.284
ilk,6.284
grasp,6.282
fiction,6.278
gradual,6.274
fur,6.272
cub,6.272
godfath,6.272
shine,6.271
link,6.267
spun,6.266
polit,6.255
outlet,6.249
shoddi,6.249
prevent,6.248
assist,6.239
sympathet,6.233
disadvantag,6.226
meanwhil,6.225
anywher,6.218
bellow,6.215
alien,6.211
poorli,6.202
pathet,6.191
unrealist,6.187
comedi,6.187
haku,6.178
poignant,6.169
feroc,6.167
puzzl,6.163
callou,6.162
crash,6.161
credibl,6.157
pine,6.147
debut,6.144
fav,6.142
uniti,6.142
slot,6.142
formerli,6.142
domain,6.142
cautionari,6.137
consumpt,6.137
allegi,6.137
ive,6.132
site,6.127
tabl,6.125
trembl,6.122
valiant,6.122
sunlight,6.122
exact,6.115
frontier,6.112
intrins,6.112
overcom,6.095
disagre,6.093
ecstat,6.093
disservic,6.093
accus,6.090
oper,6.089
awestruck,6.074
rice,6.074
insect,6.069
mist,6.069
ourselv,6.066
fabul,6.064
odyssey,6.058
snob,6.055
inner,6.053
swiftli,6.051
innov,6.046
counterpoint,6.042
smoke,6.040
grew,6.032
enrag,6.024
spree,6.024
ghostli,6.015
blade,6.014
gut,6.011
unfairli,6.011
duh,6.002
rebirth,6.002
roug,5.998
plea,5.993
7th,5.985
pervad,5.972
soften,5.972
melanchol,5.972
outta,5.968
food,5.965
confid,5.960
sci,5.958
fi,5.958
sensual,5.948
wholeheartedli,5.940
slew,5.936
overdo,5.936
plotlin,5.924
resist,5.916
herd,5.916
allegor,5.912
transpar,5.912
wife,5.910
imbu,5.908
therein,5.904
lone,5.902
celebr,5.901
devour,5.889
foreground,5.885
intox,5.874
breez,5.871
halt,5.860
reconcil,5.860
quasi,5.856
joyou,5.852
surfac,5.848
majesti,5.845
seren,5.845
conceit,5.845
hometown,5.838
splendor,5.838
deni,5.836
observ,5.836
timid,5.824
catapult,5.824
catalyst,5.824
tighter,5.820
com,5.816
hire,5.814
cheer,5.811
humankind,5.810
filthi,5.806
nobil,5.803
doubl,5.803
warm,5.800
revolution,5.800
camerawork,5.800
outdoor,5.779
parabl,5.776
gonna,5.772
clean,5.770
empti,5.770
eh,5.766
spew,5.763
rewind,5.763
hinder,5.760
ravag,5.753
refug,5.753
ray,5.750
picki,5.750
ass,5.749
weav,5.748
hill,5.744
intuit,5.740
daunt,5.737
tokyo,5.734
cinematographi,5.734
reli,5.732
bid,5.731
assum,5.725
intricaci,5.725
pacif,5.721
purpl,5.721
explicitli,5.721
richer,5.715
stud,5.709
unnecessari,5.708
labour,5.700
six,5.698
domin,5.695
approxim,5.691
sock,5.691
spellbound,5.691
goos,5.688
jolt,5.685
wtf,5.682
interplay,5.679
thorough,5.679
g,5.667
overtli,5.664
protector,5.664
statu,5.663
oneself,5.653
bombard,5.647
sell,5.641
uncontrol,5.641
00,5.630
layer,5.624
escap,5.622
spars,5.619
willing,5.616
fathom,5.616
irresist,5.608
trump,5.597
detest,5.594
prioriti,5.594
simul,5.592
overbear,5.592
muse,5.592
justif,5.592
clearer,5.589
persever,5.586
clutch,5.584
quirk,5.565
whore,5.565
unnot,5.565
china,5.555
yeah,5.552
sequel,5.548
unnatur,5.545
remaind,5.545
romp,5.545
brat,5.537
brim,5.537
infatu,5.537
lightli,5.532
allur,5.527
hippi,5.527
mask,5.524
underlin,5.522
shelf,5.517
cow,5.510
starter,5.503
stalk,5.503
stale,5.503
largest,5.495
eaten,5.495
laud,5.493
pessimist,5.490
atroci,5.490
immacul,5.488
drivel,5.483
versa,5.481
unclear,5.479
whimsic,5.474
trivia,5.474
thunder,5.467
spoon,5.462
exposur,5.458
info,5.458
unmatch,5.455
opportun,5.451
held,5.441
encapsul,5.440
premis,5.434
compassion,5.433
doll,5.433
beforehand,5.431
shockingli,5.431
twilight,5.431
damsel,5.426
filmographi,5.420
vow,5.415
frighten,5.415
net,5.411
suddenli,5.410
richli,5.402
barrier,5.400
build,5.398
refin,5.398
150,5.398
akin,5.389
fearless,5.387
exud,5.385
downsid,5.381
toy,5.376
dreari,5.372
harbor,5.364
rapidli,5.344
ish,5.342
hurri,5.342
jade,5.342
depriv,5.338
establish,5.334
illog,5.334
blockbust,5.333
hater,5.330
immatur,5.328
vocal,5.328
choke,5.324
advers,5.324
spellbind,5.324
weaker,5.320
join,5.318
realism,5.315
ie,5.312
300,5.312
citizen,5.307
shisigami,5.306
overdubb,5.306
delimb,5.306
fluffernutt,5.306
unfortunitali,5.306
betweenthi,5.306
honeamis,5.306
manufactori,5.306
insprin,5.306
caldup,5.306
hisagi,5.306
execpt,5.306
monoonok,5.306
jogi,5.306
andmean,5.306
enviorment,5.306
hiroshig,5.306
particlar,5.306
echh,5.306
cudup,5.306
waterdrop,5.306
eboushi,5.306
soaker,5.306
miyazkai,5.306
hekp,5.306
moror,5.306
coneal,5.306
smurfi,5.306
almostcreepi,5.306
11111oneoneoneoneon,5.306
ebishi,5.306
enviroment,5.306
definiteley,5.306
filsm,5.306
adaquet,5.306
andcomposit,5.306
biodivers,5.306
gassen,5.306
rocococo,5.306
ferngulley,5.306
reallyenjoy,5.306
treeghost,5.306
1336,5.306
townand,5.306
kenikkiscorn,5.306
deri,5.306
easyer,5.306
japanophob,5.306
konechewa,5.306
zzzzzzzzzzzzzz,5.306
narayama,5.306
miyzakai,5.306
indusrialist,5.306
thegor,5.306
industrilz,5.306
wiederkehr,5.306
reinhart,5.306
princesa,5.306
macheezmo,5.306
towarsd,5.306
characteraz,5.306
bioluminesc,5.306
gailman,5.306
responis,5.306
leftest,5.306
respsect,5.306
myazako,5.306
meeko,5.306
goprinc,5.306
yoshi,5.306
japanophobia,5.306
heartattack,5.306
theyexpect,5.306
throrough,5.306
isful,5.306
tanak,5.306
myyazaki,5.306
scoobydoo,5.306
pervu,5.306
extreeeeemli,5.306
thortan,5.306
virsion,5.306
ahitaka,5.306
myzaki,5.306
neverwher,5.306
sonicfan5715,5.306
maro,5.306
chastl,5.306
asitaka,5.306
anionlin,5.306
apropr,5.306
miyazako,5.306
buggar,5.306
disolv,5.306
temperless,5.306
monoko,5.306
inspirir,5.306
demita,5.306
pseudodepth,5.306
depth87,5.306
sachrin,5.306
semiconductor,5.306
taz1004,5.306
incroach,5.306
supergod,5.306
1573,5.306
settingth,5.306
asbel,5.306
whilei,5.306
kirin,5.306
cryig,5.306
ashitakaalong,5.306
invariantli,5.306
brooklin,5.306
fightcon,5.306
shika,5.306
animemovi,5.306
violnc,5.306
blatenc,5.306
hiroshigi,5.306
prefur,5.306
thingamabobb,5.306
conservation,5.306
honimes,5.306
amerindian,5.306
isrelentless,5.306
ghobi,5.306
theessenc,5.306
adapat,5.306
overdesign,5.306
badabababaaah,5.306
intress,5.306
shuna,5.306
akoto,5.306
disuad,5.306
delivey,5.306
yameen,5.306
ironsand,5.306
prasi,5.306
inyuyashi,5.306
stillman,5.306
yakkuru,5.306
comeout,5.306
gozo,5.306
hsa,5.306
ncondit,5.306
mstk,5.306
amishi,5.306
nanji,5.306
ressourc,5.306
obashi,5.306
ishibiya,5.306
trigun,5.306
hihgli,5.306
yakkl,5.306
tanuki,5.306
japanologist,5.306
probubl,5.306
wereabout,5.306
roujin,5.306
subarashii,5.306
lazard,5.306
arietti,5.306
kushana,5.306
agewis,5.306
yarraku,5.306
dbgt,5.306
heisei,5.306
drawwwwwwl,5.306
rumoor,5.306
ashtitaka,5.306
conservationalist,5.306
gillan,5.306
yazaki,5.306
gawian,5.306
yoji,5.306
allcom,5.306
huh,5.306
regain,5.306
conjur,5.302
slam,5.302
misunderstood,5.299
hunger,5.299
grandios,5.295
shove,5.295
apt,5.295
mindset,5.293
butcher,5.287
cancer,5.287
file,5.278
unseen,5.276
tug,5.274
churn,5.274
obsess,5.273
proce,5.267
spill,5.265
sketch,5.263
bittersweet,5.261
reckon,5.257
50,5.256
vividli,5.254
armi,5.248
meal,5.245
bitch,5.245
shrek,5.241
rental,5.238
someday,5.234
decay,5.234
hr,5.234
reliev,5.232
clariti,5.231
belt,5.227
disjoint,5.227
oblig,5.225
healthi,5.222
stick,5.219
rendit,5.218
inch,5.215
titular,5.215
nineti,5.213
trailer,5.210
foolish,5.210
debt,5.210
degrad,5.206
subtext,5.204
mighti,5.199
obnoxi,5.199
frantic,5.199
avid,5.198
encompass,5.198
ahead,5.195
angl,5.193
hardest,5.192
21,5.192
bonu,5.184
growth,5.182
enabl,5.179
propos,5.179
sale,5.179
spit,5.177
goosebump,5.174
sting,5.172
resent,5.169
persist,5.163
stray,5.148
mold,5.146
suspect,5.142
admiss,5.137
drove,5.135
rambl,5.135
eleven,5.129
discuss,5.123
woven,5.123
budget,5.120
recogniz,5.118
jone,5.118
greet,5.113
riddl,5.110
unconvinc,5.095
secret,5.092
masteri,5.092
stiff,5.092
legitim,5.090
stage,5.090
outlook,5.089
peril,5.080
warrant,5.074
radic,5.068
amidst,5.058
adjust,5.058
pink,5.056
quietli,5.052
embark,5.051
bleed,5.049
warmth,5.046
health,5.045
mileston,5.043
blogspot,5.039
correctli,5.032
labor,5.028
ought,5.025
devoid,5.024
insan,5.021
obtain,5.017
cg,5.015
texa,5.013
preach,5.011
invad,5.010
chronicl,5.010
undrestand,5.005
forcast,5.005
honneamis,5.005
dickish,5.005
zzzzzzzzz,5.005
unot,5.005
chibli,5.005
taiko,5.005
shonen,5.005
draftsmanship,5.005
supermonst,5.005
achtung,5.005
vibrato,5.005
usian,5.005
suncoast,5.005
hokkaido,5.005
surprisinli,5.005
lodoss,5.005
outspread,5.005
demosthen,5.005
krap,5.005
capitiv,5.005
ghibl,5.005
fullmet,5.005
reat,5.005
sailormoon,5.005
sambo,5.005
deadfal,5.005
ryuichi,5.005
ewig,5.005
nge,5.005
spririt,5.005
muyo,5.005
abiltiy,5.005
kiya,5.005
tenchi,5.005
unyeild,5.005
ecologist,5.005
anywhoo,5.005
sypathet,5.005
uematsu,5.005
squatti,5.005
gulley,5.005
giantess,5.005
favoret,5.005
dbz,5.005
battel,5.005
macaqu,5.005
otherth,5.005
miayazaki,5.005
aerosol,5.005
yuko,5.005
carma,5.005
mayao,5.005
miko,5.005
haruo,5.005
afford,5.000
pool,4.994
blu,4.986
200,4.983
invas,4.982
agenda,4.979
glow,4.978
rhythm,4.971
strain,4.970
cliff,4.964
wholli,4.963
arabia,4.957
tick,4.949
flashi,4.943
hollow,4.941
signatur,4.940
slightest,4.936
poetri,4.935
peer,4.934
effortlessli,4.931
underneath,4.927
acquir,4.925
crew,4.925
midst,4.923
safeti,4.921
coin,4.920
et,4.908
visibl,4.905
hungri,4.904
festiv,4.903
firmli,4.897
exhibit,4.896
ridicul,4.895
oddli,4.888
button,4.888
clip,4.887
fletcher,4.882
convincingli,4.882
rout,4.880
2006,4.879
vice,4.877
arrang,4.872
blank,4.867
spring,4.866
boast,4.864
stylist,4.863
grotesqu,4.861
dwarf,4.858
pattern,4.849
boil,4.847
irrelev,4.841
contradict,4.841
seamlessli,4.836
camera,4.833
shore,4.830
hayoa,4.829
throug,4.829
rousingli,4.829
beebop,4.829
wormlik,4.829
totorro,4.829
miyuzaki,4.829
heavihand,4.829
certanli,4.829
jeremiad,4.829
escaflown,4.829
tsunder,4.829
disembowl,4.829
malodor,4.829
peson,4.829
pizzazz,4.829
formular,4.829
pillsburi,4.829
curricula,4.829
spunkier,4.829
myiazaki,4.829
nobuo,4.829
mcd,4.829
hayo,4.829
tinglingli,4.829
bellvil,4.829
powerbas,4.829
wowthi,4.829
psx,4.829
toshio,4.829
classicli,4.829
elsewher,4.817
stab,4.800
teller,4.799
elv,4.796
dawn,4.790
spielberg,4.787
heartfelt,4.786
attribut,4.785
fuel,4.776
fifteen,4.773
jungl,4.769
flee,4.767
ingredi,4.763
accolad,4.763
member,4.763
fed,4.759
busi,4.757
weather,4.753
queen,4.748
sustain,4.748
subtli,4.747
cave,4.744
inconsist,4.743
smash,4.741
paus,4.741
climat,4.740
phantom,4.739
repeatedli,4.738
washington,4.735
jordan,4.733
print,4.732
tad,4.732
bill,4.730
contempl,4.730
bend,4.728
culmin,4.727
chest,4.725
gentl,4.721
strip,4.721
1000,4.718
plagu,4.714
1995,4.714
shakespear,4.713
contend,4.713
unfair,4.712
soaringli,4.704
japans,4.704
contradictorili,4.704
rapproch,4.704
tororo,4.704
plainer,4.704
misogyn,4.704
caucas,4.704
intimist,4.704
islet,4.704
kaya,4.704
afficianado,4.704
sib,4.704
monotheist,4.704
imers,4.704
nutur,4.704
mikado,4.704
redraw,4.704
corelli,4.704
japaness,4.704
tensiti,4.704
okayish,4.704
moustachio,4.704
waay,4.704
bour,4.704
footfal,4.704
edutain,4.704
sansho,4.704
ima,4.704
reword,4.704
pricess,4.704
samura,4.704
greeni,4.704
tradition,4.704
proceed,4.704
buck,4.703
ensu,4.699
neck,4.694
harrow,4.692
worthwhil,4.688
deriv,4.684
resort,4.681
similarli,4.681
2002,4.681
confirm,4.679
shatter,4.679
subconsci,4.675
mill,4.675
overshadow,4.674
ala,4.668
evolut,4.666
piano,4.665
cring,4.664
alright,4.664
tension,4.663
dear,4.661
yell,4.660
bug,4.657
savag,4.655
bounti,4.655
per,4.655
ain,4.654
instinct,4.653
legaci,4.648
1st,4.645
mixtur,4.645
tackl,4.644
newspap,4.642
delv,4.642
perceiv,4.635
rubbish,4.632
aggress,4.625
dictat,4.623
hopeless,4.618
unravel,4.617
lend,4.616
linger,4.615
exhilar,4.612
pile,4.610
lust,4.609
row,4.608
trade,4.608
mayazaki,4.607
briliantli,4.607
spore,4.607
clowni,4.607
drat,4.607
japanas,4.607
personel,4.607
mirimax,4.607
replant,4.607
ghibili,4.607
wordli,4.607
buena,4.607
reak,4.607
150min,4.607
tortoro,4.607
japanees,4.607
counterplot,4.607
dinsey,4.607
overhand,4.607
atent,4.607
speechlessli,4.607
harder,4.607
ultra,4.607
glorifi,4.606
recov,4.602
class,4.600
reserv,4.596
lt,4.596
label,4.595
assault,4.593
principl,4.587
casual,4.578
border,4.577
smaller,4.575
miracl,4.574
plausibl,4.565
bland,4.565
choreograph,4.563
defi,4.556
exquisit,4.554
pursuit,4.553
chain,4.553
polic,4.552
embarrass,4.552
groundbreak,4.549
actress,4.545
suprem,4.544
premier,4.543
emphas,4.538
45,4.530
increasingli,4.530
conson,4.528
defenitli,4.528
earthsea,4.528
valient,4.528
beastmast,4.528
japanam,4.528
mamoru,4.528
sakamoto,4.528
philo,4.528
relis,4.528
ishmael,4.528
otaku,4.528
engorg,4.528
ohhhh,4.528
lah,4.528
firstli,4.521
superfici,4.520
shi,4.515
linear,4.514
pitch,4.495
revolutionari,4.493
impli,4.492
grim,4.488
fat,4.481
heaven,4.481
function,4.480
outrag,4.473
program,4.470
acknowledg,4.467
evangelion,4.461
ithink,4.461
optimu,4.461
dragonfli,4.461
mecha,4.461
synopsis,4.461
luscious,4.461
actionpack,4.461
despoil,4.461
angelika,4.461
obo,4.461
ooohh,4.461
arigato,4.461
couleur,4.461
antler,4.461
stubbor,4.461
prognosi,4.461
fortunatli,4.461
sucha,4.461
discoveri,4.459
undeni,4.449
fist,4.449
pride,4.448
lesser,4.446
competit,4.442
block,4.436
lazi,4.436
pound,4.429
alli,4.428
lion,4.427
european,4.426
beg,4.426
promot,4.418
zero,4.417
memori,4.415
martial,4.415
offici,4.410
lo,4.404
repetit,4.404
suzuki,4.403
transliter,4.403
unmolest,4.403
watchtow,4.403
neatest,4.403
cagliostro,4.403
reindeer,4.403
usuali,4.403
miscu,4.403
heidi,4.403
empress,4.403
kohaku,4.403
eyepop,4.403
aquir,4.403
testiment,4.403
prize,4.403
thumb,4.400
sold,4.397
devast,4.392
reson,4.387
mechan,4.383
duti,4.383
graviti,4.375
basi,4.374
elabor,4.370
fix,4.368
crucial,4.368
globe,4.367
bone,4.366
uncomfort,4.365
card,4.364
subplot,4.363
stag,4.352
katsuhiro,4.352
trl,4.352
naussica,4.352
glade,4.352
rabidli,4.352
locket,4.352
persu,4.352
handwritten,4.352
framer,4.352
painlessli,4.352
choosi,4.352
cooper,4.351
incid,4.349
embodi,4.335
footag,4.330
guid,4.327
wed,4.325
spin,4.323
persona,4.322
encourag,4.319
irrit,4.317
heartbreak,4.316
sinist,4.313
greenpeac,4.306
understatedli,4.306
gradient,4.306
bailiff,4.306
flotsam,4.306
hana,4.306
concid,4.306
nl,4.306
raccoon,4.306
aesop,4.306
fade,4.306
quirki,4.303
hors,4.302
string,4.297
increas,4.294
loyalti,4.294
lame,4.288
lawrenc,4.286
outcom,4.285
scheme,4.280
distanc,4.273
finger,4.270
novel,4.265
foundri,4.265
intermediari,4.265
levinson,4.265
mopey,4.265
ita,4.265
easilli,4.265
unse,4.265
playlist,4.265
ver,4.265
bluth,4.265
qu,4.265
masterpic,4.265
eww,4.265
religion,4.263
examin,4.263
1980,4.248
skin,4.246
feet,4.238
nomin,4.228
voiceless,4.227
rennt,4.227
inessenti,4.227
buzzword,4.227
tenuous,4.227
knucklehead,4.227
infight,4.227
dragonslay,4.227
aardman,4.227
iridesc,4.227
scriptum,4.227
space,4.222
contact,4.214
apocalyps,4.212
vehicl,4.210
attach,4.210
chose,4.202
voicework,4.192
hyperdr,4.192
booor,4.192
walkman,4.192
sasha,4.192
bobbl,4.192
interced,4.192
kami,4.192
dragonbal,4.192
huzzah,4.192
belov,4.192
patrick,4.189
ear,4.187
endless,4.186
paper,4.178
split,4.175
dedic,4.175
transit,4.172
woodi,4.172
deliber,4.167
section,4.166
directli,4.163
tyro,4.160
morgana,4.160
doen,4.160
bastardis,4.160
haydn,4.160
township,4.160
snowpierc,4.160
strictur,4.160
dewi,4.160
meaninglessli,4.160
gorey,4.160
como,4.160
somebodi,4.158
stood,4.156
bound,4.156
engross,4.141
tight,4.138
spoonf,4.130
hugest,4.130
cohabit,4.130
allright,4.130
minutest,4.130
japenes,4.130
retir,4.123
thin,4.119
previous,4.116
pair,4.115
independ,4.114
reput,4.113
associ,4.107
expos,4.107
orific,4.102
warcraft,4.102
clingi,4.102
disrepair,4.102
redeem,4.099
countless,4.096
absurd,4.089
insult,4.088
fulfil,4.078
amin,4.076
similiar,4.076
ugoku,4.076
waiver,4.076
weightier,4.076
hmv,4.076
dah,4.076
preternatur,4.076
db,4.076
actuali,4.076
forrest,4.073
excus,4.066
failur,4.056
bushi,4.051
bidder,4.051
unpack,4.051
imman,4.051
posess,4.051
anthropologist,4.051
sabbath,4.051
vocalist,4.051
mckenzi,4.051
unecessari,4.051
substanc,4.043
hat,4.041
cruel,4.041
nightmar,4.036
immens,4.031
sympathi,4.029
handmad,4.028
contractu,4.028
distantli,4.028
flour,4.028
spectral,4.028
shiro,4.028
warlik,4.028
spongebob,4.028
portend,4.028
peacemak,4.028
incurs,4.028
fool,4.023
sword,4.023
crime,4.013
piti,4.013
virtual,4.011
cant,4.008
scatterbrain,4.005
ist,4.005
transmut,4.005
unliv,4.005
haw,4.005
unfail,4.005
longish,4.005
extent,4.004
remember,3.984
silicon,3.984
unproven,3.984
dwelt,3.984
sentri,3.984
sharehold,3.984
unreservedli,3.984
acm,3.984
intern,3.984
media,3.984
ex,3.982
idiot,3.972
precis,3.968
context,3.965
crossfir,3.964
jabber,3.964
singapor,3.964
dawdl,3.964
predisposit,3.964
hateabl,3.964
headless,3.964
pauciti,3.964
shopkeep,3.964
triplet,3.964
caract,3.964
kitano,3.964
morass,3.964
becasu,3.964
conqueror,3.964
missionari,3.945
bumpkin,3.945
varianc,3.945
4000,3.945
kabuki,3.945
stranglehold,3.945
hadn,3.940
teacher,3.939
bat,3.937
authent,3.934
60,3.928
buccan,3.926
hauru,3.926
alexi,3.926
plough,3.926
ancestr,3.926
troi,3.926
nowher,3.925
horror,3.922
rip,3.909
unpalat,3.908
transluc,3.908
gorefest,3.908
freakishli,3.908
americanis,3.908
complexli,3.908
ill,3.897
bridg,3.895
maintain,3.894
tummi,3.891
rephras,3.891
124,3.891
md,3.891
armitag,3.891
strove,3.891
smelt,3.891
handel,3.891
futurama,3.891
vacil,3.891
exept,3.891
understood,3.891
replac,3.890
dress,3.890
anticip,3.884
precious,3.875
heret,3.875
snowflak,3.875
airship,3.875
overdub,3.875
overemphas,3.875
island,3.873
energi,3.871
128,3.859
posses,3.859
stickler,3.859
optimum,3.859
demand,3.847
heretofor,3.844
prerog,3.844
enumer,3.844
antelop,3.844
cv,3.844
tenor,3.844
bullitt,3.844
frig,3.844
progeni,3.844
egot,3.844
cordial,3.844
hang,3.833
flagship,3.829
collus,3.829
takeshi,3.829
allerg,3.829
wether,3.829
cheesier,3.829
farmland,3.829
unbound,3.829
blindingli,3.829
charg,3.824
frustrat,3.823
hot,3.823
angel,3.818
brief,3.818
spate,3.815
carcass,3.815
billow,3.815
boatload,3.815
wondrous,3.815
jap,3.815
herebi,3.815
kieslowski,3.815
demigod,3.815
gritti,3.814
alittl,3.801
tch,3.801
babysit,3.801
overthrown,3.801
discreetli,3.801
triangular,3.801
vise,3.801
toon,3.788
summarili,3.788
enmiti,3.788
truce,3.788
eventhough,3.788
saucer,3.788
agent,3.784
amus,3.783
sadli,3.782
robot,3.778
spearhead,3.775
102,3.775
gravel,3.775
seemless,3.775
dividend,3.775
nauseam,3.775
repackag,3.775
cleavag,3.775
command,3.773
70,3.766
sign,3.762
ummm,3.762
eleventh,3.762
monarch,3.762
leeri,3.762
stardust,3.762
profession,3.759
winner,3.754
viewabl,3.750
nitpicki,3.750
encrust,3.750
diversifi,3.750
ka,3.750
bottomlin,3.750
prairi,3.750
defil,3.750
knowledg,3.744
succes,3.738
huff,3.738
meadow,3.738
congeni,3.738
unspoil,3.738
caffein,3.727
1500,3.727
craftsmen,3.727
soundli,3.727
ox,3.727
marketplac,3.727
ugli,3.719
lollipop,3.715
10x,3.715
ju,3.715
swish,3.715
rabbl,3.715
minnesotan,3.715
marri,3.713
grace,3.709
pest,3.704
iam,3.704
sacrilegi,3.704
retail,3.704
thrillingli,3.704
droppingli,3.704
beati,3.704
antz,3.704
kane,3.697
terror,3.696
ident,3.695
shadow,3.695
jiro,3.694
indigen,3.694
unpolish,3.694
irat,3.694
recklessli,3.694
storywis,3.694
vote,3.693
count,3.685
investig,3.683
selfishli,3.683
keyword,3.683
foist,3.683
twang,3.683
emb,3.683
comicbook,3.683
stoicism,3.683
suprisingli,3.683
wiki,3.673
excitingli,3.673
manipul,3.672
popularli,3.663
meagr,3.663
outgrown,3.663
consign,3.663
repriev,3.663
icki,3.663
schemat,3.663
kindl,3.663
revolutionis,3.653
bgm,3.653
patchwork,3.653
erm,3.653
jarringli,3.653
involuntarili,3.644
gooey,3.644
birdi,3.644
slicker,3.644
ect,3.644
uglier,3.644
golli,3.644
irksom,3.644
remak,3.636
reced,3.634
10the,3.634
overdid,3.634
coyot,3.634
deadlin,3.634
wal,3.634
glutton,3.634
cyclic,3.625
infanc,3.625
ambl,3.625
faraway,3.625
currenc,3.625
111,3.625
abbrevi,3.616
fab,3.616
turnaround,3.616
monik,3.616
tolkien,3.613
transcript,3.607
mortifi,3.607
swath,3.607
clara,3.607
scoobi,3.599
reali,3.599
int,3.599
schemer,3.599
damn,3.592
merlin,3.590
frickin,3.590
eachoth,3.590
lop,3.590
waysid,3.590
docil,3.590
haughti,3.590
imbal,3.590
thinner,3.590
ft,3.582
ost,3.582
blurb,3.582
73,3.582
unkind,3.582
kilt,3.582
f,3.576
teeni,3.574
civic,3.574
definet,3.574
spelt,3.574
yu,3.566
appet,3.566
unwis,3.566
commot,3.566
synch,3.566
rascal,3.558
multifacet,3.558
haphazard,3.558
persev,3.558
captain,3.557
fortuit,3.550
grimli,3.550
vilifi,3.550
empor,3.550
reinterpret,3.550
groov,3.550
obtrus,3.550
fanbas,3.543
wierd,3.543
belliger,3.543
sa,3.543
depart,3.540
la,3.540
flap,3.535
propagandist,3.535
sushi,3.535
ado,3.535
focuss,3.535
extraordinair,3.535
disclosur,3.535
mitig,3.535
excalibur,3.535
hurt,3.529
charit,3.528
withhold,3.528
telepath,3.528
ko,3.528
ahab,3.528
slumber,3.528
nineteenth,3.528
sidestep,3.528
rep,3.528
claptrap,3.521
unrepent,3.521
piggi,3.521
ugliest,3.521
looney,3.521
unfriendli,3.521
tutelag,3.521
burgeon,3.521
vibranc,3.521
liabil,3.514
letterbox,3.514
mushroom,3.514
schooler,3.514
springer,3.514
oversimplifi,3.514
stone,3.509
laserdisc,3.507
pinocchio,3.507
blob,3.500
exorcis,3.500
forgo,3.500
panti,3.500
damp,3.500
piou,3.500
cavali,3.500
valiantli,3.500
briskli,3.500
refut,3.500
namesak,3.493
deplet,3.493
leverag,3.493
dampen,3.487
redon,3.487
fluidli,3.487
reinvigor,3.487
victim,3.483
cataclysm,3.480
monopoli,3.480
tatter,3.480
tot,3.480
cadenc,3.480
livelihood,3.480
heh,3.480
sanctimoni,3.480
ang,3.480
turgid,3.480
shovel,3.474
oooh,3.474
impal,3.474
overtaken,3.474
born,3.471
leaden,3.468
keenli,3.468
snowbal,3.468
wanton,3.468
wholesal,3.468
mart,3.468
71,3.461
crummi,3.461
squabbl,3.455
takahata,3.455
despot,3.455
mammal,3.455
isao,3.455
irrevoc,3.455
schoolgirl,3.449
maggot,3.449
skelet,3.449
splendour,3.449
unobtrus,3.449
worldview,3.443
feverish,3.443
takeov,3.437
unyield,3.437
14th,3.437
nevermind,3.437
inflect,3.431
canal,3.431
surmis,3.431
wich,3.426
hehe,3.426
sidetrack,3.426
legit,3.426
unflinchingli,3.426
typifi,3.426
sniff,3.426
procur,3.420
empir,3.420
mono,3.414
unashamedli,3.414
diss,3.414
amusingli,3.414
worsen,3.414
rudimentari,3.414
frustratingli,3.414
joy,3.412
attir,3.409
quiver,3.409
abhor,3.409
concurr,3.409
privi,3.409
whizz,3.409
tnt,3.409
uproari,3.409
shimmer,3.409
frequenc,3.403
neverend,3.403
nuisanc,3.403
dismemb,3.403
howel,3.393
campu,3.393
poorer,3.393
tile,3.393
vertic,3.393
emascul,3.393
circumstanti,3.387
tore,3.387
wayward,3.387
contagi,3.387
huski,3.387
grime,3.387
denizen,3.387
outclass,3.387
bach,3.382
coolidg,3.382
headstrong,3.377
pumpkin,3.377
cassett,3.377
autom,3.377
portugues,3.372
awol,3.372
cocoon,3.372
recurr,3.372
unpretenti,3.367
bravest,3.367
mire,3.367
relinquish,3.367
unfit,3.362
unappreci,3.362
fervent,3.362
solidar,3.362
chiefli,3.362
assail,3.362
bewilder,3.357
pedigre,3.357
delicaci,3.357
social,3.352
underag,3.352
effemin,3.352
11th,3.347
hangov,3.347
amass,3.347
dissip,3.343
industrialist,3.343
stump,3.343
machin,3.342
mow,3.338
jog,3.338
sledgehamm,3.338
vanquish,3.338
170,3.338
behemoth,3.333
willow,3.333
unsubtl,3.333
minded,3.333
slain,3.333
friggin,3.333
fraught,3.333
te,3.333
autumn,3.333
kin,3.333
comb,3.333
o,3.329
smart,3.329
unmov,3.329
bender,3.329
disson,3.329
credenc,3.329
imparti,3.329
hyperact,3.324
snag,3.320
antholog,3.320
euphoria,3.320
pm,3.320
lithuania,3.320
bask,3.320
leaf,3.320
luster,3.315
proxi,3.315
glitz,3.315
ravish,3.315
spunki,3.311
crimson,3.311
hasti,3.311
anew,3.306
moreso,3.306
sling,3.306
messeng,3.306
colonist,3.306
unsuit,3.306
uncharacterist,3.302
firearm,3.302
ghostbust,3.302
43,3.302
brutish,3.298
pigeon,3.298
extinguish,3.294
unend,3.294
unwav,3.294
holder,3.294
impenetr,3.289
bi,3.289
impair,3.289
scapegoat,3.289
verbos,3.289
revenu,3.289
fawn,3.285
turd,3.285
berserk,3.281
utopian,3.281
mice,3.281
sector,3.277
stoner,3.277
dumbest,3.277
deposit,3.277
juliet,3.277
befal,3.277
frontal,3.277
tantal,3.277
adul,3.273
promo,3.273
entwin,3.273
shrill,3.273
tamper,3.273
lodg,3.273
continuum,3.273
shortcut,3.269
doo,3.265
html,3.265
tub,3.265
buddhist,3.257
megalomaniac,3.257
lola,3.253
achingli,3.253
overse,3.253
cackl,3.253
default,3.249
royalti,3.249
reciev,3.249
reconcili,3.246
coax,3.246
arduou,3.246
panorama,3.246
tote,3.242
insuffer,3.242
rohirrim,3.242
summat,3.242
creek,3.242
discret,3.238
harp,3.238
berat,3.238
breakneck,3.238
volcano,3.238
es,3.234
hiss,3.234
gnome,3.234
woefulli,3.234
texan,3.231
unsolv,3.231
centerpiec,3.231
connoisseur,3.227
hunk,3.224
muck,3.224
copiou,3.224
weighti,3.224
untru,3.224
untrain,3.224
partak,3.224
fittingli,3.224
trustworthi,3.224
idiosyncrasi,3.224
reccomend,3.224
geograph,3.220
virtuou,3.220
emo,3.220
rode,3.216
overs,3.216
insurmount,3.216
piss,3.213
disinterest,3.213
decim,3.213
artilleri,3.209
lowli,3.209
mutat,3.209
conservatori,3.206
whatnot,3.206
wimpi,3.203
nonexist,3.199
lumin,3.199
monotoni,3.196
heartili,3.196
reap,3.196
sanit,3.196
heed,3.192
arsen,3.192
craftsman,3.189
ne,3.189
videotap,3.189
embarrassingli,3.189
cutout,3.189
agil,3.186
amput,3.186
odditi,3.186
paradigm,3.186
undercut,3.186
percentag,3.186
smother,3.186
soo,3.186
hazard,3.186
delin,3.182
viabl,3.182
dart,3.182
cocktail,3.182
misconcept,3.182
richest,3.182
wither,3.179
conquest,3.179
santa,3.179
mellow,3.179
seventeen,3.176
brew,3.176
limitless,3.176
160,3.176
storyboard,3.176
street,3.175
unapp,3.173
midget,3.173
negat,3.173
novic,3.173
toppl,3.170
jewelri,3.170
overrid,3.170
formul,3.170
omnipres,3.170
gorgeous,3.166
astoundingli,3.166
cuddli,3.166
dutch,3.166
breadth,3.163
femin,3.163
romeo,3.163
gallon,3.163
connot,3.160
regul,3.157
34,3.157
precursor,3.157
column,3.157
gargantuan,3.157
10http,3.157
stutter,3.157
devolv,3.154
moulin,3.154
isnt,3.151
endeavour,3.151
elementari,3.151
subordin,3.151
remedi,3.151
disconcert,3.148
peg,3.148
collis,3.148
wasnt,3.148
swarm,3.148
confound,3.148
spur,3.145
pri,3.145
decreas,3.145
hid,3.142
bobafett1138,3.142
whisk,3.139
demean,3.139
denomin,3.139
latch,3.139
profund,3.139
narrowli,3.139
dolbi,3.139
frown,3.136
correl,3.136
lunaci,3.136
cutesi,3.133
mpaa,3.130
allot,3.130
glitter,3.130
shone,3.130
uphold,3.130
pedest,3.130
frivol,3.130
tact,3.127
pond,3.127
endang,3.127
stall,3.127
pragmat,3.127
aloof,3.125
lab,3.125
chase,3.123
buffoon,3.119
sociolog,3.119
uneduc,3.116
intermin,3.116
capsul,3.116
puke,3.116
picturesqu,3.116
recess,3.113
illustri,3.113
afterthought,3.113
mister,3.113
summaris,3.110
profici,3.110
2hr,3.110
faux,3.108
inadequ,3.108
cheapen,3.108
heartbeat,3.108
folli,3.108
mistrust,3.108
recap,3.108
mermaid,3.108
clever,3.108
eclect,3.105
erad,3.105
repercuss,3.105
solidli,3.105
coz,3.102
errat,3.102
overflow,3.102
skirt,3.102
unbias,3.100
mammoth,3.100
goblin,3.100
backlash,3.100
rigor,3.100
twitch,3.097
sneaki,3.097
decad,3.096
spurt,3.094
rollercoast,3.094
interweav,3.094
savageri,3.094
denounc,3.092
abnorm,3.092
hue,3.086
thump,3.086
annoyingli,3.086
sixteen,3.086
strangest,3.084
perish,3.084
brisk,3.084
gal,3.084
mould,3.084
carniv,3.084
civilis,3.081
outdid,3.081
vcr,3.081
toddler,3.081
shelv,3.078
insensit,3.078
counti,3.076
dichotomi,3.073
hybrid,3.073
venom,3.073
sidelin,3.073
prematur,3.073
wildest,3.073
blurri,3.071
turbul,3.071
ikiru,3.071
multipli,3.071
antiqu,3.071
devilish,3.071
equilibrium,3.068
mall,3.066
invari,3.066
indirectli,3.066
otherworldli,3.066
lusciou,3.063
vapid,3.063
overthrow,3.063
cheeki,3.063
lear,3.061
knot,3.061
soup,3.061
impass,3.061
cleans,3.058
homer,3.058
usher,3.058
crux,3.058
flinch,3.058
bandwagon,3.058
saddl,3.058
seep,3.058
steep,3.058
supris,3.058
disneyland,3.058
port,3.056
multiplex,3.056
pizza,3.056
asap,3.053
harvest,3.053
chore,3.053
glide,3.053
acceler,3.053
superpow,3.051
butterfli,3.051
incongru,3.051
de,3.051
saccharin,3.049
penguin,3.049
offset,3.049
honey,3.049
wikipedia,3.046
renaiss,3.044
excruciatingli,3.044
downbeat,3.044
tickl,3.044
tint,3.044
pinpoint,3.042
85,3.042
whale,3.042
almighti,3.039
treacheri,3.039
purport,3.039
graveyard,3.037
swirl,3.037
juic,3.032
commonplac,3.032
heinou,3.032
tenth,3.030
stroll,3.030
revert,3.030
unbeat,3.028
barrag,3.028
haha,3.028
typecast,3.025
muddi,3.025
freder,3.025
glossi,3.025
atop,3.021
splendidli,3.021
thirteen,3.021
tee,3.021
infest,3.021
unavoid,3.019
eponym,3.016
infer,3.016
bethani,3.014
conced,3.014
weed,3.014
shudder,3.012
idyl,3.012
glimmer,3.010
dee,3.007
innuendo,3.007
naturalist,3.007
120,3.007
output,3.007
shameless,3.007
dispens,3.005
incom,3.005
utilis,3.005
reconsid,3.005
criteria,3.005
wreak,3.003
everlast,3.001
veget,2.999
bs,2.999
empathis,2.997
unsurpass,2.992
shrug,2.992
erot,2.992
releg,2.992
acut,2.992
wand,2.992
william,2.991
mama,2.990
lamotta,2.988
empow,2.988
grossli,2.988
fore,2.988
opportunist,2.988
whim,2.986
unfinish,2.986
vacuum,2.984
car,2.983
daze,2.982
sweetheart,2.982
proverbi,2.982
wizardri,2.982
nurtur,2.980
shun,2.980
escapist,2.980
ny,2.980
swoop,2.980
pencil,2.980
tyrann,2.980
ambush,2.980
concert,2.978
april,2.978
blanket,2.978
cloak,2.978
yield,2.978
emin,2.976
aficionado,2.976
detractor,2.976
ting,2.974
henchman,2.970
camaraderi,2.970
appetit,2.968
yojimbo,2.966
interspers,2.966
longtim,2.964
dispar,2.964
doesnt,2.964
endors,2.962
vicious,2.962
1967,2.960
trophi,2.960
hord,2.960
sung,2.958
shakespearean,2.958
excruci,2.956
sheet,2.956
herein,2.954
willingli,2.954
gunfir,2.954
distast,2.952
ugh,2.952
sceptic,2.952
hackney,2.950
ritual,2.948
teaser,2.948
midway,2.947
taint,2.947
download,2.945
forefront,2.945
vigor,2.945
abli,2.943
modifi,2.943
ratatouil,2.941
hyperbol,2.941
mistreat,2.941
quinn,2.941
mug,2.939
faceless,2.939
visitor,2.939
whoa,2.937
strawberri,2.935
revis,2.935
ether,2.935
amazon,2.935
bigot,2.935
heritag,2.935
testifi,2.933
learnt,2.933
dip,2.933
medicin,2.933
platform,2.933
breast,2.932
dissapoint,2.932
swift,2.932
tout,2.932
synonym,2.928
contradictori,2.928
strung,2.928
leisur,2.926
relianc,2.926
vignett,2.926
fort,2.926
pardon,2.926
tangl,2.926
problemat,2.924
infuri,2.924
proven,2.924
hover,2.923
6th,2.923
coordin,2.921
coloss,2.921
dismal,2.919
penchant,2.919
13th,2.917
nyc,2.915
growl,2.914
resili,2.914
sympathis,2.912
assort,2.912
drench,2.912
broker,2.912
brow,2.908
conceptu,2.908
bestow,2.908
ounc,2.905
wari,2.903
rap,2.903
calibr,2.902
horner,2.902
hmm,2.900
farther,2.898
recip,2.898
swell,2.896
overload,2.896
vers,2.896
vampir,2.893
deform,2.893
solidifi,2.893
faultless,2.891
dissolv,2.891
finer,2.890
stilt,2.890
persuas,2.888
embed,2.886
rapist,2.886
thirst,2.886
horn,2.885
exceedingli,2.885
lifelong,2.885
dir,2.885
discourag,2.883
gravita,2.881
keeper,2.880
exuber,2.880
brash,2.880
branch,2.880
peasant,2.878
incompar,2.877
gentli,2.877
lament,2.875
brute,2.875
lap,2.875
fortress,2.875
mise,2.875
corey,2.873
august,2.873
weaken,2.873
disdain,2.872
poignanc,2.872
ovat,2.872
machineri,2.869
spray,2.869
humanist,2.869
fieri,2.869
cox,2.867
outburst,2.867
crank,2.867
clunki,2.865
novelti,2.865
coincident,2.862
veer,2.862
amateurish,2.862
sieg,2.861
lad,2.861
compound,2.859
poet,2.858
northern,2.858
kinet,2.858
guidanc,2.856
data,2.856
june,2.855
materialist,2.853
unwil,2.852
distinctli,2.850
crescendo,2.850
urgenc,2.848
splash,2.848
renew,2.848
simplest,2.847
deciph,2.847
mum,2.847
dualiti,2.845
astonishingli,2.845
anyhow,2.844
estim,2.844
macabr,2.844
soulless,2.844
categor,2.842
tripe,2.841
puriti,2.841
artifact,2.841
myriad,2.841
transpir,2.838
minimalist,2.838
goodi,2.837
allud,2.835
eg,2.835
orchestra,2.834
facad,2.834
censor,2.834
cooki,2.832
shadi,2.832
deaf,2.832
tomato,2.831
obligatori,2.831
fascism,2.831
satisfactori,2.829
th,2.828
deftli,2.826
litter,2.826
freeli,2.825
rampant,2.825
ing,2.825
tycoon,2.823
tangibl,2.819
etch,2.819
harmless,2.818
magnum,2.818
robert,2.817
adher,2.816
laps,2.816
unemploy,2.815
seedi,2.815
180,2.814
forbidden,2.812
outset,2.812
underdevelop,2.812
inadvert,2.811
delay,2.808
replay,2.808
retreat,2.807
purist,2.805
multitud,2.804
stoic,2.803
satur,2.801
catastroph,2.801
recept,2.798
splatter,2.798
interfer,2.796
lunch,2.793
cutter,2.793
formal,2.793
prolong,2.792
diet,2.792
jeffrey,2.792
ambianc,2.792
economi,2.790
spectacularli,2.790
handedli,2.788
desk,2.788
likeabl,2.784
submiss,2.784
recollect,2.783
impati,2.781
cotton,2.780
bucket,2.779
rashomon,2.779
electron,2.776
ici,2.775
surf,2.775
instil,2.775
pawn,2.775
patron,2.775
violat,2.774
vista,2.772
hiccup,2.772
1987,2.772
cling,2.770
invok,2.770
randomli,2.769
raini,2.769
fullest,2.769
frenet,2.767
arni,2.767
bewild,2.766
footstep,2.764
primit,2.762
enslav,2.762
liquid,2.761
knack,2.761
bewar,2.761
accentu,2.760
chunk,2.760
hideou,2.760
thrive,2.759
emotionless,2.757
extinct,2.757
volunt,2.757
genius,2.757
romantic,2.756
triangl,2.755
filter,2.750
couch,2.750
brink,2.750
hallmark,2.749
introspect,2.748
audaci,2.748
elicit,2.746
intact,2.745
chat,2.745
predica,2.745
sprawl,2.745
fright,2.743
pervert,2.742
scriptwrit,2.742
wacki,2.742
occurr,2.741
lightn,2.741
letdown,2.741
negoti,2.741
assess,2.739
lace,2.739
melodi,2.738
su,2.738
sarcasm,2.737
hung,2.737
restraint,2.735
bulk,2.733
fold,2.732
recur,2.732
modest,2.732
countrysid,2.731
chicken,2.730
jam,2.730
mistress,2.730
candl,2.729
moder,2.729
se,2.729
uncertain,2.725
symphoni,2.725
canva,2.724
spooki,2.724
regist,2.723
dire,2.723
hop,2.723
hooker,2.722
incoher,2.721
muddl,2.721
prompt,2.721
stapl,2.720
punctuat,2.720
misguid,2.716
exot,2.716
speaker,2.716
monstrou,2.715
masculin,2.714
emul,2.714
conceal,2.713
id,2.712
voter,2.712
percent,2.712
flourish,2.712
bliss,2.711
medit,2.710
laser,2.710
unnecessarili,2.710
spontan,2.709
discern,2.709
mobil,2.709
denial,2.708
outdo,2.708
exemplifi,2.706
dreamwork,2.706
aunt,2.706
laden,2.706
scatter,2.705
unquestion,2.704
spectrum,2.704
exclud,2.703
yard,2.702
weigh,2.699
outdon,2.699
craftsmanship,2.697
salut,2.697
worthless,2.696
preval,2.694
bust,2.693
horrend,2.690
inherit,2.690
cerebr,2.690
wasteland,2.689
stern,2.689
pat,2.687
boost,2.686
yawn,2.686
dalla,2.686
variat,2.685
optim,2.684
mathemat,2.683
uncompromis,2.681
phase,2.681
mtv,2.681
skull,2.680
infus,2.679
juvenil,2.679
deterior,2.678
slim,2.676
auteur,2.676
mumbl,2.676
uncanni,2.675
appl,2.675
alley,2.675
cohes,2.674
lighter,2.673
chip,2.672
anonym,2.671
deceas,2.671
dizzi,2.670
hum,2.670
forgiven,2.670
loop,2.670
subdu,2.669
chocol,2.669
domest,2.668
er,2.668
relish,2.668
uneven,2.668
1986,2.668
forg,2.667
pie,2.666
strategi,2.665
disconnect,2.664
exterior,2.664
allianc,2.664
entic,2.664
unintent,2.663
heartless,2.663
demeanor,2.663
pocket,2.661
departur,2.661
bud,2.659
soar,2.659
potent,2.659
unexpectedli,2.657
incomprehens,2.657
skeleton,2.656
broadcast,2.655
orphan,2.655
eagerli,2.655
inclin,2.655
disrespect,2.654
5th,2.653
youngster,2.652
fritz,2.651
foe,2.651
unstopp,2.651
mickey,2.646
neatli,2.645
ash,2.644
outright,2.644
occup,2.644
mutual,2.643
esqu,2.643
stubborn,2.641
pal,2.641
restrict,2.641
strand,2.640
beethoven,2.640
unstabl,2.639
untouch,2.638
triumphant,2.638
opu,2.637
assumpt,2.637
void,2.637
redund,2.636
soak,2.635
sterl,2.634
polar,2.633
horizon,2.633
lurk,2.631
anniversari,2.631
inappropri,2.631
divin,2.631
attain,2.630
retard,2.630
acquaint,2.628
dim,2.628
sucker,2.628
divis,2.628
equat,2.628
75,2.624
nemesi,2.624
evoc,2.623
sooner,2.623
redefin,2.623
1985,2.622
ss,2.622
mislead,2.622
trilog,2.620
slower,2.620
lavish,2.620
nitpick,2.619
global,2.617
outing,2.616
vanish,2.616
btw,2.616
significantli,2.614
abrupt,2.614
jealousi,2.614
decemb,2.614
flower,2.613
impuls,2.613
eloqu,2.613
classifi,2.612
wine,2.611
strict,2.610
intellect,2.609
rapid,2.609
criticis,2.608
instruct,2.607
cardboard,2.607
monolith,2.607
righteou,2.607
batman,2.606
lethal,2.605
unsur,2.604
outfit,2.602
secretli,2.602
bottl,2.601
infiltr,2.601
australian,2.600
digest,2.600
shiver,2.600
clumsi,2.600
alot,2.599
sicken,2.598
exclus,2.595
verg,2.593
turmoil,2.593
jenni,2.591
cigarett,2.591
boom,2.590
asylum,2.590
elf,2.590
scout,2.590
deepest,2.589
crumbl,2.588
rous,2.586
stagger,2.586
drastic,2.585
wield,2.585
imperi,2.582
recycl,2.580
underton,2.579
proclaim,2.579
undergo,2.579
unexplain,2.577
cycl,2.577
imo,2.576
energet,2.576
capac,2.576
seventh,2.576
abund,2.576
spain,2.576
uneasi,2.576
breathless,2.575
facet,2.575
spectat,2.574
crappi,2.573
dash,2.572
compon,2.572
seventi,2.572
warfar,2.572
breakdown,2.570
bath,2.570
custom,2.570
melt,2.570
angst,2.569
bent,2.568
vein,2.568
grief,2.566
wet,2.566
idol,2.564
ms,2.564
sand,2.561
perpetu,2.560
dump,2.560
spade,2.560
r2,2.560
cue,2.558
23,2.557
repuls,2.557
prospect,2.557
squar,2.556
unconvent,2.556
whisper,2.554
chick,2.554
petti,2.554
injuri,2.552
seamless,2.552
rever,2.550
fuss,2.550
seldom,2.549
understat,2.549
temptat,2.549
mastermind,2.547
norm,2.547
boo,2.547
underdog,2.547
worship,2.547
holiday,2.544
maximum,2.544
request,2.544
degener,2.543
momentum,2.543
vulgar,2.542
limb,2.542
rotten,2.541
incident,2.541
enlist,2.541
humili,2.541
vastli,2.541
inabl,2.541
protest,2.540
interrupt,2.540
flair,2.540
chicago,2.539
corps,2.539
trite,2.538
foremost,2.538
narrow,2.538
persuad,2.538
cabl,2.537
propel,2.537
spiderman,2.536
lang,2.535
unrel,2.535
2013,2.535
implaus,2.534
lyric,2.534
steel,2.534
synopsi,2.533
distort,2.531
furiou,2.530
spotless,2.529
drill,2.528
breakthrough,2.527
equip,2.525
crisp,2.524
drift,2.523
evalu,2.522
loath,2.521
thrust,2.521
bastard,2.521
worldwid,2.520
instrument,2.520
superl,2.519
garden,2.518
foul,2.516
wildli,2.515
amateur,2.515
earl,2.515
metropoli,2.515
summar,2.514
lieuten,2.513
allegori,2.513
minimum,2.513
sore,2.512
tempt,2.512
deservedli,2.512
versatil,2.511
father,2.511
vol,2.510
junki,2.510
billion,2.508
zealand,2.507
mortal,2.507
document,2.507
publish,2.506
phenomenon,2.506
reinforc,2.506
prevail,2.504
steadi,2.503
grandeur,2.502
firm,2.501
stimul,2.500
neglect,2.499
calib,2.499
burden,2.498
unforgiven,2.498
despic,2.494
swim,2.493
stroke,2.492
bro,2.492
saturday,2.491
colleagu,2.491
cherish,2.491
mozart,2.489
privileg,2.489
hardship,2.488
mundan,2.488
approv,2.487
mild,2.487
toe,2.487
chuck,2.485
extract,2.484
drum,2.484
reunit,2.482
reign,2.481
plight,2.479
behaviour,2.479
counter,2.478
reviv,2.478
guest,2.477
ah,2.476
bash,2.476
birthday,2.473
en,2.473
reel,2.470
unpleas,2.470
merci,2.468
majest,2.465
diminish,2.465
item,2.465
omin,2.463
cun,2.462
enforc,2.461
automat,2.461
zoom,2.461
valid,2.461
forgett,2.459
graduat,2.459
inferior,2.458
hack,2.458
faster,2.458
partial,2.457
politician,2.455
overlong,2.454
tap,2.450
magazin,2.448
seal,2.447
bathroom,2.444
hur,2.442
legal,2.442
decor,2.441
delici,2.439
pen,2.439
newcom,2.439
creep,2.439
outer,2.438
delic,2.438
overact,2.437
detach,2.436
elimin,2.435
demis,2.434
sunday,2.433
cari,2.432
habit,2.431
numb,2.431
weakest,2.431
juli,2.431
vh,2.431
intertwin,2.430
passag,2.430
tag,2.427
coat,2.427
flame,2.426
durat,2.426
wreck,2.424
temper,2.424
unreal,2.423
kingdom,2.423
rivalri,2.422
2004,2.422
impos,2.419
secondari,2.418
shortli,2.418
trail,2.418
obstacl,2.416
sorrow,2.414
pearl,2.414
insert,2.411
boyfriend,2.411
1998,2.409
labyrinth,2.409
critiqu,2.408
swallow,2.408
clown,2.407
inhuman,2.407
fetch,2.406
uncov,2.405
tall,2.404
slaughter,2.403
crystal,2.402
wheel,2.401
tongu,2.401
proport,2.400
thick,2.399
collaps,2.399
24,2.398
slapstick,2.398
boundari,2.397
grail,2.396
wick,2.396
speechless,2.395
knife,2.394
respond,2.393
jane,2.391
climb,2.391
moreov,2.390
tendenc,2.389
staff,2.389
boredom,2.387
2005,2.386
exit,2.384
hong,2.383
behav,2.382
darkest,2.381
cake,2.381
absenc,2.380
semi,2.379
millennium,2.376
mistaken,2.375
atroc,2.375
butt,2.374
quarter,2.372
decept,2.372
defens,2.371
unsettl,2.370
digniti,2.370
keen,2.365
extens,2.365
clock,2.360
editor,2.360
recruit,2.358
presum,2.357
patienc,2.357
melodrama,2.356
librari,2.354
eager,2.353
empathi,2.351
jr,2.349
dealt,2.349
nostalg,2.348
disguis,2.347
underst,2.347
slap,2.345
bunni,2.344
wipe,2.344
flip,2.343
nose,2.343
conscienc,2.342
launch,2.341
aveng,2.341
literatur,2.339
centr,2.338
massacr,2.338
iii,2.338
afternoon,2.336
caricatur,2.336
hail,2.336
3rd,2.335
util,2.333
companion,2.331
glu,2.331
intimid,2.330
spanish,2.330
tender,2.330
wash,2.329
slick,2.328
cowboy,2.326
downfal,2.324
electr,2.323
needless,2.320
incorpor,2.320
restaur,2.318
coincid,2.317
useless,2.316
bless,2.316
spark,2.313
capit,2.313
strangelov,2.312
lloyd,2.312
psych,2.312
pump,2.308
text,2.307
nerv,2.305
moviego,2.304
financi,2.302
http,2.301
monument,2.299
segment,2.293
divers,2.293
ocean,2.292
downright,2.291
judgment,2.291
relax,2.288
montag,2.286
requiem,2.284
arthur,2.282
mount,2.281
platoon,2.281
priest,2.280
endear,2.280
rat,2.280
offend,2.279
survivor,2.278
standout,2.277
conceiv,2.277
pleasant,2.277
exposit,2.277
confin,2.275
disast,2.269
arrog,2.268
dust,2.267
shower,2.266
illus,2.266
screw,2.265
access,2.260
dinner,2.260
crush,2.259
nostalgia,2.258
jerri,2.257
simultan,2.256
error,2.255
iv,2.254
stolen,2.254
cleverli,2.251
collabor,2.248
1994,2.247
un,2.246
17,2.246
alert,2.244
dig,2.243
revers,2.243
leagu,2.242
tribut,2.242
await,2.239
feat,2.239
shall,2.237
slip,2.234
london,2.233
stole,2.233
england,2.233
jar,2.232
sexi,2.232
influenti,2.231
kong,2.228
rough,2.228
aspir,2.225
fish,2.224
shout,2.223
2000,2.223
blond,2.221
victori,2.221
ron,2.216
compliment,2.216
buzz,2.215
uplift,2.214
beaten,2.213
borrow,2.212
cash,2.211
broke,2.208
accident,2.207
shoe,2.206
naiv,2.204
glass,2.204
bird,2.203
albeit,2.202
trademark,2.199
opera,2.195
nasti,2.195
awkward,2.190
impecc,2.188
slight,2.186
asleep,2.186
dri,2.186
bold,2.185
liber,2.184
arrest,2.184
germani,2.183
popul,2.176
spite,2.170
user,2.169
luck,2.168
racism,2.166
con,2.165
nod,2.164
stranger,2.161
plane,2.161
cinematograph,2.161
trial,2.160
psychopath,2.160
burton,2.157
shut,2.157
ice,2.155
w,2.155
curiou,2.154
liner,2.153
kudo,2.148
bleak,2.148
wilder,2.148
invest,2.147
galaxi,2.146
thirti,2.146
secur,2.145
fourth,2.143
ironi,2.142
cheat,2.138
season,2.132
glimps,2.130
corpor,2.129
predecessor,2.123
adam,2.120
sin,2.120
shake,2.115
band,2.115
terrorist,2.113
sport,2.109
garbag,2.109
potter,2.107
eight,2.104
clockwork,2.104
conclud,2.104
horrif,2.103
elev,2.101
jake,2.100
stare,2.099
allen,2.097
pretend,2.097
random,2.090
benefit,2.089
photograph,2.087
dread,2.087
shift,2.087
isol,2.087
foster,2.081
proud,2.076
phone,2.076
n,2.074
crack,2.073
flash,2.071
bed,2.069
bloom,2.068
fals,2.068
chief,2.066
cloth,2.065
ensembl,2.065
measur,2.061
controversi,2.056
nick,2.052
bank,2.050
gump,2.046
screenwrit,2.046
holocaust,2.045
wizard,2.045
coppola,2.044
undoubtedli,2.044
convict,2.044
religi,2.038
educ,2.036
pirat,2.034
partner,2.033
behavior,2.029
devic,2.028
model,2.024
everyday,2.023
harsh,2.019
rebel,2.017
comed,2.015
station,2.012
report,2.009
coen,2.007
charl,2.007
accord,2.004
news,2.004
colleg,1.998
golden,1.995
militari,1.994
doctor,1.984
intellectu,1.979
hey,1.975
documentari,1.969
circumst,1.965
hobbit,1.962
veteran,1.961
slave,1.960
mediocr,1.958
cynic,1.946
rob,1.946
clue,1.945
mob,1.939
trap,1.927
fox,1.922
explan,1.922
trip,1.917
massiv,1.914
daniel,1.914
fake,1.909
student,1.908
bomb,1.907
punch,1.901
met,1.898
window,1.888
belong,1.887
solo,1.886
nation,1.879
speech,1.863
loud,1.861
creepi,1.857
v,1.846
menac,1.846
howard,1.836
sleep,1.836
tortur,1.823
highlight,1.821
test,1.816
fellowship,1.814
chemistri,1.813
frodo,1.813
babi,1.807
terrifi,1.798
road,1.796
bar,1.789
british,1.789
door,1.778
law,1.778
ben,1.774
luca,1.771
tower,1.771
detect,1.767
ii,1.765
trick,1.763
system,1.753
twice,1.748
l,1.748
dr,1.734
gang,1.731
tim,1.707
lee,1.703
sam,1.682
costum,1.671
frank,1.658
harri,1.649
nazi,1.629
redempt,1.628
ford,1.619
wall,1.608
cop,1.604
dog,1.580
scienc,1.575
steal,1.571
hilari,1.562
christian,1.531
jack,1.441
knight,1.428
