trainspot,1688.899
renton,1488.885
drug,1350.778
heroin,949.928
addict,920.343
mcgregor,898.764
ewan,836.838
boyl,741.687
begbi,550.572
carlyl,475.922
spud,444.034
welsh,364.472
danni,355.680
scottish,344.991
choos,323.048
junki,318.742
life,307.794
irvin,283.048
edinburgh,274.090
scotland,265.507
ewen,264.012
film,263.256
friend,257.913
sick,252.621
you,247.203
bremner,237.554
toilet,220.588
use,209.793
he,200.838
robert,200.015
mark,197.685
hi,196.476
miller,189.916
scene,188.066
jonni,184.544
s,184.442
live,181.224
as,179.402
charact,178.702
t,175.960
british,175.298
boy,174.259
soundtrack,173.435
are,171.811
they,170.249
i,170.222
mckidd,165.740
tommi,164.009
get,162.803
funni,160.550
show,160.213
their,157.438
with,155.149
about,154.994
like,151.964
veri,151.147
who,150.256
do,148.658
watch,148.621
from,147.328
movi,147.178
some,146.998
iggi,145.744
lee,143.024
which,142.916
or,139.211
accent,138.923
on,138.471
at,138.390
great,136.995
peopl,136.677
babi,135.562
but,135.264
time,134.723
them,134.527
realli,131.771
can,131.610
book,131.494
hodg,131.368
an,130.907
that,130.585
way,130.167
if,130.116
wa,130.049
disturb,129.915
disgust,129.307
we,128.984
make,127.263
anti,127.005
there,126.889
by,126.577
what,126.453
me,126.309
most,126.261
be,125.685
becaus,125.650
one,124.034
never,123.957
tri,123.937
also,123.213
not,122.738
just,121.867
into,120.309
all,120.160
have,120.069
well,119.389
requiem,118.764
macdonald,117.378
for,116.907
good,116.203
so,115.843
hilari,115.557
when,115.427
him,115.367
ha,114.850
don,114.806
these,114.441
will,114.411
see,114.182
out,112.493
pop,112.124
take,112.113
up,111.999
habit,111.839
1996,111.595
clean,111.549
cultur,111.477
quit,111.389
even,111.052
my,110.072
abus,110.061
lifestyl,109.725
group,109.699
want,109.480
novel,109.477
ve,109.277
go,108.881
say,108.828
your,108.203
hard,107.980
how,107.843
through,106.803
hit,105.008
no,103.688
more,103.469
mani,101.476
re,100.793
in,100.212
think,99.286
understand,98.516
would,98.253
messag,97.892
high,97.737
kelli,97.435
such,97.394
macgregor,96.875
it,96.713
doesn,96.683
young,96.328
shock,95.950
perform,95.893
know,95.561
ever,95.531
same,95.149
viewer,94.834
though,94.815
other,94.715
portray,93.307
thing,93.009
subject,92.956
point,92.924
world,92.784
feel,92.678
look,92.580
us,92.330
is,92.299
brilliant,92.235
dian,92.219
whi,92.132
lot,91.650
cast,91.005
ani,90.422
90,90.356
still,90.335
onli,90.173
than,89.983
then,89.965
someth,89.027
give,88.240
seen,87.915
much,87.640
after,87.333
humor,87.053
job,87.043
off,86.820
yet,86.730
main,86.460
seem,86.207
view,85.925
sex,85.853
end,85.585
best,85.507
play,85.320
rent,85.317
come,85.034
act,84.771
10,84.649
doe,84.603
problem,84.197
music,83.189
glorifi,82.904
dark,82.776
around,82.768
love,82.419
deal,82.389
too,82.188
dream,81.937
stori,81.887
to,81.864
day,81.365
real,80.903
should,80.376
withdraw,79.907
enjoy,79.785
bad,79.745
over,79.519
dialogu,79.455
moment,79.119
excel,78.882
guy,78.514
mate,78.253
direct,77.951
comedi,77.951
had,77.776
grave,77.161
down,77.036
while,76.658
first,76.542
low,76.344
user,75.915
actor,75.681
thi,75.617
those,75.365
ll,75.157
were,75.076
made,74.954
did,74.279
away,74.180
humour,73.953
anyon,73.859
anoth,73.492
could,73.489
start,73.128
kevin,72.869
got,72.766
shallow,72.488
m,72.388
part,72.097
everi,72.017
where,71.978
saw,71.555
lou,71.023
back,70.101
find,70.014
entertain,69.640
effect,69.465
cult,69.279
been,68.658
matter,68.531
depict,67.950
narrat,67.950
both,67.911
didn,67.693
isn,67.657
realist,67.466
sometim,67.437
depress,67.139
fun,67.088
person,66.770
read,66.632
amp,66.179
now,65.970
must,65.790
without,65.785
own,65.759
truli,65.675
again,65.524
thought,65.445
actual,65.344
mind,65.195
fact,65.159
differ,65.136
noth,65.016
of,64.997
may,64.507
laugh,64.459
recommend,64.444
surreal,63.848
turn,63.835
follow,63.495
a,63.474
consequ,63.432
few,63.240
clockwork,63.132
better,62.988
open,62.958
suppositori,62.886
despit,62.842
side,62.812
definit,62.776
alway,62.662
call,62.652
here,62.564
youth,62.492
bit,62.172
parent,61.943
later,61.849
almost,61.757
goe,61.531
work,61.461
shot,61.393
reason,61.339
tell,61.045
might,60.786
mean,60.767
word,60.728
experi,60.454
interest,60.395
worth,60.059
anyth,59.848
year,59.750
dead,59.541
orang,59.474
need,59.318
littl,59.286
enough,58.983
especi,58.534
director,58.435
normal,58.171
howev,57.943
probabl,57.607
cool,57.583
thick,57.575
style,57.450
sure,57.273
put,56.999
social,56.988
each,56.856
d,56.622
absolut,56.543
two,56.268
relat,56.113
violent,56.064
less,55.996
underworld,55.920
himself,55.792
everyon,55.255
kind,55.253
money,55.193
choic,55.009
base,55.004
often,54.979
befor,54.878
includ,54.690
club,54.513
big,54.480
worst,54.462
role,54.446
exampl,54.422
pretti,54.400
britain,54.313
conneri,54.241
overdos,53.978
hallucin,53.952
fantast,53.865
perfect,53.812
realiti,53.420
manag,53.330
struggl,53.318
happen,53.292
review,53.022
becom,52.996
plot,52.803
attempt,52.536
highli,52.494
situat,52.321
set,52.142
gener,51.952
bunch,51.851
wasn,51.468
pace,51.466
controversi,51.410
career,51.381
imag,51.264
classic,51.119
memor,51.111
script,50.930
wonder,50.765
alcohol,50.616
lead,50.415
chang,50.313
rather,50.290
steal,50.277
psychot,50.250
help,50.249
edit,50.001
dive,49.976
reed,49.959
seriou,49.861
top,49.768
right,49.710
leav,49.565
grim,49.363
sort,49.318
extrem,49.279
present,49.242
sinc,49.121
theme,49.046
9,48.841
girlfriend,48.691
hate,48.621
overal,48.606
societi,48.597
everyth,48.473
itself,48.279
tragic,48.250
death,47.807
mention,47.795
name,47.734
keep,47.704
power,47.564
and,47.479
last,47.405
sickboy,47.370
idea,47.301
stay,47.274
kick,47.271
sad,47.235
horror,47.068
stylish,46.949
amaz,46.943
home,46.655
graphic,46.520
screen,46.514
talk,46.390
uk,46.283
dealer,46.085
run,46.029
final,45.818
els,45.762
care,45.740
perfectli,45.717
drama,45.595
johnni,45.575
believ,45.544
onc,45.484
monologu,45.205
found,45.167
pro,44.989
throughout,44.973
imagin,44.949
honest,44.882
comment,44.846
wouldn,44.735
horrifi,44.717
favorit,44.488
train,44.279
least,44.254
certainli,44.199
begin,44.183
whole,44.106
true,43.973
ordinari,43.971
star,43.892
full,43.878
lust,43.788
new,43.744
room,43.631
although,43.573
repuls,43.476
far,43.430
place,43.261
realiz,43.150
hold,43.105
heart,43.087
mcdonald,42.921
anyway,42.856
guess,42.777
adapt,42.732
felt,42.687
second,42.622
let,42.561
london,42.434
sens,42.399
swim,42.388
slippi,42.272
american,42.049
success,42.044
pub,41.865
releas,41.861
eye,41.846
valu,41.828
glamouris,41.813
superb,41.783
human,41.735
track,41.722
move,41.688
simpli,41.614
cinema,41.571
critic,41.422
state,41.257
favourit,41.228
origin,41.175
strong,41.161
bar,41.154
f,41.120
whether,40.872
man,40.767
visual,40.727
won,40.648
illustr,40.575
wast,40.565
song,40.540
straight,40.519
audienc,40.508
old,40.461
came,40.398
uniqu,40.341
said,40.329
case,40.065
mayb,40.021
born,39.913
tone,39.889
bring,39.886
8,39.762
turkey,39.630
fine,39.530
gross,39.439
miss,39.420
escap,39.355
issu,39.354
touch,39.279
fast,39.240
someon,39.240
our,39.237
desper,39.231
loser,39.022
glamor,39.013
hope,38.750
energi,38.713
camera,38.667
bleak,38.664
raw,38.651
surpris,38.622
light,38.605
face,38.599
protagonist,38.581
featur,38.466
glamoris,38.428
cut,38.408
skag,38.385
number,38.342
class,38.332
except,38.316
sean,38.238
slumdog,38.212
gritti,38.137
either,38.136
haven,38.043
needl,38.016
decid,38.006
am,38.004
aw,37.987
somewhat,37.940
lock,37.909
materi,37.736
pull,37.637
imdb,37.632
incred,37.483
crime,37.458
forget,37.437
result,37.434
content,37.375
complet,37.357
near,37.333
nasti,37.316
die,37.204
unforgett,37.168
involv,37.117
inject,37.079
rest,37.022
heavi,36.959
provid,36.953
john,36.947
crazi,36.872
expect,36.870
moral,36.859
pain,36.733
consid,36.582
screenplay,36.581
abl,36.580
themselv,36.507
sever,36.499
apart,36.429
truth,36.423
masterpiec,36.422
substanc,36.390
write,36.344
video,36.266
screw,36.239
head,36.186
line,36.067
refer,35.998
shoot,35.868
stop,35.861
wrong,35.848
coupl,35.790
pulp,35.754
sit,35.752
chose,35.715
hous,35.712
etc,35.701
bremmer,35.690
add,35.615
rememb,35.558
buy,35.498
bore,35.455
across,35.421
thank,35.377
modern,35.361
promot,35.345
deprav,35.255
deserv,35.211
due,35.169
possibl,35.152
comic,34.778
filth,34.777
faint,34.760
done,34.709
long,34.691
druggi,34.675
lesson,34.525
scot,34.500
schoolgirl,34.490
minut,34.483
kid,34.432
between,34.402
caus,34.402
remain,34.333
dirti,34.304
brutal,34.228
dvd,34.191
influenc,34.182
suppos,34.177
28,34.162
imageri,34.153
piti,34.113
cours,34.104
crawl,34.062
appear,33.971
relationship,33.900
piec,33.857
instead,33.784
beauti,33.773
total,33.743
along,33.730
natur,33.727
interview,33.558
beach,33.498
cinemat,33.454
deliv,33.429
eventu,33.423
impress,33.375
fece,33.339
remind,33.280
central,33.270
1990,33.183
trash,33.170
affect,33.146
captur,33.137
neg,33.112
aspect,33.091
hear,32.995
franci,32.881
written,32.838
three,32.793
appeal,32.765
beat,32.738
creat,32.691
dare,32.677
sound,32.671
until,32.635
friendship,32.614
ago,32.599
close,32.591
difficult,32.515
exist,32.427
psychopath,32.394
hand,32.361
support,32.305
junk,32.303
violenc,32.277
stupid,32.269
judg,32.238
opinion,32.229
yourself,32.203
clear,32.200
girl,32.187
wall,32.160
titl,32.145
cinematographi,32.109
insight,32.094
non,31.982
rate,31.925
sequel,31.899
fellow,31.869
ultim,31.734
import,31.670
fall,31.568
spot,31.539
entir,31.514
usual,31.483
bond,31.301
perhap,31.286
talent,31.262
short,31.246
heard,31.103
clever,31.077
went,31.050
simpl,31.050
certain,31.020
five,31.013
consum,30.991
intellig,30.982
afraid,30.922
qualiti,30.887
nice,30.775
told,30.743
ye,30.689
troubl,30.663
myself,30.650
ask,30.639
cold,30.534
sequenc,30.480
strang,30.456
describ,30.424
brilliantli,30.309
oh,30.285
amus,30.265
art,30.231
easi,29.988
ride,29.957
attent,29.886
form,29.878
blur,29.802
couldn,29.738
destruct,29.725
fairli,29.566
spend,29.510
2,29.491
hell,29.451
horrif,29.446
emot,29.419
artist,29.417
within,29.351
punk,29.335
earli,29.168
stuff,29.119
allow,29.053
stand,29.037
wild,28.982
past,28.944
ceil,28.880
next,28.873
depth,28.840
independ,28.797
mostli,28.751
fit,28.749
surround,28.733
impact,28.523
forc,28.455
list,28.449
free,28.359
togeth,28.346
energet,28.340
flick,28.332
pleasur,28.328
doubt,28.301
caryl,28.226
particular,28.196
harrow,28.151
obsess,28.123
psycho,28.067
mother,28.011
orgasm,27.969
connect,27.958
ugli,27.890
everybodi,27.871
amor,27.850
score,27.845
wait,27.826
type,27.823
famili,27.672
clearli,27.532
rare,27.529
upon,27.516
school,27.513
aid,27.512
somehow,27.458
excrement,27.404
squalor,27.359
rock,27.352
u,27.271
intens,27.263
lose,27.186
equal,27.182
withdrawl,27.169
notic,27.163
learn,27.160
given,27.086
terrifi,26.967
danger,26.960
ignor,26.954
awesom,26.954
beyond,26.908
20,26.890
underag,26.817
major,26.794
dialect,26.783
voic,26.780
wit,26.738
poignant,26.733
today,26.713
smack,26.689
cover,26.586
weird,26.579
popular,26.533
dont,26.478
left,26.437
hero,26.274
writer,26.245
her,26.232
speed,26.209
shown,26.101
charm,26.026
fight,26.014
gave,26.006
appreci,25.934
alreadi,25.894
element,25.827
t2,25.764
subtitl,25.738
stomach,25.715
sleep,25.707
crap,25.701
studi,25.656
basic,25.638
sorri,25.615
note,25.615
greatest,25.579
against,25.571
avoid,25.571
fascin,25.514
dialog,25.483
bedroom,25.444
accur,25.437
exactli,25.415
street,25.400
speak,25.392
happi,25.356
aren,25.269
question,25.207
took,25.203
dramat,25.170
term,25.138
among,25.123
under,25.110
offer,25.029
neglect,24.995
answer,24.980
smart,24.966
finish,24.934
behind,24.926
explain,24.833
1,24.822
realism,24.805
teenag,24.784
provok,24.779
unpleas,24.700
iron,24.644
icon,24.617
develop,24.594
date,24.587
creativ,24.576
debut,24.575
activ,24.573
break,24.555
arm,24.453
solid,24.423
chanc,24.416
7,24.392
balanc,24.261
condit,24.172
coaster,24.153
fear,24.150
hospit,24.100
ten,24.088
tough,24.059
pictur,24.045
lack,24.026
warn,24.011
uncomfort,24.007
jame,23.972
nomin,23.957
destroy,23.951
roller,23.950
hyster,23.936
climb,23.915
age,23.878
fiction,23.857
half,23.853
circl,23.838
intrigu,23.838
spiral,23.831
shame,23.807
pal,23.767
whom,23.753
whose,23.689
post,23.685
industri,23.652
addl,23.639
mere,23.591
honestli,23.558
britpop,23.521
walk,23.488
launch,23.411
horribl,23.374
individu,23.307
singl,23.262
encount,23.254
edgi,23.231
lie,23.230
beer,23.224
order,23.205
darkli,23.130
twenti,23.103
focus,23.069
flaw,22.996
dure,22.971
gone,22.928
discov,22.883
compar,22.849
becam,22.842
indi,22.823
prais,22.821
met,22.781
bed,22.762
fan,22.740
pathet,22.702
loath,22.689
regular,22.677
fresh,22.671
glasgow,22.649
miser,22.599
sell,22.566
soon,22.541
contain,22.531
explor,22.522
accompani,22.517
floor,22.512
altern,22.496
mc,22.490
narr,22.480
month,22.477
similar,22.468
nearli,22.450
perspect,22.394
futur,22.393
poverti,22.334
mullan,22.306
self,22.293
defin,22.277
purpos,22.231
syring,22.226
variou,22.223
harsh,22.206
comed,22.167
mikey,22.161
tast,22.152
chaotic,22.151
drink,22.109
reflect,22.097
surrealist,22.088
unless,22.079
moulin,22.078
charismat,22.008
path,21.996
drag,21.992
excit,21.961
devast,21.961
hype,21.944
particularli,21.920
hook,21.917
realis,21.889
weak,21.849
snatch,21.840
fix,21.838
event,21.820
whenev,21.819
copi,21.776
outstand,21.770
black,21.710
decad,21.673
abov,21.657
conclus,21.650
special,21.594
admit,21.585
knife,21.547
detox,21.532
downsid,21.523
bodi,21.488
tape,21.429
approach,21.407
grow,21.350
larg,21.348
haunt,21.342
crew,21.341
establish,21.335
sh,21.295
flat,21.292
infant,21.225
she,21.218
dental,21.213
consist,21.194
immers,21.183
middl,21.161
pleas,21.136
forev,21.135
mainstream,21.129
ts,21.126
drugstor,21.126
obviou,21.110
combin,21.107
joke,21.035
none,21.004
design,21.003
averag,20.996
the,20.993
lost,20.984
morn,20.971
mix,20.963
hollywood,20.947
induc,20.917
pay,20.916
electr,20.909
figur,20.899
filmmak,20.856
nineti,20.852
fail,20.849
nonetheless,20.803
sicken,20.783
gang,20.775
exhilar,20.753
toward,20.727
small,20.715
tight,20.691
ensembl,20.646
member,20.639
athlet,20.626
cannot,20.605
introduc,20.581
engag,20.557
sink,20.529
dope,20.521
5,20.513
redeem,20.494
pick,20.449
typic,20.401
translat,20.271
diann,20.255
fecal,20.255
thiev,20.249
respons,20.196
huge,20.181
health,20.180
tragedi,20.160
opium,20.142
oscar,20.119
jump,20.110
misfit,20.102
spoiler,20.101
gem,20.064
deeper,20.047
four,19.998
250,19.990
mess,19.973
pressur,19.964
slang,19.961
nor,19.942
level,19.941
millionair,19.921
hiv,19.921
kubrick,19.909
english,19.861
inde,19.835
glass,19.832
bizarr,19.827
color,19.784
round,19.766
bottom,19.763
swear,19.753
flow,19.736
match,19.711
seedi,19.705
pill,19.685
night,19.635
portrait,19.613
late,19.592
vibrant,19.587
incid,19.573
obvious,19.547
despair,19.535
vice,19.506
aimless,19.474
action,19.466
achiev,19.465
wise,19.419
whatev,19.415
condemn,19.404
terrif,19.401
pointless,19.390
languag,19.361
allur,19.345
magnific,19.331
brit,19.319
bigbi,19.317
compel,19.302
collect,19.227
hardli,19.194
unknown,19.186
notch,19.183
obi,19.174
hang,19.165
4,19.139
stick,19.136
1997,19.086
credit,19.038
liter,19.035
attitud,19.024
taken,19.019
witti,18.981
public,18.860
citi,18.824
swanney,18.817
accept,18.719
centr,18.707
deep,18.686
drop,18.668
onto,18.636
teen,18.536
flush,18.533
luggag,18.521
den,18.502
receiv,18.493
hopeless,18.472
metaphor,18.453
gregor,18.430
recov,18.409
wors,18.394
otherwis,18.372
opposit,18.367
background,18.342
brillianc,18.327
decay,18.319
mainli,18.278
produc,18.239
everyday,18.205
inform,18.198
fabul,18.193
catch,18.123
tv,18.082
tale,18.060
revolv,18.034
fill,18.032
techno,18.032
nightclub,18.032
afflict,18.019
hobbi,18.019
twist,18.017
load,18.015
roug,17.993
chosen,17.986
regard,17.961
damn,17.958
process,17.957
underbelli,17.955
rich,17.952
express,17.938
dump,17.923
posit,17.866
clich,17.850
influenti,17.849
mcgreggor,17.845
commerci,17.776
sordid,17.760
spirit,17.754
sheet,17.737
product,17.725
uplift,17.712
fulli,17.700
hour,17.692
outsid,17.682
nowher,17.663
vivid,17.645
hurt,17.643
strongli,17.617
bought,17.596
insur,17.578
identifi,17.563
watchabl,17.561
soul,17.558
leisur,17.557
bother,17.555
stone,17.543
men,17.500
twice,17.480
maker,17.464
factor,17.439
psychedel,17.389
dog,17.381
behaviour,17.353
sincer,17.327
whilst,17.321
suit,17.316
stuck,17.309
guid,17.309
urg,17.302
terribl,17.258
trip,17.255
shine,17.245
quirki,17.211
claim,17.186
trust,17.171
serv,17.138
cri,17.128
punch,17.112
bafta,17.091
filthiest,17.060
limit,17.043
matur,17.042
rais,17.028
likabl,17.022
unlik,17.019
sadli,17.018
week,17.006
listen,16.980
plenti,16.973
instanc,16.963
upbeat,16.941
asid,16.937
effort,16.899
continu,16.895
bigger,16.871
mr,16.780
blow,16.778
dissuad,16.761
insan,16.737
dose,16.718
benefit,16.711
mood,16.694
slightli,16.686
ambigu,16.669
immedi,16.659
yeah,16.655
wan,16.646
subtl,16.572
concern,16.564
scare,16.543
journey,16.486
misadventur,16.447
whimsic,16.422
atmospher,16.396
agre,16.382
test,16.341
cring,16.323
opiat,16.304
wash,16.304
educ,16.289
cowboy,16.284
honesti,16.269
unfortun,16.265
disagre,16.248
fair,16.248
check,16.214
version,16.213
difficulti,16.209
convey,16.156
startlingli,16.154
minor,16.131
satisfi,16.121
nobodi,16.112
share,16.096
easili,16.085
label,16.081
tire,16.080
sympath,16.075
vision,16.057
offens,16.055
profound,16.046
viciou,16.028
scari,16.027
immatur,15.983
sober,15.977
constantli,15.949
blah,15.942
sharp,15.936
la,15.928
inspir,15.893
techniqu,15.871
acid,15.867
pure,15.862
context,15.861
excess,15.861
acclaim,15.857
relev,15.855
store,15.853
prepar,15.836
brought,15.810
simultan,15.789
colour,15.764
diari,15.762
eas,15.757
air,15.755
documentari,15.754
authent,15.737
closer,15.735
nevertheless,15.734
convinc,15.728
porn,15.713
strength,15.705
shite,15.705
ok,15.699
convers,15.689
suggest,15.683
potenti,15.680
desir,15.636
geniu,15.626
god,15.622
chase,15.615
rough,15.595
europ,15.583
hasn,15.583
porno,15.566
european,15.490
poster,15.488
plung,15.483
symptom,15.471
preachi,15.458
depend,15.450
repeat,15.448
serious,15.442
water,15.438
thump,15.431
forward,15.429
amount,15.420
brain,15.417
alon,15.399
account,15.396
gonna,15.392
joy,15.356
televis,15.355
multipli,15.354
inhabit,15.349
decent,15.339
known,15.329
brogu,15.317
knew,15.313
symbol,15.306
fuell,15.304
dri,15.303
caught,15.300
unbeliev,15.278
stage,15.270
enter,15.215
display,15.199
fave,15.196
chemic,15.173
breakthrough,15.165
shouldn,15.120
safe,15.107
rank,15.106
grimi,15.093
constant,15.060
styliz,15.026
pass,15.023
game,15.022
leith,15.016
outcom,14.998
plain,14.997
basketbal,14.994
sum,14.924
throw,14.918
car,14.913
aforement,14.909
surprisingli,14.902
rave,14.852
utterli,14.839
bag,14.838
select,14.822
readi,14.801
quick,14.765
tune,14.733
mid,14.693
wear,14.688
reaction,14.678
crimin,14.655
thrill,14.651
rel,14.644
kinda,14.626
focu,14.617
highlight,14.572
superior,14.572
extraordinari,14.549
temper,14.543
structur,14.527
green,14.523
worri,14.517
crack,14.510
anymor,14.510
object,14.508
intend,14.479
loos,14.463
sensit,14.450
dynam,14.435
discourag,14.416
glamour,14.416
franco,14.399
dawn,14.371
road,14.370
credibl,14.366
sheer,14.360
skill,14.336
monti,14.289
vomit,14.288
appar,14.276
confus,14.270
theft,14.265
1971,14.258
convent,14.246
fashion,14.218
nut,14.207
topic,14.169
stun,14.150
genr,14.138
war,14.138
15,14.137
princip,14.116
crib,14.113
innoc,14.089
tie,14.086
station,14.082
breakfast,14.075
bare,14.073
child,14.033
cant,14.027
recent,14.021
caricatur,14.016
poor,14.005
scam,13.999
stardom,13.926
unusu,13.921
univers,13.911
k,13.895
push,13.869
mad,13.857
angl,13.848
primarili,13.835
scum,13.830
rectal,13.822
satir,13.810
plu,13.809
suffer,13.799
progress,13.771
necessari,13.771
starter,13.756
downright,13.743
folk,13.742
countri,13.733
border,13.731
triumph,13.730
control,13.717
decis,13.699
kept,13.699
b,13.689
usag,13.685
represent,13.667
standout,13.664
budget,13.653
comfort,13.646
betray,13.635
maintain,13.630
edg,13.628
downward,13.627
essenti,13.620
rob,13.619
nightmarish,13.588
bear,13.570
environ,13.563
common,13.550
pimp,13.549
genuin,13.541
raven,13.487
squeamish,13.484
respect,13.465
empti,13.463
handl,13.457
numer,13.450
dreari,13.431
fortun,13.430
selfish,13.422
outrag,13.418
lowest,13.405
cute,13.403
ad,13.398
england,13.396
sourc,13.389
sexi,13.389
anybodi,13.369
machin,13.367
pack,13.367
slow,13.361
manner,13.339
channel,13.337
grab,13.306
poop,13.296
challeng,13.291
wow,13.238
sociopath,13.232
fantasi,13.232
revolt,13.227
higher,13.224
kenobi,13.181
area,13.178
soccer,13.174
quickli,13.168
tend,13.165
100,13.149
key,13.129
invent,13.128
lowlif,13.108
bone,13.099
rental,13.094
beatl,13.092
attack,13.081
evok,13.074
classifi,13.059
carlisl,13.056
slc,13.056
teach,13.056
succeed,13.049
occas,13.045
strike,13.039
parti,13.039
speech,13.039
thousand,13.032
unsur,13.020
hundr,13.017
degrad,13.015
estat,12.998
land,12.988
con,12.988
recogn,12.967
psa,12.919
buddi,12.912
funniest,12.899
undergo,12.894
award,12.886
lay,12.838
hip,12.834
confront,12.807
examin,12.790
bitter,12.789
comparison,12.781
attract,12.780
till,12.773
antic,12.772
petti,12.768
blood,12.753
gloomi,12.752
root,12.747
1980,12.745
skin,12.737
outlook,12.722
author,12.669
treat,12.649
hardcor,12.634
awar,12.629
indisput,12.629
delight,12.627
explicit,12.623
imposs,12.610
contrast,12.605
experienc,12.602
adult,12.583
intraven,12.577
hoper,12.577
taxi,12.567
neither,12.556
summari,12.547
deepli,12.531
preach,12.528
drive,12.490
despic,12.471
frequent,12.458
employ,12.449
local,12.418
join,12.410
prose,12.409
prove,12.397
period,12.395
carri,12.385
bookend,12.377
dull,12.360
flashi,12.356
irrever,12.345
trick,12.343
expos,12.322
penis,12.307
diy,12.307
importantli,12.296
philosophi,12.296
3,12.287
consumpt,12.273
absurd,12.268
50,12.263
nake,12.248
sant,12.243
quot,12.231
bathroom,12.221
forrest,12.220
tactic,12.212
victim,12.192
detach,12.180
stylist,12.156
grotesqu,12.154
numb,12.154
polic,12.140
refresh,12.122
gu,12.110
innov,12.093
besid,12.091
sympathi,12.086
smoke,12.079
chapter,12.069
map,12.055
glad,12.049
storytel,12.046
gut,12.023
relaps,12.016
captiv,11.988
wick,11.981
awak,11.976
vega,11.965
discuss,11.954
bollock,11.952
media,11.951
bright,11.949
commentari,11.933
food,11.930
demonstr,11.887
tarantino,11.887
camaraderi,11.880
distress,11.872
carpet,11.856
harm,11.849
limbo,11.840
draw,11.824
endur,11.816
option,11.795
master,11.794
allison,11.778
seri,11.736
prison,11.731
rip,11.727
fer,11.725
ruin,11.717
expertli,11.713
ill,11.690
toler,11.685
dismal,11.676
liar,11.676
deni,11.672
observ,11.671
dumb,11.655
stark,11.652
relentless,11.650
slick,11.641
notabl,11.632
admir,11.622
purchas,11.618
filthi,11.613
tackl,11.609
16,11.600
repres,11.591
viscer,11.587
eclips,11.586
condom,11.578
127,11.578
hapless,11.572
philosoph,11.564
sexual,11.552
hilar,11.552
narcot,11.539
rid,11.527
fever,11.494
disappoint,11.490
ensur,11.489
meth,11.488
outburst,11.468
hotel,11.464
student,11.446
advoc,11.431
feed,11.413
offend,11.397
mine,11.390
defiantli,11.388
pursuit,11.383
craft,11.383
rule,11.376
jolt,11.370
wardrob,11.364
rail,11.364
14,11.257
tin,11.249
1994,11.236
knowledg,11.231
dig,11.217
anger,11.206
adventur,11.204
return,11.193
loud,11.168
creepi,11.143
wish,11.130
recreat,11.129
bite,11.127
fish,11.120
mouth,11.117
eat,11.117
characterist,11.093
romp,11.089
ident,11.085
easier,11.084
vote,11.080
menac,11.075
lectur,11.074
80,11.074
pound,11.073
paint,11.055
directori,11.049
embrac,11.044
remark,11.030
detail,11.024
naiv,11.020
couch,11.000
bevi,10.959
govern,10.952
slight,10.932
marc,10.931
bold,10.924
multi,10.924
whatsoev,10.919
dragon,10.909
opportun,10.902
juxtaposit,10.893
lovabl,10.883
dresser,10.875
spoken,10.870
frighten,10.830
brush,10.822
lift,10.814
electrifi,10.808
famou,10.796
compani,10.764
unnerv,10.749
loyalti,10.734
vile,10.728
mtv,10.724
subcultur,10.722
grit,10.712
rapidli,10.687
rocker,10.674
law,10.665
joe,10.656
instant,10.654
van,10.653
vilifi,10.651
contemporari,10.647
standpoint,10.640
box,10.638
puls,10.632
deservingli,10.629
obewan,10.613
overr,10.597
chart,10.593
shake,10.574
band,10.573
000,10.568
squalid,10.563
promis,10.560
silli,10.558
steer,10.541
chill,10.538
smile,10.529
footbal,10.490
dysfunct,10.490
derang,10.490
compet,10.487
grasp,10.471
jock,10.460
rush,10.445
criticis,10.433
traffic,10.423
vibe,10.416
outfit,10.409
passport,10.403
sympathet,10.388
hardest,10.385
proud,10.380
superbl,10.373
stellar,10.372
exagger,10.371
insid,10.370
cigarett,10.365
intent,10.357
mirror,10.342
familiar,10.338
commit,10.335
academi,10.331
mistak,10.323
interestingli,10.315
cycl,10.309
uneasi,10.302
odd,10.292
vein,10.270
rambl,10.270
associ,10.269
procur,10.260
storylin,10.250
distinct,10.233
meet,10.232
1993,10.226
initi,10.206
perman,10.154
accus,10.151
flawless,10.149
behavior,10.147
succe,10.146
slowli,10.143
aliv,10.137
amazingli,10.137
regardless,10.133
wrap,10.129
introduct,10.127
rivet,10.127
dispos,10.119
greatli,10.114
threaten,10.111
apolog,10.110
marvel,10.094
nightmar,10.091
unawar,10.081
sarcast,10.081
aftermath,10.081
nicest,10.071
lover,10.065
rug,10.064
search,10.057
crude,10.039
addit,10.038
hedonist,10.028
disgustingli,10.028
brave,10.026
phenomenon,10.025
accord,10.020
chronicl,10.020
news,10.018
deem,10.017
cost,10.017
koala,10.011
tufano,10.011
macgreggor,10.011
toxoplasmosi,10.011
elastica,10.011
finest,9.998
ya,9.995
gotten,9.992
third,9.972
grip,9.964
peter,9.957
ador,9.955
hardship,9.952
hostel,9.945
idiot,9.929
darker,9.922
counter,9.911
relief,9.910
umpteenth,9.906
utter,9.902
descent,9.890
hey,9.873
peer,9.867
biggest,9.867
disco,9.855
barrel,9.852
circumst,9.824
hallucinogen,9.819
marijuana,9.819
reward,9.818
overli,9.817
oversea,9.807
milk,9.803
ecstasi,9.783
latter,9.781
oddli,9.777
chic,9.771
decor,9.763
occasion,9.746
statement,9.737
creek,9.726
slipperi,9.726
hole,9.719
breakneck,9.714
volcano,9.714
step,9.708
cheap,9.705
com,9.694
unreal,9.691
wake,9.684
doubl,9.671
deplor,9.671
shortli,9.670
distract,9.665
pish,9.658
transpot,9.658
overwhelm,9.657
williamson,9.649
locker,9.639
despis,9.637
pillow,9.628
spectacular,9.626
lucr,9.618
worthi,9.616
unworthi,9.608
physic,9.607
tongu,9.602
further,9.593
ass,9.582
partli,9.577
massiv,9.572
steadicam,9.567
comprehend,9.566
somewher,9.562
urban,9.557
hot,9.557
argu,9.550
player,9.545
risk,9.544
assum,9.541
nuditi,9.541
gig,9.538
scumbag,9.528
caption,9.518
semi,9.516
greater,9.502
children,9.491
rage,9.490
male,9.489
unsettl,9.481
forgotten,9.474
million,9.473
sickli,9.453
regret,9.447
veneer,9.444
unifi,9.444
anarch,9.435
1995,9.428
retain,9.428
blend,9.420
bestsel,9.417
trainspott,9.409
renard,9.409
chicagoland,9.409
leftfield,9.409
purti,9.409
winki,9.409
proceed,9.408
trendi,9.399
interact,9.392
similarli,9.363
sensibl,9.348
hail,9.344
invigor,9.340
util,9.331
adopt,9.324
sentiment,9.322
abil,9.310
per,9.309
movement,9.301
scream,9.294
liken,9.291
sweet,9.278
denounc,9.275
signific,9.265
vari,9.264
announc,9.255
capit,9.252
thug,9.248
closest,9.241
adrenalin,9.238
pump,9.231
cookbook,9.215
count,9.213
insipid,9.212
grant,9.212
monument,9.196
touchi,9.190
cheeki,9.190
visit,9.182
widespread,9.160
bloke,9.153
improv,9.146
multipl,9.128
echo,9.121
embarrass,9.105
park,9.103
reject,9.098
drunk,9.084
chemistri,9.065
eccentr,9.063
advertis,9.060
driver,9.039
brian,9.038
co,9.017
suddenli,9.017
gloriou,9.016
discomfort,9.016
younger,9.016
ponder,9.005
blown,8.997
palat,8.997
suck,8.990
pitch,8.990
impli,8.984
17,8.983
breakout,8.977
advis,8.963
underli,8.954
burst,8.945
stanley,8.942
swahili,8.923
diarrhoea,8.923
flatmat,8.923
plan,8.915
volatil,8.898
fist,8.897
properli,8.894
2000,8.891
strikingli,8.886
stress,8.877
cross,8.870
kill,8.865
compliment,8.863
zero,8.834
memori,8.830
mackenzi,8.828
accident,8.827
albeit,8.809
requim,8.807
prize,8.806
fuse,8.806
react,8.801
trademark,8.795
spent,8.772
societ,8.768
system,8.764
quentin,8.764
prefer,8.756
settl,8.742
liber,8.737
sympathis,8.736
cd,8.736
faith,8.734
brow,8.725
lizzi,8.704
faec,8.704
scat,8.704
glaswegian,8.704
damag,8.668
ahead,8.658
arriv,8.654
andrew,8.650
grain,8.625
ice,8.621
pursu,8.619
cosmo,8.615
wave,8.614
freaki,8.596
advic,8.592
lad,8.582
richer,8.573
length,8.573
indulg,8.562
reminisc,8.560
murphi,8.557
nuanc,8.546
lower,8.540
reqiuem,8.530
horrid,8.527
glimps,8.519
merit,8.501
shadi,8.496
appli,8.491
transcend,8.482
ing,8.475
complex,8.462
roll,8.459
eno,8.454
sux,8.454
sole,8.451
blackmail,8.449
unflinch,8.445
unemploy,8.445
meant,8.443
tourist,8.432
fli,8.427
frame,8.425
ach,8.424
mi,8.412
irresist,8.412
pretenti,8.411
argument,8.406
overton,8.400
shrink,8.395
splatter,8.395
moo,8.385
forgiv,8.366
lucki,8.365
breath,8.364
random,8.362
red,8.358
split,8.350
transit,8.345
patron,8.325
suav,8.317
somebodi,8.317
mountain,8.316
lightli,8.298
nowaday,8.295
homag,8.290
anywher,8.290
flash,8.285
simon,8.283
thrive,8.276
fals,8.272
nutshel,8.265
mccartney,8.261
putt,8.261
abyss,8.257
necessarili,8.243
audaci,8.243
elicit,8.239
previous,8.232
reput,8.227
absorb,8.225
rewatch,8.214
sarcasm,8.211
agoni,8.207
bruge,8.204
nonsens,8.191
moder,8.187
madman,8.180
hypocrisi,8.180
insult,8.176
abandon,8.174
collector,8.169
incoher,8.163
treatment,8.159
exact,8.154
sub,8.148
cat,8.141
centuri,8.140
town,8.135
bliss,8.133
theori,8.125
exploit,8.121
laden,8.119
frankli,8.119
killer,8.117
episod,8.112
penetr,8.106
lifetim,8.084
market,8.081
blame,8.081
cruel,8.081
deceit,8.074
scenario,8.070
immens,8.063
somethin,8.055
commentor,8.055
cruditi,8.055
team,8.052
fool,8.047
arguabl,8.039
juvenil,8.037
rebelli,8.034
alley,8.025
ish,8.013
utmost,8.013
travel,8.012
extent,8.007
essenc,8.006
rifl,7.998
america,7.987
dad,7.984
blacker,7.968
pervers,7.965
nerd,7.962
youngster,7.957
deviat,7.939
dirt,7.939
remors,7.936
precis,7.936
awaken,7.928
busi,7.928
acuiti,7.928
paradis,7.922
assumpt,7.911
void,7.911
churn,7.911
shape,7.904
proce,7.900
ifc,7.889
hadn,7.880
sooner,7.870
celebr,7.868
hyper,7.867
slower,7.859
mattress,7.852
alic,7.846
kitchen,7.838
inevit,7.835
healthi,7.833
shirt,7.833
rapid,7.827
rise,7.819
execut,7.814
secretli,7.807
ward,7.799
surfac,7.797
6,7.792
retriev,7.784
feeli,7.783
understood,7.782
bonu,7.776
anticip,7.768
crave,7.764
unexpect,7.760
sting,7.759
sat,7.753
ld,7.750
recycl,7.741
panic,7.741
foreign,7.741
proclaim,7.736
sight,7.735
abund,7.727
aleck,7.718
crowd,7.718
goodfella,7.713
tremend,7.710
provoc,7.707
genitalia,7.688
chink,7.688
woven,7.684
dislik,7.682
record,7.671
temptat,7.647
optimist,7.642
norm,7.642
demonis,7.630
degener,7.629
de,7.628
vulgar,7.627
interrupt,7.620
tear,7.620
appropri,7.615
propel,7.611
unrel,7.604
eileen,7.602
scatolog,7.602
nutter,7.602
gosford,7.602
appal,7.591
hidden,7.590
amidst,7.587
scariest,7.585
construct,7.574
task,7.574
midnight,7.574
bleed,7.574
drift,7.569
envi,7.563
worldwid,7.561
cred,7.550
belong,7.547
wildli,7.546
ought,7.538
tempt,7.536
versatil,7.533
40,7.532
sign,7.525
thoroughli,7.523
document,7.521
peac,7.516
winner,7.508
phenomen,7.507
blink,7.505
rang,7.492
bias,7.488
baffl,7.482
judgement,7.478
abstract,7.466
saniti,7.464
mundan,7.464
wind,7.464
aronofski,7.460
rhythm,7.456
ebert,7.455
caffein,7.453
stane,7.453
yummi,7.453
literari,7.449
angri,7.446
thrown,7.444
rehab,7.431
grace,7.418
ritchi,7.404
equival,7.389
celluloid,7.386
valid,7.382
driven,7.381
illeg,7.378
broad,7.376
specif,7.376
partial,7.371
magic,7.369
reveal,7.357
refus,7.356
fell,7.350
poison,7.349
magazin,7.343
clip,7.331
threw,7.320
creep,7.317
cheech,7.306
sunday,7.299
boast,7.296
vh,7.292
passag,7.289
matchless,7.287
satisfact,7.285
strive,7.282
miseri,7.280
inher,7.275
wreck,7.271
oscil,7.269
seemingli,7.267
revisit,7.256
held,7.255
econom,7.255
c,7.253
unbear,7.253
orient,7.244
insert,7.234
unfold,7.233
gain,7.233
wonderful,7.232
led,7.232
fate,7.228
danc,7.224
pun,7.223
offic,7.218
groovi,7.215
nitti,7.215
descend,7.197
cure,7.189
od,7.181
maniac,7.176
moreov,7.171
enthusiast,7.170
evid,7.168
recognis,7.167
fuel,7.163
hide,7.163
glanc,7.159
flee,7.151
behav,7.146
darkest,7.143
odiou,7.132
gay,7.131
profan,7.126
emphasi,7.122
dollar,7.122
current,7.112
intim,7.111
smash,7.111
phantom,7.108
bulli,7.103
extens,7.096
freedom,7.084
extra,7.082
bowl,7.080
transform,7.079
leonardo,7.078
citizen,7.076
pusher,7.071
plagu,7.071
wrote,7.070
nostalg,7.045
hoyt,7.042
neck,7.040
ventur,7.035
worthwhil,7.032
drawn,7.031
poppin,7.028
www,7.026
stake,7.022
wide,7.018
send,7.015
practic,7.013
usa,7.004
irish,7.002
fanci,7.001
companion,6.994
glu,6.993
aswel,6.987
chong,6.987
ain,6.980
halfway,6.980
1st,6.968
mixtur,6.968
occupi,6.964
newspap,6.963
unfilm,6.961
exhaust,6.959
perceiv,6.952
useless,6.949
rubbish,6.948
craziest,6.948
brandish,6.948
recuper,6.948
trailer,6.947
spread,6.944
presenc,6.940
aggress,6.937
altogeth,6.936
trait,6.936
keenli,6.935
weekend,6.928
lend,6.924
joyrid,6.923
emblemat,6.923
femal,6.915
pile,6.915
bradley,6.910
ultra,6.910
passion,6.909
contrari,6.904
commend,6.901
pose,6.901
uproar,6.898
irwin,6.898
defer,6.886
outbreak,6.886
divers,6.878
hooligan,6.874
propaganda,6.867
casual,6.867
underground,6.862
montag,6.858
locat,6.853
cleanli,6.851
unflinchingli,6.851
bland,6.847
18,6.842
endear,6.841
patriot,6.835
ground,6.834
defi,6.833
pleasant,6.831
chain,6.830
groundbreak,6.824
spare,6.808
vagu,6.806
older,6.798
007,6.796
sublim,6.795
fallen,6.795
secret,6.789
despond,6.785
crush,6.776
shop,6.776
perk,6.775
dandi,6.775
shi,6.773
error,6.766
motley,6.764
wanna,6.762
spoil,6.755
soft,6.753
brother,6.751
un,6.738
phrase,6.736
objection,6.734
alert,6.731
tribut,6.725
function,6.720
daili,6.720
ultraviol,6.714
fatal,6.709
pari,6.707
etho,6.704
slip,6.701
touchston,6.695
discoveri,6.689
dicaprio,6.687
laughter,6.687
energ,6.685
drank,6.676
tour,6.674
varieti,6.674
undeni,6.674
bang,6.674
alex,6.673
humbl,6.672
shout,6.670
infam,6.663
era,6.659
lazi,6.654
requir,6.653
euphoria,6.639
beg,6.639
deliveri,6.638
borrow,6.637
sinatra,6.630
20th,6.624
offici,6.615
wont,6.614
longer,6.610
kiss,6.609
reader,6.608
subtleti,6.604
thumb,6.599
hike,6.595
histori,6.594
haze,6.587
routin,6.583
reson,6.580
impair,6.579
downtrodden,6.579
press,6.576
descript,6.574
nausea,6.570
arc,6.560
scorses,6.555
stoner,6.554
arrest,6.552
bob,6.546
irk,6.538
institut,6.537
render,6.533
chap,6.530
richi,6.514
redempt,6.514
remot,6.513
percept,6.512
heavier,6.507
amiabl,6.499
brainer,6.499
misanthrop,6.491
nod,6.491
proof,6.485
chameleon,6.484
slogan,6.484
clench,6.484
encourag,6.479
mental,6.477
annoy,6.477
dazzl,6.473
proper,6.470
sea,6.461
unpredict,6.460
notion,6.451
reccomend,6.447
beast,6.446
win,6.440
exert,6.440
secur,6.434
slope,6.433
buckl,6.433
evolv,6.429
ironi,6.426
ton,6.422
spell,6.408
finger,6.405
welfar,6.398
switch,6.397
avail,6.390
upset,6.383
standard,6.383
pesci,6.382
size,6.372
agil,6.372
guarante,6.369
deliri,6.365
unhealthi,6.365
authorit,6.358
bull,6.353
goer,6.352
definetli,6.352
curs,6.350
unapp,6.346
pornographi,6.346
neglig,6.327
garbag,6.326
casablanca,6.326
1965,6.320
exclaim,6.320
evil,6.316
attach,6.315
eight,6.313
trippi,6.308
stock,6.307
isnt,6.302
condon,6.296
allen,6.291
gard,6.290
ear,6.281
demean,6.278
father,6.277
frown,6.272
rife,6.272
dread,6.261
apathet,6.261
pond,6.255
pragmat,6.255
oppos,6.251
distil,6.249
slacker,6.249
jean,6.237
reach,6.236
stood,6.235
bound,6.234
36,6.226
fetish,6.226
disadvantag,6.226
tranc,6.221
battl,6.212
engross,6.212
alien,6.211
quartet,6.210
haul,6.210
infin,6.204
cloth,6.196
surviv,6.194
sporad,6.194
mishap,6.194
afterward,6.189
integr,6.183
concept,6.183
punchlin,6.183
thin,6.178
roommat,6.178
monday,6.178
skinni,6.172
annoyingli,6.172
94,6.167
vast,6.166
avant,6.162
2017,6.157
loathsom,6.157
moralist,6.142
screenwrit,6.137
fourteen,6.137
undoubtedli,6.132
antihero,6.132
convict,6.131
site,6.127
welcom,6.126
price,6.119
bandwagon,6.117
hurl,6.112
wee,6.102
excus,6.099
overcom,6.095
ecstat,6.093
ball,6.090
seat,6.087
glori,6.085
almighti,6.078
badli,6.076
degre,6.075
astound,6.072
ourselv,6.066
preconcept,6.064
juic,6.064
commonplac,6.064
13,6.059
inner,6.053
deter,6.042
nail,6.040
highest,6.038
enhanc,6.033
semblanc,6.033
sophomor,6.033
remov,6.027
enrag,6.024
glimmer,6.019
downer,6.019
unintellig,6.019
character,6.019
reportedli,6.015
knit,6.015
shameless,6.015
ideal,6.013
crackl,6.011
um,6.002
audac,6.002
favor,6.000
bing,5.998
soil,5.985
golden,5.984
compil,5.981
solac,5.981
grossli,5.977
fore,5.977
ex,5.973
grade,5.971
unfulfil,5.964
cartoon,5.951
refrain,5.916
excruci,5.912
wretch,5.912
concis,5.912
dimension,5.908
teacher,5.908
brighter,5.904
therein,5.904
hackney,5.901
ode,5.893
possess,5.884
tens,5.883
stricken,5.882
goal,5.881
irrespons,5.878
mug,5.878
idl,5.878
1969,5.878
p,5.878
intox,5.874
astonish,5.874
offbeat,5.871
correct,5.860
strung,5.856
nauseat,5.849
gift,5.846
bridg,5.842
coordin,5.841
landscap,5.841
peek,5.838
revel,5.834
dress,5.834
bake,5.831
catapult,5.824
advanc,5.823
januari,5.817
sampl,5.813
cheer,5.811
recip,5.796
droog,5.793
behalf,5.786
trap,5.781
pc,5.779
demand,5.770
dir,5.769
eh,5.766
rewind,5.763
core,5.743
daniel,5.742
rot,5.740
daunt,5.737
frustrat,5.735
novelti,5.731
brief,5.727
contribut,5.724
outweigh,5.721
explicitli,5.721
kinet,5.715
compuls,5.709
fuzzi,5.709
unnecessari,5.708
distinctli,5.700
page,5.699
domin,5.695
legendari,5.695
anarchist,5.691
macabr,5.688
squirm,5.679
eg,5.670
resign,5.661
correspond,5.661
murki,5.658
th,5.656
rampant,5.650
dug,5.647
bombard,5.647
tangibl,5.638
februari,5.627
layer,5.624
outset,5.624
blue,5.624
obscen,5.619
razor,5.616
imper,5.608
satur,5.602
catastroph,5.602
borderlin,5.602
complain,5.599
snappi,5.594
hacker,5.592
muse,5.592
earnest,5.592
formal,5.586
caution,5.584
stupend,5.578
concret,5.578
happier,5.576
disillus,5.573
outlandish,5.573
capabl,5.566
choppi,5.565
center,5.558
gore,5.555
fault,5.553
electron,5.552
instil,5.550
kane,5.545
sleazi,5.545
plethora,5.545
terror,5.544
burn,5.540
brat,5.537
bloodi,5.535
frenet,5.535
loss,5.534
lighten,5.532
photographi,5.522
chunk,5.520
neutral,5.512
manipul,5.509
recount,5.505
wherev,5.503
stale,5.503
wondrou,5.498
sprawl,5.490
earn,5.489
pervert,5.483
australia,5.483
wacki,5.483
lace,5.479
dement,5.476
bowi,5.472
coach,5.469
scale,5.468
bulk,5.467
lake,5.465
chicken,5.460
jam,5.460
2016,5.460
wonderland,5.455
stanc,5.451
complic,5.450
stuf,5.442
scarier,5.442
openli,5.435
speaker,5.433
therebi,5.433
shockingli,5.431
mile,5.427
manic,5.426
id,5.424
magnet,5.424
sparkl,5.422
discern,5.417
denial,5.415
vow,5.415
therefor,5.403
build,5.398
ceremoni,5.398
relentlessli,5.394
akin,5.389
exud,5.385
horrend,5.381
sought,5.379
experiment,5.377
collar,5.375
boost,5.372
theatr,5.369
optim,5.368
uncompromis,5.362
blunt,5.360
meander,5.358
cent,5.350
homicid,5.348
affirm,5.348
jade,5.342
deceas,5.342
succumb,5.340
depriv,5.338
chocol,5.338
domest,5.336
pie,5.332
quibbl,5.330
hater,5.330
entic,5.328
pocket,5.322
ham,5.322
thru,5.316
determin,5.314
nichola,5.308
thecomed,5.306
uillam,5.306
rabelaisian,5.306
soula,5.306
velocet,5.306
coulston,5.306
efftect,5.306
danki,5.306
caarlyl,5.306
renten,5.306
wiliamson,5.306
edinburghian,5.306
hirakubo,5.306
leum,5.306
runcorn,5.306
maderr,5.306
edingurgh,5.306
masahiro,5.306
bedsit,5.306
saywow,5.306
tpot,5.306
protangonist,5.306
friell,5.306
drugsa,5.306
carboard,5.306
havekevin,5.306
osthi,5.306
toiletspot,5.306
spitti,5.306
tubthump,5.306
sadlymus,5.306
albann,5.306
ourhero,5.306
mcreggor,5.306
spudd,5.306
ferel,5.306
reton,5.306
carly,5.306
uponi,5.306
byronesqu,5.306
tisnt,5.306
hoge,5.306
krokodil,5.306
lifetag,5.306
thecontroversi,5.306
siskal,5.306
fitba,5.306
mcregor,5.306
rouge,5.306
inevitabl,5.306
331,5.306
allthi,5.306
asdisturb,5.306
nessi,5.306
begb,5.306
cheeckier,5.306
spoill,5.306
ungratuit,5.306
ewn,5.306
mayt,5.306
chinstrap,5.306
bewiled,5.306
quoth,5.306
harribl,5.306
bsing,5.306
englih,5.306
sostunningli,5.306
errm,5.306
missmacdonald,5.306
eletrifi,5.306
kellymacdonald,5.306
hesoil,5.306
trffic,5.306
ourscottish,5.306
saidth,5.306
undeworld,5.306
yousom,5.306
reeldeal,5.306
begdbi,5.306
edimburg,5.306
delict,5.306
chumbawamba,5.306
scabbi,5.306
britpoptannia,5.306
groupcon,5.306
regimeto,5.306
beenwond,5.306
bremmner,5.306
repetitv,5.306
clearsight,5.306
cooincid,5.306
keittopaiva,5.306
fanfareth,5.306
andwhen,5.306
renound,5.306
augmentor,5.306
nuxx,5.306
brewner,5.306
grundg,5.306
intenti,5.306
whetehr,5.306
seenguy,5.306
10trivia,5.306
drugscen,5.306
trainspottingtrainspot,5.306
loathli,5.306
deltic,5.306
protrayel,5.306
backgound,5.306
caryly,5.306
amatori,5.306
bigsbi,5.306
leisurewear,5.306
rageou,5.306
hiberan,5.306
carlis,5.306
irven,5.306
harow,5.306
antip,5.306
endeav,5.306
vidler,5.306
recitacion,5.306
edinburg,5.306
ranton,5.306
vintner,5.306
dimbulb,5.306
sepak,5.306
irivin,5.306
inar,5.306
bedbi,5.306
innocentaddict,5.306
melbournese,5.306
acom,5.306
isna,5.306
chardonay,5.306
resmbl,5.306
smackhead,5.306
upid,5.306
upstump,5.306
seck,5.306
khayyam,5.306
hunger,5.299
apt,5.295
interpret,5.295
noteworthi,5.289
fund,5.285
nearbi,5.283
nihilist,5.282
substitut,5.280
slum,5.278
unstabl,5.278
opu,5.274
soak,5.270
flood,5.270
cruis,5.265
darren,5.265
spill,5.265
reckon,5.257
acquaint,5.256
dim,5.256
sucker,5.256
vividli,5.254
lure,5.250
suspens,5.245
l,5.244
okay,5.244
pant,5.239
profil,5.238
anxiou,5.236
significantli,5.229
eighti,5.229
disjoint,5.227
oblig,5.225
warp,5.223
strict,5.220
wannab,5.216
inch,5.215
delus,5.211
mildli,5.206
chuckl,5.206
vi,5.204
quintessenti,5.204
villain,5.198
encompass,5.198
cocain,5.191
comprehens,5.189
miracul,5.189
verg,5.186
fabric,5.186
peculiar,5.186
project,5.183
sale,5.179
ooz,5.177
deepest,5.177
drastic,5.171
slide,5.169
unorigin,5.164
persist,5.163
jewel,5.161
2009,5.158
banal,5.150
array,5.148
mold,5.146
unsatisfi,5.145
dash,5.145
35,5.145
breakdown,5.140
melt,5.140
paul,5.137
conflict,5.122
tightli,5.121
prospect,5.113
unconvent,5.112
strictli,5.107
monster,5.106
ceas,5.102
hello,5.101
rever,5.099
fuss,5.099
futil,5.084
vastli,5.081
trite,5.077
foremost,5.077
narrow,5.075
persuad,5.075
tunnel,5.072
funnier,5.071
existenti,5.067
viewpoint,5.062
furiou,5.061
campaign,5.061
royal,5.061
trivial,5.059
adjust,5.058
mcdowel,5.056
blogspot,5.039
pete,5.035
correctli,5.032
summar,5.028
deservedli,5.024
devoid,5.024
obtain,5.017
quotabl,5.006
antidrug,5.005
swoopi,5.005
filmfreak,5.005
pigsti,5.005
metamorphas,5.005
triumpth,5.005
carlysl,5.005
marsupi,5.005
cosmotheori,5.005
anus,5.005
insom,5.005
chiqu,5.005
unfortunaetli,5.005
unextraordinari,5.005
welsch,5.005
retchingli,5.005
edinborough,5.005
moviebuff,5.005
protagon,5.005
hileri,5.005
tolka,5.005
conbin,5.005
odean,5.005
rspca,5.005
easer,5.005
scandalis,5.005
vaga,5.005
sympaphis,5.005
gasp,5.004
firm,5.002
cheek,5.002
tomorrow,4.994
pool,4.994
o,4.993
motiv,4.992
suburban,4.991
cook,4.987
insecur,4.986
cousin,4.986
cup,4.982
frank,4.974
strain,4.970
fierc,4.968
indiffer,4.967
motif,4.966
aris,4.964
wholli,4.963
craze,4.961
characteris,4.959
paradox,4.957
host,4.954
fest,4.953
en,4.945
deed,4.943
coffe,4.940
adolesc,4.934
effortlessli,4.931
justic,4.928
underneath,4.927
omin,4.926
spawn,4.924
startl,4.911
briefli,4.902
tap,4.900
firmli,4.897
ridicul,4.895
button,4.888
martin,4.887
legal,4.885
motion,4.884
convincingli,4.882
newcom,4.879
repli,4.878
overact,4.874
arrang,4.872
flawlessli,4.871
slice,4.867
juli,4.861
save,4.857
tag,4.855
romanc,4.852
western,4.850
pattern,4.849
contradict,4.841
pleasantli,4.841
infinit,4.840
trail,4.835
technic,4.833
cholesterol,4.829
51st,4.829
boyo,4.829
actora,4.829
rudin,4.829
actingwis,4.829
usuri,4.829
obvous,4.829
toyboy,4.829
andress,4.829
underlain,4.829
engergi,4.829
filmfour,4.829
berton,4.829
2week,4.829
wasa,4.829
andfin,4.829
rememor,4.829
fusti,4.829
embu,4.829
croydon,4.829
mischevi,4.829
filmwis,4.829
halucin,4.829
contemporarili,4.829
timur,4.829
possibili,4.829
bouffant,4.829
boyfriend,4.823
gripe,4.821
moor,4.821
30,4.818
critiqu,4.816
cop,4.811
transfer,4.809
flight,4.807
caprio,4.805
crystal,4.803
saint,4.800
proport,4.800
grey,4.796
daughter,4.795
consciou,4.795
heartfelt,4.786
tendenc,4.778
internet,4.771
toss,4.770
exit,4.767
trend,4.766
radio,4.757
millennium,4.752
mistaken,4.751
fanat,4.748
quarter,4.744
conveni,4.742
tad,4.732
befriend,4.732
bill,4.730
entranc,4.730
wife,4.728
bravo,4.727
conscious,4.725
tip,4.724
strip,4.721
editor,4.721
1000,4.718
nois,4.716
primari,4.705
pyschopath,4.704
amad,4.704
nonsenc,4.704
summeris,4.704
spaz,4.704
bantam,4.704
scrum,4.704
toilett,4.704
ny5,4.704
tload,4.704
jbc33,4.704
spotter,4.704
sprinter,4.704
castmat,4.704
rollarcoast,4.704
shibboleth,4.704
bitchiest,4.704
choler,4.704
amock,4.704
diktat,4.704
overdon,4.703
im,4.697
pale,4.696
slap,4.690
flip,4.686
resort,4.681
confirm,4.679
suppli,4.675
admittedli,4.673
whoever,4.671
alright,4.664
dear,4.661
taught,4.646
david,4.644
malcolm,4.644
needless,4.641
assembl,4.641
throat,4.630
spark,4.627
unravel,4.617
text,4.614
preciou,4.614
packag,4.613
childish,4.610
trade,4.608
fasin,4.607
myfavorit,4.607
mindscap,4.607
figgi,4.607
mirimax,4.607
freeform,4.607
mindnumb,4.607
pshycot,4.607
requium,4.607
devist,4.607
middleclass,4.607
cessat,4.607
midriff,4.607
circularli,4.607
stylisticli,4.607
grang,4.607
mucki,4.607
tourniquet,4.607
tbe,4.607
knockabout,4.607
harder,4.607
reserv,4.596
realm,4.596
assault,4.593
christian,4.593
ocean,4.584
resolv,4.583
judgment,4.581
via,4.579
oppress,4.577
lord,4.575
miracl,4.574
e,4.574
sunshin,4.571
testament,4.568
rat,4.560
em,4.556
actress,4.545
splendid,4.545
charisma,4.539
emphas,4.538
disast,4.537
shed,4.532
illus,4.532
stir,4.532
increasingli,4.530
kerfuffl,4.528
occat,4.528
carreer,4.528
punki,4.528
surcharg,4.528
charcoal,4.528
superiour,4.528
sem,4.528
winton,4.528
methadon,4.528
airgun,4.528
angelfir,4.528
unmanag,4.528
pyscholog,4.528
mew,4.528
loch,4.528
iwil,4.528
chooser,4.528
schlesing,4.528
edgiest,4.528
admixtur,4.528
clocker,4.528
wilmington,4.528
ure,4.528
hallucogen,4.528
detract,4.528
di,4.523
firstli,4.521
superfici,4.520
blast,4.518
wolf,4.514
distant,4.513
cleverli,4.503
owe,4.497
silver,4.496
collabor,4.495
backward,4.493
monkey,4.491
earth,4.487
heaven,4.481
parodi,4.480
dub,4.476
gratuit,4.474
code,4.474
shall,4.474
ingeni,4.471
stole,4.466
espresso,4.461
olympia,4.461
gail,4.461
goofiest,4.461
strengh,4.461
posibl,4.461
giddili,4.461
acomplish,4.461
habbit,4.461
bremer,4.461
intes,4.461
argueabl,4.461
lothario,4.461
moloko,4.461
loyal,4.454
march,4.451
aspir,4.449
mike,4.446
blond,4.441
attend,4.441
intric,4.433
alongsid,4.431
beaten,4.426
compass,4.424
cash,4.422
broke,4.416
gori,4.412
shoe,4.411
mom,4.405
repetit,4.404
cliche,4.403
irreproach,4.403
hoosier,4.403
makin,4.403
any1,4.403
porthol,4.403
345,4.403
unadapt,4.403
materpiec,4.403
nbk,4.403
mangi,4.403
noprofan,4.403
electrifyingli,4.403
stiffer,4.403
balmi,4.403
235,4.403
sir,4.398
sold,4.397
backdrop,4.396
previou,4.390
explod,4.384
awkward,4.379
destin,4.377
impecc,4.377
expert,4.376
recognit,4.375
graviti,4.375
ambit,4.372
showcas,4.365
card,4.364
tini,4.363
holi,4.357
imit,4.356
reprint,4.352
timet,4.352
film4,4.352
ursula,4.352
flippantli,4.352
southpark,4.352
shambol,4.352
discrib,4.352
maxi,4.352
talon,4.352
easton,4.352
seaton,4.352
ran,4.345
presid,4.342
punish,4.340
spite,4.340
luck,4.336
embodi,4.335
eeri,4.334
jack,4.324
underr,4.323
sensat,4.317
heartbreak,4.316
shut,4.314
h,4.310
sudden,4.308
curiou,4.308
patoi,4.306
mainlin,4.306
shoplift,4.306
blither,4.306
ponc,4.306
pimpin,4.306
peddler,4.306
thecharact,4.306
50m,4.306
ruff,4.306
plunkett,4.306
2m,4.306
uck,4.306
raff,4.306
winch,4.306
height,4.299
medium,4.297
string,4.297
invest,4.295
increas,4.294
address,4.294
foot,4.292
lame,4.288
dimens,4.288
fourth,4.287
scheme,4.280
alik,4.277
cheat,4.276
facial,4.266
advantag,4.265
ard,4.265
duracel,4.265
exemplif,4.265
snooker,4.265
hagiographi,4.265
scotish,4.265
trainwreck,4.265
billiard,4.265
catchiest,4.265
pineappl,4.265
kanobi,4.265
barki,4.265
north,4.263
bet,4.259
25,4.251
subsequ,4.249
feet,4.238
gameshow,4.227
sectarian,4.227
barfli,4.227
anarcho,4.227
retrograd,4.227
cot,4.227
electronica,4.227
debutant,4.227
interviewe,4.227
space,4.222
instantli,4.221
debat,4.221
vulner,4.221
jail,4.220
sport,4.219
pre,4.217
larger,4.215
anderson,4.215
potter,4.213
par,4.210
enorm,4.208
conclud,4.208
freak,4.204
stare,4.199
son,4.195
franc,4.194
cul,4.192
brent,4.192
unprincipl,4.192
guarente,4.192
sky,4.188
blew,4.188
prior,4.185
ring,4.184
gradual,4.182
shift,4.173
woodi,4.172
below,4.168
deliber,4.167
prevent,4.165
deadli,4.163
pharmacist,4.160
checkout,4.160
tard,4.160
milkbar,4.160
goodfellow,4.160
druggist,4.160
laughingli,4.160
narrar,4.160
meanwhil,4.150
alter,4.150
woman,4.147
mesmer,4.144
chief,4.133
reservoir,4.132
thesp,4.130
butant,4.130
gm,4.130
acur,4.130
bmw,4.130
anorak,4.130
gurn,4.130
amongst,4.130
emerg,4.124
weight,4.123
thoma,4.117
king,4.116
target,4.109
storm,4.108
blind,4.107
stunt,4.104
seedier,4.102
guileless,4.102
quizz,4.102
9s,4.102
countless,4.096
resembl,4.095
unabl,4.084
hugh,4.083
takeoff,4.076
korda,4.076
vilest,4.076
forag,4.076
rigour,4.076
ecstaci,4.076
collud,4.076
lucidli,4.076
actuali,4.076
mari,4.069
devic,4.057
vs,4.057
coupon,4.051
jugular,4.051
sulki,4.051
inexist,4.051
gormless,4.051
splashi,4.051
sovereign,4.051
shortsight,4.051
airway,4.051
keg,4.051
spiki,4.051
skulk,4.051
luckless,4.051
knock,4.041
chao,4.039
zippi,4.028
coteri,4.028
intruig,4.028
smorgasbord,4.028
dilettant,4.028
tbh,4.028
taper,4.028
meani,4.028
750,4.028
nicotin,4.028
dozen,4.017
virtual,4.011
neo,4.010
dublin,4.005
loach,4.005
bedsheet,4.005
white,3.988
headfirst,3.984
fictiv,3.984
europa,3.984
nitwit,3.984
intern,3.984
creation,3.980
sacrific,3.977
gorgeou,3.971
synops,3.964
pawnbrok,3.964
cultish,3.964
toothbrush,3.964
bookshop,3.964
foppish,3.964
jinx,3.964
impur,3.964
videostor,3.964
devianc,3.964
sentenc,3.960
intellectu,3.958
method,3.951
theater,3.947
anathema,3.945
hmmmmm,3.945
henderson,3.945
ked,3.945
disloy,3.945
rif,3.945
hairdress,3.945
resist,3.944
doom,3.944
lone,3.935
organ,3.932
hair,3.931
trilog,3.930
60,3.928
nonconformist,3.926
traips,3.926
kickin,3.926
thewli,3.926
moiv,3.926
unannounc,3.926
offshoot,3.926
troi,3.926
genu,3.926
endearingli,3.926
burnout,3.926
foursom,3.908
crowley,3.908
liz,3.908
charmless,3.908
unattend,3.908
anu,3.908
worryingli,3.908
disus,3.908
pear,3.908
castig,3.908
oaf,3.908
porcelain,3.908
encycloped,3.908
rucku,3.908
broadest,3.908
categori,3.900
cynic,3.892
md,3.891
flix,3.891
johhni,3.891
replac,3.890
clue,3.890
humorist,3.875
cthank,3.875
tellingli,3.875
diaz,3.875
hubbub,3.875
seatbelt,3.875
outgrow,3.875
warhol,3.875
goldmin,3.875
debauch,3.875
libido,3.875
island,3.873
belief,3.869
prequel,3.860
malta,3.859
pleasantri,3.859
gaggl,3.859
deadbeat,3.859
temptress,3.859
addam,3.859
bourgeoisi,3.859
grittiest,3.859
curio,3.859
hint,3.857
grown,3.850
broken,3.850
sobrieti,3.844
yvelin,3.844
bfi,3.844
sausag,3.844
beetl,3.844
baloney,3.844
abstain,3.844
sac,3.844
enumer,3.844
characht,3.844
legend,3.840
bedridden,3.829
korova,3.829
bile,3.829
unkempt,3.829
138,3.829
encircl,3.829
hill,3.829
charg,3.824
reli,3.821
complaint,3.820
timeless,3.815
disassoci,3.815
flynt,3.815
wilt,3.815
fizz,3.815
ruptur,3.815
malcont,3.815
thickli,3.815
materialis,3.815
gawd,3.815
extend,3.808
27th,3.801
washroom,3.801
pansi,3.801
applianc,3.801
apropo,3.801
twing,3.801
prudent,3.801
subsist,3.801
underclass,3.801
holier,3.801
six,3.799
began,3.798
warmong,3.788
elop,3.788
wen,3.788
peculiarli,3.788
unit,3.787
tradit,3.784
g,3.778
felin,3.775
abbey,3.775
solicit,3.775
vibrantli,3.775
swill,3.775
bizzar,3.775
transvestit,3.775
avp,3.775
tonic,3.775
flirtat,3.775
gwh,3.775
extric,3.775
shorthand,3.762
darksid,3.762
miik,3.762
artless,3.762
finnish,3.762
colloqui,3.762
gp,3.762
fittest,3.762
purposeless,3.762
versail,3.762
doodl,3.762
calmer,3.762
shaven,3.750
skimpi,3.750
thrall,3.750
154,3.750
crock,3.750
immortalis,3.750
encrust,3.750
dauphin,3.738
disarray,3.738
hare,3.738
britney,3.738
forego,3.738
drinker,3.738
ladi,3.738
civil,3.737
max,3.731
liabl,3.727
siskel,3.727
intak,3.727
foreplay,3.727
abit,3.727
biggi,3.727
feint,3.727
intrest,3.727
esq,3.727
pushi,3.727
hasnt,3.727
ohhh,3.727
abet,3.727
boardwalk,3.727
aco,3.715
briton,3.715
mirth,3.715
furrow,3.715
triumvir,3.715
weren,3.713
termin,3.709
sugarcoat,3.704
cogniz,3.704
shoestr,3.704
emaci,3.704
bleakest,3.704
membership,3.704
pungent,3.704
thrillingli,3.704
snoop,3.704
logic,3.699
moralis,3.694
salad,3.694
scotsman,3.694
brighton,3.694
bugger,3.694
tourism,3.694
oldman,3.689
iceland,3.683
cuddl,3.683
inertia,3.683
consequenti,3.683
hedeen,3.683
picker,3.673
hearted,3.673
excitingli,3.673
wittiest,3.673
10p,3.663
stoni,3.663
popularli,3.663
squat,3.663
outgrown,3.663
mclane,3.663
aww,3.663
plotless,3.653
bingo,3.653
soot,3.653
hitter,3.653
trier,3.653
pronunci,3.653
jobless,3.653
alterc,3.653
vigour,3.653
polarisdib,3.644
egomaniac,3.644
blackli,3.644
grung,3.644
uglier,3.644
scuffl,3.644
separ,3.638
transact,3.634
convuls,3.634
wallpap,3.634
quiz,3.634
mortgag,3.634
sugarco,3.634
glutton,3.634
ship,3.634
wood,3.628
countercultur,3.625
cyclic,3.625
alphabet,3.625
presto,3.625
thankyou,3.625
seami,3.625
bard,3.625
premis,3.623
monik,3.616
tract,3.616
rebuk,3.616
furnac,3.616
carnal,3.616
ballist,3.616
awe,3.609
purveyor,3.607
dung,3.607
handcuff,3.607
capitol,3.607
mortifi,3.607
donkey,3.607
faintli,3.607
commun,3.606
tran,3.599
travail,3.599
voraci,3.599
schemer,3.599
dorm,3.599
interlac,3.590
crud,3.590
flung,3.590
inaud,3.590
quell,3.590
soni,3.590
orb,3.590
sharpest,3.582
whitewash,3.582
ft,3.582
lax,3.582
sunken,3.582
pepsi,3.582
steven,3.578
underw,3.574
tobacco,3.574
lem,3.574
leash,3.574
ergo,3.574
gari,3.566
atleast,3.566
haggard,3.566
illegitim,3.566
sickeningli,3.566
drudgeri,3.566
daresay,3.566
awsom,3.566
evergreen,3.566
scrupl,3.566
breathtak,3.558
oxymoron,3.558
huddl,3.558
puni,3.558
disench,3.558
oncom,3.558
untrustworthi,3.558
romanticis,3.558
door,3.556
blockbust,3.555
reinterpret,3.550
vernacular,3.550
stupor,3.550
snipe,3.550
elaps,3.550
chais,3.543
warmer,3.543
colorless,3.543
epidem,3.543
receipt,3.543
scenarist,3.543
luca,3.542
depart,3.540
seven,3.538
oasi,3.535
clinton,3.535
sexiest,3.535
detect,3.535
childhood,3.534
accomplish,3.532
super,3.531
pluse,3.528
treatis,3.528
fiber,3.528
heav,3.528
phew,3.528
cuff,3.528
studio,3.528
enemi,3.524
hunt,3.523
funnili,3.521
unrepent,3.521
holland,3.521
prude,3.521
plunder,3.521
troublemak,3.521
charter,3.521
buoy,3.521
unshak,3.521
heartbreakingli,3.521
nil,3.521
creatur,3.517
dale,3.514
unsentiment,3.514
sorbonn,3.514
asinin,3.514
schooler,3.514
cleverest,3.507
wiggl,3.507
linu,3.507
fuck,3.500
flutter,3.500
briskli,3.500
madcap,3.493
deject,3.493
extol,3.493
willpow,3.493
poo,3.493
craven,3.493
denot,3.487
paulin,3.487
dole,3.487
meanest,3.480
cadenc,3.480
ore,3.480
upto,3.480
pint,3.480
heh,3.480
ang,3.480
top250,3.474
succinct,3.474
horrifyingli,3.468
hypothet,3.468
pitiabl,3.468
seattl,3.468
backsid,3.468
constru,3.468
linguist,3.468
coulardeau,3.461
someway,3.461
praiseworthi,3.461
ware,3.461
invalu,3.461
queasi,3.455
dammit,3.455
biz,3.455
debas,3.455
nirvana,3.455
t1,3.449
invert,3.449
destitut,3.449
jitteri,3.443
pillag,3.443
reevalu,3.443
worldview,3.443
feverish,3.443
vehement,3.443
tribun,3.443
scruffi,3.437
opaqu,3.437
disaffect,3.437
slayer,3.437
modernist,3.437
scribbl,3.437
discreet,3.437
milkshak,3.437
pb,3.431
dye,3.431
nauseou,3.431
cking,3.431
hothead,3.431
dimwit,3.431
hehe,3.426
unus,3.426
scarili,3.426
brandon,3.426
lotteri,3.426
brillant,3.426
skewer,3.426
angrili,3.420
strait,3.420
woken,3.420
freight,3.420
race,3.417
zillion,3.414
incis,3.414
amusingli,3.414
miscarriag,3.414
woeful,3.414
abhor,3.409
adag,3.409
compat,3.409
concurr,3.409
apologis,3.409
singularli,3.403
flurri,3.403
interject,3.403
unriv,3.398
elong,3.393
zeal,3.393
puff,3.393
terroris,3.393
devilishli,3.393
bungl,3.393
circumstanti,3.387
fling,3.387
grime,3.387
brazen,3.387
whew,3.387
2001,3.384
hideous,3.382
revil,3.382
posh,3.382
deviant,3.382
irrespect,3.382
reef,3.377
dissimilar,3.377
cassett,3.377
bridget,3.377
turf,3.377
dopey,3.377
olymp,3.377
bowel,3.372
espous,3.372
hurdl,3.372
doorstep,3.372
wb,3.367
mire,3.367
unpretenti,3.367
allevi,3.367
unsung,3.367
91,3.367
debri,3.367
fire,3.367
mush,3.362
breviti,3.362
traffick,3.362
fraudul,3.362
zeitgeist,3.362
moros,3.362
unappreci,3.362
shack,3.357
excerpt,3.357
remorseless,3.357
raptur,3.357
dastardli,3.357
disk,3.352
taker,3.352
compli,3.352
threshold,3.352
porter,3.352
lingo,3.347
charmingli,3.347
dingi,3.347
locomot,3.343
footnot,3.343
bleep,3.343
misl,3.343
marker,3.343
costum,3.342
hitchcock,3.339
normalci,3.338
stash,3.338
engrav,3.338
discont,3.338
sow,3.338
consent,3.338
51,3.333
minded,3.333
braindead,3.333
te,3.333
throughli,3.333
dj,3.333
needn,3.333
deris,3.329
incur,3.329
revuls,3.329
bender,3.329
pf,3.329
credenc,3.329
excis,3.329
76,3.329
hyperact,3.324
pollack,3.324
unabashedli,3.320
snag,3.320
decrepit,3.320
peev,3.320
thursday,3.320
geniou,3.320
bask,3.320
prescript,3.315
rhythmic,3.311
gleeful,3.311
boundless,3.311
unwelcom,3.311
afloat,3.311
offenc,3.311
dabbl,3.311
anew,3.306
didact,3.306
breach,3.306
tempera,3.306
nudg,3.306
orderli,3.306
helluva,3.306
unev,3.302
synthet,3.302
inquir,3.298
hipster,3.298
facilit,3.298
abhorr,3.298
reactionari,3.298
dour,3.298
harri,3.297
machinist,3.294
starkli,3.294
damm,3.294
notebook,3.294
rapport,3.294
verbos,3.289
conformist,3.289
cola,3.289
satellit,3.285
inhibit,3.285
rundown,3.285
inequ,3.285
variabl,3.281
overdr,3.281
affabl,3.281
safer,3.277
fad,3.277
liquor,3.277
sadder,3.277
frontal,3.277
figment,3.277
affin,3.273
naivet,3.273
tempor,3.273
instantan,3.273
alloc,3.269
amok,3.269
earthi,3.269
evenli,3.269
slump,3.269
genial,3.269
rom,3.269
humanli,3.265
disney,3.265
karma,3.261
mania,3.261
catalog,3.261
sketchi,3.261
layout,3.261
impoverish,3.257
doorway,3.257
unattract,3.257
slime,3.253
lola,3.253
achingli,3.253
toil,3.253
cackl,3.253
reciev,3.249
seper,3.249
surg,3.249
rash,3.246
leviti,3.246
snarl,3.246
riff,3.246
carrier,3.246
highland,3.246
zen,3.242
perenni,3.238
berat,3.238
gutsi,3.234
seinfeld,3.234
stylishli,3.234
forewarn,3.234
undevelop,3.231
prank,3.227
nothing,3.227
mercuri,3.227
verisimilitud,3.224
muck,3.224
weighti,3.224
trustworthi,3.224
momentarili,3.224
idiosyncrasi,3.224
fittingli,3.224
diatrib,3.220
thatcher,3.220
powder,3.220
15th,3.216
plaster,3.216
misinterpret,3.216
wrist,3.216
gleam,3.216
dillon,3.216
tabloid,3.216
disinterest,3.213
softer,3.213
greas,3.213
inconveni,3.213
bitterli,3.209
gambler,3.206
weirdli,3.206
interconnect,3.203
stupidli,3.203
devote,3.203
dylan,3.203
dracula,3.203
teeter,3.203
aloud,3.199
expression,3.199
matrix,3.197
heartili,3.196
bygon,3.196
reap,3.196
muppet,3.196
tomb,3.192
urin,3.192
humanitarian,3.192
outward,3.189
lar,3.189
gratif,3.189
ne,3.189
newbi,3.189
throb,3.189
130,3.186
hefti,3.186
dart,3.182
gum,3.182
croni,3.182
cocktail,3.182
impetu,3.182
shortest,3.182
wither,3.179
mellow,3.179
lent,3.179
96,3.179
blare,3.179
advert,3.179
mantra,3.179
predict,3.179
seventeen,3.176
scenic,3.176
filmgoer,3.173
overst,3.170
overrid,3.170
fiend,3.170
defiant,3.170
overtak,3.170
ceo,3.170
skil,3.170
eschew,3.166
dutch,3.166
sensori,3.166
comeupp,3.166
kramer,3.166
astoundingli,3.166
hectic,3.166
weirdo,3.166
kindergarten,3.163
reaffirm,3.163
tuesday,3.160
connot,3.160
starvat,3.160
introductori,3.157
drawer,3.157
column,3.157
10http,3.157
sleeper,3.157
survey,3.157
uncar,3.154
nay,3.154
discredit,3.154
pyrotechn,3.154
underpin,3.151
endeavour,3.151
elementari,3.151
emphat,3.151
loot,3.151
bystand,3.148
wasnt,3.148
sunk,3.145
89,3.145
submerg,3.142
bobafett1138,3.142
replica,3.142
peripher,3.142
pong,3.142
buyer,3.142
maim,3.139
flavour,3.139
antithesi,3.139
sp,3.136
ditto,3.136
godfath,3.136
cutesi,3.133
spun,3.133
reflex,3.130
abroad,3.130
shone,3.130
polit,3.127
beep,3.127
herman,3.127
phenomena,3.125
aloof,3.125
outlet,3.125
blueprint,3.125
dawson,3.122
easter,3.122
tier,3.119
naughti,3.119
postmodern,3.119
loung,3.119
dodgi,3.116
puke,3.116
recess,3.113
dishonest,3.113
stripe,3.113
empathet,3.110
summaris,3.110
overdu,3.110
stereo,3.110
thicken,3.110
rosi,3.108
mistrust,3.108
sneer,3.108
hilt,3.108
bearabl,3.108
anthem,3.108
ratchet,3.105
villian,3.105
sombr,3.105
delarg,3.105
aussi,3.102
upstag,3.102
errat,3.102
grappl,3.102
pitfal,3.102
mimick,3.102
breaker,3.102
unbias,3.100
backlash,3.100
choru,3.100
unreli,3.100
quicker,3.097
sneaki,3.097
jacqu,3.094
spurt,3.094
abnorm,3.092
milieu,3.092
avers,3.092
juici,3.092
unapologet,3.089
parasit,3.089
toxic,3.086
railway,3.086
strangest,3.084
sweati,3.084
misstep,3.084
mould,3.084
commod,3.084
thirdli,3.081
scath,3.081
callou,3.081
carbon,3.081
toddler,3.081
circa,3.078
statist,3.078
knive,3.076
georg,3.076
dichotomi,3.073
limelight,3.073
brass,3.073
dictionari,3.073
sidelin,3.073
prematur,3.073
tougher,3.073
fav,3.071
anecdot,3.071
slot,3.071
formerli,3.071
mistakenli,3.071
cautionari,3.068
winc,3.066
pee,3.066
invari,3.066
ive,3.066
graini,3.066
spear,3.063
vapid,3.063
overnight,3.061
trashi,3.061
soup,3.061
pertain,3.058
usher,3.058
shortag,3.058
supris,3.058
coup,3.056
ireland,3.056
port,3.056
slack,3.056
65,3.053
brag,3.053
onscreen,3.053
dunno,3.053
snort,3.051
narcissist,3.051
filmic,3.049
offset,3.049
googl,3.044
renaiss,3.044
booz,3.044
divulg,3.044
attic,3.042
brightest,3.042
crass,3.042
unknowingli,3.039
treacheri,3.039
straw,3.039
walsh,3.037
mist,3.035
nux,3.032
tenth,3.030
tapestri,3.030
chillingli,3.030
transfix,3.030
revert,3.030
wallow,3.028
yank,3.028
apathi,3.025
needlessli,3.023
gimmicki,3.023
infest,3.021
counterpoint,3.021
tee,3.021
unavoid,3.019
compact,3.019
astut,3.019
33,3.016
sailor,3.016
fearsom,3.012
stylis,3.010
nerdi,3.007
unfairli,3.005
noon,3.005
grudg,3.005
utilis,3.005
judd,3.003
juggl,3.003
98,3.003
everlast,3.001
10th,3.001
boogi,2.999
solitud,2.999
resound,2.999
glorif,2.999
gravit,2.997
empathis,2.997
bullshit,2.997
amalgam,2.997
grandpar,2.995
pantheon,2.992
swagger,2.992
7th,2.992
bruis,2.992
erot,2.992
moviemak,2.992
acut,2.992
plainli,2.992
diana,2.990
dupe,2.990
consensu,2.990
dud,2.990
empow,2.988
unanim,2.988
qualm,2.986
soften,2.986
melanchol,2.986
whim,2.986
outta,2.984
vacuum,2.984
daze,2.982
proverbi,2.982
paradiso,2.980
escapist,2.980
ny,2.980
april,2.978
feisti,2.978
ck,2.978
blanket,2.978
impression,2.978
semin,2.976
dolli,2.974
ting,2.974
beacon,2.974
intervent,2.972
accordingli,2.972
unwant,2.972
unmiss,2.972
thwart,2.972
loudli,2.970
thereaft,2.970
octan,2.970
brawl,2.968
embellish,2.968
doesnt,2.964
vicious,2.962
pledg,2.962
sid,2.962
griev,2.962
vaniti,2.960
1967,2.960
rigid,2.960
nonstop,2.960
sung,2.958
detriment,2.958
unsympathet,2.958
dilut,2.958
chef,2.956
herein,2.954
willingli,2.954
prohibit,2.954
reappear,2.954
moan,2.954
album,2.954
distast,2.952
ugh,2.952
susan,2.950
mandatori,2.950
hbo,2.948
ram,2.948
tube,2.948
teaser,2.948
smartli,2.948
restless,2.948
throwback,2.947
repel,2.947
allegedli,2.947
taint,2.947
constraint,2.947
ate,2.945
canada,2.945
shirley,2.945
indescrib,2.945
smartest,2.945
abli,2.943
recaptur,2.943
loui,2.941
cigar,2.941
hyperbol,2.941
ambival,2.941
bin,2.941
darken,2.939
hijack,2.939
criterion,2.939
visitor,2.939
rea,2.939
hellish,2.937
clan,2.937
amazon,2.935
torch,2.935
heavenli,2.933
dip,2.933
platform,2.933
toughest,2.932
council,2.932
wherein,2.930
reconcil,2.930
synonym,2.928
contradictori,2.928
ping,2.928
permit,2.928
hindsight,2.926
vignett,2.926
joyou,2.926
unimport,2.926
tho,2.921
penchant,2.919
onward,2.917
ditch,2.917
botch,2.917
suburbia,2.915
frighteningli,2.914
timid,2.912
novelist,2.912
catalyst,2.912
drench,2.912
assort,2.912
broker,2.912
esp,2.908
bestow,2.908
ounc,2.905
eyebrow,2.905
fewer,2.903
incarcer,2.903
homeless,2.902
scrutini,2.902
calibr,2.902
prone,2.902
arous,2.900
underscor,2.900
deviou,2.900
nanci,2.900
programm,2.900
intensifi,2.898
overload,2.896
nobel,2.896
interwoven,2.895
thou,2.893
postur,2.891
radiat,2.891
adulthood,2.891
agreement,2.891
ostens,2.890
prosper,2.890
tide,2.890
outdoor,2.890
inflat,2.890
conspir,2.890
persuas,2.888
harrelson,2.888
summon,2.886
embed,2.886
knuckl,2.886
clarifi,2.886
exceedingli,2.885
beef,2.885
cleaner,2.883
gravita,2.881
spew,2.881
vessel,2.881
yarn,2.880
hinder,2.880
exuber,2.880
dreami,2.878
amplifi,2.878
incompar,2.877
elud,2.877
brute,2.875
lament,2.875
batter,2.873
enact,2.872
interven,2.872
strap,2.872
til,2.870
belli,2.869
fieri,2.869
disturbingli,2.867
incorrect,2.867
9000,2.867
crank,2.867
retro,2.865
timer,2.865
casualti,2.864
blog,2.864
decidedli,2.864
amateurish,2.862
intricaci,2.862
glove,2.862
misplac,2.856
materialist,2.853
misfortun,2.853
warehous,2.852
unwil,2.852
doss,2.852
condens,2.852
fog,2.850
repair,2.850
labour,2.850
splash,2.848
caper,2.848
rambo,2.848
cab,2.847
mum,2.847
hopelessli,2.847
perfectionist,2.847
deciph,2.847
analys,2.847
drab,2.845
dualiti,2.845
courtesi,2.845
soulless,2.844
falter,2.842
27,2.841
puriti,2.841
outcast,2.838
cabin,2.838
sewer,2.838
stabl,2.837
pic,2.837
turkish,2.837
goodi,2.837
readili,2.835
fluff,2.835
pistol,2.835
crouch,2.834
deaf,2.832
obligatori,2.831
consumer,2.829
satisfactori,2.829
salt,2.828
navig,2.828
cream,2.828
oneself,2.826
litter,2.826
clerk,2.825
commonli,2.823
emphasis,2.822
pollut,2.822
keith,2.822
disput,2.821
etch,2.819
superstar,2.818
harmless,2.818
magnum,2.818
fraud,2.818
plod,2.818
decenc,2.816
laps,2.816
saddest,2.816
cam,2.816
zombi,2.812
eerili,2.812
morbid,2.811
disastr,2.811
exorcist,2.811
yep,2.811
inadvert,2.811
spars,2.809
extravag,2.808
passeng,2.807
palm,2.807
nope,2.805
multitud,2.804
swamp,2.804
subvers,2.803
uniformli,2.801
stitch,2.801
havoc,2.801
recept,2.798
aptli,2.797
allus,2.797
prioriti,2.797
uh,2.796
stealer,2.794
clearer,2.794
inept,2.794
lunch,2.793
persever,2.793
vacat,2.792
alleg,2.792
joint,2.789
handedli,2.788
financ,2.788
clueless,2.788
pad,2.787
submiss,2.784
flamboy,2.784
likeabl,2.784
unpreced,2.784
quirk,2.783
feroci,2.783
lifeless,2.780
bucket,2.779
tack,2.777
esteem,2.775
somber,2.775
pawn,2.775
violat,2.774
tax,2.772
frenzi,2.771
ongo,2.771
plead,2.771
prowess,2.770
invok,2.770
randomli,2.769
brim,2.769
coke,2.769
yourselv,2.767
patch,2.766
bewild,2.766
schedul,2.766
incomplet,2.766
hippi,2.764
colin,2.762
corn,2.762
stack,2.762
enslav,2.762
liquid,2.761
bewar,2.761
knack,2.761
giggl,2.760
rub,2.760
endeavor,2.759
hackman,2.759
rariti,2.757
extern,2.757
comrad,2.757
suppress,2.756
romantic,2.756
shorten,2.755
indel,2.755
impend,2.754
blair,2.754
tame,2.751
perplex,2.750
recit,2.749
drone,2.749
introspect,2.748
chat,2.745
predica,2.745
alarm,2.745
atroci,2.745
immacul,2.744
fri,2.743
occurr,2.741
lightn,2.741
versa,2.741
fragment,2.738
dish,2.738
trivia,2.737
static,2.737
fruit,2.737
didnt,2.735
heel,2.735
toll,2.733
viru,2.733
dens,2.732
recur,2.732
spoon,2.731
countrysid,2.731
hallway,2.731
organis,2.729
seed,2.729
invinc,2.729
se,2.729
illumin,2.725
sydney,2.725
spooki,2.724
artsi,2.723
novella,2.722
session,2.722
sour,2.721
singular,2.721
punctuat,2.720
stapl,2.720
philadelphia,2.719
constitut,2.718
gush,2.718
misguid,2.716
monstrou,2.715
emul,2.714
masculin,2.714
abruptli,2.713
percent,2.712
sail,2.712
shave,2.712
ordeal,2.712
filmographi,2.710
medit,2.710
elect,2.710
architectur,2.710
omar,2.709
spontan,2.709
farc,2.709
mobil,2.709
pi,2.708
exemplifi,2.706
corridor,2.705
scatter,2.705
unquestion,2.704
rude,2.701
bloodsh,2.700
weigh,2.699
150,2.699
mesmeris,2.698
blatantli,2.697
remad,2.697
disgrac,2.696
uncertainti,2.695
larri,2.695
artwork,2.695
q,2.694
wrongli,2.694
preval,2.694
fearless,2.694
undertak,2.694
region,2.694
primal,2.693
stamp,2.693
immor,2.690
wasteland,2.689
stern,2.689
foil,2.688
closet,2.687
squeez,2.687
incompet,2.685
anchor,2.685
bounc,2.682
rag,2.681
phase,2.681
margin,2.680
virgin,2.679
infus,2.679
chord,2.679
fleet,2.679
sloppi,2.679
deterior,2.678
enrich,2.678
goof,2.678
downhil,2.676
uncanni,2.675
appl,2.675
everyman,2.675
sear,2.674
lighter,2.673
poke,2.672
steam,2.672
hurri,2.671
coward,2.671
anonym,2.671
forgiven,2.670
relish,2.668
er,2.668
classi,2.668
surrend,2.667
onlin,2.667
regularli,2.667
disconnect,2.664
exterior,2.664
heartless,2.663
demeanor,2.663
bubbl,2.663
choke,2.662
spellbind,2.662
advers,2.662
entiti,2.661
departur,2.661
slasher,2.661
weaker,2.660
masterwork,2.660
bud,2.659
potent,2.659
incomprehens,2.657
300,2.656
inclin,2.655
uninspir,2.655
5th,2.653
novemb,2.653
regain,2.653
huh,2.653
smallest,2.652
ross,2.651
licens,2.651
pepper,2.651
conjur,2.651
seduct,2.651
slam,2.651
grandios,2.647
shove,2.647
sane,2.647
repress,2.646
conform,2.645
outright,2.644
chees,2.643
claud,2.642
overpow,2.642
restrict,2.641
beethoven,2.640
therapi,2.638
untouch,2.638
triumphant,2.638
cap,2.637
undermin,2.636
tiresom,2.636
raid,2.635
pioneer,2.633
seduc,2.633
polar,2.633
schizophren,2.632
lurk,2.631
fabl,2.631
inappropri,2.631
brick,2.628
ps,2.623
roar,2.622
meal,2.622
ss,2.622
drunken,2.622
nitpick,2.619
banter,2.619
unconsci,2.617
someday,2.617
global,2.617
reliev,2.616
btw,2.616
maze,2.614
500,2.614
abrupt,2.614
impuls,2.613
wine,2.611
trainer,2.610
gt,2.608
longest,2.607
artistri,2.607
instruct,2.607
escal,2.607
disc,2.605
debt,2.605
envelop,2.605
tea,2.601
australian,2.600
femm,2.600
digest,2.600
shiver,2.600
obnoxi,2.600
avid,2.599
necess,2.598
evey,2.596
sheep,2.596
21,2.596
luxuri,2.594
unforgiv,2.593
catchi,2.591
boom,2.590
convert,2.590
sidney,2.590
spit,2.589
tiger,2.588
lumet,2.588
goosebump,2.587
gilliam,2.586
funer,2.585
wield,2.585
sappi,2.585
paragraph,2.584
profoundli,2.582
redford,2.581
candid,2.580
shield,2.580
inexplic,2.578
jare,2.577
imo,2.576
grandfath,2.576
outlin,2.576
capac,2.576
facet,2.575
cement,2.574
stray,2.574
snap,2.573
crappi,2.573
bb,2.572
compon,2.572
entitl,2.572
monoton,2.572
angst,2.569
endlessli,2.569
bent,2.568
robinson,2.568
drove,2.568
wet,2.566
trauma,2.565
hostil,2.564
epic,2.563
properti,2.563
1991,2.560
applaus,2.560
compens,2.559
recogniz,2.559
psychologist,2.558
anim,2.555
chick,2.554
substanti,2.554
gabl,2.553
injuri,2.552
overus,2.551
seldom,2.549
disregard,2.549
unconvinc,2.547
articl,2.547
worship,2.547
bean,2.546
legitim,2.545
friday,2.544
maximum,2.544
1976,2.544
leto,2.544
entireti,2.544
request,2.544
mode,2.542
rotten,2.541
incident,2.541
blatant,2.541
manifest,2.541
tramp,2.541
foreshadow,2.541
inabl,2.541
flair,2.540
peril,2.540
chicago,2.539
absent,2.539
warrant,2.537
gothic,2.537
yellow,2.535
radic,2.534
conserv,2.534
nomine,2.533
flop,2.533
brazil,2.531
fluid,2.531
senseless,2.531
distort,2.531
geek,2.530
profess,2.529
drill,2.528
shaki,2.528
y,2.528
alexand,2.527
smoothli,2.527
quietli,2.526
equip,2.525
repris,2.525
19,2.524
evalu,2.522
mileston,2.522
qualifi,2.521
thrust,2.521
moron,2.520
delet,2.518
garden,2.518
fragil,2.517
4th,2.517
foul,2.516
pray,2.515
amateur,2.515
minimum,2.513
pet,2.512
declin,2.511
donald,2.509
feast,2.508
enigmat,2.507
publish,2.506
sixti,2.506
texa,2.506
heap,2.506
invad,2.505
prevail,2.504
steadi,2.503
hammer,2.503
diseas,2.501
stimul,2.500
sneak,2.498
1989,2.497
crop,2.497
worn,2.495
coolest,2.495
restrain,2.494
2014,2.494
sweat,2.493
stroke,2.492
200,2.491
colleagu,2.491
mozart,2.489
lip,2.489
effici,2.489
agenda,2.489
epitom,2.489
le,2.487
mild,2.487
hawk,2.485
wrath,2.484
ted,2.483
chew,2.482
audio,2.482
reunit,2.482
likewis,2.480
plight,2.479
arabia,2.478
unhappi,2.478
reviv,2.478
guest,2.477
ah,2.476
bow,2.475
tick,2.474
pour,2.474
plastic,2.473
birthday,2.473
heighten,2.472
web,2.472
gear,2.471
reel,2.470
signatur,2.470
slightest,2.468
merci,2.468
poetri,2.468
ace,2.466
mock,2.466
trace,2.462
enforc,2.461
automat,2.461
zoom,2.461
graduat,2.459
2007,2.456
imaginari,2.456
overlong,2.454
et,2.454
visibl,2.453
festiv,2.451
implic,2.450
hood,2.449
rant,2.448
durden,2.448
egg,2.448
drain,2.447
nativ,2.446
goofi,2.445
pseudo,2.442
delici,2.439
pen,2.439
2006,2.439
interrog,2.437
gate,2.435
ration,2.434
spring,2.433
cari,2.432
fx,2.432
dick,2.431
weakest,2.431
choreographi,2.431
trigger,2.429
durat,2.426
gray,2.426
boil,2.423
gestur,2.423
2004,2.422
factori,2.422
suffic,2.421
impos,2.419
seamlessli,2.418
secondari,2.418
complement,2.418
seller,2.415
orchestr,2.415
california,2.415
sorrow,2.414
pearl,2.414
champion,2.410
elli,2.409
notori,2.408
swallow,2.408
tonight,2.407
greedi,2.407
clown,2.407
spoke,2.407
inhuman,2.407
fetch,2.406
melodramat,2.404
cuckoo,2.403
claustrophob,2.401
stab,2.400
preced,2.399
collaps,2.399
smell,2.397
speechless,2.395
adequ,2.394
respond,2.393
linda,2.393
brood,2.392
themat,2.391
distinguish,2.390
staff,2.389
pregnant,2.387
spotlight,2.387
boredom,2.387
spine,2.384
convolut,2.384
fundament,2.383
ingredi,2.382
cake,2.381
absenc,2.380
fed,2.379
rightli,2.378
luckili,2.376
weather,2.376
jj,2.375
uninterest,2.374
sustain,2.374
butt,2.374
subtli,2.373
nervou,2.373
versu,2.373
skeptic,2.372
chop,2.372
garner,2.372
fifti,2.372
chronolog,2.372
cave,2.372
decept,2.372
defens,2.371
drew,2.370
polanski,2.370
digniti,2.370
favour,2.368
thief,2.367
loneli,2.366
print,2.366
keen,2.365
gene,2.364
culmin,2.363
bernard,2.363
minim,2.363
chest,2.362
terri,2.361
analysi,2.361
gentl,2.360
von,2.360
gotta,2.357
patienc,2.357
presum,2.357
lynch,2.357
contend,2.356
melodrama,2.356
pit,2.356
unfair,2.356
librari,2.354
uncl,2.354
eager,2.353
scarfac,2.353
scratch,2.353
buri,2.353
cloud,2.352
buck,2.352
empathi,2.351
ensu,2.350
dealt,2.349
aka,2.347
valuabl,2.346
coher,2.345
wealth,2.345
immort,2.345
wipe,2.344
bunni,2.344
leap,2.343
connelli,2.342
deriv,2.342
conscienc,2.342
zone,2.342
torment,2.341
fare,2.341
robberi,2.338
overshadow,2.337
lengthi,2.333
devil,2.332
analyz,2.332
python,2.331
injustic,2.330
mentor,2.330
tender,2.330
bug,2.329
profit,2.328
savag,2.328
bounti,2.327
instinct,2.326
ken,2.325
happili,2.325
downfal,2.324
legaci,2.324
delv,2.321
promin,2.320
incorpor,2.320
jerk,2.317
brook,2.316
rome,2.315
psych,2.312
vital,2.312
dictat,2.312
wealthi,2.310
oil,2.308
2008,2.305
territori,2.305
gag,2.305
nerv,2.305
moviego,2.304
http,2.301
beneath,2.301
oz,2.299
entri,2.297
solut,2.297
leigh,2.296
polish,2.294
princ,2.294
principl,2.294
crisi,2.293
moon,2.293
landmark,2.290
exercis,2.288
relax,2.288
portion,2.286
aesthet,2.283
plausibl,2.283
vertigo,2.282
choreograph,2.281
priest,2.280
conceiv,2.277
exquisit,2.277
applaud,2.276
confin,2.275
nobl,2.275
destini,2.274
corni,2.274
makeup,2.272
vincent,2.271
dust,2.267
poetic,2.263
imprison,2.263
access,2.260
dinner,2.260
nostalgia,2.258
linear,2.257
nine,2.256
shoulder,2.255
strongest,2.253
yesterday,2.252
wander,2.251
fargo,2.251
torn,2.250
emma,2.246
snow,2.245
singer,2.243
rabbit,2.241
stumbl,2.239
feat,2.239
court,2.237
laid,2.237
acknowledg,2.234
insist,2.233
jar,2.232
vengeanc,2.231
reduc,2.228
scar,2.226
pride,2.224
divid,2.222
victori,2.221
slaveri,2.220
block,2.218
jason,2.214
exchang,2.213
vito,2.212
gruesom,2.211
confess,2.209
restor,2.208
indian,2.206
friendli,2.206
invit,2.205
crusad,2.204
stronger,2.203
creator,2.203
bird,2.203
jennif,2.202
jacket,2.202
henc,2.189
popcorn,2.188
basi,2.187
asleep,2.186
leo,2.186
elabor,2.185
crucial,2.184
globe,2.183
1960,2.183
transport,2.179
forgot,2.175
cooper,2.175
expens,2.174
assur,2.174
oliv,2.167
footag,2.165
3d,2.165
boot,2.163
spin,2.161
stranger,2.161
cinematograph,2.161
trial,2.160
corner,2.159
irrit,2.159
struck,2.158
sinist,2.157
w,2.155
fade,2.153
candi,2.153
wing,2.153
liner,2.153
hors,2.151
kudo,2.148
treasur,2.148
galaxi,2.146
wherea,2.144
servic,2.143
lawrenc,2.143
skip,2.142
abram,2.141
dude,2.138
christma,2.136
heck,2.135
roger,2.132
enthral,2.131
corpor,2.129
demon,2.127
serial,2.127
clark,2.127
plant,2.126
helm,2.121
leg,2.119
ticket,2.119
tool,2.118
ambiti,2.115
supposedli,2.113
hall,2.112
lewi,2.109
theatric,2.106
vehicl,2.105
calm,2.104
buff,2.104
elev,2.101
flesh,2.101
sadist,2.101
wound,2.100
pretend,2.097
belov,2.096
paper,2.089
link,2.089
photograph,2.087
accid,2.087
isol,2.087
defend,2.082
directli,2.082
villag,2.080
phone,2.076
carrey,2.068
consider,2.068
heavili,2.067
everywher,2.065
measur,2.061
cameo,2.058
heroic,2.058
pair,2.058
assassin,2.057
puzzl,2.054
crash,2.054
aim,2.053
brown,2.050
bank,2.050
ian,2.048
gump,2.046
wizard,2.045
charli,2.045
etern,2.043
ghost,2.042
titan,2.042
tabl,2.042
solv,2.040
tyler,2.039
fulfil,2.039
religi,2.038
pan,2.033
partner,2.033
oper,2.030
jew,2.029
zimmer,2.024
odyssey,2.019
depp,2.018
rival,2.013
sword,2.011
forth,2.011
hitler,2.010
greed,2.010
report,2.009
parallel,2.008
recal,2.008
cameron,2.006
roman,2.002
colleg,1.998
formula,1.997
paid,1.993
confid,1.987
south,1.982
owner,1.972
sake,1.967
slave,1.960
concentr,1.959
mediocr,1.958
affair,1.950
justifi,1.949
board,1.946
surpass,1.940
disappear,1.939
mob,1.939
hire,1.938
stereotyp,1.936
warm,1.933
desert,1.925
jedi,1.919
giant,1.916
weav,1.916
quiet,1.915
mass,1.915
silenc,1.913
angel,1.909
fake,1.909
princess,1.908
bomb,1.907
sing,1.905
11,1.904
agent,1.892
robot,1.889
statu,1.888
courag,1.887
command,1.886
70,1.883
compos,1.882
profession,1.880
built,1.872
jaw,1.872
matt,1.864
marri,1.856
summer,1.853
shadow,1.847
v,1.846
mask,1.841
jim,1.839
niro,1.838
sceneri,1.833
camp,1.830
x,1.829
remak,1.818
richard,1.817
occur,1.815
husband,1.808
silent,1.798
sister,1.789
captain,1.779
seek,1.776
scott,1.775
andi,1.772
former,1.768
york,1.764
grand,1.759
gangster,1.755
sent,1.753
armi,1.749
r,1.737
dr,1.734
leader,1.732
j,1.723
suspect,1.714
privat,1.714
empir,1.710
thu,1.708
jone,1.706
al,1.695
nicholson,1.691
sam,1.682
planet,1.680
histor,1.661
psycholog,1.656
front,1.643
climax,1.642
women,1.604
gun,1.588
han,1.565
bale,1.522
tom,1.334
michael,1.298
