lecter,3248.992
hannib,2866.464
hopkin,2854.073
claric,2532.575
foster,2201.468
starl,2142.577
lamb,2094.343
buffalo,1784.141
silenc,1673.678
jodi,1649.946
anthoni,1540.491
killer,1241.827
bill,1221.879
serial,1189.041
fbi,1174.355
lector,1075.783
demm,1051.613
her,898.261
dr,764.566
cannib,760.138
thriller,679.563
she,670.139
levin,662.292
ted,648.031
agent,573.340
horror,516.438
jonathan,488.128
he,483.277
traine,452.184
skin,428.805
film,418.304
hi,395.111
crawford,390.033
glenn,383.047
perform,382.295
as,378.045
psycholog,377.467
victim,362.270
s,349.814
suspens,348.790
best,348.295
you,335.337
oscar,318.886
psychopath,310.983
by,296.586
wa,290.733
award,289.946
i,287.460
charact,286.161
scene,283.883
movi,279.984
scari,278.872
veri,278.218
who,274.797
1991,273.973
an,272.822
brilliant,270.688
academi,270.088
thoma,269.679
play,269.503
chill,268.724
one,267.181
harri,267.093
him,266.473
manhunt,257.037
ha,256.021
well,255.567
chilton,254.327
t,252.272
scott,252.086
creepi,250.719
gumb,250.133
on,249.755
actor,247.872
also,245.900
when,244.910
are,244.587
most,244.440
help,244.347
psychiatrist,243.013
role,242.076
10,241.853
good,241.215
we,236.564
with,236.433
scare,234.910
mind,234.520
time,233.829
act,231.974
so,230.464
watch,230.028
more,229.708
ever,227.761
that,227.624
at,225.548
about,225.319
for,225.149
all,223.809
have,223.049
make,221.846
be,220.523
novel,220.376
won,220.355
disturb,220.092
from,219.070
deserv,218.735
me,218.719
cell,217.945
but,217.374
dragon,213.821
not,212.944
get,212.310
villain,211.832
great,211.642
young,211.503
will,210.974
onli,210.897
way,210.797
actress,210.606
which,209.677
into,208.722
give,208.088
just,206.628
intellig,205.609
out,205.538
inform,205.145
pictur,204.907
even,203.757
between,203.699
screen,202.802
there,202.287
they,201.241
my,200.281
or,199.399
interview,199.250
see,198.451
other,197.646
both,197.559
becaus,197.208
can,197.045
murder,196.964
portray,196.266
in,196.142
is,195.072
cannibalist,192.886
what,192.841
like,192.549
if,191.853
book,191.264
realli,191.017
direct,189.861
some,189.129
your,188.985
been,187.665
first,187.449
red,187.216
talli,186.148
would,184.976
seen,182.770
never,182.366
up,181.709
think,180.089
find,180.037
escap,179.910
women,179.600
win,179.041
heald,177.630
doe,177.596
how,176.757
than,176.240
such,174.866
screenplay,172.068
case,171.530
lead,170.554
person,170.349
anoth,169.847
made,168.217
know,168.163
say,166.375
no,166.302
director,166.079
their,165.902
thrill,165.558
perfect,164.907
do,164.165
terrifi,163.602
name,161.881
too,161.768
use,161.618
yet,160.942
two,159.992
woman,158.974
catch,158.167
excel,157.765
much,156.912
don,156.823
sequel,156.720
interest,156.677
while,156.383
fear,155.633
kill,155.623
five,155.063
mani,154.548
amp,154.417
must,154.353
still,153.776
thing,153.435
where,153.042
over,151.497
them,149.403
did,149.233
everi,149.127
plot,148.553
though,148.406
ani,148.319
after,147.932
genr,147.808
to,147.656
assign,147.388
peopl,147.277
jack,147.001
could,146.978
frighten,146.206
work,146.052
feel,145.999
top,145.619
investig,145.483
evil,145.262
prison,145.177
face,145.006
end,144.487
ve,143.869
tri,143.798
stori,143.502
look,140.512
almost,140.105
greatest,138.554
classic,138.210
same,138.172
thi,137.040
those,136.888
it,136.638
believ,135.790
off,135.408
actual,135.102
want,134.797
of,134.215
truli,133.371
femal,133.122
kidnap,133.117
down,133.061
then,132.963
quit,132.918
us,131.076
vulner,130.848
man,129.714
year,129.562
m,129.323
saw,129.170
psycho,129.109
someth,128.508
show,128.459
had,127.774
part,127.672
keep,127.535
sotl,127.492
seem,125.595
senat,125.523
were,125.517
better,125.252
close,124.744
clue,124.468
talk,123.706
befor,123.277
right,122.966
whi,122.843
tension,122.802
read,122.325
adapt,122.302
take,121.834
doesn,121.717
now,121.562
these,121.544
real,121.355
order,121.184
cours,120.915
crime,120.400
gore,120.348
although,120.344
camera,119.625
own,119.405
come,118.138
go,117.866
few,117.818
amaz,117.800
definit,117.318
crimin,117.237
put,116.755
alway,116.372
5,115.840
lot,115.769
monster,115.744
audienc,115.738
turn,115.643
moment,115.342
throughout,115.315
catherin,115.194
may,115.191
recommend,115.155
howev,114.994
dark,114.912
lotion,114.862
eye,114.808
sinc,114.616
happen,113.809
reason,113.773
creat,113.395
again,112.546
especi,112.108
wonder,111.854
becom,111.292
night,111.266
strong,111.011
histori,110.995
through,110.701
enjoy,110.019
sir,109.957
human,109.677
past,109.482
psychot,109.240
appear,109.192
memor,108.947
need,108.749
imprison,108.623
relationship,108.479
viewer,107.621
a,107.618
favorit,107.422
intens,106.326
littl,106.252
rooki,105.788
here,105.627
script,105.042
done,105.040
tell,105.033
away,104.779
incarcer,104.516
shock,104.294
masterpiec,104.208
call,104.066
job,103.669
kind,103.344
main,103.331
didn,103.231
rate,103.226
known,103.122
without,103.006
sens,102.970
anyon,102.582
game,102.150
fascin,102.056
view,101.911
gruesom,101.698
danger,101.495
hous,101.183
meet,101.038
insan,100.421
sent,99.946
moth,99.629
major,99.137
d,99.089
childhood,98.960
isn,98.883
bad,98.815
stand,98.724
fact,98.643
edg,98.426
noth,97.982
let,97.697
daughter,97.505
head,96.885
atmospher,96.883
shore,96.593
perfectli,96.514
rememb,96.350
point,96.303
everyth,96.064
re,96.039
cinema,95.933
light,95.889
cast,95.880
manipul,95.484
final,95.160
our,95.151
got,94.787
enough,94.760
himself,94.741
grip,94.656
seat,94.352
herself,94.303
should,94.154
aspect,93.977
captur,93.890
life,93.621
world,93.551
track,93.456
follow,93.194
love,93.092
involv,92.793
eat,92.644
chianti,92.621
base,91.673
smart,91.541
manag,91.423
score,91.332
star,91.226
bodi,90.555
true,89.857
level,89.736
sure,89.728
b,88.976
deliv,88.716
superb,88.630
releas,88.506
geniu,88.073
entir,88.022
might,87.922
effect,87.830
thought,87.812
abl,87.793
written,87.569
superior,87.431
simpli,87.390
itself,87.362
whole,87.293
togeth,87.219
probabl,86.916
90,86.813
girl,86.658
complet,86.511
power,86.392
opinion,86.328
tens,86.283
hold,86.210
minut,86.207
equal,86.077
train,85.605
rare,85.485
guy,85.384
write,85.182
slasher,85.150
consid,84.964
insight,84.955
violenc,84.877
goe,84.871
everyon,84.787
around,84.671
guard,84.619
absolut,84.260
twist,84.078
far,84.028
clever,83.907
rather,83.817
featur,83.800
hand,83.693
pretti,83.265
incred,82.917
and,82.641
winner,82.592
ll,82.363
music,82.275
onc,82.259
shot,82.205
differ,82.090
detail,82.070
notori,81.859
scream,81.784
mention,81.754
gori,81.621
male,81.604
each,81.363
behind,81.338
doctor,81.332
mysteri,81.254
profil,81.183
set,80.351
convers,80.188
chemistri,79.773
found,79.581
sick,79.290
ask,79.152
extrem,78.846
said,78.641
receiv,78.594
start,78.171
question,78.021
overal,77.996
liver,77.944
except,77.793
mental,77.729
forget,77.548
hope,77.499
back,77.111
mean,76.908
possibl,76.895
els,76.652
brilliantli,76.570
reveal,76.511
forc,76.260
develop,76.125
certainli,76.120
fava,76.101
understand,76.082
polic,75.874
nice,75.654
remain,75.533
place,75.236
behavior,75.089
easili,75.062
less,75.059
am,75.057
nicknam,74.728
allow,74.707
sound,74.676
mayb,74.484
last,74.237
line,74.033
outstand,74.017
jame,73.325
infam,73.295
despit,73.101
exchang,73.015
career,72.790
insid,72.591
unforgett,72.567
qualiti,72.516
impress,72.504
begin,72.460
second,72.357
haunt,72.235
cop,72.172
suggest,72.141
speak,71.943
cadet,71.936
hanib,71.862
highli,71.699
cox,71.675
martin,71.669
intrigu,71.513
solv,71.412
basement,71.377
later,71.365
gein,71.251
seek,71.036
blood,70.850
derang,70.805
detect,70.691
given,70.660
overr,70.646
sever,70.480
big,70.448
deal,70.429
cage,70.167
realist,70.112
success,70.073
total,69.986
expect,69.958
anyth,69.823
includ,69.817
howard,69.782
provid,69.642
jail,69.627
combin,69.351
fan,69.208
climax,68.971
prove,68.875
bit,68.867
next,68.851
unsettl,68.740
natur,68.703
student,68.678
secur,68.630
notic,68.621
wouldn,68.501
haven,68.477
old,68.334
categori,68.255
clariss,68.239
support,68.199
ate,67.726
new,67.680
patient,67.638
until,67.520
felt,67.400
imag,67.375
former,67.171
brutal,66.969
worth,66.858
accent,66.755
number,66.744
high,66.639
drama,66.638
entertain,66.567
wasn,66.336
compel,65.949
theme,65.793
critic,65.787
convinc,65.773
scariest,65.733
prais,65.419
goggl,65.418
hose,65.221
often,65.208
dungeon,65.206
hunt,65.172
imagin,65.057
manner,65.027
word,64.989
perhap,64.978
long,64.542
idea,64.502
sort,64.387
save,64.360
piec,64.328
exampl,64.317
tak,64.188
se7en,63.986
transsexu,63.746
attent,63.669
wrong,63.602
offic,63.522
learn,63.374
gain,63.286
subject,62.970
special,62.818
present,62.784
pull,62.729
vision,62.624
fujimoto,62.613
nightmar,62.561
emot,62.515
presenc,62.464
materi,62.346
add,62.326
build,62.080
list,62.070
9,62.041
spine,61.974
upon,61.911
along,61.838
offer,61.837
someon,61.832
trust,61.815
run,61.746
hollywood,61.677
loos,61.469
fine,61.340
matter,61.318
dure,61.257
alreadi,61.205
miss,60.819
lechter,60.766
fantast,60.741
lack,60.697
sometim,60.693
came,60.597
day,60.591
bring,60.368
famou,60.148
heroin,60.017
figur,59.911
credit,59.833
icon,59.783
sexual,59.688
leav,59.680
attempt,59.271
doubt,59.175
terror,59.141
key,59.081
bar,59.046
origin,58.955
calm,58.916
voic,58.916
beauti,58.886
smith,58.870
hear,58.816
bean,58.556
hero,58.520
rest,58.518
either,58.475
gener,58.446
room,58.174
rub,57.956
brook,57.900
pure,57.678
dialogu,57.254
experi,57.216
modern,57.122
asylum,56.988
element,56.820
respect,56.555
dinner,56.496
wit,56.446
open,56.445
edit,56.411
interact,56.351
master,56.348
eeri,56.336
disappoint,56.299
psychologist,56.280
full,56.254
jonathon,55.789
8,55.666
couldn,55.597
third,55.556
under,55.505
f,55.423
horrifi,55.364
glass,55.089
exactli,55.065
domin,55.055
cinematographi,55.044
complex,55.005
defin,54.836
captiv,54.800
recent,54.683
today,54.640
within,54.508
1,54.372
cheap,54.349
instead,54.295
genuin,54.164
strength,54.095
pick,54.043
amount,53.971
sequenc,53.926
ago,53.858
compar,53.763
least,53.737
class,53.665
creep,53.655
search,53.636
spoiler,53.603
care,53.549
seri,53.466
due,53.456
suppos,53.316
visit,53.255
alon,53.196
psych,53.187
studi,53.023
review,53.022
hell,53.012
abduct,52.986
physic,52.836
achiev,52.834
afraid,52.749
pace,52.722
skill,52.564
toward,52.509
state,52.259
friend,52.209
soon,52.127
prequel,52.114
usual,52.067
wait,52.022
hard,51.991
brian,51.968
2,51.863
ident,51.732
finest,51.654
quid,51.563
sophist,51.544
cannot,51.513
weak,51.501
nest,51.423
crazi,51.301
basic,51.276
storylin,51.251
awesom,51.212
particularli,51.146
walk,51.121
surpris,51.117
16,51.041
match,50.919
1990,50.881
mad,50.808
favourit,50.742
describ,50.707
quot,50.671
regard,50.616
choic,50.549
normal,50.517
cuckoo,50.468
titl,50.313
sociopath,50.282
near,50.256
strang,50.253
deservedli,50.237
maniac,50.232
disgust,50.179
baker,50.156
trap,50.098
slightli,50.057
sterl,50.051
live,49.878
graphic,49.843
move,49.822
worthi,49.684
confid,49.665
side,49.524
brillianc,49.483
boss,49.472
cinemat,49.454
gave,49.412
100,49.308
singl,49.262
cun,49.250
ye,49.103
excit,49.090
background,48.912
solid,48.846
inde,48.824
control,48.771
type,48.691
terrif,48.503
flew,48.406
magnific,48.329
capabl,48.235
stop,48.226
unlik,48.220
moor,48.208
hospit,48.201
contain,48.066
bore,48.035
certain,47.940
assist,47.834
determin,47.825
cultur,47.776
agre,47.658
effort,47.626
three,47.603
oh,47.590
dramat,47.379
send,47.353
heard,47.331
becam,47.207
chang,47.169
memori,47.094
shine,47.032
writer,46.964
situat,46.814
men,46.666
myself,46.642
break,46.381
talent,46.213
stare,46.184
form,46.175
violent,46.001
20,45.871
secret,45.827
across,45.753
remark,45.696
display,45.598
charm,45.546
ultim,45.532
somewhat,45.528
intellectu,45.517
baltimor,45.454
innoc,45.398
worst,45.385
age,45.369
transvestit,45.298
answer,45.277
quo,45.015
protagonist,45.012
short,44.994
sew,44.916
express,44.845
hate,44.782
abov,44.758
depth,44.703
soul,44.692
result,44.633
import,44.573
stupid,44.562
brought,44.554
thank,44.549
chanc,44.523
uniqu,44.514
stay,44.494
whose,44.416
impact,44.369
anyway,44.284
american,44.262
numer,44.194
action,44.174
note,44.114
sadist,44.113
confront,43.908
contribut,43.885
mostli,43.882
mainli,43.867
against,43.837
memphi,43.825
tv,43.699
pleas,43.681
hardli,43.622
lover,43.616
similar,43.531
none,43.509
the,43.308
closer,43.272
motiv,43.264
flick,43.244
filmmak,43.202
realiz,43.150
sinist,43.130
popular,43.115
left,42.961
cat,42.739
small,42.725
nervou,42.721
justic,42.711
societi,42.706
current,42.671
tast,42.599
juliann,42.548
demon,42.542
scienc,42.516
beyond,42.486
ridicul,42.423
accomplish,42.384
art,42.323
clich,42.192
comment,42.128
taken,42.114
marvel,42.059
shown,42.051
reli,42.035
corman,42.002
attract,41.993
lock,41.900
abil,41.896
decad,41.797
cold,41.783
narr,41.749
wish,41.738
desir,41.696
shiver,41.594
continu,41.588
further,41.570
dead,41.540
bone,41.480
guess,41.441
slow,41.420
easi,41.412
creepiest,41.372
clearli,41.299
dement,41.072
dvd,41.029
cut,40.969
heart,40.877
transfer,40.874
typic,40.802
refer,40.693
craft,40.653
menac,40.607
pro,40.490
nearli,40.410
handl,40.370
huge,40.362
wide,40.354
posit,40.199
rent,40.149
mood,40.065
deep,40.041
1986,40.018
explain,40.008
elev,39.917
among,39.901
standard,39.891
suit,39.827
etc,39.820
subtl,39.773
god,39.764
acclaim,39.641
hannibl,39.629
focus,39.546
frederick,39.479
warn,39.446
doorbel,39.446
everybodi,39.347
knowledg,39.307
decid,39.273
desper,39.231
dian,39.193
quantico,39.169
rise,39.095
interrog,38.994
serv,38.950
draw,38.850
averag,38.762
mask,38.667
rank,38.605
hint,38.566
simpl,38.502
rivet,38.481
breath,38.474
slaughter,38.452
unfortun,38.445
inspir,38.407
madman,38.172
held,38.088
touch,38.051
nomin,38.049
legendari,37.969
taut,37.967
necessari,37.869
contrast,37.814
free,37.812
flesh,37.811
grisli,37.809
mr,37.755
recruit,37.727
precis,37.695
locat,37.690
appeal,37.680
father,37.661
evid,37.633
self,37.620
hype,37.618
problem,37.421
beat,37.415
listen,37.357
hour,37.350
connect,37.277
satisfi,37.078
institut,37.042
share,37.020
nerv,36.874
appreci,36.853
convict,36.786
antagonist,36.687
finish,36.667
larg,36.597
pen,36.592
liter,36.484
southern,36.471
yourself,36.403
finger,36.294
author,36.197
remov,36.162
steal,36.136
tough,36.089
awar,36.084
particular,36.029
flaw,35.931
process,35.913
convey,35.903
instantli,35.882
told,35.867
halloween,35.836
maximum,35.622
bite,35.606
door,35.564
difficult,35.471
depict,35.452
weird,35.439
home,35.307
tight,35.174
identifi,35.127
horribl,35.061
measur,35.038
pov,35.028
kept,35.008
shortest,35.007
apart,34.972
reput,34.963
unnerv,34.934
uncomfort,34.920
nor,34.898
appar,34.898
factor,34.878
knew,34.801
facil,34.774
fail,34.749
aren,34.745
r,34.737
virginia,34.637
ten,34.626
overcom,34.539
omin,34.484
gaze,34.453
kasi,34.451
sourc,34.430
caus,34.402
advic,34.368
swept,34.354
chase,34.353
drive,34.348
mous,34.246
style,34.226
4,34.177
thu,34.151
death,34.148
roger,34.117
unit,34.087
conclus,34.022
fall,33.996
courag,33.967
minor,33.874
middl,33.857
flawless,33.831
team,33.819
phenomen,33.782
apprehend,33.769
layer,33.747
whenev,33.720
bizarr,33.706
produc,33.672
honestli,33.654
super,33.543
trick,33.502
curios,33.451
dialog,33.447
went,33.439
prefer,33.272
cover,33.232
80,33.221
imposs,33.100
stalk,33.015
ambul,32.966
terribl,32.947
approach,32.934
earn,32.934
multipl,32.861
intent,32.798
separ,32.746
glad,32.703
test,32.682
scarier,32.651
bug,32.601
struggl,32.583
intend,32.577
covet,32.560
dahmer,32.409
corner,32.385
somehow,32.304
faint,32.277
unbeliev,32.255
deepli,32.224
task,32.190
earli,32.085
frame,32.014
visual,31.921
tone,31.911
fill,31.904
confin,31.849
seven,31.845
imdb,31.843
whereabout,31.842
inmat,31.815
issu,31.786
ambiti,31.728
obviou,31.665
1934,31.633
sit,31.627
method,31.612
requir,31.601
obvious,31.577
horrif,31.550
pass,31.549
admir,31.546
freak,31.533
closeup,31.520
pattern,31.517
hit,31.503
concern,31.472
johnathan,31.441
notch,31.391
ruth,31.332
polit,31.274
reach,31.179
hasn,31.165
angl,31.159
ordinari,31.146
stun,31.131
creativ,31.130
dress,31.117
relat,31.010
valu,30.984
cloth,30.980
lie,30.973
depend,30.900
serious,30.884
gross,30.675
troubl,30.663
core,30.630
afi,30.624
symbol,30.611
friday,30.533
mark,30.525
7,30.490
nobodi,30.434
enter,30.429
lol,30.400
straight,30.389
remind,30.386
mere,30.331
pervert,30.159
sell,30.088
introduc,30.080
otherwis,30.063
engag,30.045
consist,30.024
product,29.997
heavi,29.919
silli,29.915
ed,29.903
obsess,29.881
affect,29.832
collect,29.714
rude,29.711
6,29.608
whether,29.597
reject,29.569
napier,29.465
homicid,29.413
month,29.393
sleep,29.380
wear,29.375
mutil,29.371
reaction,29.356
leatherfac,29.347
classi,29.346
freddi,29.225
pervers,29.206
took,29.183
deeper,29.160
deadli,29.142
brain,29.120
gender,29.048
file,29.028
c,29.013
engross,28.988
avoid,28.980
darrin,28.975
essenti,28.943
week,28.910
caught,28.899
eventu,28.866
summon,28.864
whom,28.843
sorri,28.816
somewher,28.686
charg,28.681
realiti,28.665
freaki,28.654
naiv,28.651
late,28.634
undoubtedli,28.618
swat,28.584
purpos,28.583
wast,28.546
mix,28.449
fashion,28.437
exploit,28.425
amazingli,28.383
regret,28.341
ad,28.286
blend,28.259
spot,28.219
techniqu,28.214
bare,28.145
exorcist,28.108
morbid,28.108
revolv,28.053
moral,28.013
sweep,28.007
mentor,27.960
enlist,27.956
corps,27.931
stomach,27.858
attack,27.796
k,27.789
center,27.789
buy,27.781
excess,27.758
stuff,27.663
date,27.660
migg,27.644
25,27.630
focu,27.610
texa,27.570
commit,27.560
coupl,27.530
blink,27.517
aid,27.512
step,27.506
languag,27.428
feed,27.392
comparison,27.389
1988,27.370
explor,27.348
budget,27.307
extraordinari,27.280
decent,27.269
collector,27.232
faison,27.169
lost,27.156
surround,27.043
squeamish,26.968
mesmer,26.934
toy,26.879
glen,26.817
3,26.807
slurp,26.805
exist,26.788
inexperienc,26.729
brief,26.725
hitchcock,26.708
pop,26.696
breathtak,26.689
themselv,26.678
immedi,26.654
grab,26.612
anagram,26.608
screenwrit,26.595
trail,26.594
constantli,26.581
low,26.554
lolrub,26.532
throw,26.520
15,26.507
amus,26.482
fiction,26.368
constant,26.354
profession,26.313
biggest,26.311
practic,26.300
recognit,26.249
inner,26.229
truth,26.225
mckay,26.167
four,26.151
return,26.116
intellect,26.091
occas,26.089
character,26.083
intim,26.074
motion,26.048
fit,26.011
rule,26.002
balanc,25.993
analysi,25.970
utterli,25.968
taunt,25.948
recogn,25.934
fault,25.915
central,25.876
grade,25.875
perspect,25.839
box,25.834
driven,25.832
bloodi,25.830
progress,25.820
photographi,25.767
procedur,25.764
version,25.671
barney,25.640
nuanc,25.637
intimid,25.635
1975,25.613
dream,25.605
macabr,25.596
instinct,25.590
limit,25.564
highlight,25.501
root,25.495
feminin,25.476
complic,25.433
copi,25.406
member,25.402
roll,25.377
slowli,25.358
aliv,25.343
maintain,25.312
treat,25.297
danc,25.284
bureau,25.252
advanc,25.231
chose,25.210
sheer,25.130
ok,25.118
tremend,25.056
encount,25.043
pursuit,25.042
autopsi,25.018
execut,25.005
individu,24.972
ass,24.914
quiet,24.900
law,24.886
clear,24.881
mirror,24.820
unblink,24.748
17,24.702
unpleas,24.700
mine,24.678
feminist,24.601
chiller,24.549
jfk,24.526
school,24.456
e,24.392
potenti,24.392
forev,24.386
flawlessli,24.354
built,24.341
psychiatr,24.332
penetr,24.319
electrifi,24.319
wrap,24.309
hole,24.298
degre,24.298
everyday,24.274
q,24.242
succeed,24.234
onto,24.226
aw,24.174
sympathi,24.172
lair,24.166
nail,24.161
highest,24.151
bonney,24.146
fool,24.140
fulli,24.137
familiar,24.123
outsid,24.112
charl,24.079
repeat,24.030
public,24.003
suspect,23.997
decis,23.974
specif,23.971
forens,23.939
variou,23.932
race,23.917
spoken,23.915
pay,23.904
overlook,23.897
1992,23.852
damag,23.838
antoni,23.823
darkest,23.810
ridley,23.763
plenti,23.762
decept,23.719
chainsaw,23.649
entranc,23.648
beast,23.635
tale,23.617
ignor,23.585
trilog,23.579
claris,23.521
buffallo,23.521
lekter,23.521
lecktor,23.521
lectar,23.521
delight,23.449
examin,23.449
ward,23.397
carri,23.394
massacr,23.379
overshadow,23.369
round,23.359
bundi,23.348
shake,23.264
notabl,23.263
mainstream,23.242
delv,23.209
distract,23.197
earlier,23.193
repres,23.182
throat,23.151
content,23.137
wound,23.095
quickli,23.045
tightli,23.044
tsotl,23.037
extra,23.016
depart,23.011
provok,23.009
front,23.008
transform,23.006
dedic,22.963
dread,22.957
dull,22.953
diabol,22.911
discov,22.883
phone,22.835
confus,22.832
color,22.828
superbl,22.821
witti,22.777
probe,22.776
kick,22.760
construct,22.723
check,22.700
unrealist,22.686
annoy,22.668
craig,22.667
statu,22.653
command,22.637
absorb,22.618
area,22.591
expos,22.591
soundtrack,22.561
kid,22.559
metaphor,22.554
ahead,22.510
arriv,22.501
jaw,22.461
plu,22.439
shoot,22.418
feat,22.393
underli,22.385
mistak,22.367
surprisingli,22.353
oper,22.326
behaviour,22.311
lurid,22.300
plan,22.287
predict,22.254
gun,22.238
13,22.216
term,22.181
compliment,22.157
enforc,22.151
grant,22.108
arguabl,22.107
gem,22.070
invit,22.049
latest,22.047
common,22.019
grotesqu,21.876
event,21.820
demonstr,21.794
poor,21.786
jump,21.786
object,21.761
censu,21.761
unbear,21.758
copycat,21.716
deprav,21.696
artist,21.676
documentari,21.662
sake,21.638
articul,21.591
isaak,21.532
latter,21.519
wow,21.512
gone,21.495
hide,21.489
nuditi,21.467
lose,21.462
calcul,21.457
comfort,21.443
ill,21.433
observ,21.397
grow,21.350
facial,21.332
ratner,21.325
nut,21.310
demeanor,21.303
mission,21.262
uva,21.225
hannabl,21.225
chillingli,21.209
strike,21.189
wise,21.185
whilst,21.170
aka,21.126
unknown,21.105
hang,21.081
theatric,21.063
theater,21.050
child,21.049
sex,21.025
design,21.003
glu,20.978
pretend,20.971
calmli,20.962
die,20.927
ring,20.922
wall,20.904
promin,20.876
stick,20.876
spectacular,20.855
forgotten,20.844
sixth,20.790
unravel,20.777
besid,20.727
arm,20.691
thoroughli,20.687
downright,20.615
casual,20.600
previous,20.579
lemmon,20.522
trauma,20.522
influenc,20.509
floor,20.465
condit,20.453
rais,20.433
initi,20.411
gloomi,20.404
grace,20.399
rever,20.398
harden,20.398
reflect,20.397
price,20.396
mouth,20.382
flag,20.361
educ,20.361
readi,20.351
logic,20.346
excus,20.331
nurs,20.328
fairli,20.326
2001,20.306
accept,20.279
strongest,20.276
half,20.275
vampir,20.251
unless,20.239
cocoon,20.231
pitch,20.228
knock,20.206
crisp,20.191
leagu,20.180
immens,20.156
stumbl,20.154
fragil,20.140
rel,20.136
forth,20.114
acknowledg,20.104
gimmick,20.078
tortur,20.054
gut,20.038
extent,20.019
opportun,19.986
formula,19.974
occur,19.969
dare,19.969
stroke,19.937
challeng,19.936
wild,19.925
flashback,19.922
gather,19.882
ebert,19.879
interplay,19.876
shoe,19.851
subtleti,19.811
therefor,19.810
charismat,19.808
experienc,19.803
video,19.781
damn,19.754
poodl,19.723
slight,19.678
spend,19.673
inferior,19.665
arrest,19.657
tire,19.653
bob,19.637
subplot,19.634
overli,19.633
nowher,19.625
possess,19.612
nake,19.597
research,19.596
mediocr,19.584
cross,19.514
luck,19.512
embodi,19.510
realism,19.490
habit,19.450
persona,19.448
bate,19.363
stereotyp,19.357
prepar,19.355
lazzaru,19.317
dressi,19.317
bother,19.311
smile,19.304
spent,19.299
30,19.274
twenti,19.252
field,19.245
stuck,19.233
midwest,19.175
magic,19.159
mass,19.152
restraint,19.142
attribut,19.140
norman,19.136
size,19.115
recognis,19.111
dissect,19.110
info,19.102
risk,19.088
transcend,19.085
mann,19.081
gentleman,19.078
seriou,19.064
accolad,19.052
fight,19.010
monstrou,19.007
sustain,18.991
garner,18.979
hidden,18.976
contact,18.964
corridor,18.938
matur,18.936
keen,18.923
likabl,18.914
mesmeris,18.885
adult,18.875
belong,18.867
nois,18.863
pit,18.848
instanc,18.847
clairic,18.817
spoorloo,18.817
lectr,18.817
tend,18.807
ground,18.794
photograph,18.786
discuss,18.784
underst,18.778
directli,18.734
somebodi,18.713
song,18.711
sympathet,18.699
admittedli,18.692
ladi,18.688
relish,18.675
drop,18.668
crack,18.656
anywher,18.653
alien,18.634
speech,18.628
ham,18.626
savag,18.622
poorli,18.606
chief,18.597
parent,18.583
sensit,18.579
weren,18.564
dynam,18.559
forward,18.515
admit,18.502
overpow,18.492
renown,18.492
puzzl,18.490
blind,18.484
shadow,18.473
primarili,18.447
count,18.426
suffer,18.399
wors,18.394
franki,18.388
opposit,18.367
honest,18.285
plausibl,18.261
cool,18.258
devic,18.255
insect,18.207
lifetim,18.189
splendid,18.180
suprem,18.177
250,18.172
scenario,18.157
premis,18.114
fast,18.111
rhyme,18.071
brave,18.046
awe,18.045
handcuff,18.037
suddenli,18.034
uneasi,18.029
eas,18.008
gotten,17.986
suck,17.981
dig,17.947
moodi,17.945
paid,17.934
function,17.920
dub,17.905
unusu,17.898
store,17.835
mastermind,17.832
min,17.829
quantiti,17.819
request,17.806
properli,17.789
bottom,17.787
prey,17.769
block,17.746
steel,17.738
hadn,17.729
technic,17.721
jason,17.715
appal,17.713
tingl,17.679
explicit,17.672
interpret,17.649
stronger,17.626
kiss,17.623
albeit,17.618
prize,17.612
bought,17.596
counterpart,17.583
unspeak,17.579
drawn,17.577
nasti,17.561
enigmat,17.549
occasion,17.543
pierc,17.515
13th,17.503
expert,17.502
okay,17.480
multi,17.478
timid,17.471
fresh,17.439
imit,17.424
anti,17.398
overwhelm,17.383
percept,17.365
craze,17.362
spite,17.360
tennesse,17.338
tick,17.321
plane,17.287
dispatch,17.279
w,17.240
12,17.230
address,17.174
odd,17.154
fourth,17.148
privat,17.141
lay,17.117
tactic,17.097
began,17.092
convincingli,17.089
glimps,17.037
crawl,17.031
boast,17.023
shouldn,17.010
shame,17.005
higher,17.003
csi,16.989
window,16.988
clinic,16.984
select,16.939
asid,16.937
wain,16.909
space,16.888
invent,16.879
swallow,16.853
stoic,16.815
countri,16.785
taker,16.761
helpless,16.733
link,16.711
isol,16.692
trend,16.682
signific,16.677
rightli,16.646
gay,16.639
emphasi,16.617
meanwhil,16.601
trash,16.585
paint,16.582
refus,16.550
everywher,16.522
crap,16.522
gotta,16.502
supernatur,16.502
journey,16.486
destroy,16.466
pair,16.461
fright,16.457
empathi,16.455
assess,16.436
laugh,16.431
associ,16.430
credibl,16.418
realis,16.416
park,16.386
2002,16.385
activ,16.382
unmatch,16.366
u,16.363
spooki,16.346
mess,16.341
rich,16.320
money,16.307
sub,16.297
convent,16.282
raw,16.274
unfold,16.274
cock,16.228
greatli,16.183
relentlessli,16.181
whatev,16.179
fun,16.151
neither,16.143
closet,16.124
glorifi,16.120
previou,16.096
resourc,16.058
piti,16.053
profound,16.046
disord,16.037
viciou,16.028
load,16.013
dracula,16.013
establish,16.002
chosen,15.987
america,15.974
join,15.955
standout,15.942
hook,15.940
sharp,15.936
policeman,15.936
teenag,15.933
bright,15.931
clarci,15.919
creation,15.918
vagu,15.880
novic,15.864
river,15.863
busi,15.856
relev,15.855
iron,15.843
anguish,15.833
nippl,15.832
access,15.822
brett,15.817
shape,15.807
simultan,15.789
sexist,15.786
50,15.767
meal,15.734
hair,15.722
maker,15.718
circumst,15.718
choos,15.716
reward,15.708
parodi,15.680
p,15.674
ingeni,15.649
instruct,15.644
rip,15.636
jar,15.621
born,15.618
glare,15.603
push,15.602
surfac,15.595
unremark,15.594
michael,15.577
undeni,15.572
240,15.566
peculiar,15.557
competit,15.547
dumb,15.540
anticip,15.536
deepest,15.532
quest,15.507
environ,15.500
period,15.493
concept,15.458
wont,15.432
account,15.396
demand,15.387
empti,15.386
monk,15.354
press,15.345
repuls,15.344
record,15.342
petti,15.321
basi,15.310
rescu,15.308
pain,15.305
whatsoev,15.287
globe,15.284
complaint,15.280
stage,15.270
boy,15.264
butterfli,15.255
portrait,15.255
absent,15.235
perman,15.231
appropri,15.230
cooper,15.228
post,15.226
abus,15.181
hostag,15.165
repris,15.152
courteou,15.151
respons,15.147
underr,15.130
unawar,15.122
sensat,15.109
pleasur,15.108
safe,15.107
upcom,15.092
pursu,15.083
ruin,15.064
sign,15.049
pack,15.038
increas,15.030
canib,15.016
clauric,15.016
lame,15.009
blue,14.997
ironi,14.994
ride,14.979
restrain,14.965
insecur,14.957
epitom,14.933
advantag,14.928
toe,14.921
enthral,14.918
extract,14.905
meat,14.905
motif,14.897
movement,14.882
escort,14.880
merit,14.878
subsequ,14.872
guarante,14.862
holler,14.861
sweet,14.845
websit,14.824
illinoi,14.817
flirt,14.810
celluloid,14.771
trace,14.771
v,14.771
quick,14.765
larger,14.754
graduat,14.753
smirk,14.742
tune,14.733
oath,14.732
bond,14.730
buff,14.725
rack,14.714
foundat,14.701
exhibit,14.687
happi,14.680
taxi,14.661
sacr,14.640
policemen,14.640
delici,14.637
white,14.623
overact,14.623
emperor,14.620
episod,14.602
till,14.598
section,14.580
structur,14.527
revisit,14.512
bufallo,14.488
fals,14.476
black,14.473
heavili,14.469
led,14.463
gripe,14.462
faultless,14.457
finer,14.449
pun,14.446
tall,14.426
younger,14.425
tongu,14.403
knife,14.365
countless,14.337
deepen,14.335
michel,14.327
glanc,14.317
absurd,14.312
consult,14.273
climact,14.231
dog,14.221
succe,14.204
leer,14.202
vs,14.198
regardless,14.187
goodi,14.183
bravo,14.180
badli,14.177
astound,14.168
strip,14.162
cruel,14.142
wrote,14.139
uncl,14.121
mapp,14.113
dealt,14.092
pale,14.087
humour,14.086
tie,14.086
disguis,14.084
grand,14.071
imageri,14.063
eerili,14.061
parallel,14.059
recal,14.057
asinin,14.056
nose,14.055
anim,14.050
torment,14.044
resort,14.044
verbal,13.994
shrink,13.992
faith,13.974
pfeiffer,13.966
golden,13.962
defeat,13.953
florenc,13.947
honesti,13.944
farm,13.936
rush,13.927
bargain,13.920
perceiv,13.904
antisoci,13.895
darker,13.890
cartoon,13.885
altogeth,13.872
sentenc,13.860
lend,13.849
linger,13.846
sarah,13.828
trade,13.823
harris,13.822
belveder,13.822
beneath,13.807
commend,13.802
colour,13.793
dimension,13.785
entri,13.784
nevertheless,13.767
funni,13.761
resolv,13.748
blow,13.728
relax,13.726
physiolog,13.725
length,13.716
brillant,13.702
sarcasm,13.685
18,13.684
offend,13.676
battl,13.667
represent,13.667
pleasant,13.662
justifi,13.643
gift,13.640
rural,13.633
prop,13.606
older,13.595
philadelphia,13.593
sublim,13.590
wore,13.571
sexism,13.570
devilishli,13.570
wake,13.557
innermost,13.549
nine,13.538
governor,13.538
sight,13.537
drag,13.533
glean,13.528
smarter,13.521
spoil,13.511
meant,13.508
soft,13.506
sad,13.496
refin,13.494
laughabl,13.492
remad,13.484
impli,13.476
phrase,13.472
gonna,13.468
fire,13.466
clean,13.463
graham,13.442
legend,13.440
smooth,13.429
laid,13.420
stole,13.398
humor,13.393
addit,13.384
sphinx,13.384
frustrat,13.382
discoveri,13.378
angel,13.363
fake,13.360
assum,13.358
recreat,13.354
timeless,13.354
varieti,13.348
group,13.342
entic,13.319
attitud,13.317
o,13.316
punch,13.309
page,13.299
honor,13.295
consum,13.282
beg,13.278
poster,13.275
senior,13.275
conjur,13.256
shove,13.237
revolt,13.227
acid,13.223
palpabl,13.218
react,13.201
futur,13.173
2nd,13.148
dim,13.139
divis,13.139
awkward,13.138
destin,13.132
lure,13.126
bigger,13.122
arc,13.121
inclus,13.117
settl,13.113
dysfunct,13.112
mislead,13.108
shortcut,13.076
evok,13.074
oblig,13.063
romero,13.060
pyscho,13.056
joust,13.056
mingl,13.044
nineti,13.033
thrown,13.027
centuri,13.024
envelop,13.024
ugli,13.015
subtext,13.011
clumsi,12.998
sicken,12.990
urg,12.976
joke,12.945
crave,12.939
spook,12.923
nell,12.919
liner,12.917
spirit,12.912
hors,12.906
reccomend,12.894
medium,12.892
kudo,12.890
string,12.890
foot,12.875
facet,12.874
fell,12.863
servic,12.857
indulg,12.843
drove,12.838
sedat,12.838
x,12.805
proviso,12.795
anxieti,12.795
switch,12.794
season,12.790
antic,12.772
goodby,12.768
hello,12.752
forest,12.744
remak,12.726
closur,12.722
seemingli,12.718
feet,12.713
incident,12.707
unimagin,12.707
street,12.700
traumat,12.700
propel,12.685
driver,12.654
steeli,12.641
drawer,12.629
eight,12.626
co,12.624
19,12.619
disclos,12.604
personnel,12.604
silent,12.584
morn,12.583
correctli,12.580
grasp,12.565
flow,12.559
endless,12.557
maim,12.556
bestsel,12.556
summari,12.547
judg,12.537
reinforc,12.532
nude,12.521
shift,12.519
quotabl,12.514
nonetheless,12.482
worn,12.477
sweat,12.464
proud,12.455
protect,12.438
approv,12.437
heartbeat,12.431
chew,12.411
consider,12.405
118,12.391
amongst,12.389
sorta,12.387
hurt,12.350
king,12.347
target,12.328
outdid,12.324
promis,12.320
aim,12.317
safeti,12.303
watcher,12.291
pivot,12.285
distinct,12.279
bibl,12.266
dant,12.263
unabl,12.253
tap,12.251
exact,12.231
custodi,12.224
slack,12.224
duo,12.215
decor,12.203
rout,12.200
crown,12.189
accus,12.181
frankli,12.178
famili,12.176
divulg,12.176
introduct,12.152
congratul,12.148
chemic,12.138
homophob,12.138
coat,12.133
fabul,12.129
alfr,12.092
secondari,12.091
shortli,12.088
obstacl,12.082
orchestr,12.077
enhanc,12.066
dozen,12.052
shudder,12.048
storytel,12.046
dont,12.035
fond,12.030
fetch,12.030
accord,12.024
cant,12.023
discomfort,12.021
tensest,12.016
claustrophob,12.003
favor,12.000
thick,11.995
descend,11.995
24,11.989
smell,11.987
franchis,11.978
earth,11.965
vocabulari,11.962
media,11.951
dose,11.942
food,11.930
showdown,11.918
ck,11.912
ingredi,11.908
eleg,11.900
context,11.896
relief,11.892
south,11.890
appetit,11.872
quarter,11.859
cheesi,11.853
harm,11.849
resist,11.833
gene,11.822
minim,11.814
celebr,11.803
clock,11.802
smartli,11.794
temporari,11.778
triumph,11.768
eager,11.765
neat,11.765
proceed,11.761
gold,11.724
intimaci,11.719
shatter,11.696
costum,11.696
centr,11.692
cynic,11.675
revel,11.669
agenc,11.669
satan,11.669
hammi,11.655
frighteningli,11.655
stark,11.652
yell,11.650
slick,11.641
fictiti,11.641
mesh,11.641
pointless,11.634
bestow,11.634
bear,11.632
cheer,11.622
flat,11.614
needless,11.602
deviou,11.599
intensifi,11.592
viscer,11.587
english,11.586
rubbish,11.580
difficulti,11.578
postur,11.566
aggress,11.562
broken,11.550
dislik,11.522
yarn,11.519
underplay,11.513
reserv,11.491
lt,11.491
massiv,11.486
intuit,11.481
disturbingli,11.468
psychic,11.468
offens,11.468
argu,11.460
player,11.454
landmark,11.449
testament,11.420
cri,11.419
unnecessari,11.416
vertigo,11.411
vise,11.404
bafta,11.394
met,11.391
town,11.388
exquisit,11.385
chain,11.383
pulp,11.376
27,11.364
tradit,11.353
charisma,11.349
facad,11.334
shed,11.331
increasingli,11.325
solicit,11.325
poetic,11.317
peac,11.274
duel,11.266
februari,11.254
grope,11.250
fellow,11.248
plain,11.248
obscen,11.238
preposter,11.221
alert,11.219
grim,11.219
singer,11.217
irresist,11.216
civil,11.211
fat,11.202
sum,11.193
hesit,11.187
gratuit,11.185
outrag,11.182
siskel,11.180
parti,11.177
prestigi,11.162
outlandish,11.146
aspir,11.123
burrow,11.113
yeah,11.104
pressur,11.091
suav,11.089
chri,11.084
lectur,11.074
pronounc,11.074
million,11.052
krueger,11.049
directori,11.049
disbelief,11.030
vivid,11.028
bird,11.014
jacket,11.009
lean,10.989
tempo,10.981
immacul,10.976
improv,10.975
routin,10.972
reson,10.967
explod,10.960
sicko,10.959
mechan,10.959
hung,10.948
henc,10.947
impecc,10.942
popcorn,10.940
scale,10.936
slither,10.931
matchless,10.931
ambit,10.931
elabor,10.924
seed,10.915
tini,10.908
stem,10.906
beaver,10.903
lesson,10.903
stanc,10.902
green,10.892
anymor,10.882
assur,10.869
conceal,10.852
formid,10.830
sincer,10.829
net,10.822
nod,10.818
proof,10.809
modu,10.796
operandi,10.796
fiendishli,10.796
ceremoni,10.796
lunat,10.791
h,10.775
preval,10.774
bust,10.770
contriv,10.769
foil,10.753
dreari,10.745
incompet,10.741
deceiv,10.737
sister,10.737
ton,10.704
appet,10.698
alik,10.692
lower,10.675
lord,10.674
tom,10.672
illog,10.667
non,10.661
exterior,10.656
van,10.653
professor,10.653
bia,10.648
disrespect,10.616
appli,10.614
lazarru,10.613
pupa,10.613
actre,10.613
hecter,10.613
kathren,10.613
raspel,10.613
hunger,10.597
leg,10.596
immers,10.591
tool,10.589
mediev,10.586
occup,10.574
payoff,10.571
supposedli,10.563
threat,10.563
flood,10.541
stone,10.526
pretenti,10.514
air,10.503
psychiatri,10.501
bloch,10.501
nemesi,10.497
twice,10.488
l,10.488
rental,10.475
500,10.458
spectacl,10.458
eloqu,10.450
paper,10.444
split,10.438
rendit,10.436
anytim,10.433
delus,10.423
below,10.419
romant,10.409
stood,10.391
frequent,10.382
stellar,10.372
n,10.369
growth,10.365
sale,10.358
sequal,10.347
inexperi,10.347
paragraph,10.335
aura,10.332
ohio,10.329
unorigin,10.328
profoundli,10.328
afterward,10.315
emerg,10.309
weight,10.308
necessarili,10.304
cement,10.296
crappi,10.293
heroic,10.289
importantli,10.247
nab,10.243
dump,10.242
quiver,10.226
altern,10.225
insult,10.219
ghost,10.212
twirl,10.210
edgar,10.210
phobia,10.210
fuss,10.199
seldom,10.196
understat,10.196
92,10.194
incarn,10.187
stiff,10.184
vulgar,10.169
pan,10.167
manifest,10.166
foreshadow,10.163
disagre,10.155
ball,10.149
translat,10.136
ranch,10.131
poe,10.116
bowel,10.116
fli,10.112
breakthrough,10.110
91,10.100
evalu,10.090
dirti,10.089
mileston,10.087
qualifi,10.084
pete,10.070
social,10.057
storag,10.056
sore,10.047
devoid,10.047
stupidest,10.042
crude,10.039
obtain,10.034
footnot,10.028
virtual,10.027
heap,10.025
deem,10.017
prevail,10.014
engrav,10.014
steadi,10.012
dollarhyd,10.011
118min,10.011
strale,10.011
hannab,10.011
lavin,10.011
bargen,10.011
probebl,10.011
ardelia,10.011
glaucon,10.011
utt,10.011
sarl,10.011
buffulo,10.011
uncuff,10.011
talley,10.011
gasp,10.009
afford,10.001
injur,9.998
calib,9.995
unforgiven,9.993
colleg,9.989
smarmi,9.986
homosexu,9.982
colleagu,9.963
ex,9.955
ador,9.955
frank,9.949
virtu,9.921
characteris,9.919
predat,9.908
utter,9.902
comedi,9.898
cult,9.897
metamorphosi,9.893
elm,9.893
rapport,9.881
signatur,9.880
peer,9.867
notorieti,9.855
jami,9.855
endur,9.846
lone,9.836
authent,9.835
startl,9.823
lodg,9.819
addict,9.812
veteran,9.806
firmli,9.794
inevit,9.793
astonish,9.790
crucifi,9.783
upper,9.782
unattract,9.771
correct,9.766
labyrinthin,9.760
delic,9.753
uk,9.744
spring,9.732
deni,9.727
numb,9.723
strive,9.709
patholog,9.703
durat,9.702
surpass,9.702
unexpect,9.700
disappear,9.694
com,9.694
sat,9.691
island,9.683
fumbl,9.671
momentarili,9.671
dantean,9.658
hopskin,9.658
anothoni,9.658
duomo,9.658
obscur,9.653
tabloid,9.649
lastli,9.642
despis,9.637
inhuman,9.626
west,9.614
plaudit,9.597
televis,9.597
fortun,9.593
weav,9.580
cute,9.574
judi,9.566
comprehend,9.566
moreov,9.562
anybodi,9.549
2005,9.545
lent,9.538
schlock,9.528
resid,9.524
sing,9.524
fed,9.518
11,9.518
radio,9.514
skil,9.509
gap,9.504
greater,9.502
kramer,9.499
predominantli,9.499
six,9.496
butt,9.496
subtli,9.493
children,9.491
chop,9.489
inconsist,9.485
uneas,9.471
nervous,9.471
lesbian,9.471
tip,9.447
peni,9.444
gentl,9.442
princip,9.410
gaspard,9.409
nightstick,9.409
questionnair,9.409
kidnappe,9.409
pulpish,9.409
reserved,9.409
calumet,9.409
dilemma,9.401
0,9.397
supervis,9.391
tact,9.382
rang,9.365
confirm,9.359
whoever,9.342
medic,9.342
trueli,9.340
disadvantag,9.340
dismiss,9.337
masterstrok,9.331
complain,9.331
wind,9.330
piano,9.329
cring,9.327
analyz,9.327
naiveti,9.323
villian,9.315
loud,9.307
upstag,9.307
identif,9.307
meticul,9.298
taught,9.293
surviv,9.291
mixtur,9.291
termin,9.271
fractur,9.259
sixteen,9.259
spark,9.253
thesi,9.251
vital,9.248
closest,9.241
pump,9.231
text,9.227
preciou,9.227
packag,9.225
moviego,9.215
pshycot,9.215
whatta,9.215
contrari,9.205
spider,9.198
email,9.197
ive,9.197
graini,9.197
realm,9.193
solut,9.189
composit,9.184
flinch,9.175
path,9.165
simplic,9.159
border,9.154
ripe,9.153
warden,9.152
smaller,9.151
particip,9.144
undercurr,9.125
defi,9.111
conceiv,9.109
groundbreak,9.098
ploy,9.097
corni,9.097
accur,9.085
guru,9.083
spare,9.077
emphas,9.076
ripley,9.074
worri,9.073
shower,9.065
gamesmanship,9.056
lick,9.056
cruelti,9.041
spree,9.036
fate,9.035
suitabl,9.033
glimmer,9.029
error,9.021
jesu,9.019
shoulder,9.019
commun,9.016
wanna,9.016
peep,9.009
cleverli,9.005
blown,8.997
palat,8.997
owe,8.993
revolutionari,8.986
personif,8.977
revers,8.974
oft,8.971
breathtakingli,8.965
myer,8.965
car,8.948
theatr,8.948
input,8.946
fatal,8.945
steven,8.945
british,8.944
slip,8.935
blanket,8.934
insist,8.933
pedestrian,8.928
emin,8.928
influenti,8.925
ryan,8.903
birth,8.900
tour,8.899
lesser,8.893
2000,8.891
sordid,8.880
refrain,8.874
sheet,8.868
pound,8.859
distast,8.857
1973,8.857
freedom,8.855
lion,8.853
deliveri,8.850
compass,8.848
sen,8.845
volum,8.843
repel,8.840
promot,8.836
war,8.836
adept,8.834
unsuspect,8.834
20th,8.832
accident,8.827
offici,8.820
criterion,8.817
beet,8.807
trademark,8.795
deputi,8.795
creatur,8.793
swear,8.779
hindsight,8.778
unimport,8.778
inhabit,8.771
duti,8.766
system,8.764
1960,8.731
showcas,8.730
card,8.727
brow,8.725
shark,8.725
oldest,8.720
render,8.711
wari,8.710
badg,8.710
lovabl,8.707
bait,8.705
mindgam,8.704
hatabl,8.704
forgot,8.701
incid,8.699
farther,8.694
ran,8.690
eclips,8.689
remot,8.684
indic,8.676
chair,8.673
tide,8.669
footag,8.660
guid,8.655
lift,8.651
eh,8.649
airport,8.649
spin,8.646
stranger,8.646
cinematograph,8.642
amplifi,8.635
struck,8.633
elud,8.630
burton,8.629
proper,8.626
undeserv,8.625
enigma,8.625
weaken,8.620
sudden,8.616
bleak,8.592
claustrophobia,8.578
evolv,8.572
knight,8.570
pompou,8.559
outshin,8.559
devot,8.558
distanc,8.547
defiantli,8.541
analys,8.541
drab,8.536
conflict,8.536
horrid,8.527
rampag,8.527
headlin,8.523
puriti,8.523
bet,8.518
contemporari,8.518
allud,8.505
1980,8.497
elus,8.492
litter,8.479
bag,8.479
wink,8.470
goer,8.470
scope,8.469
emphasis,8.466
disput,8.462
etch,8.458
psycopath,8.454
whini,8.449
captor,8.441
garbag,8.435
violin,8.432
heat,8.425
enorm,8.417
conclud,8.415
stock,8.409
argument,8.406
stitch,8.404
detest,8.391
octob,8.391
compet,8.389
crossword,8.385
windowless,8.385
inept,8.383
blew,8.377
caution,8.375
jeffrey,8.375
prior,8.369
lucki,8.365
gradual,8.365
benefit,8.355
mon,8.352
likeabl,8.352
feroci,8.348
transit,8.345
oppos,8.335
ambigu,8.335
instil,8.325
criminolog,8.320
dubiou,8.317
ongo,8.313
histor,8.307
employ,8.300
perpetr,8.298
lightli,8.298
nowaday,8.295
flash,8.285
peel,8.283
bewar,8.283
bed,8.277
hackman,8.276
rariti,8.272
longer,8.262
dual,8.261
drip,8.261
stale,8.254
integr,8.244
teen,8.238
chat,8.236
cameo,8.234
forman,8.232
reinvent,8.229
vast,8.221
rewatch,8.214
trivia,8.211
voorhe,8.204
knighthood,8.204
didnt,8.204
scorses,8.194
forebod,8.193
hallway,8.193
resembl,8.190
candl,8.187
gump,8.184
underestim,8.176
symphoni,8.176
starv,8.169
encapsul,8.159
karloff,8.152
backround,8.152
exot,8.149
shockingli,8.146
beforehand,8.146
voter,8.136
assert,8.119
land,8.117
brush,8.116
failur,8.111
exclud,8.110
arch,8.103
knox,8.102
gymnasium,8.102
topic,8.097
craftsmanship,8.090
threaten,8.089
ourselv,8.088
substanc,8.087
blame,8.081
freed,8.078
citi,8.068
youth,8.063
benchmark,8.059
anchor,8.056
jailbreak,8.055
semen,8.055
smoke,8.053
hayden,8.052
grew,8.042
comic,8.026
contempt,8.022
chess,8.019
minu,8.019
ideal,8.017
cost,8.013
ish,8.013
crosscut,8.011
melvin,8.011
loop,8.010
ellen,8.007
personifi,8.001
unintent,7.989
advers,7.986
entiti,7.983
standpoint,7.980
potent,7.977
puls,7.974
incomprehens,7.971
intern,7.967
spoof,7.962
5th,7.959
commentari,7.956
fincher,7.956
unstopp,7.954
apt,7.942
sane,7.942
noteworthi,7.934
grandmast,7.928
handcuf,7.928
improvis,7.925
substitut,7.919
unstabl,7.917
untouch,7.914
assumpt,7.911
tug,7.911
retrospect,7.903
stair,7.903
commerci,7.901
hey,7.898
lurk,7.894
reassign,7.889
23rd,7.889
outlandishli,7.889
household,7.886
brick,7.883
acquaint,7.883
sucker,7.883
28,7.883
chamber,7.867
hyper,7.867
pant,7.859
nue,7.852
offshoot,7.852
pretent,7.852
pinnacl,7.843
goal,7.842
abrupt,7.841
classifi,7.835
flavor,7.833
holm,7.832
trainer,7.830
strongli,7.830
joker,7.829
passiv,7.822
batman,7.818
gorefest,7.817
ther,7.817
unexperienc,7.817
lethal,7.814
unsur,7.812
mildli,7.809
chuckl,7.809
outfit,7.807
quintessenti,7.807
frantic,7.799
avid,7.796
necess,7.794
ooz,7.766
goosebump,7.761
funer,7.756
hire,7.752
consecr,7.750
candid,7.741
doubl,7.737
univers,7.729
crowd,7.718
elit,7.710
campi,7.705
grown,7.701
interior,7.700
epic,7.689
objectifi,7.688
tracey,7.688
applaus,7.679
23,7.672
neighbour,7.672
riddl,7.665
awhil,7.661
disregard,7.647
temptat,7.647
degener,7.629
gritti,7.627
vastli,7.622
snake,7.620
chicago,7.618
extend,7.616
foremost,7.615
darn,7.611
gothic,7.611
muzzl,7.602
hellrais,7.602
amor,7.595
dispos,7.589
profess,7.587
eleph,7.585
y,7.585
smoothli,7.582
mythic,7.582
patho,7.582
decompos,7.576
sadli,7.564
thrust,7.563
g,7.556
serpent,7.550
minimum,7.538
versatil,7.533
compos,7.527
orion,7.525
creepili,7.525
feast,7.523
bump,7.521
publish,7.519
phenomenon,7.519
cheek,7.503
stimul,7.501
buffi,7.500
ya,7.496
dive,7.496
bias,7.488
despic,7.482
baffl,7.482
2014,7.482
cook,7.480
honour,7.476
villan,7.476
lip,7.468
effici,7.468
saniti,7.464
mild,7.460
rhythm,7.456
aforement,7.455
lit,7.455
devious,7.453
screentim,7.453
wholli,7.445
paradox,7.435
reviv,7.433
host,7.431
8mm,7.431
neophyt,7.431
aptitud,7.431
hypnot,7.427
en,7.418
heighten,7.416
deed,7.414
summer,7.411
reel,7.410
bugsi,7.409
acquir,7.387
burn,7.387
pounc,7.387
vote,7.387
spawn,7.386
midst,7.384
zoom,7.382
valid,7.382
loss,7.379
ludicr,7.373
mother,7.371
budg,7.366
politician,7.365
capra,7.360
briefli,7.352
lecher,7.346
seal,7.342
drain,7.342
bathroom,7.333
tragedi,7.331
clip,7.331
biter,7.326
pseudo,7.326
glamor,7.315
sycoph,7.306
blank,7.301
gray,7.277
crotch,7.269
unargu,7.269
gestur,7.268
kingdom,7.268
unreal,7.268
photo,7.265
pleasantli,7.261
seamlessli,7.255
mano,7.250
quarri,7.250
orient,7.244
mile,7.237
map,7.233
perfum,7.232
lawmen,7.232
babi,7.230
suspend,7.225
fair,7.221
misspel,7.215
hump,7.215
uncov,7.215
melodramat,7.211
preced,7.198
tran,7.198
reilli,7.198
boundari,7.190
speechless,7.186
dawn,7.186
partli,7.182
multilay,7.181
compani,7.176
themat,7.174
tendenc,7.167
manchurian,7.164
burli,7.164
spotlight,7.162
twin,7.160
bunch,7.152
exit,7.151
lantern,7.148
behav,7.146
exceed,7.142
distress,7.123
pooh,7.116
blurt,7.116
blockbust,7.110
climat,7.110
drew,7.110
washington,7.102
curdl,7.101
spoilersi,7.101
crept,7.101
wife,7.092
bend,7.092
culmin,7.090
ethic,7.087
conscious,7.087
dismember,7.086
manson,7.086
editor,7.081
phd,7.071
1995,7.071
retain,7.071
buri,7.058
modul,7.056
studio,7.055
cliqu,7.042
harrow,7.038
immort,7.035
worthwhil,7.032
evas,7.028
deriv,7.026
sensibl,7.011
secondli,7.011
caricatur,7.008
fienn,7.008
enchant,7.005
adventur,7.003
platon,7.000
resurfac,7.000
evolut,7.000
util,6.998
adopt,6.993
dear,6.991
relentless,6.990
profit,6.983
dept,6.974
acadami,6.974
induc,6.972
legaci,6.972
purchas,6.971
1st,6.968
tackl,6.965
occupi,6.964
orphanag,6.961
heh,6.961
coincid,6.952
vari,6.948
announc,6.941
trait,6.936
syllabl,6.935
john,6.927
ancient,6.919
childish,6.915
pile,6.915
territori,6.915
project,6.911
kenneth,6.910
debas,6.910
resolut,6.904
http,6.904
cape,6.901
pose,6.901
sensationalist,6.898
label,6.892
assault,6.889
taller,6.886
afterword,6.886
suspenc,6.886
princ,6.881
segment,6.879
wicked,6.874
pact,6.874
corrupt,6.871
exercis,6.865
incorrectli,6.851
bland,6.847
echo,6.841
endear,6.841
queer,6.840
exposit,6.831
allan,6.829
morbidli,6.829
jurass,6.821
predatori,6.807
creepier,6.807
arrog,6.803
stir,6.798
covert,6.796
screw,6.795
abras,6.785
crush,6.776
gnaw,6.775
distant,6.770
deviant,6.764
twelv,6.756
14,6.754
ponder,6.754
foggi,6.754
unsavori,6.754
grill,6.754
snif,6.754
oftentim,6.754
peak,6.751
prod,6.744
collabor,6.743
un,6.738
bravest,6.734
retort,6.724
unwit,6.724
bankruptci,6.724
await,6.718
dastardli,6.714
depress,6.714
code,6.711
ego,6.711
keyboard,6.704
visag,6.695
binari,6.695
uneth,6.695
rust,6.685
tuck,6.685
disgustingli,6.685
scar,6.678
countdown,6.676
sow,6.676
jog,6.676
alex,6.673
fish,6.672
shout,6.670
slain,6.666
grizzli,6.666
dove,6.666
mustn,6.666
victori,6.662
attend,6.662
era,6.659
revuls,6.657
easier,6.650
spar,6.648
reproach,6.648
alongsid,6.647
fortitud,6.639
geniou,6.639
cash,6.634
adorn,6.630
omnipot,6.630
confess,6.628
amc,6.621
gleeful,6.621
composur,6.621
friendli,6.617
nudg,6.613
mom,6.608
dank,6.604
brand,6.596
outstandingli,6.595
visualis,6.587
meager,6.587
widen,6.587
prestig,6.584
franci,6.576
scintil,6.570
crew,6.566
eighth,6.562
asleep,6.558
dri,6.558
bold,6.554
cellar,6.554
crucial,6.551
instantan,6.546
lightweight,6.530
inferno,6.530
classif,6.530
tree,6.526
messag,6.526
credenti,6.522
wobbl,6.514
pedant,6.499
con,6.494
boot,6.489
nutti,6.484
encourag,6.479
shut,6.470
romanc,6.470
tidbit,6.469
gutsi,6.469
clumsili,6.469
ice,6.466
unsolv,6.462
startlingli,6.462
unpredict,6.460
fade,6.459
tenac,6.454
quirki,6.454
notion,6.451
copiou,6.447
virtuou,6.440
thirti,6.438
rode,6.433
terrifyingli,6.433
gleam,6.433
disorient,6.433
dimens,6.431
lawrenc,6.429
scheme,6.421
julian,6.419
dude,6.413
travel,6.409
spell,6.408
illustr,6.407
unworthi,6.405
heck,6.405
stylish,6.402
meaning,6.396
instant,6.393
sensation,6.392
agit,6.392
supervisor,6.392
avail,6.390
scoop,6.385
hatr,6.384
outward,6.378
unsurprisingli,6.378
bori,6.372
asshol,6.372
dart,6.365
37,6.365
bolster,6.365
rave,6.365
sin,6.359
fame,6.358
limitless,6.352
definetli,6.352
nefari,6.346
negat,6.346
ooh,6.346
intercut,6.346
band,6.344
000,6.341
fiend,6.339
defiant,6.339
gel,6.339
sole,6.338
femin,6.327
lewi,6.326
disposit,6.320
exclaim,6.320
statuett,6.320
sherlock,6.314
gleefulli,6.314
copyright,6.308
masterli,6.308
hustl,6.308
prelud,6.302
outwit,6.296
wasnt,6.296
veneer,6.296
eater,6.296
hid,6.284
ilk,6.284
welsh,6.284
virtuoso,6.284
misdirect,6.284
narrowli,6.278
fondli,6.278
fur,6.272
bathtub,6.272
lunaci,6.272
sofa,6.266
insidi,6.261
shone,6.261
deploy,6.261
accid,6.260
basket,6.255
deliber,6.250
indign,6.249
lab,6.249
fleme,6.249
naughti,6.238
peterson,6.238
soooo,6.232
fusion,6.226
outsmart,6.226
dessert,6.226
alter,6.225
exagger,6.222
empathet,6.221
ratchet,6.210
reservoir,6.197
ensembl,6.194
david,6.192
spurt,6.188
ghastli,6.188
savageri,6.188
abnorm,6.183
masterclass,6.172
annoyingli,6.172
assassin,6.172
controversi,6.169
merchant,6.162
implor,6.162
evidenc,6.162
stunt,6.156
nick,6.155
georg,6.152
philosophi,6.148
dichotomi,6.147
tougher,6.147
formerli,6.142
anecdot,6.142
metal,6.135
unbreak,6.132
abandon,6.130
site,6.127
hitchcockian,6.127
requisit,6.127
welcom,6.126
specialist,6.122
trembl,6.122
standoff,6.122
treatment,6.119
bandwagon,6.117
hound,6.117
villaini,6.112
65,6.107
scrambl,6.107
superpow,6.102
bloke,6.102
de,6.102
coars,6.097
theori,6.094
93,6.093
annual,6.088
pinpoint,6.083
cautiou,6.083
fave,6.078
zodiac,6.078
hing,6.074
model,6.073
heinou,6.064
havent,6.064
egotist,6.064
juic,6.064
hat,6.062
tenth,6.060
cryptic,6.060
gratitud,6.060
chao,6.058
harsh,6.056
shrewd,6.055
psychosi,6.055
typecast,6.051
curv,6.051
culprit,6.051
deter,6.042
splendidli,6.042
unavoid,6.037
conniv,6.033
manor,6.028
trickeri,6.024
unfairli,6.011
utilis,6.011
judd,6.006
hobbi,6.006
essenc,6.004
um,6.002
bullet,5.991
grandpar,5.989
rhetor,5.989
dad,5.988
7th,5.985
bravura,5.985
erot,5.985
compil,5.981
dupe,5.981
quip,5.977
empow,5.977
savor,5.968
shun,5.960
nameless,5.960
dialect,5.952
sooo,5.948
italian,5.944
accordingli,5.944
purest,5.940
overwrought,5.940
vicious,5.924
plotlin,5.924
stain,5.920
benjamin,5.920
frankenstein,5.920
hunter,5.917
transpar,5.912
bat,5.905
hackney,5.901
scan,5.901
organ,5.898
constraint,5.893
60,5.892
smartest,5.889
abli,5.885
deft,5.882
faceless,5.878
wiser,5.874
torch,5.871
tout,5.863
permit,5.856
nt,5.852
relianc,5.852
overt,5.852
mockeri,5.852
affair,5.850
burk,5.849
majesti,5.845
conceit,5.845
6th,5.845
nag,5.845
latin,5.841
board,5.838
garag,5.838
dismal,5.838
headquart,5.838
toni,5.836
botch,5.834
herald,5.827
ignit,5.827
growl,5.827
hick,5.820
mob,5.816
consumm,5.813
overwhelmingli,5.810
belief,5.804
blossom,5.800
camerawork,5.800
arous,5.800
buildup,5.796
recip,5.796
underus,5.796
1966,5.793
deform,5.786
hapless,5.786
behalf,5.786
textbook,5.783
philosoph,5.782
ostens,5.779
prosper,5.779
ceil,5.776
desert,5.774
embed,5.773
knuckl,5.773
exceedingli,5.769
dir,5.769
consequ,5.767
monitor,5.766
brash,5.760
incompar,5.753
surveil,5.753
grain,5.750
henri,5.747
famous,5.747
strap,5.744
apprehens,5.744
rot,5.740
testosteron,5.740
humanist,5.737
strengthen,5.731
decidedli,5.728
reclus,5.725
compound,5.718
barren,5.718
twentieth,5.715
vomit,5.715
guidanc,5.712
gillian,5.712
compuls,5.709
expertis,5.703
disrupt,5.700
fog,5.700
distinctli,5.700
labour,5.700
museum,5.694
hopelessli,5.694
courtesi,5.691
goos,5.688
estim,5.688
trope,5.685
malevol,5.685
finess,5.685
rail,5.682
exemplari,5.682
overdos,5.682
outcast,5.676
sewer,5.676
grind,5.673
irrat,5.673
1974,5.670
pistol,5.670
ralli,5.670
grandmoth,5.667
overtli,5.664
turkey,5.661
murki,5.658
cream,5.656
shini,5.653
ing,5.650
upbeat,5.647
1981,5.647
daylight,5.644
billi,5.641
overboard,5.641
harmless,5.636
unflinch,5.630
ol,5.627
forbidden,5.624
spars,5.619
boyl,5.619
rain,5.617
willing,5.616
delay,5.616
wolv,5.611
meantim,5.611
nearest,5.611
imper,5.608
anger,5.603
sublimin,5.602
trump,5.597
kiddi,5.597
splatter,5.597
snappi,5.594
handicap,5.592
stealer,5.589
permeat,5.586
thousand,5.585
knockout,5.584
vacat,5.584
ambianc,5.584
hundr,5.579
parker,5.578
handedli,5.576
destruct,5.573
pad,5.573
stardom,5.570
worm,5.570
marri,5.569
submiss,5.568
unpreced,5.568
choppi,5.565
instructor,5.563
lifeless,5.560
ici,5.550
somber,5.550
implement,5.547
unsuccess,5.545
factual,5.545
randomli,5.537
raini,5.537
brat,5.537
brim,5.537
infatu,5.537
patch,5.532
slimi,5.530
roam,5.530
bind,5.527
primit,5.525
chunk,5.520
junior,5.520
giggl,5.520
exce,5.517
medal,5.517
thrive,5.517
tame,5.503
wherev,5.503
starter,5.503
perplex,5.500
sceneri,5.498
elicit,5.493
atroci,5.490
fri,5.486
adversari,5.486
lace,5.479
digress,5.476
merg,5.476
govern,5.476
usag,5.474
95,5.474
shred,5.472
bolt,5.469
lake,5.465
recur,5.465
modest,5.465
extraordinarili,5.462
improb,5.460
industri,5.458
moder,5.458
invinc,5.458
tribe,5.455
richard,5.450
carv,5.449
artsi,5.446
session,5.444
prompt,5.442
abound,5.440
stapl,5.440
sob,5.435
milo,5.431
masculin,5.428
damsel,5.426
newer,5.426
magnet,5.424
sparkl,5.422
unnecessarili,5.420
medit,5.420
exemplifi,5.413
juxtapos,5.413
gloss,5.406
pretens,5.404
richli,5.402
essay,5.394
eastwood,5.390
road,5.389
ashley,5.387
deceit,5.383
contest,5.372
yawn,5.372
vile,5.364
roughli,5.362
skull,5.360
fleet,5.358
sloppi,5.358
technolog,5.357
uncanni,5.350
rapidli,5.344
chip,5.344
coward,5.342
anonym,5.342
dollar,5.341
succumb,5.340
inflict,5.340
smack,5.338
stephen,5.335
forg,5.334
joe,5.328
asset,5.328
teas,5.328
sh,5.324
louis,5.322
pocket,5.322
masterwork,5.320
1996,5.314
ie,5.312
uninspir,5.310
orphan,5.310
arrow,5.310
colaber,5.306
execl,5.306
sulfid,5.306
craford,5.306
vawter,5.306
olshak,5.306
hopquin,5.306
everythnig,5.306
742,5.306
predecossor,5.306
merlock,5.306
doel,5.306
hllywood,5.306
johnathen,5.306
oblongata,5.306
atacht,5.306
clariec,5.306
transal,5.306
vulernabit,5.306
26some,5.306
whoovil,5.306
silnc,5.306
fanger,5.306
goodbi,5.306
honet,5.306
ectomi,5.306
lavandi,5.306
elecrifi,5.306
fugimoto,5.306
crebili,5.306
ncredibl,5.306
duuuuuuuuuuuuuuuuuuuuuuuuuuuunnnnnnnnnnnnnnnnn,5.306
oversensation,5.306
lommel,5.306
xcellent,5.306
reba,5.306
anatimi,5.306
psycophath,5.306
ukk,5.306
esap,5.306
tourter,5.306
chiltion,5.306
plaeyd,5.306
meowmeowmeowmeowmeow,5.306
dalhmer,5.306
lazar,5.306
shani,5.306
sickopath,5.306
underment,5.306
munipulit,5.306
favoul,5.306
huss,5.306
reee,5.306
silanc,5.306
haam,5.306
hopk,5.306
hester,5.306
eclass,5.306
hammbial,5.306
kurenbach,5.306
disgusting,5.306
picton,5.306
tangel,5.306
istatut,5.306
levinewho,5.306
whild,5.306
wendigo,5.306
jimho,5.306
hitckok,5.306
cenobit,5.306
roanok,5.306
samaritanship,5.306
the1992,5.306
psyciatrist,5.306
unconspic,5.306
diller,5.306
maguyv,5.306
unessari,5.306
oteworthi,5.306
washingtonian,5.306
wrentz,5.306
kiekabo,5.306
bejebu,5.306
monsor,5.306
waow,5.306
oggl,5.306
wellthen,5.306
whingi,5.306
hand0cuff,5.306
demmi,5.306
formor,5.306
moviez,5.306
anthini,5.306
myseri,5.306
garnier,5.306
unaproach,5.306
ewwi,5.306
lecet,5.306
dokimanteri,5.306
brilliantsaturday,5.306
bimmel,5.306
eway,5.306
reativ,5.306
mnvquh,5.306
hopkinsi,5.306
popkomm,5.306
sqeam,5.306
threav,5.306
exoriscm,5.306
porti,5.306
federica,5.306
seamstress,5.306
hese,5.306
ecter,5.306
cadenza,5.306
humilli,5.306
geddim,5.306
skinsuit,5.306
granpa,5.306
246the,5.306
lechtor,5.306
vecchio,5.306
medulla,5.306
entomologist,5.306
uperb,5.306
hospkin,5.306
behaviori,5.306
lolvv,5.306
boccanera,5.306
shakspear,5.306
lound,5.306
strarl,5.306
hewoman,5.306
clari,5.306
clausrophobia,5.306
aredlia,5.306
uncaught,5.306
physcopath,5.306
melbournedemm,5.306
morebeliev,5.306
haemostat,5.306
spotswood,5.306
isilum,5.306
synthezis,5.306
uebermensch,5.306
horrordom,5.306
bau,5.306
lectorfi,5.306
inarticulaci,5.306
centresunday,5.306
florentin,5.306
sommersbi,5.306
emboddi,5.306
mofet,5.306
denm,5.306
masogeni,5.306
eliment,5.306
helllllooooooo,5.306
contrapasso,5.306
semiconsci,5.306
buffolo,5.306
decidu,5.306
staril,5.306
faba,5.306
bozman,5.306
hinayana,5.306
appalachain,5.306
heidnik,5.306
integument,5.306
crawfordhoward,5.306
candlewood,5.306
krendler,5.306
wilfuli,5.306
demmel,5.306
lambsdirect,5.306
lecot,5.306
kneiv,5.306
lectarz,5.306
hannibel,5.306
canibl,5.306
hippocr,5.306
farmyard,5.306
surrandon,5.306
indivisu,5.306
bceaus,5.306
sizzlng,5.306
catarsi,5.306
radit,5.306
hannob,5.306
brautigan,5.306
thirller,5.306
symathis,5.306
criminalist,5.306
knowleadg,5.306
agreeanc,5.306
begun,5.306
invis,5.304
smallest,5.304
lousi,5.304
slam,5.302
misunderstood,5.299
grandios,5.295
ii,5.294
repress,5.293
mindset,5.293
deviat,5.293
remors,5.291
butcher,5.287
outright,5.287
mutual,5.285
nearbi,5.283
pin,5.282
unseen,5.276
void,5.274
cap,5.274
redund,5.272
steer,5.270
seduc,5.267
cruis,5.265
spill,5.265
imperson,5.263
sketch,5.263
75,5.248
evoc,5.247
redefin,5.247
bitch,5.245
slower,5.239
banter,5.238
anxiou,5.236
dan,5.234
significantli,5.229
maze,5.229
neg,5.228
belt,5.227
kitchen,5.225
warp,5.223
explos,5.220
strict,5.220
criticis,5.216
wannab,5.216
gt,5.216
thelma,5.215
breed,5.210
bottl,5.203
tea,5.203
ridden,5.198
miscast,5.196
sheep,5.192
exclus,5.189
fabric,5.186
boom,5.181
disabl,5.181
spit,5.177
backstori,5.176
tiger,5.176
stagger,5.172
resent,5.169
shield,5.161
jewel,5.161
inexplic,5.156
len,5.156
specul,5.154
unexplain,5.154
outlin,5.153
tail,5.150
banal,5.150
stray,5.148
mold,5.146
water,5.146
compon,5.145
monoton,5.143
darkli,5.140
vein,5.135
wet,5.132
empir,5.129
dwell,5.124
sli,5.123
boggl,5.119
joy,5.119
compens,5.118
idealist,5.116
1993,5.113
squar,5.112
click,5.112
club,5.111
whisper,5.109
district,5.106
muscl,5.104
overus,5.102
updat,5.096
optimist,5.095
worship,5.093
outlook,5.089
bedroom,5.089
holiday,5.089
rope,5.086
momentum,5.086
futil,5.084
flair,5.080
interrupt,5.080
nicholson,5.074
warrant,5.074
cabl,5.074
employe,5.070
implaus,5.068
flop,5.065
viewpoint,5.062
stream,5.056
hardcor,5.054
quietli,5.052
stallon,5.052
bleed,5.049
loath,5.042
runtim,5.041
aftermath,5.041
instrument,5.041
moron,5.039
tattoo,5.039
superl,5.038
delet,5.036
weari,5.024
declin,5.022
itali,5.018
hammer,5.006
comput,5.006
foie,5.005
xxxxxx,5.005
faber,5.005
ayi,5.005
atmosphereth,5.005
cla,5.005
workbook,5.005
snidley,5.005
chanti,5.005
saddli,5.005
bofor,5.005
illict,5.005
berkowitz,5.005
snippit,5.005
fater,5.005
haloween,5.005
lektor,5.005
mahayana,5.005
unanchor,5.005
ameircan,5.005
physiatrist,5.005
egd,5.005
musik,5.005
mccay,5.005
toyland,5.005
laugaug,5.005
dressmak,5.005
chare,5.005
palazzo,5.005
10h,5.005
barbel,5.005
hemoglobin,5.005
quesi,5.005
axon,5.005
putrefact,5.005
stonecold,5.005
twerpi,5.005
gory,5.005
lambi,5.005
uncoincident,5.005
vulnar,5.005
upchuck,5.005
actingperform,5.005
lifeth,5.005
chesapeak,5.005
pshycopath,5.005
moppet,5.005
hichcockian,5.005
superis,5.005
gyge,5.005
ulliel,5.005
prefor,5.005
cdn,5.005
zea,5.005
talbot,5.005
adict,5.005
serialkil,5.005
pravda,5.005
vivekmaru45,5.005
dolarhyd,5.005
centrefriday,5.005
dendrit,5.005
922,5.005
humn,5.005
mazelik,5.005
leroux,5.005
stottlemey,5.005
sneak,4.996
suspicion,4.987
blu,4.986
saturday,4.983
cup,4.982
agenda,4.979
privileg,4.978
janet,4.976
hardship,4.976
narrat,4.972
squad,4.971
blur,4.967
audio,4.964
reign,4.962
likewis,4.959
unhappi,4.955
guest,4.954
visionari,4.953
fest,4.953
speci,4.950
plastic,4.946
descent,4.945
web,4.944
flashi,4.943
britain,4.938
ideolog,4.936
slightest,4.936
merci,4.935
majest,4.930
item,4.930
underneath,4.927
equival,4.926
automat,4.923
chaotic,4.923
partial,4.914
imaginari,4.911
2007,4.911
milk,4.902
suffici,4.900
implic,4.899
mate,4.891
diamond,4.890
threw,4.880
2006,4.879
outer,4.877
arrang,4.872
demis,4.868
rehash,4.868
ration,4.867
slice,4.867
underworld,4.863
vh,4.861
weakest,4.861
dwarf,4.858
satisfact,4.857
miseri,4.853
suffic,4.842
irrelev,4.841
contradict,4.841
impos,4.837
complement,4.835
california,4.831
transexu,4.829
footi,4.829
sightli,4.829
soothingli,4.829
defid,4.829
psycholig,4.829
unset,4.829
booooooo,4.829
terrorfi,4.829
phycho,4.829
jonothan,4.829
254,4.829
floater,4.829
lasagn,4.829
twisted,4.829
plota,4.829
bran,4.829
braden,4.829
somesuch,4.829
underlook,4.829
appalachia,4.829
flightplan,4.829
routabl,4.829
oscor,4.829
58min,4.829
intir,4.829
perverted,4.829
mame,4.829
locksmith,4.829
abber,4.829
plexiglass,4.829
mansplain,4.829
anthoney,4.829
dennehi,4.829
dillyd,4.829
charactar,4.829
sorbet,4.829
gumdrop,4.829
hollywod,4.829
afl,4.829
howcatchem,4.829
59th,4.829
scilenc,4.829
wichita,4.829
discourtesi,4.829
zzzzzzzzzzzz,4.829
afforment,4.829
pshyco,4.829
taughtli,4.829
1998,4.817
tonight,4.814
preserv,4.814
flight,4.807
wheel,4.802
stab,4.800
consciou,4.795
wick,4.793
awak,4.790
adequ,4.788
spielberg,4.787
climb,4.783
staff,4.778
1997,4.771
toss,4.770
fundament,4.766
tape,4.762
cake,4.761
bu,4.758
semi,4.758
crook,4.755
luckili,4.753
mistaken,4.751
uninterest,4.749
fanat,4.748
versu,4.746
fifti,4.744
thread,4.744
myth,4.744
conveni,4.742
paus,4.741
neighborhood,4.738
repeatedli,4.738
print,4.732
tad,4.732
befriend,4.732
loneli,4.732
bernard,4.727
enlighten,4.726
shorter,4.721
von,4.720
option,4.718
1000,4.718
plagu,4.714
presum,4.714
patienc,4.714
lynch,4.714
shakespear,4.713
soap,4.712
wisdom,4.710
librari,4.707
scratch,4.705
primari,4.705
ballpoint,4.704
plexigla,4.704
foulest,4.704
invovl,4.704
visciou,4.704
odious,4.704
hardback,4.704
victimhood,4.704
grusom,4.704
buddist,4.704
cors,4.704
wornoutspin,4.704
tennese,4.704
neglige,4.704
gurney,4.704
garn,4.704
suspos,4.704
broodingli,4.704
capaci,4.704
bacaus,4.704
fixedli,4.704
liais,4.704
272,4.704
kemper,4.704
slowburn,4.704
fasion,4.704
specificli,4.704
hundreth,4.704
scotia,4.704
mealtim,4.704
baaaaaad,4.704
godfath,4.704
overdon,4.703
sigourney,4.698
valuabl,4.692
expertli,4.685
www,4.684
launch,4.682
similarli,4.681
literatur,4.678
subconsci,4.675
mill,4.675
hail,4.672
3rd,4.669
keitel,4.666
grate,4.666
devil,4.664
injustic,4.661
spanish,4.660
tender,4.660
wash,4.658
verdict,4.657
malcolm,4.644
assembl,4.641
incorpor,4.639
exhaust,4.639
fisher,4.636
useless,4.633
bless,4.633
spread,4.629
hopeless,4.618
furthermor,4.612
2008,4.611
lust,4.609
boogey,4.607
punic,4.607
ekg,4.607
physiologist,4.607
tauntingli,4.607
gumbi,4.607
legibl,4.607
rol,4.607
cannibalis,4.607
kristi,4.607
enduringli,4.607
huggi,4.607
hospic,4.607
yon,4.607
leafless,4.607
mastic,4.607
giannini,4.607
paler,4.607
momentsbomb,4.607
heehe,4.607
bohemia,4.607
chois,4.607
bataman,4.607
dtv,4.607
simultani,4.607
unimpos,4.607
scorpio,4.607
psychopat,4.607
sicki,4.607
harder,4.607
sympath,4.593
christian,4.593
polish,4.587
divers,4.585
judgment,4.581
via,4.579
oppress,4.577
underground,4.574
eras,4.574
miracl,4.574
montag,4.572
portion,4.572
sunshin,4.571
mystic,4.569
aesthet,4.565
rat,4.560
embarrass,4.552
nobl,4.549
premier,4.543
makeup,4.543
walter,4.538
fallen,4.530
45,4.530
palo,4.528
straightli,4.528
tali,4.528
ich,4.528
welshman,4.528
acual,4.528
attemp,4.528
egger,4.528
gellar,4.528
tenness,4.528
jeckyl,4.528
unkept,4.528
gussi,4.528
kraftwerk,4.528
finnali,4.528
immagin,4.528
splendifer,4.528
abducte,4.528
stabilis,4.528
glendal,4.528
naw,4.528
amatu,4.528
mew,4.528
slurri,4.528
starsso,4.528
sn,4.528
jailor,4.528
impris,4.528
transgend,4.528
rose,4.526
monologu,4.520
superfici,4.520
mindless,4.520
miser,4.520
shop,4.517
shi,4.515
wolf,4.514
scientif,4.514
gloriou,4.508
christ,4.507
yesterday,4.503
wander,4.503
weaver,4.502
prime,4.501
butler,4.494
backward,4.493
tribut,4.483
advis,4.482
court,4.474
shall,4.474
program,4.470
ralph,4.465
sexi,4.463
contrair,4.461
windbag,4.461
spose,4.461
munster,4.461
unsolicit,4.461
paymast,4.461
josi,4.461
satanist,4.461
cinemtographi,4.461
top5,4.461
outguess,4.461
claustraphob,4.461
gretel,4.461
solvabl,4.461
qout,4.461
wonderfuli,4.461
paramed,4.461
spookier,4.461
sienc,4.461
portenti,4.461
hammiest,4.461
flashiest,4.461
unscari,4.461
culinari,4.461
rough,4.456
sun,4.449
fist,4.449
humbl,4.448
pride,4.448
spiritu,4.439
intric,4.433
ron,4.433
uplift,4.428
beaten,4.426
borrow,4.424
zero,4.417
grave,4.409
creator,4.406
reader,4.405
repetit,4.404
ifi,4.403
milan,4.403
counterintuit,4.403
agoraphobia,4.403
penetratingli,4.403
hungrili,4.403
hollwood,4.403
skinless,4.403
earnt,4.403
discu,4.403
florist,4.403
hyperr,4.403
candyman,4.403
personalti,4.403
hereditari,4.403
burrough,4.403
yech,4.403
adler,4.403
shadowland,4.403
halen,4.403
thumb,4.400
connor,4.393
coaster,4.392
opera,4.391
descript,4.383
span,4.383
marin,4.372
liber,4.368
fix,4.368
guilt,4.366
germani,4.366
holi,4.357
roller,4.355
popul,4.353
kr,4.352
sculli,4.352
charicatur,4.352
scrumptiou,4.352
toung,4.352
untri,4.352
grandaddi,4.352
straightjacket,4.352
subtlti,4.352
washout,4.352
psychoanalyz,4.352
authoris,4.352
grimier,4.352
imprud,4.352
ander,4.352
refit,4.352
shiit,4.352
ajar,4.352
woodman,4.352
gingerli,4.352
punish,4.340
oliv,4.335
trial,4.320
irrit,4.317
curiou,4.308
wave,4.307
fil,4.306
hansel,4.306
ponc,4.306
pittsburg,4.306
psycolog,4.306
adn,4.306
harlin,4.306
televangelist,4.306
mensa,4.306
troma,4.306
preproduct,4.306
appalachian,4.306
courtli,4.306
wh,4.306
copul,4.306
freakiest,4.306
height,4.299
1999,4.295
invest,4.295
engin,4.288
wherea,4.288
outcom,4.285
reminisc,4.280
dreamili,4.265
palpit,4.265
incontrovert,4.265
canter,4.265
gaseou,4.265
suaviti,4.265
greenlit,4.265
personn,4.265
mortem,4.265
epitomi,4.265
unblinkingli,4.265
skinner,4.265
nightmarishli,4.265
sayeth,4.265
ike,4.265
prision,4.265
psychos,4.265
predecessor,4.246
adam,4.240
neighbor,4.239
johnathon,4.227
thiller,4.227
realeas,4.227
interviewe,4.227
decipher,4.227
alto,4.227
virginian,4.227
maryland,4.227
sanctum,4.227
deme,4.227
tn,4.227
magnif,4.227
coyli,4.227
pinhead,4.227
unburden,4.227
trendsett,4.227
stringi,4.227
nylon,4.227
accurs,4.227
nutjob,4.227
neccessari,4.227
yimou,4.227
attach,4.210
vehicl,4.210
guilti,4.200
moriati,4.192
suberb,4.192
overthink,4.192
1080p,4.192
clifford,4.192
ger,4.192
misbehavior,4.192
cordon,4.192
flay,4.192
insuper,4.192
flagrantli,4.192
rue,4.192
hither,4.192
bermuda,4.192
personnali,4.192
unlikeli,4.192
famish,4.192
cuf,4.192
awful,4.192
fairi,4.192
sky,4.188
ear,4.187
forgiv,4.183
prevent,4.165
prequal,4.160
redefinit,4.160
succ,4.160
factoid,4.160
tantalisingli,4.160
manifestli,4.160
cologn,4.160
werewolv,4.160
lugosi,4.160
frock,4.160
riskier,4.160
portay,4.160
airtim,4.160
terrier,4.160
facin,4.160
strictur,4.160
burgundi,4.160
gra,4.160
fruitcak,4.160
odor,4.160
equanim,4.160
sexualis,4.160
bound,4.156
homag,4.145
shallow,4.142
oustand,4.130
overmatch,4.130
stultifi,4.130
forster,4.130
physcolog,4.130
breathabl,4.130
grittili,4.130
illiteraci,4.130
inquisitor,4.130
sensationalis,4.130
zhang,4.130
prise,4.130
psychopatholog,4.130
cheekili,4.130
abdomen,4.130
triller,4.130
geena,4.130
apotpourriofvestig,4.130
heater,4.130
perf,4.130
regular,4.123
surreal,4.119
thin,4.119
poignant,4.113
storm,4.108
surpis,4.102
glassi,4.102
guaranti,4.102
underdon,4.102
ignobl,4.102
cmr,4.102
radiantli,4.102
hamstrung,4.102
canvas,4.102
keyzer,4.102
shapeshift,4.102
trundl,4.102
feeder,4.102
palanc,4.102
oafish,4.102
thon,4.102
az,4.102
sistin,4.102
redeem,4.099
nonsens,4.095
accompani,4.094
coppola,4.088
etern,4.086
titan,4.084
fulfil,4.078
28th,4.076
amin,4.076
splat,4.076
tinni,4.076
nietzschean,4.076
calculu,4.076
classier,4.076
rigour,4.076
hydrant,4.076
revu,4.076
breathi,4.076
catagori,4.076
inopportun,4.076
elk,4.076
burp,4.076
whopper,4.076
forrest,4.073
partner,4.066
glori,4.057
spinoff,4.051
bariton,4.051
apposit,4.051
birthplac,4.051
hs,4.051
buzzer,4.051
rawest,4.051
unfaz,4.051
hutch,4.051
renni,4.051
deign,4.051
anyhoo,4.051
unevenli,4.051
refresh,4.041
speed,4.032
tricksi,4.028
gust,4.028
supercili,4.028
noonan,4.028
kg,4.028
starski,4.028
mikkelson,4.028
whisker,4.028
magisteri,4.028
hitcher,4.028
clump,4.028
undet,4.028
cruditi,4.028
uncharismat,4.028
rival,4.026
hitler,4.020
ruthless,4.015
stretch,4.012
news,4.007
pelt,4.005
refil,4.005
chromosom,4.005
roman,4.004
militari,3.988
victimis,3.984
hade,3.984
barker,3.984
eri,3.984
renov,3.984
exhiler,3.984
flout,3.984
yeti,3.984
dwelt,3.984
sprang,3.984
whammi,3.984
nova,3.984
searingli,3.984
longingli,3.984
idiot,3.972
blogger,3.964
mindedli,3.964
ber,3.964
prefigur,3.964
redirect,3.964
aloft,3.964
supurb,3.964
androgyn,3.964
unremittingli,3.964
crueler,3.964
diaper,3.964
loooong,3.945
nervi,3.945
sanitarium,3.945
chili,3.945
newsweek,3.945
remeb,3.945
caterpillar,3.945
millisecond,3.945
unsavouri,3.945
avuncular,3.945
staunchli,3.945
doom,3.944
darth,3.929
folk,3.926
curt,3.926
usc,3.926
rebuff,3.926
pluss,3.926
pernici,3.926
baser,3.926
clam,3.926
endearingli,3.926
concentr,3.917
swoosh,3.908
ceaselessli,3.908
sickest,3.908
unattend,3.908
mustard,3.908
idi,3.908
befel,3.908
freakishli,3.908
telepathi,3.908
paraphernalia,3.908
subgenr,3.908
bridg,3.895
statement,3.895
interst,3.891
lightest,3.891
peform,3.891
hesitantli,3.891
playhous,3.891
retroact,3.891
unherald,3.891
withdrew,3.891
bulletin,3.891
schlocki,3.891
contrarian,3.891
foothold,3.891
nebul,3.891
friedrich,3.891
replac,3.890
lascivi,3.875
realti,3.875
ruffl,3.875
contour,3.875
trivialis,3.875
crocodil,3.875
tellingli,3.875
mmm,3.875
toughen,3.875
decorum,3.875
batho,3.875
trawl,3.875
nonfict,3.875
hubbub,3.875
handpick,3.875
trolley,3.875
guignol,3.859
mephistophel,3.859
ogl,3.859
maximis,3.859
hookabl,3.859
overpr,3.859
irrepar,3.859
psychotherapi,3.859
uzi,3.859
sado,3.859
handbook,3.859
tightest,3.859
outstay,3.859
ryder,3.844
forsyth,3.844
briefest,3.844
genitalia,3.844
fie,3.844
flub,3.844
execr,3.844
salient,3.844
tenor,3.844
unenjoy,3.844
partit,3.844
wintri,3.844
duell,3.844
lastabl,3.844
scummi,3.844
bela,3.844
etr,3.844
characht,3.844
cordial,3.844
slimebal,3.844
chide,3.844
explan,3.843
trip,3.834
ray,3.834
giant,3.832
psychotrop,3.829
grabber,3.829
salom,3.829
stoker,3.829
souvenir,3.829
fulcrum,3.829
daniel,3.828
hot,3.823
adroit,3.815
disassoci,3.815
corpul,3.815
gotcha,3.815
fizz,3.815
rube,3.815
tantalis,3.815
carthag,3.815
garment,3.815
27th,3.801
brainchild,3.801
completli,3.801
fairground,3.801
applianc,3.801
1hr,3.801
holist,3.801
prim,3.801
symbiot,3.801
psychoanalyt,3.801
spiel,3.801
rage,3.796
vader,3.792
factli,3.788
cadr,3.788
holster,3.788
clang,3.788
giancarlo,3.775
revision,3.775
sensuou,3.775
bloodier,3.775
pimpl,3.775
measli,3.775
psychobabbl,3.775
alp,3.775
atrophi,3.775
flirtat,3.775
slid,3.775
sapien,3.775
40,3.766
70,3.766
snooti,3.762
artless,3.762
naff,3.762
bedrock,3.762
quintess,3.762
eleventh,3.762
pork,3.762
colloqui,3.762
sojourn,3.762
handshak,3.762
calmer,3.762
japanes,3.762
nation,3.758
becuas,3.750
snobberi,3.750
checker,3.750
viewabl,3.750
aggressor,3.750
unconcern,3.750
morgu,3.750
peic,3.750
dropout,3.750
duologu,3.750
cvisit,3.750
plum,3.750
scantili,3.750
donor,3.750
girlfriend,3.745
stodgi,3.738
interim,3.738
fastidi,3.738
acolyt,3.738
baptiz,3.738
diagnosi,3.738
huff,3.738
charcter,3.738
fiendish,3.727
hasnt,3.727
stane,3.727
feint,3.727
atlanti,3.727
spoilersth,3.727
stealthi,3.727
abit,3.727
cutaway,3.715
playth,3.715
phantasm,3.715
triumvir,3.715
ingest,3.715
socrat,3.715
shirtless,3.715
unforc,3.715
29th,3.715
bon,3.715
mace,3.715
complexion,3.715
harvey,3.709
phoney,3.704
acumen,3.704
infami,3.704
pest,3.704
hm,3.704
cogniz,3.704
marian,3.704
boyz,3.704
unwrap,3.704
takedown,3.704
faq,3.704
encas,3.704
levit,3.704
gong,3.694
granddaddi,3.694
chauffeur,3.694
eviscer,3.694
henceforth,3.694
andersen,3.694
manoeuvr,3.683
cheezi,3.683
awok,3.683
twang,3.683
vagina,3.683
perturb,3.683
ufo,3.683
hedeen,3.683
friedkin,3.683
wittic,3.683
clint,3.681
jim,3.679
predilect,3.673
tomboy,3.673
loudmouth,3.673
mannequin,3.673
hoodwink,3.673
fledgl,3.673
soooooo,3.673
sonata,3.673
spotti,3.663
meagr,3.663
cafeteria,3.663
unrat,3.663
icki,3.663
fartsi,3.663
abridg,3.663
seminar,3.663
camp,3.660
nastiest,3.653
tenet,3.653
cursori,3.653
specter,3.653
underappreci,3.653
institutionalis,3.653
snuf,3.653
pronunci,3.653
alterc,3.653
vigour,3.653
rock,3.647
glum,3.644
charect,3.644
concerto,3.644
continent,3.644
lipstick,3.644
slicker,3.644
disembowel,3.644
bothersom,3.644
fresher,3.644
golli,3.644
violet,3.634
10i,3.634
brethren,3.634
10the,3.634
overdid,3.634
setter,3.634
pratfal,3.634
index,3.625
preliminari,3.625
handler,3.625
dresser,3.625
shuck,3.625
unforget,3.625
plump,3.625
abbrevi,3.616
overprais,3.616
furnac,3.616
oomph,3.616
unqualifi,3.616
bled,3.616
risibl,3.616
electro,3.616
vaunt,3.607
whet,3.607
brainstorm,3.607
dab,3.607
semest,3.607
jeer,3.607
faintli,3.607
swath,3.607
purveyor,3.607
neuros,3.607
gentlemanli,3.599
detain,3.599
goad,3.599
liven,3.599
retic,3.599
ventil,3.599
schemer,3.599
geometr,3.599
dorm,3.599
moviemusereview,3.590
catacomb,3.590
maroon,3.590
paedophil,3.590
violinist,3.590
interlac,3.590
cleaver,3.590
tablet,3.590
armchair,3.590
southeast,3.590
hogwash,3.590
clownish,3.590
timefram,3.590
categoris,3.590
demi,3.590
ascertain,3.582
saxon,3.582
ampli,3.582
erudit,3.582
hq,3.582
complementari,3.582
rescuer,3.582
pepsi,3.582
tragic,3.574
reactiv,3.574
grinch,3.574
definet,3.574
jailer,3.574
multidimension,3.574
checklist,3.574
leash,3.574
tobacco,3.574
conjectur,3.574
cesspool,3.574
primordi,3.574
chauvinist,3.566
fascinatingli,3.566
overcrowd,3.566
bra,3.566
haggard,3.566
highbrow,3.566
unwis,3.566
03,3.566
ghoulish,3.566
lamest,3.566
commot,3.566
prerequisit,3.566
apotheosi,3.558
outperform,3.558
meg,3.558
buddhism,3.558
contemptu,3.558
nbc,3.558
crate,3.558
surgic,3.550
fortuit,3.550
workout,3.550
uncannili,3.550
flit,3.550
manuscript,3.550
cautious,3.550
stupefi,3.550
coil,3.550
canni,3.550
vernacular,3.550
chapel,3.550
local,3.548
physician,3.543
ornat,3.543
elucid,3.543
potboil,3.543
glacial,3.543
scrub,3.543
tower,3.541
la,3.540
citizen,3.538
keyston,3.535
immobil,3.535
unturn,3.535
flap,3.535
misjudg,3.535
ado,3.535
houston,3.535
colder,3.535
kicker,3.535
courthous,3.535
sewn,3.535
lam,3.528
ringer,3.528
slumber,3.528
glaringli,3.528
telepath,3.528
satiat,3.528
cuff,3.528
haywir,3.528
york,3.528
enemi,3.524
yve,3.521
skyrocket,3.521
unrepent,3.521
eyelid,3.521
sweetli,3.521
vantag,3.521
queri,3.521
watersh,3.521
cosi,3.521
humdrum,3.521
weakli,3.521
johann,3.514
deflect,3.514
oversimplifi,3.514
lagsreview,3.514
avalanch,3.514
pastel,3.514
poppin,3.514
snare,3.514
cleverest,3.507
explic,3.507
specifi,3.507
carnivor,3.507
firebal,3.507
disquiet,3.507
au,3.507
encroach,3.507
vegetarian,3.507
911,3.507
kidman,3.507
freakish,3.507
pulpi,3.507
implac,3.507
reread,3.500
damp,3.500
hyde,3.500
refut,3.500
fuzz,3.493
ivori,3.493
guffaw,3.493
cereal,3.493
deject,3.493
supersed,3.493
mousi,3.493
raunchi,3.493
gateway,3.493
dt,3.493
prowl,3.493
douch,3.487
intriguingli,3.487
snobbish,3.487
reinvigor,3.487
poltergeist,3.487
jelli,3.487
coolli,3.480
trespass,3.480
sanction,3.480
hmmmm,3.480
enlarg,3.480
outshon,3.480
10rate,3.474
compatriot,3.474
oooh,3.474
reoccur,3.474
minuscul,3.474
thingi,3.474
granddaught,3.474
complimentari,3.474
trailer,3.473
horrifyingli,3.468
ivi,3.468
satisfactorili,3.468
batch,3.468
petit,3.468
motionless,3.468
slyli,3.468
schoolboy,3.468
graciou,3.468
wholesal,3.468
gentil,3.468
fuller,3.468
carelessli,3.468
downgrad,3.468
parri,3.461
necessit,3.461
olson,3.461
bewitch,3.461
whitak,3.461
snide,3.455
gadgetri,3.455
fortifi,3.455
dimli,3.449
fasten,3.449
majorli,3.449
sacrileg,3.449
unobtrus,3.449
j,3.445
reevalu,3.443
bode,3.443
silk,3.443
fallibl,3.443
kitti,3.437
scruffi,3.437
makeshift,3.437
unyield,3.437
chilli,3.437
opaqu,3.437
slayer,3.437
populist,3.437
scribbl,3.437
apparit,3.437
dario,3.437
cantanker,3.437
derogatori,3.437
friendship,3.433
behead,3.431
straddl,3.431
camouflag,3.431
surmis,3.431
baton,3.431
hehe,3.426
lacklustr,3.426
sidetrack,3.426
unchart,3.426
misogyni,3.426
sniff,3.426
potenc,3.426
supper,3.426
starlet,3.426
paul,3.424
dosen,3.420
momentari,3.420
unwarr,3.420
freight,3.420
woken,3.420
mono,3.414
zillion,3.414
stagi,3.414
amusingli,3.414
boobi,3.414
worsen,3.414
sleight,3.414
unprofession,3.414
showmanship,3.414
frustratingli,3.414
pensiv,3.414
loosen,3.409
stagnant,3.409
fro,3.409
workshop,3.409
whizz,3.409
unfound,3.409
privi,3.409
est,3.409
singularli,3.403
infrequ,3.403
towel,3.403
interject,3.403
mint,3.403
xenomorph,3.403
infact,3.403
panick,3.403
fizzl,3.403
lili,3.398
headmast,3.398
unriv,3.398
hale,3.398
sc,3.398
poorer,3.393
munch,3.393
tidal,3.393
temperatur,3.393
puff,3.393
unload,3.393
menacingli,3.393
ee,3.393
bungl,3.393
paranorm,3.387
relent,3.387
wayward,3.387
spatter,3.387
broadli,3.387
iconographi,3.387
outclass,3.387
perk,3.387
plucki,3.387
plato,3.387
usurp,3.387
dandi,3.387
whew,3.387
incessantli,3.387
chisel,3.387
friction,3.382
edmund,3.382
cornerston,3.382
hideous,3.382
irrespect,3.382
posh,3.382
bach,3.382
squint,3.377
dissimilar,3.377
bridget,3.377
astray,3.377
dopey,3.377
headstrong,3.377
expir,3.377
beliv,3.372
hurdl,3.372
omnisci,3.372
stirl,3.372
aisl,3.372
30th,3.372
clair,3.372
unintend,3.372
postcard,3.372
gl,3.367
iota,3.367
unemot,3.367
jovial,3.367
shin,3.362
bulg,3.362
backup,3.362
58,3.362
breviti,3.362
errand,3.362
unoffici,3.362
planet,3.361
excurs,3.357
needi,3.357
blush,3.357
remorseless,3.357
indirect,3.357
dustin,3.352
fingernail,3.352
compli,3.352
beatric,3.352
ownership,3.352
reenact,3.352
showman,3.352
flown,3.352
purg,3.347
dingi,3.347
anatomi,3.347
yuck,3.347
faculti,3.343
pittsburgh,3.343
credul,3.343
err,3.343
garish,3.343
anal,3.343
machin,3.342
normalci,3.338
nypd,3.338
iter,3.338
latent,3.338
micro,3.338
wail,3.338
midwestern,3.338
disappointingli,3.338
op,3.338
refriger,3.333
te,3.333
hastili,3.333
paramet,3.333
overcam,3.333
comb,3.333
84,3.329
yahoo,3.329
hockey,3.329
sage,3.324
strife,3.324
remembr,3.324
unabashedli,3.320
snag,3.320
unpopular,3.320
derid,3.320
antholog,3.320
callous,3.320
contort,3.320
erect,3.320
lambert,3.320
overprotect,3.315
labori,3.315
weasel,3.315
swoon,3.315
coron,3.315
pranc,3.315
spunki,3.311
vindict,3.311
unabash,3.311
slit,3.311
chime,3.311
freeway,3.311
unwelcom,3.311
iceberg,3.311
astronom,3.311
german,3.310
moreso,3.306
breach,3.306
rib,3.306
orderli,3.306
weirdest,3.302
repugn,3.302
trajectori,3.302
reveng,3.299
brawn,3.298
scape,3.298
abhorr,3.298
hillbilli,3.298
reactionari,3.298
evapor,3.298
jersey,3.298
facilit,3.298
starkli,3.294
hideout,3.294
unbeknownst,3.294
subscrib,3.294
extinguish,3.294
unwav,3.294
customari,3.294
verbos,3.289
bi,3.289
swipe,3.289
revenu,3.289
rundown,3.285
rectifi,3.285
outwardli,3.285
fawn,3.285
diagnos,3.285
durn,3.285
recipi,3.285
unearth,3.281
homo,3.281
tumultu,3.281
hoopla,3.277
fertil,3.277
inquisit,3.277
simmer,3.277
frontal,3.277
tantal,3.277
squeaki,3.277
respit,3.273
outnumb,3.273
adul,3.273
humorless,3.273
entwin,3.273
naivet,3.273
tamper,3.273
innocu,3.273
deduc,3.273
helper,3.269
genial,3.269
dp,3.269
torrenc,3.269
fork,3.269
bona,3.269
featurett,3.269
slump,3.269
inimit,3.269
nietzsch,3.269
fide,3.269
squander,3.265
sculpt,3.265
picnic,3.265
humanli,3.265
wrack,3.265
doze,3.265
tub,3.265
macguffin,3.265
disney,3.265
mania,3.261
beggar,3.261
sketchi,3.261
upright,3.261
buddhist,3.257
whomev,3.257
megalomaniac,3.257
sleaz,3.257
chic,3.257
protract,3.257
redempt,3.257
slime,3.253
immeasur,3.253
feasibl,3.253
heavier,3.253
bumpi,3.249
klau,3.249
reciev,3.249
undoubt,3.249
enrol,3.249
surg,3.249
brainer,3.249
rash,3.246
titil,3.246
freud,3.246
misanthrop,3.246
arduou,3.246
gunman,3.246
uptight,3.246
whodunit,3.246
aircraft,3.246
bulb,3.246
skate,3.242
slogan,3.242
katherin,3.242
summat,3.242
reprehens,3.242
slipperi,3.242
clench,3.242
implicit,3.238
chronic,3.238
deduct,3.238
egregi,3.238
untold,3.238
byron,3.238
benign,3.234
misogynist,3.234
iren,3.234
mm,3.234
hiss,3.234
echelon,3.234
beguil,3.234
25th,3.234
stylishli,3.234
strewn,3.231
kit,3.231
unmask,3.231
centerpiec,3.231
curl,3.227
treve,3.227
antagon,3.227
folklor,3.227
hunk,3.224
vener,3.224
fittingli,3.224
snack,3.224
untrain,3.224
nap,3.224
congrat,3.224
rippl,3.224
exert,3.220
whirl,3.220
meati,3.220
goo,3.220
emo,3.220
williamson,3.216
predomin,3.213
locker,3.213
thee,3.213
patsi,3.213
flexibl,3.213
sworn,3.213
greas,3.213
queue,3.209
emit,3.209
bitterli,3.209
lowli,3.209
heartedli,3.209
gambler,3.206
fastest,3.206
whatnot,3.206
jumpi,3.206
congress,3.206
weirdli,3.206
lucr,3.206
eldest,3.203
masochist,3.203
beli,3.203
twister,3.203
computer,3.199
conundrum,3.199
aural,3.199
nonexist,3.199
aloud,3.199
belittl,3.199
bluray,3.199
conspicu,3.196
vest,3.196
bureaucraci,3.196
unlock,3.196
stalwart,3.196
muppet,3.196
oeuvr,3.192
englishman,3.192
boyhood,3.192
arsen,3.192
gratif,3.189
ne,3.189
steadicam,3.189
videotap,3.189
130,3.186
percentag,3.186
smother,3.186
mischief,3.182
jefferi,3.182
foray,3.182
cocktail,3.182
misconcept,3.182
authorit,3.179
activist,3.176
seventeen,3.176
underwear,3.176
110,3.173
unapp,3.173
cower,3.170
overst,3.170
malign,3.170
relic,3.170
coverag,3.170
overtak,3.170
dutch,3.166
astoundingli,3.166
cuddli,3.166
circular,3.166
kindergarten,3.163
reaffirm,3.163
truer,3.163
argentina,3.160
augment,3.160
connot,3.160
rake,3.160
boiler,3.160
coldli,3.157
gamut,3.157
freakin,3.157
precursor,3.157
bitten,3.157
obliter,3.157
39,3.157
denzel,3.157
survey,3.157
exam,3.157
urgent,3.157
unassum,3.157
nuff,3.157
97,3.154
viper,3.154
discredit,3.154
isnt,3.151
bogu,3.151
peg,3.148
dana,3.148
condon,3.148
conscienti,3.148
pri,3.145
christensen,3.145
reliant,3.145
peripher,3.142
rework,3.142
woe,3.142
fledg,3.142
pong,3.142
dumbfound,3.142
latch,3.139
archiv,3.139
sap,3.139
dissent,3.136
trunk,3.136
ditto,3.136
enamor,3.136
undisput,3.133
justli,3.133
trendi,3.133
publicli,3.133
abroad,3.130
har,3.130
defici,3.130
dine,3.130
uphold,3.130
hush,3.130
bundl,3.130
pond,3.127
anomali,3.127
pragmat,3.127
ubiquit,3.127
endang,3.127
atlant,3.127
pastich,3.125
aloof,3.125
automobil,3.125
hilari,3.123
dexter,3.122
dawson,3.122
eman,3.122
regrett,3.122
subway,3.122
relay,3.122
fluent,3.122
loung,3.119
tier,3.119
sociolog,3.119
uneduc,3.116
wagner,3.116
puke,3.116
scent,3.116
manli,3.116
yay,3.116
certif,3.113
fetish,3.113
looni,3.113
armour,3.113
dishonest,3.113
thespian,3.110
splice,3.110
overdu,3.110
cramp,3.110
cheapen,3.108
complac,3.108
sneer,3.108
dora,3.108
hilt,3.108
orgasm,3.108
folli,3.108
pantomim,3.108
eclect,3.105
avenu,3.105
1932,3.105
detour,3.105
cultiv,3.102
coz,3.102
stifl,3.102
peckinpah,3.102
prose,3.102
pitfal,3.102
waver,3.100
thirsti,3.100
blunder,3.100
staircas,3.097
goddamn,3.097
boyish,3.097
sneaki,3.097
gunderson,3.097
hierarchi,3.097
upward,3.094
bookend,3.094
butter,3.094
hone,3.094
analyt,3.094
symptom,3.094
synchron,3.094
appeas,3.092
frail,3.092
juici,3.092
barbi,3.089
skinni,3.086
stabil,3.086
impart,3.086
hash,3.086
den,3.084
unlimit,3.084
carniv,3.084
94,3.084
sweati,3.084
feroc,3.084
brisk,3.084
misstep,3.084
callou,3.081
poker,3.081
esquir,3.078
statist,3.078
shelv,3.078
truest,3.076
knive,3.076
limelight,3.073
hybrid,3.073
shook,3.073
consecut,3.073
scour,3.073
pleaser,3.073
prematur,3.073
fav,3.071
uniti,3.071
rattl,3.071
burglar,3.071
domain,3.071
devilish,3.071
patrol,3.068
remnant,3.068
unto,3.068
chalk,3.068
inescap,3.066
pluck,3.066
indirectli,3.066
playground,3.066
winc,3.066
otherworldli,3.066
vapid,3.063
cheeki,3.063
pertin,3.063
kubrick,3.063
condescend,3.061
impass,3.061
trashi,3.061
vicari,3.061
tasteless,3.061
sammi,3.061
magnifi,3.058
surgeri,3.058
pertain,3.058
seep,3.058
sadism,3.056
port,3.056
aristocrat,3.053
glide,3.053
righteous,3.053
asap,3.053
incongru,3.051
unresolv,3.051
bella,3.049
penguin,3.049
tear,3.048
georgia,3.046
balconi,3.046
excruciatingli,3.044
tint,3.044
tickl,3.044
bale,3.044
85,3.042
champ,3.042
crass,3.042
risen,3.039
scorn,3.039
venic,3.039
unknowingli,3.039
immin,3.039
banish,3.039
pois,3.039
humil,3.037
feldman,3.037
swirl,3.037
powel,3.032
mystifi,3.030
maestro,3.030
tapestri,3.030
clanci,3.030
revert,3.030
unhing,3.028
prolif,3.028
superhuman,3.025
distraught,3.025
glossi,3.025
fraction,3.025
swiftli,3.025
drug,3.025
classmat,3.023
needlessli,3.023
gimmicki,3.023
31,3.023
crafti,3.023
vent,3.023
1931,3.023
shuttl,3.021
upbring,3.021
thirteen,3.021
decapit,3.021
tee,3.021
sitcom,3.019
bark,3.019
gist,3.019
astut,3.019
bald,3.019
slept,3.016
sophomor,3.016
fountain,3.016
paraphras,3.016
bethani,3.014
prototyp,3.014
imprint,3.012
temporarili,3.012
fearsom,3.012
systemat,3.012
enrag,3.012
forese,3.012
stylis,3.010
alabama,3.010
bench,3.010
accommod,3.010
scroll,3.010
remast,3.010
zani,3.010
reportedli,3.007
naturalist,3.007
120,3.007
knit,3.007
tacki,3.005
crackl,3.005
docter,3.003
juggl,3.003
verit,3.003
abysm,3.001
wade,3.001
showi,2.999
boogi,2.999
disfigur,2.999
glorif,2.999
hermann,2.999
gravit,2.997
entangl,2.997
cancel,2.995
breakout,2.992
releg,2.992
soil,2.992
william,2.991
slay,2.990
dud,2.990
expend,2.990
forbid,2.988
desensit,2.988
whim,2.986
pervad,2.986
accumul,2.986
soften,2.986
melanchol,2.986
outta,2.984
masquerad,2.984
solemn,2.984
emili,2.984
einstein,2.982
muster,2.982
proverbi,2.982
nurtur,2.980
escapist,2.980
pencil,2.980
sooth,2.980
bravado,2.980
lucid,2.980
fi,2.979
sci,2.979
concert,2.978
yield,2.978
baggag,2.976
aficionado,2.976
semin,2.976
detractor,2.976
clarenc,2.974
donna,2.972
intervent,2.972
fixat,2.972
loudli,2.970
thereaft,2.970
slew,2.968
dialoug,2.968
kruger,2.966
volatil,2.966
homework,2.966
overweight,2.964
doesnt,2.964
pledg,2.962
malici,2.962
fitzgerald,2.962
strikingli,2.962
griev,2.962
vaniti,2.960
limbo,2.960
78,2.958
detriment,2.958
dilut,2.958
shakespearean,2.958
unsympathet,2.958
lest,2.956
hmmm,2.956
kindli,2.956
concis,2.956
flock,2.956
curious,2.956
powerless,2.956
herein,2.954
imbu,2.954
willingli,2.954
mummi,2.954
terrain,2.954
reappear,2.954
fiddl,2.954
moan,2.954
lull,2.952
focal,2.952
tripl,2.952
brighter,2.952
therein,2.952
suffoc,2.952
susan,2.950
mandatori,2.950
harass,2.950
gen,2.950
hbo,2.948
restless,2.948
transmit,2.947
gladli,2.947
allegedli,2.947
panach,2.947
forefront,2.945
indescrib,2.945
vigor,2.945
devour,2.945
modifi,2.943
foreground,2.943
plug,2.943
loui,2.941
cathart,2.941
circuit,2.941
hyperbol,2.941
fantasi,2.940
idl,2.939
thinker,2.937
intox,2.937
logo,2.937
compress,2.937
amazon,2.935
innat,2.935
breez,2.935
veil,2.933
medicin,2.933
dip,2.933
na,2.933
101,2.933
dissapoint,2.932
breast,2.932
ampl,2.932
dope,2.932
halt,2.930
mash,2.928
quasi,2.928
ping,2.928
tooth,2.926
fort,2.926
guis,2.924
nauseat,2.924
proven,2.924
defect,2.924
hover,2.923
goldberg,2.923
unmistak,2.923
societ,2.923
seren,2.923
prodigi,2.921
tho,2.921
wholesom,2.921
penchant,2.919
hometown,2.919
liar,2.919
onward,2.917
ditch,2.917
templat,2.917
feebl,2.917
halv,2.915
pervas,2.915
lens,2.915
taboo,2.915
parol,2.914
lovingli,2.912
novelist,2.912
catapult,2.912
drench,2.912
cd,2.912
januari,2.908
marg,2.907
ounc,2.905
rainbow,2.905
lopez,2.905
weir,2.903
fewer,2.903
filthi,2.903
lag,2.903
calibr,2.902
firework,2.900
hmm,2.900
ripper,2.900
nanci,2.900
septemb,2.900
programm,2.900
psychedel,2.898
filth,2.898
swell,2.896
hoffman,2.896
overload,2.896
academ,2.896
shocker,2.895
sleev,2.895
radiat,2.891
dissolv,2.891
agreement,2.891
inflat,2.890
shotgun,2.890
stilt,2.890
dismay,2.888
snub,2.888
framework,2.888
sabotag,2.886
clarifi,2.886
beef,2.885
llewelyn,2.885
overplay,2.885
spew,2.881
rewind,2.881
galleri,2.881
keeper,2.880
exuber,2.880
gruber,2.878
reunion,2.878
biograph,2.878
ravag,2.877
gentli,2.877
scot,2.875
brute,2.875
mise,2.875
hacksaw,2.873
lash,2.873
fever,2.873
kidnapp,2.872
interven,2.872
outburst,2.867
incorrect,2.867
blog,2.864
mason,2.864
z,2.862
intricaci,2.862
amateurish,2.862
everytim,2.862
gunshot,2.858
poet,2.858
tailor,2.858
kinet,2.858
solitari,2.855
bye,2.855
june,2.855
maxim,2.852
unwil,2.852
cum,2.852
condens,2.852
inan,2.850
intrus,2.850
repair,2.850
urgenc,2.848
splash,2.848
dynamit,2.847
feder,2.847
ruler,2.847
deciph,2.847
approxim,2.845
spellbound,2.845
unveil,2.844
hokey,2.844
bee,2.842
categor,2.842
walli,2.842
wardrob,2.841
woke,2.841
myriad,2.841
aureliu,2.841
thorough,2.839
stabl,2.837
pic,2.837
readili,2.835
nit,2.835
fluff,2.835
eg,2.835
orchestra,2.834
palac,2.832
hauntingli,2.831
tomato,2.831
satisfactori,2.829
navig,2.828
deftli,2.826
applic,2.826
simplifi,2.825
rampant,2.825
canadian,2.823
bombard,2.823
veng,2.823
engulf,2.819
persecut,2.819
superstar,2.818
laps,2.816
saddest,2.816
00,2.815
basing,2.812
zombi,2.812
disastr,2.811
inadvert,2.811
leather,2.809
scifi,2.808
razor,2.808
ach,2.808
fathom,2.808
replay,2.808
extravag,2.808
retreat,2.807
palm,2.807
mimic,2.805
purist,2.805
signifi,2.805
multitud,2.804
mi,2.804
der,2.804
uniformli,2.801
borderlin,2.801
potato,2.800
barn,2.800
overton,2.800
aptli,2.797
prioriti,2.797
simul,2.796
justif,2.796
ant,2.796
muse,2.796
earnest,2.796
clearer,2.794
plate,2.794
syndrom,2.793
persever,2.793
reynold,2.792
clutch,2.792
alleg,2.792
prolong,2.792
diet,2.792
spectacularli,2.790
backbon,2.790
spice,2.790
stupend,2.789
youtub,2.789
clueless,2.788
desk,2.788
disillus,2.787
slash,2.785
distribut,2.784
flamboy,2.784
quirk,2.783
whore,2.783
unnot,2.783
impati,2.781
26,2.780
cater,2.776
soze,2.776
placement,2.774
violat,2.774
analog,2.774
intoler,2.772
unnatur,2.772
sleazi,2.772
plethora,2.772
frenzi,2.771
poem,2.771
plead,2.771
prowess,2.770
denouement,2.770
claw,2.769
fullest,2.769
outdat,2.767
bewild,2.766
scum,2.766
anna,2.765
thompson,2.765
footstep,2.764
cannon,2.762
gandhi,2.762
stack,2.762
underlin,2.761
knack,2.761
daddi,2.760
accentu,2.760
emotionless,2.757
extern,2.757
suppress,2.756
streak,2.756
triangl,2.755
shorten,2.755
inspector,2.755
newest,2.754
canon,2.754
recount,2.752
tricki,2.751
couch,2.750
cliffhang,2.749
loom,2.749
recit,2.749
sway,2.749
wondrou,2.749
introspect,2.748
largest,2.748
parad,2.748
eaten,2.748
mockingbird,2.746
laud,2.746
gentlemen,2.746
intact,2.745
alarm,2.745
johnson,2.743
australia,2.742
negoti,2.741
occurr,2.741
discard,2.738
dish,2.738
static,2.737
fruit,2.737
referenc,2.737
fold,2.732
dens,2.732
ingenu,2.732
travesti,2.731
chicken,2.730
jam,2.730
ladder,2.730
exposur,2.729
incap,2.728
trim,2.725
uncertain,2.725
illumin,2.725
downward,2.725
savior,2.724
canva,2.724
regist,2.723
stuf,2.721
sour,2.721
muddl,2.721
sebastian,2.721
filler,2.721
punctuat,2.720
bout,2.720
riski,2.720
constitut,2.718
gush,2.718
openli,2.718
misguid,2.716
harold,2.713
manic,2.713
sylvest,2.713
abruptli,2.713
id,2.712
messi,2.712
sail,2.712
flourish,2.712
spontan,2.709
cyborg,2.709
vow,2.708
outdo,2.708
unquestion,2.704
armor,2.703
phoni,2.703
yard,2.702
wider,2.701
powerhous,2.700
lobbi,2.699
cite,2.699
weigh,2.699
prologu,2.699
2011,2.698
salut,2.697
blatantli,2.697
uncertainti,2.695
wrongli,2.694
fearless,2.694
opt,2.694
undertak,2.694
stamp,2.693
ma,2.693
inherit,2.690
burt,2.690
cerebr,2.690
immor,2.690
downsid,2.690
sought,2.689
stern,2.689
iq,2.689
experiment,2.688
squeez,2.687
boost,2.686
vain,2.686
variat,2.685
duplic,2.685
reliv,2.683
submit,2.683
insignific,2.682
troll,2.682
jon,2.682
cram,2.681
uncompromis,2.681
lowest,2.681
margin,2.680
blunt,2.680
willem,2.680
chord,2.679
deterior,2.678
rebelli,2.678
goof,2.678
grit,2.678
downhil,2.676
slim,2.676
mumbl,2.676
appl,2.675
sear,2.674
affirm,2.674
cohes,2.674
lighter,2.673
poke,2.672
oskar,2.672
utmost,2.671
hurri,2.671
intro,2.671
jade,2.671
forgiven,2.670
depriv,2.669
ned,2.668
er,2.668
uneven,2.668
herrmann,2.668
nolt,2.667
reluctantli,2.667
regularli,2.667
imho,2.665
hater,2.665
immatur,2.664
disconnect,2.664
vocal,2.664
heartless,2.663
bubbl,2.663
departur,2.661
weaker,2.660
bloat,2.659
bud,2.659
thru,2.658
blah,2.657
unexpectedli,2.657
skeleton,2.656
300,2.656
broadcast,2.655
novemb,2.653
youngster,2.652
sharon,2.652
licens,2.651
fritz,2.651
seduct,2.651
chart,2.648
madsen,2.643
fund,2.643
chees,2.643
stubborn,2.641
pal,2.641
restrict,2.641
strand,2.640
magnitud,2.639
slum,2.639
therapi,2.638
sigh,2.638
churn,2.637
tiresom,2.636
raid,2.635
soak,2.635
pioneer,2.633
proce,2.633
polar,2.633
horizon,2.633
darren,2.632
fenc,2.632
secretari,2.631
audrey,2.631
inappropri,2.631
divin,2.631
chan,2.630
attain,2.630
retard,2.630
underwhelm,2.629
reckon,2.629
vividli,2.627
dafo,2.626
prophet,2.626
schizophrenia,2.625
harmoni,2.625
scandal,2.625
desol,2.624
sooner,2.623
roar,2.622
1972,2.620
someday,2.617
hr,2.617
reliev,2.616
vanish,2.616
jealousi,2.614
enterpris,2.614
impuls,2.613
flower,2.613
healthi,2.611
wine,2.611
dunn,2.611
shirt,2.611
artistri,2.607
titular,2.607
righteou,2.607
eastern,2.606
traffic,2.606
disc,2.605
debt,2.605
reliabl,2.605
mute,2.605
degrad,2.603
micheal,2.602
republ,2.600
obnoxi,2.600
mighti,2.600
encompass,2.599
shortcom,2.599
alot,2.599
hardest,2.596
21,2.596
comprehens,2.595
miracul,2.595
schumach,2.594
turmoil,2.593
verg,2.593
catchi,2.591
cigarett,2.591
unleash,2.590
enabl,2.590
convert,2.590
crumbl,2.588
sugar,2.588
gilliam,2.586
drastic,2.585
slide,2.585
sappi,2.585
ho,2.585
conneri,2.583
cartoonish,2.583
imperi,2.582
persist,2.581
edgi,2.581
plung,2.580
panic,2.580
beer,2.580
recycl,2.580
shyamalan,2.580
carnag,2.580
marcu,2.580
underton,2.579
desmond,2.579
imo,2.576
grandfath,2.576
seventh,2.576
abund,2.576
breathless,2.575
spectat,2.574
servant,2.574
array,2.574
snap,2.573
playboy,2.572
unsatisfi,2.572
35,2.572
entitl,2.572
breakdown,2.570
grin,2.569
endlessli,2.569
provoc,2.569
bent,2.568
admiss,2.568
rambl,2.568
shelter,2.566
reno,2.565
idol,2.564
ms,2.564
eleven,2.564
properti,2.563
stunningli,2.563
woven,2.561
perpetu,2.560
spade,2.560
recogniz,2.559
cue,2.558
bush,2.557
greet,2.557
montana,2.557
unconvent,2.556
chick,2.554
substanti,2.554
strictli,2.554
braveri,2.552
seamless,2.552
ceas,2.551
unconvinc,2.547
norm,2.547
boo,2.547
articl,2.547
legitim,2.545
heroism,2.544
entireti,2.544
rotten,2.541
blatant,2.541
protest,2.540
peril,2.540
turner,2.539
philip,2.538
narrow,2.538
persuad,2.538
albert,2.537
frozen,2.536
tunnel,2.536
funnier,2.535
lang,2.535
unrel,2.535
lyric,2.534
conserv,2.534
nomine,2.533
synopsi,2.533
senseless,2.531
uniform,2.531
furiou,2.530
geek,2.530
campaign,2.530
perkin,2.530
trivial,2.530
pink,2.528
conspiraci,2.527
pot,2.524
signal,2.524
warmth,2.523
newli,2.522
envi,2.521
worldwid,2.520
hitch,2.520
garden,2.518
scottish,2.518
freez,2.517
rug,2.516
pray,2.515
amateur,2.515
labor,2.514
enthusiasm,2.513
ought,2.513
2012,2.507
document,2.507
sixti,2.506
chronicl,2.505
sacrif,2.504
99,2.502
asham,2.502
grandeur,2.502
neglect,2.499
archetyp,2.499
burden,2.498
resurrect,2.497
priceless,2.497
tomorrow,2.497
crop,2.497
suburban,2.495
200,2.491
marshal,2.491
cherish,2.491
invas,2.491
glow,2.489
mundan,2.488
dougla,2.487
undercov,2.487
hawk,2.485
junk,2.485
strain,2.485
laura,2.484
literari,2.483
aris,2.482
plight,2.479
chines,2.478
counter,2.478
bash,2.476
pour,2.474
cathol,2.473
inject,2.472
tech,2.471
poetri,2.468
cole,2.468
adolesc,2.467
ace,2.466
mock,2.466
diminish,2.465
oppon,2.464
sith,2.462
helicopt,2.460
forgett,2.459
illeg,2.459
broad,2.459
hack,2.458
et,2.454
hungri,2.452
hood,2.449
mayhem,2.448
egg,2.448
shootout,2.447
goofi,2.445
oddli,2.444
legal,2.442
newcom,2.439
gate,2.435
accuraci,2.434
intertwin,2.430
passag,2.430
trigger,2.429
superman,2.428
tag,2.427
flame,2.426
confidenti,2.426
inher,2.425
conquer,2.424
boil,2.423
2004,2.422
paranoid,2.419
econom,2.418
denni,2.418
seller,2.415
caribbean,2.415
straightforward,2.413
insert,2.411
teeth,2.411
widow,2.410
labyrinth,2.409
trio,2.409
elsewher,2.409
critiqu,2.408
penn,2.406
fifth,2.406
laurenc,2.402
proport,2.400
musician,2.398
swank,2.398
grey,2.398
cure,2.396
replic,2.396
heartfelt,2.393
shell,2.393
brood,2.392
jane,2.391
2010,2.390
distinguish,2.390
urban,2.389
fuel,2.388
fifteen,2.387
declar,2.387
boredom,2.387
internet,2.386
pianist,2.385
flee,2.384
daisi,2.383
spiral,2.383
hong,2.383
carpent,2.383
absenc,2.380
profan,2.375
atroc,2.375
skeptic,2.372
cave,2.372
defens,2.371
smash,2.370
polanski,2.370
digniti,2.370
marti,2.368
favour,2.368
extens,2.365
shade,2.364
kim,2.363
chest,2.362
terri,2.361
fishburn,2.361
bowl,2.360
melodrama,2.356
contend,2.356
unfair,2.356
dinosaur,2.355
scorces,2.355
ensu,2.350
im,2.349
neck,2.347
coher,2.345
ventur,2.345
wipe,2.344
leap,2.343
conscienc,2.342
zone,2.342
da,2.341
fare,2.341
stake,2.341
farmer,2.340
shutter,2.338
robberi,2.338
iii,2.338
toler,2.337
usa,2.335
reluct,2.334
ala,2.334
wooden,2.334
alright,2.332
meaningless,2.330
per,2.327
ain,2.327
halfway,2.327
happili,2.325
electr,2.323
african,2.323
newspap,2.321
asian,2.320
jerk,2.317
1984,2.316
thug,2.312
dictat,2.312
eli,2.310
adrenalin,2.309
oil,2.308
truman,2.307
exhilar,2.306
gag,2.305
row,2.304
ultra,2.303
financi,2.302
sparrow,2.298
ensur,2.298
principl,2.294
simplist,2.293
moon,2.293
format,2.288
mount,2.281
sink,2.281
platoon,2.281
priest,2.280
em,2.278
applaud,2.276
fonda,2.275
float,2.274
tediou,2.273
drunk,2.271
disast,2.269
dust,2.267
illus,2.266
eccentr,2.266
advertis,2.265
detract,2.264
rear,2.262
di,2.261
firstli,2.261
blast,2.259
boston,2.258
iv,2.254
fargo,2.251
merri,2.251
newman,2.250
torn,2.250
silver,2.248
lawyer,2.248
1994,2.247
emma,2.246
daili,2.240
furi,2.240
burst,2.236
pari,2.236
1970,2.231
bell,2.229
reduc,2.228
kong,2.228
march,2.226
alec,2.225
bang,2.225
channel,2.223
divid,2.222
blond,2.221
stress,2.219
characterist,2.219
truck,2.216
buzz,2.215
fought,2.212
vito,2.212
embrac,2.209
broke,2.208
indian,2.206
crusad,2.204
jennif,2.202
sold,2.198
expand,2.198
backdrop,2.198
devast,2.196
watchabl,2.195
graviti,2.187
eve,2.185
transport,2.179
expens,2.174
circl,2.167
3d,2.165
mankind,2.151
treasur,2.148
loyalti,2.147
cheat,2.138
bitter,2.131
corleon,2.128
upset,2.128
plant,2.126
indiana,2.125
matthew,2.122
hall,2.112
debat,2.111
pre,2.109
casablanca,2.109
letter,2.108
anderson,2.107
potter,2.107
apocalyps,2.106
par,2.105
clockwork,2.104
skywalk,2.102
jake,2.100
mid,2.099
allen,2.097
belov,2.096
patrick,2.095
maggi,2.094
random,2.090
kinda,2.089
defend,2.082
villag,2.080
davi,2.070
bloom,2.068
waltz,2.068
russian,2.066
pathet,2.064
independ,2.057
runner,2.055
crash,2.054
brown,2.050
bank,2.050
leia,2.047
holocaust,2.045
charli,2.045
tabl,2.042
religi,2.038
dent,2.026
suicid,2.023
lotr,2.019
odyssey,2.019
depp,2.018
innov,2.015
comed,2.015
drink,2.010
greed,2.010
cameron,2.006
neo,2.005
orang,1.982
teacher,1.969
slave,1.960
betray,1.948
robin,1.947
understood,1.946
rob,1.946
schindler,1.937
joel,1.936
energi,1.936
foreign,1.935
warm,1.933
jedi,1.919
weapon,1.919
hill,1.915
rape,1.913
sean,1.912
hotel,1.911
princess,1.908
bomb,1.907
johnni,1.899
memento,1.871
noir,1.867
teach,1.865
sentiment,1.864
angri,1.862
harrison,1.856
kane,1.848
gordon,1.827
norton,1.821
gotham,1.821
incept,1.814
spacey,1.803
instal,1.801
vietnam,1.795
stanley,1.788
willi,1.788
crow,1.788
gari,1.783
edward,1.780
captain,1.779
kevin,1.777
luke,1.777
french,1.765
leader,1.732
gang,1.731
passion,1.727
claim,1.719
tim,1.707
jone,1.706
lee,1.703
heath,1.702
al,1.695
sam,1.682
ledger,1.669
ford,1.619
western,1.617
cgi,1.609
han,1.565
morgan,1.549
freeman,1.498
robert,1.409
son,1.398
brother,1.350
christoph,1.314
nolan,1.304
