szpilman,2785.920
pianist,2695.258
polanski,2388.795
brodi,1681.734
warsaw,1215.728
holocaust,1155.474
jew,1116.060
adrien,980.073
ghetto,974.617
nazi,925.022
surviv,843.973
german,791.124
wladyslaw,770.144
piano,757.997
jewish,752.592
roman,698.724
schindler,660.626
polish,628.422
poland,590.895
hi,571.230
he,569.541
war,480.694
list,422.855
famili,401.803
film,380.722
music,362.923
him,346.728
s,344.749
we,339.075
play,333.155
hide,331.287
wa,326.901
horror,302.018
human,297.972
life,295.611
by,294.105
peopl,288.417
dure,284.406
man,282.406
as,279.823
camp,278.131
chopin,271.532
from,271.275
i,263.599
hosenfeld,261.670
oscar,261.547
offic,261.306
about,259.257
not,259.208
through,255.704
stori,255.600
scene,252.284
were,249.275
who,248.713
are,245.838
you,244.576
when,242.781
on,241.691
or,236.658
live,236.090
us,235.772
be,233.551
show,230.216
help,229.568
there,226.562
veri,226.052
world,225.442
one,225.214
survivor,220.945
emot,220.640
what,220.591
an,219.567
that,219.217
movi,218.165
person,214.862
feel,213.921
at,212.740
other,212.143
t,210.499
for,210.432
see,209.394
adrian,209.249
so,207.235
true,206.480
me,205.717
in,205.324
upris,204.808
more,204.141
event,204.078
move,203.357
have,203.038
mani,202.370
no,202.368
musician,201.421
onli,201.042
they,200.415
their,198.631
best,196.979
which,196.819
death,195.782
with,195.146
subject,193.408
but,193.173
some,192.792
how,192.538
had,191.662
happen,191.488
food,190.876
will,190.837
can,190.021
watch,189.533
beauti,187.917
becaus,187.066
think,186.426
suffer,185.520
just,184.437
would,182.971
my,182.902
out,182.658
make,182.629
occup,182.408
ha,182.188
like,182.174
10,182.146
doe,181.092
such,180.769
radio,180.763
where,180.296
wladislaw,180.273
time,179.320
perform,178.362
portray,178.034
while,175.548
most,174.240
wwii,173.595
been,172.789
himself,172.638
histori,172.536
also,172.182
power,171.812
experi,171.647
if,170.753
could,170.644
brutal,169.654
into,169.551
do,169.513
never,169.386
save,168.792
all,168.316
than,167.188
ani,164.582
made,164.212
realli,162.926
did,162.738
them,162.338
even,162.233
much,161.635
award,161.081
well,160.895
then,160.746
street,160.339
atroc,159.118
charact,158.006
escap,157.421
after,156.844
soldier,154.687
depict,153.626
say,153.270
real,152.907
way,152.301
director,152.239
must,151.822
ii,151.760
spielberg,151.578
end,151.032
part,150.954
seem,150.863
those,150.731
to,148.329
deserv,148.313
good,148.085
seen,148.067
anoth,146.983
thing,146.919
kretschmann,146.915
concentr,146.897
struggl,146.624
direct,145.868
hope,145.063
pole,144.738
don,144.396
year,144.028
face,143.963
yet,143.954
is,142.737
shot,142.557
great,142.509
own,141.901
should,141.614
fact,141.177
harwood,140.150
get,139.953
moment,138.220
won,137.990
without,137.630
window,135.904
know,135.896
germani,135.335
too,135.024
eye,134.122
noth,133.694
work,133.495
forc,133.170
thi,132.033
view,131.885
everi,131.668
go,131.608
point,130.938
over,130.932
act,130.593
apart,129.689
bomb,129.678
base,129.488
touch,128.883
win,128.807
2002,128.737
tri,128.704
want,128.639
give,128.409
again,127.193
tell,126.579
come,126.577
up,125.941
befor,125.663
artist,125.410
doesn,125.170
your,124.508
realist,124.349
actor,124.283
here,123.502
felt,122.444
of,122.209
heart,121.527
die,120.912
down,120.806
someth,120.766
role,120.619
few,120.417
wit,120.320
first,120.280
look,120.157
these,119.965
almost,119.827
it,118.280
aliv,118.269
shock,118.199
our,117.712
howev,117.668
rather,117.344
hand,117.170
still,116.539
day,114.257
kill,114.255
pictur,113.953
russian,113.647
ve,113.208
littl,113.182
last,112.698
same,112.524
masterpiec,112.302
pain,111.728
situat,111.527
long,111.335
place,110.973
whi,110.720
build,110.664
better,110.048
use,109.558
though,108.831
around,108.455
against,108.374
done,107.780
citi,107.568
main,107.548
ronald,107.354
stay,107.063
viewer,106.555
excel,106.399
take,106.281
both,105.835
piec,104.956
evil,104.841
spzilman,104.451
truli,104.070
thought,103.552
starv,103.480
kind,103.344
fear,103.308
becom,102.459
wilm,102.080
1939,101.898
m,101.669
hero,101.514
throughout,101.477
may,101.368
friend,101.286
audienc,101.270
brilliant,101.257
talent,100.582
wheelchair,100.424
terribl,100.411
half,100.182
second,100.111
found,100.014
differ,99.935
wonder,99.809
luck,99.730
ss,99.617
love,99.022
reason,98.933
alway,98.468
ever,98.444
ww2,98.292
captur,98.032
find,97.712
victim,97.534
academi,97.409
sure,97.364
rosemari,96.815
thoma,96.755
art,96.739
a,96.587
put,96.530
away,96.433
final,96.041
sad,95.819
express,95.670
memoir,95.360
everyth,95.183
fight,95.052
chinatown,94.827
amaz,94.772
actual,94.483
job,93.889
desper,93.814
europ,93.496
entir,93.455
run,93.180
cruelti,92.670
quit,92.668
keep,92.487
deport,92.185
begin,91.901
detail,91.870
enough,91.859
thank,91.719
bring,91.630
new,91.616
mean,91.150
believ,91.089
left,90.327
dramat,90.317
cours,89.911
didn,89.693
told,89.667
extermin,89.581
am,89.309
later,89.206
onc,89.033
abl,89.013
need,88.977
matter,88.971
two,88.809
resist,88.744
simpli,88.430
saw,88.282
although,88.183
might,87.922
until,87.776
destruct,87.317
sens,86.818
interest,86.654
hitler,86.435
lost,86.405
passion,86.363
right,86.338
especi,86.313
horrif,86.236
whose,85.871
sinc,85.721
remind,85.371
off,85.227
period,85.213
let,85.122
fate,84.933
anyth,84.785
cri,84.215
itself,83.913
treblinka,83.667
captain,83.600
protagonist,83.593
close,83.163
expect,82.248
instead,82.046
word,82.036
wall,82.007
understand,81.934
perhap,81.824
inhuman,81.822
speak,81.818
imagin,81.617
forget,81.559
histor,81.405
possibl,81.289
set,81.205
bad,80.612
tale,80.574
often,80.551
cold,80.352
includ,80.290
walk,80.136
truth,80.131
anyon,80.014
whole,79.942
probabl,79.841
certainli,79.804
said,79.649
head,79.376
far,79.307
effect,79.047
went,78.820
haunt,78.802
import,78.589
circumst,78.589
present,77.557
bit,77.476
harrow,77.414
outsid,77.158
horribl,76.800
start,76.490
chicago,76.176
imag,76.163
balconi,76.157
hard,75.986
book,75.709
cinematographi,75.686
except,75.471
shown,75.402
alreadi,75.329
european,75.240
isn,74.943
now,74.865
tortur,74.745
finger,74.722
allow,74.707
hour,74.700
myself,74.627
toward,74.618
separ,74.588
screen,74.423
lead,74.014
back,73.996
difficult,73.897
least,73.757
appreci,73.707
natur,73.699
persecut,73.300
individu,73.250
random,73.166
hear,73.162
frank,72.956
remain,72.786
and,72.608
provid,72.485
babi,72.300
invas,72.232
line,72.135
exist,71.904
disturb,71.836
ask,71.492
less,71.484
aspect,71.476
focu,71.461
under,71.364
impress,71.353
re,71.316
side,71.267
account,71.207
rememb,71.115
complet,70.782
follow,70.664
critic,70.661
everyon,70.497
rest,70.461
coat,70.374
spare,70.349
shoot,70.242
soul,70.231
non,70.056
mr,69.917
got,69.893
d,69.689
starvat,69.525
turn,69.386
taken,69.285
young,69.105
sentiment,68.981
continu,68.880
mind,68.817
total,68.736
ruin,68.625
lot,68.336
member,68.267
avoid,68.189
gener,68.187
violenc,68.141
impact,68.139
devast,68.079
train,67.894
receiv,67.806
someon,67.777
realiti,67.752
recommend,67.614
review,67.297
depress,67.139
incred,67.015
hous,66.960
leav,66.761
autobiographi,66.507
sympathet,66.486
armi,66.474
els,66.355
classic,66.265
between,66.089
upon,66.039
compar,65.860
simpl,65.826
alon,65.796
lack,65.755
spoiler,65.663
concert,65.515
perspect,65.458
fine,65.429
labor,65.363
unlik,65.238
chang,64.988
endur,64.987
genocid,64.948
player,64.904
triumph,64.725
attempt,64.659
order,64.460
deepli,64.448
cannot,64.391
adi,64.085
execut,64.076
knew,64.035
tear,64.006
aw,63.887
comment,63.871
ye,63.833
deal,63.785
top,63.593
care,63.589
humili,63.517
memori,63.282
absolut,63.195
sound,63.008
old,62.939
sever,62.928
within,62.894
cinema,62.890
edelman,62.886
hollywood,62.840
definit,62.776
pull,62.729
read,62.654
invad,62.624
tragic,62.547
polanksi,62.535
w,62.494
wladek,62.458
wear,62.422
lipman,62.403
eventu,62.289
manag,62.218
compos,62.094
drama,61.962
past,61.662
stand,61.558
creat,61.295
english,61.238
spilzman,61.156
mayb,61.143
compel,61.123
hunger,60.934
middl,60.660
wasn,60.617
camera,60.416
occupi,60.356
2,59.998
each,59.797
along,59.590
countri,59.510
superb,59.509
ultim,59.329
respect,59.248
5,59.127
question,58.816
enjoy,58.789
either,58.475
bore,58.328
screenplay,58.259
cinemat,58.182
occur,58.093
home,58.004
sometim,57.996
nomin,57.778
murder,57.776
sit,57.754
greatest,57.553
key,57.440
call,57.343
wrench,57.275
name,57.074
emilia,57.063
wait,56.862
bodi,56.789
consid,56.643
rare,56.507
describ,56.502
nor,56.502
spirit,56.491
carri,56.421
observ,56.410
nation,56.371
etc,56.298
flat,56.134
adapt,55.994
form,55.681
convey,55.649
stop,55.646
achiev,55.615
learn,55.614
couldn,55.597
heroic,55.563
next,55.525
note,55.498
maureen,55.495
journey,55.454
extrem,55.439
overal,55.388
given,55.350
treat,55.338
filmmak,55.119
master,55.037
forgotten,54.952
000,54.951
level,54.839
subtl,54.688
among,54.679
lesson,54.513
took,54.386
small,54.377
wartim,54.325
station,54.315
easi,54.264
miss,54.062
finlay,54.029
father,53.980
destroy,53.889
fortun,53.721
came,53.468
familiar,53.414
attent,53.274
result,53.271
worth,53.260
particular,53.260
realism,53.154
tragedi,53.149
mother,53.074
treatment,53.031
offer,53.003
obviou,52.774
brother,52.661
liber,52.419
amp,52.391
dorota,52.225
digniti,52.136
open,52.103
stoppard,52.069
whatev,51.774
titl,51.711
minor,51.618
magnific,51.551
perfect,51.208
high,51.090
brilliantli,51.047
ago,51.024
extraordinari,50.922
state,50.884
wrong,50.881
usual,50.856
sent,50.850
pleas,50.726
gift,50.664
opinion,50.646
topic,50.605
similar,50.553
term,50.277
near,50.256
doubt,50.170
wors,50.165
rate,50.017
commit,49.952
worst,49.924
despair,49.923
wlad,49.810
lie,49.557
focus,49.433
ll,49.418
approach,49.402
authent,49.177
distanc,49.144
courag,49.063
togeth,49.061
star,49.055
mention,49.052
inspir,49.003
horrifi,48.976
insid,48.888
brought,48.866
peac,48.855
goe,48.801
cast,48.753
relat,48.730
color,48.700
1945,48.686
fail,48.648
strong,48.645
experienc,48.607
cruel,48.488
spielzman,48.292
number,48.283
pick,48.201
beyond,48.151
admir,48.150
abil,48.103
lucki,48.099
realiz,48.081
affect,48.062
due,47.829
risk,47.719
surpris,47.710
ordinari,47.635
chanc,47.396
million,47.367
light,47.322
inde,47.298
display,47.287
across,47.228
arm,47.024
hold,47.024
woman,47.001
messag,46.988
easili,46.914
accept,46.798
reduc,46.786
comfort,46.785
particularli,46.762
certain,46.530
whether,46.510
armband,46.499
pawel,46.499
american,46.475
detach,46.283
empti,46.158
ground,46.131
guy,46.127
miseri,46.107
choic,46.089
spillman,46.074
gun,46.064
big,46.026
front,46.015
return,46.014
transform,46.011
normal,45.924
isol,45.903
caught,45.899
sorrow,45.871
studio,45.858
add,45.791
discov,45.766
caramel,45.762
bare,45.736
moral,45.705
anti,45.235
sort,45.208
singl,45.157
idea,45.151
dvd,45.132
visual,45.130
soon,45.083
commun,45.081
krakow,45.078
share,45.068
entertain,45.061
break,45.017
intens,44.984
themselv,44.932
today,44.926
palm,44.907
nearli,44.900
honest,44.882
nice,44.880
hardship,44.786
upset,44.681
thrown,44.665
szpillman,44.613
odd,44.600
privat,44.566
basic,44.529
night,44.506
eat,44.469
herd,44.371
lose,44.356
kept,44.141
somewhat,44.011
clear,43.908
money,43.904
dark,43.822
polit,43.784
exactli,43.770
fighter,43.738
appear,43.677
strength,43.625
minut,43.611
obvious,43.606
9,43.561
halina,43.521
credit,43.515
children,43.385
documentari,43.324
success,43.318
abov,43.314
physic,43.229
month,43.224
self,43.193
type,43.126
fellow,43.117
effort,43.017
bleak,42.960
steven,42.937
abandon,42.912
gave,42.910
flee,42.905
condit,42.765
ryan,42.736
depriv,42.702
action,42.676
coupl,42.672
god,42.604
remark,42.545
polic,42.489
sympathi,42.301
answer,42.154
mere,42.127
involv,42.066
pass,42.066
exampl,42.053
the,42.015
air,42.013
connect,41.937
accur,41.790
restaur,41.720
full,41.628
caus,41.570
challeng,41.533
group,41.508
project,41.468
nocturn,41.461
notic,41.459
pace,41.424
slow,41.420
concern,41.411
repres,41.396
sensit,41.286
societi,41.234
stun,41.036
materi,41.017
race,41.000
capabl,40.814
szpielman,40.754
drop,40.730
child,40.695
behind,40.669
terror,40.660
heard,40.569
torn,40.504
darkest,40.478
step,40.450
pure,40.375
nightmar,40.362
ad,40.195
comparison,40.170
breath,40.147
plot,40.130
reli,40.124
fantast,40.112
fall,40.067
happi,40.036
anyway,39.999
short,39.994
further,39.972
unfortun,39.924
class,39.866
deliv,39.858
compass,39.814
black,39.802
inform,39.705
danger,39.646
modern,39.441
winner,39.419
imposs,39.405
diari,39.404
chamber,39.336
recent,39.259
portrait,39.226
thousand,39.095
centuri,39.072
unbeliev,39.045
join,39.002
wish,38.955
uniqu,38.950
oppress,38.904
case,38.813
szpilmann,38.634
write,38.616
convinc,38.606
rank,38.605
problem,38.590
career,38.536
featur,38.466
worthi,38.465
edit,38.462
sorri,38.422
era,38.290
support,38.287
graphic,38.213
boy,38.159
aid,38.093
henryk,38.045
longer,38.007
therefor,37.820
water,37.736
round,37.734
public,37.719
cattl,37.704
written,37.703
acclaim,37.659
area,37.652
depth,37.492
dead,37.386
poor,37.348
special,37.298
despit,37.192
szpilsman,37.144
8,37.111
theme,37.083
ignor,37.062
signific,37.061
respons,37.026
famou,37.014
vision,36.932
product,36.814
haven,36.775
reaction,36.695
ann,36.695
manner,36.682
maker,36.675
finest,36.658
1,36.642
pretti,36.637
requir,36.590
7,36.589
cover,36.556
grip,36.534
passiv,36.503
yourself,36.403
quiet,36.393
mass,36.390
wouldn,36.347
known,36.232
hatr,36.175
major,36.172
late,36.170
men,36.166
glad,36.146
danc,36.120
tough,36.089
began,36.083
hidden,36.054
deep,36.037
captiv,35.963
terrifi,35.956
grim,35.900
neither,35.873
strike,35.858
reach,35.856
serv,35.834
hate,35.826
cann,35.782
posit,35.732
franc,35.646
march,35.612
perfectli,35.558
somehow,35.534
flawless,35.523
slowli,35.501
languag,35.495
nomine,35.466
hit,35.440
determin,35.426
beaten,35.407
nevertheless,35.401
date,35.344
enemi,35.238
polonais,35.226
clearli,35.180
sequenc,35.169
fascin,35.082
produc,35.075
larg,35.072
mood,35.057
skill,35.043
becam,35.024
prais,34.992
memor,34.971
regim,34.908
equal,34.733
plight,34.706
tremend,34.693
gang,34.626
superior,34.608
cut,34.567
besid,34.545
opportun,34.522
innoc,34.440
mistak,34.411
hungri,34.329
repeat,34.328
frighten,34.295
talk,34.240
lay,34.234
her,34.182
tenant,34.143
facial,34.131
desol,34.115
gate,34.087
bread,34.003
sister,33.999
soviet,33.987
command,33.955
mad,33.872
three,33.851
soundtrack,33.841
grade,33.836
warshaw,33.805
surround,33.804
protect,33.759
narr,33.720
frame,33.699
fugit,33.663
slaughter,33.646
york,33.514
shell,33.496
helpless,33.466
disappoint,33.320
inevit,33.297
fill,33.291
loss,33.205
fought,33.183
identifi,33.175
2003,33.171
earlier,33.133
prove,33.060
none,33.007
style,33.003
thin,32.950
stereotyp,32.906
poignant,32.903
suppos,32.810
spend,32.789
afraid,32.741
progress,32.705
fox,32.680
popul,32.645
silenc,32.517
thu,32.444
contrast,32.412
hell,32.396
ga,32.389
troubl,32.277
listen,32.263
post,32.144
hospit,32.134
safe,32.102
insight,32.094
earli,32.085
epic,32.036
highli,32.009
room,31.996
bullet,31.954
outstand,31.929
lock,31.924
europa,31.873
knowledg,31.820
accomplish,31.788
dull,31.782
select,31.761
red,31.760
context,31.723
restrict,31.689
onto,31.680
semit,31.665
immedi,31.652
flaw,31.619
contain,31.544
celebr,31.474
favorit,31.467
hid,31.420
gradual,31.369
specif,31.347
atmospher,31.301
3,31.275
refus,31.261
geniu,31.252
manipul,31.216
recreat,31.160
2000,31.120
rel,31.119
confront,31.102
ninth,31.022
david,30.962
motion,30.932
qualiti,30.887
warn,30.871
perish,30.836
trap,30.830
kilar,30.823
grief,30.792
shelter,30.792
demand,30.775
consequ,30.755
guess,30.746
unfold,30.739
inhabit,30.698
rais,30.650
week,30.611
somewher,30.599
reflect,30.596
guilt,30.560
educ,30.542
underst,30.515
grow,30.501
genuin,30.467
develop,30.450
bach,30.439
attic,30.415
draw,30.405
tone,30.316
mostli,30.264
stranger,30.261
theater,30.259
heartbreak,30.213
fit,30.118
piti,30.099
machin,30.076
score,30.073
otherwis,30.063
1940,30.039
extent,30.028
hopeless,30.017
design,30.005
third,29.915
ed,29.903
grand,29.900
throw,29.835
car,29.826
psycholog,29.800
suggest,29.797
hundr,29.752
underground,29.734
weak,29.652
lewi,29.523
everybodi,29.510
increasingli,29.444
crime,29.431
prison,29.329
earn,29.275
craft,29.270
delic,29.260
white,29.246
numb,29.169
scale,29.162
daili,29.120
assist,29.117
bound,29.091
background,29.041
sight,29.007
overwhelm,28.971
control,28.958
author,28.957
brick,28.906
elderli,28.742
enter,28.739
daniel,28.710
climb,28.698
cultur,28.665
mute,28.653
british,28.620
encount,28.620
1943,28.555
greater,28.507
honor,28.489
girl,28.474
addit,28.441
element,28.410
everyday,28.320
render,28.309
agre,28.297
genr,28.276
troop,28.243
constant,28.237
spite,28.209
prepar,28.153
rise,28.148
drawn,28.123
braveri,28.072
brave,28.071
beat,28.061
dialogu,28.043
heroism,27.989
stomach,27.858
conclus,27.836
center,27.789
precis,27.775
gentil,27.740
burn,27.702
randomli,27.685
tank,27.681
szpliman,27.644
mark,27.618
fame,27.552
school,27.513
brillianc,27.491
reward,27.489
astonish,27.413
studi,27.367
enorm,27.354
reich,27.346
restraint,27.346
correct,27.345
ill,27.278
seemingli,27.252
object,27.202
bear,27.141
dread,27.131
common,27.100
drag,27.067
awar,27.063
suddenli,27.051
purpos,26.995
ballad,26.975
road,26.943
fire,26.933
sheer,26.925
wehrmacht,26.908
20,26.890
selfish,26.845
measur,26.794
intellig,26.757
anybodi,26.737
content,26.696
fan,26.694
door,26.673
divid,26.661
impos,26.606
decid,26.604
autobiograph,26.588
undoubtedli,26.574
alli,26.568
unabl,26.549
unforgett,26.549
former,26.515
6,26.491
shouldn,26.461
cupboard,26.424
gestapo,26.416
five,26.361
100,26.297
age,26.266
collect,26.218
amount,26.214
report,26.117
septemb,26.098
seri,26.081
intim,26.074
desir,26.060
rubbl,26.057
town,26.031
born,26.030
forev,26.012
rule,26.002
strip,25.964
central,25.876
sidewalk,25.876
technic,25.777
relief,25.767
grandfath,25.764
relationship,25.764
demonstr,25.756
spectat,25.740
explor,25.739
issu,25.731
massacr,25.717
labour,25.650
variou,25.641
bafta,25.636
stark,25.635
repuls,25.574
essenti,25.538
merit,25.504
script,25.465
latter,25.432
weekend,25.403
roll,25.377
engag,25.301
sympath,25.261
notabl,25.202
sat,25.197
beard,25.174
testament,25.123
judg,25.074
spielman,25.027
desert,25.019
oppos,25.004
section,24.994
barbar,24.974
finish,24.934
breathtak,24.909
low,24.895
establish,24.891
rescu,24.875
writer,24.863
explain,24.833
argu,24.830
brief,24.816
contribut,24.805
extra,24.786
everywher,24.784
parent,24.777
1952,24.753
ww,24.753
stuff,24.751
owe,24.731
collabor,24.723
interpret,24.709
quickli,24.691
worker,24.683
met,24.680
associ,24.645
midst,24.613
bother,24.577
spent,24.562
insult,24.527
regard,24.492
choos,24.447
ordeal,24.408
strang,24.365
origin,24.331
vivid,24.262
arriv,24.231
harsh,24.225
varsovia,24.146
ten,24.088
profound,24.069
claim,24.061
cost,24.040
smuggl,24.008
gotten,23.981
b,23.955
discuss,23.907
fell,23.888
declar,23.867
limit,23.860
decent,23.860
footag,23.814
shame,23.807
liter,23.794
renown,23.775
utter,23.765
beethoven,23.758
emphasi,23.739
till,23.722
spill,23.692
figur,23.686
shindler,23.674
ship,23.620
guard,23.615
battl,23.607
dare,23.600
nois,23.579
overli,23.560
reveal,23.542
p,23.511
gain,23.506
illustr,23.491
jump,23.461
accent,23.455
worthwhil,23.440
unspeak,23.438
justifi,23.388
sicken,23.381
flow,23.325
disappear,23.266
univers,23.186
tune,23.151
elud,23.013
record,23.013
1993,23.010
la,23.007
violent,23.000
she,22.986
wrote,22.976
charg,22.945
pickl,22.890
de,22.883
miracl,22.872
particip,22.860
traumat,22.859
corps,22.853
appropri,22.845
ridicul,22.843
chill,22.833
wide,22.809
practic,22.793
uniform,22.780
jaundic,22.727
hardli,22.684
instrument,22.683
poetic,22.634
sell,22.566
document,22.563
presenc,22.556
shoulder,22.548
activ,22.525
angl,22.504
retreat,22.453
ladi,22.425
civil,22.421
necessari,22.377
raw,22.377
uh,22.366
america,22.364
frankli,22.326
characteris,22.317
regina,22.306
wojciech,22.306
cellist,22.306
palestinian,22.292
suspens,22.291
rivet,22.278
ourselv,22.241
humbl,22.239
recogn,22.229
emaci,22.226
britain,22.219
13,22.216
tast,22.152
safeti,22.146
initi,22.112
count,22.111
paint,22.109
segreg,22.078
festiv,22.063
stage,22.056
gut,22.042
dehuman,22.039
auschwitz,21.953
meant,21.951
explod,21.921
shoah,21.919
pavement,21.919
overlook,21.906
marvel,21.871
handl,21.867
gray,21.830
transport,21.789
volleybal,21.761
itzak,21.761
meet,21.742
occas,21.741
pack,21.721
led,21.695
doom,21.691
valu,21.689
embodi,21.677
oh,21.632
gorilla,21.593
spot,21.579
popular,21.558
process,21.548
curiou,21.538
fade,21.531
releas,21.529
evid,21.505
categori,21.451
occasion,21.441
wherea,21.438
soup,21.426
eleg,21.420
catch,21.418
board,21.407
deni,21.399
oskar,21.375
kid,21.372
spell,21.361
e,21.343
bella,21.341
current,21.335
bitter,21.314
loneli,21.293
local,21.288
ethnic,21.272
bravo,21.270
blood,21.255
freedom,21.251
citizen,21.228
edg,21.199
french,21.182
twenti,21.178
numer,21.136
dislik,21.124
iron,21.124
heavi,21.119
unknown,21.105
unsentiment,21.084
futur,21.076
sourc,21.041
wast,21.034
vividli,21.015
prefer,21.014
belov,20.958
instinct,20.937
fulli,20.919
honesti,20.917
summari,20.912
potenti,20.907
benefit,20.889
eastern,20.845
below,20.839
degrad,20.824
meyer,20.768
miracul,20.756
arbitrari,20.734
instanc,20.732
prejudic,20.718
consider,20.676
storytel,20.651
busi,20.613
temporari,20.612
propaganda,20.600
length,20.574
defin,20.563
seriou,20.531
countless,20.482
joy,20.475
confin,20.474
scream,20.446
ok,20.408
symbol,20.407
resili,20.396
sublim,20.385
fault,20.362
whom,20.360
fairli,20.326
interrupt,20.319
sick,20.283
imdb,20.263
peak,20.252
photographi,20.246
appal,20.243
quietli,20.208
visit,20.200
huge,20.181
biograph,20.148
refug,20.136
arguabl,20.097
declin,20.089
annihil,20.080
rent,20.075
buy,20.064
gone,20.062
forward,20.058
root,20.032
park,20.027
slightli,20.023
u,19.999
four,19.998
victori,19.986
solitari,19.982
stupid,19.976
uplift,19.926
intern,19.919
intend,19.908
husband,19.884
sacrific,19.883
fair,19.858
stronger,19.829
amid,19.825
prize,19.814
reload,19.794
intellectu,19.790
unflinch,19.705
violin,19.676
tini,19.634
attack,19.621
evok,19.610
tv,19.589
incid,19.573
law,19.553
overcoat,19.542
seek,19.535
discrimin,19.515
cross,19.514
episod,19.469
seven,19.461
consist,19.428
pay,19.422
hurt,19.407
condemn,19.404
unexpect,19.399
photo,19.372
string,19.335
depend,19.312
smile,19.304
secur,19.302
disgust,19.300
hint,19.283
ironi,19.278
broken,19.251
field,19.245
avail,19.170
demon,19.144
stick,19.136
transcend,19.085
student,19.077
gaunt,19.075
tram,19.075
gritti,19.068
attitud,19.024
grab,19.008
1944,18.991
intent,18.988
laugh,18.958
decre,18.939
chose,18.908
regret,18.894
melodrama,18.852
grasp,18.847
locat,18.845
narrowli,18.834
shine,18.813
profession,18.795
dedic,18.788
transit,18.776
1930,18.767
rang,18.731
caricatur,18.688
reluct,18.673
complain,18.662
grate,18.662
tension,18.653
mesmer,18.646
sophi,18.633
advers,18.633
decad,18.577
pathet,18.574
afterward,18.568
exhaust,18.557
emerg,18.556
weight,18.554
grace,18.544
summer,18.527
gruel,18.517
honestli,18.510
anguish,18.472
lend,18.465
rayner,18.430
heydrich,18.430
flinch,18.350
translat,18.244
highlight,18.215
wow,18.203
nobl,18.196
lifetim,18.189
complic,18.167
worri,18.146
c,18.133
systemat,18.071
panic,18.063
distant,18.054
awe,18.045
latest,18.038
statutori,18.037
soft,18.008
impli,17.968
tighten,17.968
dignifi,17.917
unusu,17.898
whenev,17.852
cracow,17.845
plan,17.830
sun,17.794
pride,17.791
4,17.772
constantli,17.721
trivial,17.708
gruesom,17.687
childhood,17.671
20th,17.664
possess,17.651
spectacular,17.647
techniqu,17.634
hellish,17.623
strongli,17.617
heritag,17.612
vita,17.557
standard,17.552
reson,17.547
gass,17.535
chronicl,17.535
bridg,17.527
civilian,17.525
dress,17.503
predict,17.486
faith,17.468
pointless,17.451
appar,17.449
fresh,17.439
effici,17.426
warm,17.399
remot,17.367
oliv,17.339
eeri,17.334
sincer,17.327
thirst,17.318
schmidt,17.306
urg,17.302
lift,17.302
deed,17.299
explan,17.295
jack,17.294
persona,17.287
trial,17.279
struck,17.267
plu,17.261
brute,17.250
hype,17.242
sudden,17.232
rape,17.218
treasur,17.184
address,17.174
song,17.152
union,17.126
misfortun,17.118
upper,17.118
influenc,17.091
domin,17.086
1942,17.028
congratul,17.007
pleasur,16.997
flame,16.983
admit,16.960
scope,16.937
unbear,16.923
band,16.917
sole,16.901
forbidden,16.873
plain,16.872
twist,16.816
anger,16.809
succeed,16.778
speechless,16.766
parti,16.765
keyboard,16.761
persever,16.759
movement,16.743
seat,16.740
ugli,16.734
kinda,16.715
utterli,16.694
mouth,16.676
behav,16.674
resid,16.667
deliber,16.667
prevent,16.661
fed,16.656
nonetheless,16.642
somebodi,16.634
iraq,16.596
perpetr,16.596
exagger,16.593
paus,16.592
combin,16.584
crack,16.583
wife,16.548
fals,16.544
opposit,16.530
vladek,16.521
necessarili,16.487
surreal,16.477
hideout,16.468
previous,16.463
match,16.426
realis,16.416
heller,16.409
conscienc,16.391
torment,16.385
floor,16.372
screenwrit,16.366
absurd,16.357
juxtaposit,16.339
monstrou,16.292
meticul,16.272
succe,16.234
mental,16.194
annoy,16.192
silent,16.179
awesom,16.172
fabul,16.172
uncertainti,16.168
knock,16.165
market,16.163
blame,16.163
averag,16.151
preciou,16.147
tenac,16.136
theatr,16.106
previou,16.096
ensur,16.084
deterior,16.068
weep,16.056
simplist,16.052
crisi,16.049
artilleri,16.047
affirm,16.043
format,16.019
subdu,16.013
unworthi,16.013
essenc,16.011
fashion,15.996
reloc,15.979
sink,15.967
refuge,15.966
evacu,15.962
exquisit,15.939
pleasant,15.939
policeman,15.936
300,15.936
kosinski,15.919
wladysplaw,15.919
creation,15.918
gutter,15.912
confid,15.893
wise,15.889
revolt,15.873
45,15.855
imprison,15.841
promis,15.839
raid,15.811
shape,15.807
jessica,15.800
imperson,15.789
strongest,15.770
colour,15.764
wander,15.759
fled,15.740
lone,15.738
sake,15.737
folk,15.705
tribut,15.691
goal,15.683
stumbl,15.675
refer,15.651
mini,15.649
r,15.632
secretli,15.613
drive,15.613
shiver,15.598
surfac,15.595
statement,15.580
hardest,15.577
landscap,15.577
maintain,15.577
tour,15.572
understood,15.565
luxuri,15.562
infam,15.547
saviour,15.538
surpass,15.522
complex,15.514
drastic,15.512
compliment,15.510
hank,15.509
aura,15.497
gigant,15.478
belief,15.476
backdrop,15.387
televis,15.355
span,15.340
trip,15.337
hang,15.332
awkward,15.328
anim,15.327
impecc,15.319
ceas,15.307
settl,15.298
cleans,15.292
arrest,15.289
crucial,15.287
assum,15.266
blow,15.253
asid,15.243
nicholson,15.222
amidst,15.174
task,15.148
guid,15.146
drift,15.139
sam,15.134
belong,15.094
search,15.085
deservedli,15.071
bench,15.048
glimmer,15.048
thoroughli,15.045
tend,15.045
publish,15.038
brodey,15.016
thepianist,15.016
henrick,15.016
zloti,15.016
pianst,15.016
gasp,15.013
devot,14.977
sack,14.973
isra,14.953
castaway,14.953
saniti,14.929
meaning,14.924
sum,14.924
narrat,14.916
glimps,14.908
surprisingli,14.902
speech,14.902
indiffer,14.901
reign,14.886
weren,14.851
embellish,14.839
neighbor,14.836
descent,14.835
inject,14.832
immers,14.828
tool,14.824
gore,14.812
merci,14.805
poetri,14.805
justic,14.785
vote,14.773
driven,14.761
pre,14.760
scorses,14.748
grant,14.738
attach,14.735
unless,14.719
pretenti,14.719
mistreat,14.704
wound,14.697
pretend,14.680
combat,14.680
nativ,14.676
solid,14.654
convincingli,14.647
rout,14.640
repli,14.633
mainli,14.622
link,14.622
levi,14.613
clich,14.605
accuraci,14.602
juli,14.584
terrif,14.551
compromis,14.546
frequent,14.535
humankind,14.525
held,14.510
wladysaw,14.488
judenrat,14.488
untermenschen,14.488
wallenberg,14.488
finley,14.488
olejniczak,14.488
straightforward,14.476
mile,14.473
amongst,14.454
conspir,14.449
fascist,14.446
women,14.432
1946,14.432
integr,14.428
wheel,14.407
88,14.399
blown,14.396
underplay,14.391
blind,14.376
distinguish,14.339
nobodi,14.322
altern,14.316
convict,14.306
underw,14.296
absenc,14.280
price,14.278
favourit,14.271
abomin,14.250
convent,14.246
excus,14.232
exploit,14.212
introduct,14.177
degre,14.174
manson,14.172
grandmoth,14.168
gentl,14.162
provok,14.159
threaten,14.155
hat,14.144
steal,14.140
janina,14.113
kretschman,14.113
polaski,14.113
pale,14.087
space,14.074
slap,14.070
imageri,14.063
parallel,14.059
recal,14.057
expertli,14.055
nose,14.055
zone,14.050
virtual,14.037
shatter,14.036
send,14.030
news,14.025
usa,14.008
chosen,13.989
formula,13.982
formal,13.966
defeat,13.953
notch,13.952
paid,13.949
sharp,13.944
neg,13.942
livelihood,13.921
explos,13.920
incorpor,13.917
difficulti,13.893
china,13.887
capit,13.877
esteem,13.874
push,13.869
hasn,13.851
tissu,13.836
incomplet,13.830
bewild,13.830
nerv,13.828
row,13.823
jewri,13.822
liquid,13.805
hadn,13.789
emotionless,13.787
solut,13.784
assault,13.779
composit,13.776
outbreak,13.772
hallmark,13.744
exil,13.744
simplic,13.738
casual,13.733
bought,13.686
rat,13.681
agoni,13.679
conflict,13.658
jam,13.650
destini,13.645
testimoni,13.633
illumin,13.627
savior,13.621
rob,13.619
arrog,13.606
resum,13.604
shed,13.597
polanki,13.585
grata,13.585
rose,13.578
com,13.572
superfici,13.561
cheer,13.559
foreign,13.547
assert,13.532
brush,13.527
straight,13.506
150,13.494
ride,13.481
julia,13.468
zhivago,13.467
stuck,13.463
dig,13.460
earth,13.460
advis,13.445
israel,13.428
hesit,13.425
shall,13.422
flick,13.421
core,13.400
humor,13.393
voic,13.390
insan,13.390
wajda,13.384
rough,13.367
timeless,13.354
wail,13.351
11,13.325
stress,13.316
heartless,13.314
motiv,13.312
salvat,13.310
youngest,13.300
six,13.295
alongsid,13.294
legendari,13.289
incomprehens,13.285
abus,13.283
broadcast,13.275
disrespect,13.271
sharon,13.261
unit,13.256
construct,13.255
gather,13.255
sadli,13.236
scare,13.234
repress,13.232
higher,13.224
g,13.223
holocost,13.210
solo,13.200
video,13.187
sign,13.168
undesir,13.141
creativ,13.107
global,13.085
teach,13.056
escal,13.037
ran,13.035
percept,13.023
indic,13.014
chair,13.010
frantic,12.998
land,12.988
comprehens,12.973
turmoil,12.964
helplessli,12.953
disabl,12.952
shut,12.941
unorigin,12.910
profoundli,12.910
notion,12.902
satisfi,12.897
medium,12.892
kudo,12.890
communist,12.862
biographi,12.858
breakdown,12.850
ton,12.845
confus,12.843
trauma,12.826
yearn,12.814
stunningli,12.814
gci,12.795
hardwood,12.795
anxieti,12.795
examin,12.790
oppressor,12.783
multipl,12.779
strictli,12.768
seldom,12.745
industri,12.735
feet,12.713
structur,12.711
unimagin,12.707
manifest,12.707
persecutor,12.682
supposedli,12.676
hall,12.671
dutch,12.666
crippl,12.659
senseless,12.656
viewpoint,12.656
loos,12.655
contact,12.643
patho,12.637
eight,12.626
warmth,12.616
evalu,12.612
free,12.604
fragil,12.587
suck,12.587
morn,12.583
demolish,12.580
onslaught,12.568
devoid,12.559
forgiv,12.549
paper,12.533
bunch,12.516
tire,12.507
ambigu,12.502
afford,12.501
aloof,12.498
directli,12.489
cambodia,12.487
andrzej,12.481
stood,12.469
stroke,12.461
superbl,12.448
anywher,12.436
flash,12.428
faint,12.414
poverti,12.408
tower,12.395
cloth,12.392
thesp,12.391
ensembl,12.387
pour,12.369
overr,12.363
unpleas,12.350
railway,12.345
ideolog,12.341
vast,12.331
hunt,12.330
storm,12.324
automat,12.306
meek,12.293
rebellion,12.291
inferior,12.291
resembl,12.285
anecdot,12.283
startl,12.279
sex,12.265
briefli,12.254
exact,12.231
tactic,12.212
fend,12.204
threw,12.200
overcom,12.190
crown,12.189
oper,12.178
vs,12.170
blank,12.168
ration,12.168
handsom,12.168
crawl,12.165
regardless,12.160
version,12.160
shuffl,12.157
sl,12.153
suicid,12.138
inher,12.125
unreal,12.113
gestur,12.113
yank,12.110
rebel,12.105
cope,12.102
freder,12.101
lick,12.074
fast,12.074
playwright,12.056
imprint,12.048
ruthless,12.046
elsewher,12.044
stretch,12.036
preserv,12.035
trust,12.019
melodramat,12.019
load,12.010
tom,12.006
saint,12.000
solitud,11.995
grey,11.989
adequ,11.971
empir,11.968
heartfelt,11.965
primo,11.952
tendenc,11.944
monster,11.915
april,11.912
baggag,11.904
undistinguish,11.892
plenti,11.881
subtitl,11.879
21st,11.872
versu,11.864
method,11.854
2001,11.845
hollywoodish,11.834
luger,11.834
lest,11.824
gunfir,11.817
certainti,11.817
tribul,11.817
dimension,11.816
closer,11.801
harass,11.801
bowl,11.799
organ,11.797
hair,11.792
magic,11.790
60,11.785
foreground,11.771
rack,11.771
tens,11.766
socialist,11.763
empathi,11.753
lover,11.743
unthink,11.741
neck,11.734
social,11.733
storylin,11.714
permit,11.712
costum,11.696
whoever,11.678
broodi,11.674
notwithstand,11.669
kate,11.666
verbal,11.661
cheap,11.646
profit,11.639
januari,11.634
wake,11.621
island,11.619
wari,11.613
needless,11.602
distract,11.598
promin,11.598
swell,11.586
jerk,11.585
textbook,11.566
wealthi,11.551
linger,11.538
territori,11.525
pile,11.525
dream,11.522
weapon,11.514
august,11.494
crew,11.491
reserv,11.491
shaken,11.487
speilberg,11.481
machineri,11.474
humanist,11.474
resourc,11.470
east,11.470
appeal,11.468
moon,11.463
judgment,11.453
fake,11.452
relax,11.438
montag,11.430
winter,11.420
unnecessari,11.416
feed,11.413
bland,11.411
turncoat,11.404
iraqi,11.404
mine,11.390
represent,11.389
museum,11.388
malevol,11.370
luftwaff,11.364
splendid,11.363
matur,11.361
tradit,11.353
emphas,11.345
1974,11.340
hole,11.339
statu,11.326
blend,11.304
70,11.299
suitabl,11.291
interact,11.270
zombi,11.249
30,11.243
jaw,11.231
un,11.230
burnt,11.227
phrase,11.226
snow,11.226
uniformli,11.205
await,11.196
abet,11.180
ring,11.159
jar,11.158
discoveri,11.149
tate,11.141
distribut,11.136
recollect,11.130
intrigu,11.124
lifeless,11.120
shout,11.116
lesser,11.116
channel,11.114
scroung,11.113
readi,11.101
characterist,11.093
block,11.091
ident,11.085
shadow,11.084
introduc,11.082
pronounc,11.074
beg,11.065
underlin,11.044
broke,11.040
offici,11.025
mysteri,11.017
sleep,11.017
adolf,11.015
merciless,11.015
kiss,11.014
albeit,11.011
repetit,11.009
subtleti,11.006
react,11.001
filter,11.000
path,10.998
loom,10.995
lean,10.989
typic,10.985
palestin,10.959
mechan,10.959
attract,10.955
govern,10.952
fruit,10.948
didnt,10.939
recognit,10.937
deeper,10.935
concerto,10.931
showcas,10.912
uncertain,10.902
canva,10.897
singular,10.884
spoken,10.870
nightmarish,10.870
assur,10.869
compassion,10.866
polici,10.857
taut,10.848
percent,10.848
deprav,10.848
user,10.845
circl,10.836
denial,10.830
racism,10.829
absolutley,10.822
boot,10.815
plane,10.804
richli,10.804
wider,10.804
encourag,10.798
curtain,10.796
sensat,10.792
salut,10.787
scrap,10.757
mankind,10.757
height,10.747
gulp,10.746
yawn,10.745
invest,10.737
increas,10.735
f,10.727
mime,10.722
skull,10.720
dimens,10.719
chord,10.716
enrich,10.712
uncanni,10.700
alik,10.692
coward,10.683
inflict,10.679
agonis,10.674
uneven,10.671
imho,10.660
religion,10.659
demeanor,10.652
contemporari,10.647
weaker,10.640
thru,10.632
guarante,10.615
appli,10.614
chec,10.613
spiellman,10.613
wadek,10.613
railcar,10.613
holsenfeld,10.613
jmrex,10.613
spzilmen,10.613
anielewicz,10.613
smallest,10.609
slam,10.605
detect,10.604
ban,10.597
apt,10.590
remors,10.582
fund,10.571
threat,10.563
silli,10.558
vulner,10.552
tug,10.548
larger,10.538
par,10.525
sadden,10.522
benefactor,10.521
calm,10.521
buff,10.518
divis,10.511
rwanda,10.504
flesh,10.503
dramatis,10.501
evoc,10.493
twice,10.488
compet,10.487
ear,10.468
btw,10.465
endless,10.464
prior,10.462
kitchen,10.450
oblig,10.450
affluent,10.441
rendit,10.436
accid,10.434
balanc,10.397
encompass,10.395
suit,10.390
fabric,10.371
cigarett,10.365
enabl,10.358
deepest,10.355
carnag,10.318
inexplic,10.312
escape,10.311
capac,10.306
banal,10.299
stray,10.296
reput,10.283
unflinchingli,10.277
dispassion,10.277
denigr,10.277
expos,10.269
thrill,10.256
redeem,10.247
indiscrimin,10.243
neighbour,10.230
site,10.212
titan,10.210
seamless,10.208
tabl,10.208
fulfil,10.196
flair,10.160
disagre,10.155
narrow,10.151
unrel,10.139
amazingli,10.137
lyric,10.136
lol,10.133
spoil,10.133
adjust,10.116
benigni,10.116
refresh,10.102
equip,10.101
debri,10.100
newli,10.090
360,10.086
planet,10.082
aftermath,10.081
immens,10.078
rival,10.065
enhanc,10.055
minimum,10.050
character,10.032
reinforc,10.025
sixti,10.025
revolv,10.019
sacrif,10.017
emelia,10.011
luze,10.011
moviv,10.011
stroop,10.011
warzaw,10.011
szpileman,10.011
slist,10.011
kretchman,10.011
kretchsmann,10.011
wvadyslav,10.011
rubenstein,10.011
kozinski,10.011
favor,10.000
dive,9.995
sneak,9.993
smart,9.986
worn,9.982
restrain,9.976
despic,9.976
golden,9.973
militari,9.970
200,9.966
colleagu,9.963
hook,9.962
geniou,9.959
agenda,9.958
privileg,9.955
mundan,9.952
squad,9.942
chew,9.929
aris,9.929
reunit,9.926
likewis,9.919
excess,9.913
relev,9.909
store,9.908
hypnot,9.903
cathol,9.890
bottom,9.882
slightest,9.873
diminish,9.860
owner,9.858
fatigu,9.855
miniseri,9.855
climax,9.853
trace,9.847
sector,9.831
franz,9.831
cellar,9.831
nowher,9.813
helper,9.807
atyp,9.807
slump,9.807
slave,9.798
rich,9.792
seal,9.789
drain,9.789
auster,9.771
achingli,9.760
glamor,9.753
affair,9.751
overact,9.748
elimin,9.741
betray,9.739
dilig,9.737
sunday,9.732
check,9.728
habit,9.725
grotesqu,9.723
implicit,9.714
untold,9.714
advanc,9.704
wreck,9.695
startlingli,9.692
hire,9.690
factor,9.688
curl,9.682
revisit,9.675
econom,9.673
doubl,9.671
deplor,9.671
team,9.663
findlay,9.658
examplifi,9.658
decim,9.639
scari,9.616
legend,9.600
thick,9.596
giant,9.581
partli,9.577
knife,9.577
massiv,9.572
attribut,9.570
pregnant,9.549
berri,9.547
deliri,9.547
virtuos,9.547
boredom,9.547
partisan,9.538
calcul,9.537
spine,9.534
liberti,9.520
dishearten,9.509
punch,9.507
luckili,9.506
eschew,9.499
uninterest,9.498
neglig,9.490
garner,9.489
fifti,9.487
myth,9.487
aren,9.476
coldli,9.471
shade,9.455
culmin,9.453
tip,9.447
network,9.438
adult,9.437
panoram,9.435
primari,9.410
jerzi,9.409
rubinstein,9.409
pianista,9.409
wermacht,9.409
vlad,9.409
homogenis,9.409
herv,9.409
manich,9.409
courtyard,9.408
attest,9.408
dilemma,9.401
promptli,9.391
phenomen,9.384
pragmat,9.382
endang,9.382
layer,9.374
blue,9.373
leap,9.370
chase,9.369
eman,9.365
comic,9.363
similarli,9.363
built,9.362
confirm,9.359
centr,9.353
cring,9.327
injustic,9.322
meaningless,9.320
villian,9.315
savag,9.311
angri,9.308
identif,9.307
taught,9.293
tackl,9.287
ghastli,9.282
concept,9.275
perceiv,9.269
bless,9.266
serious,9.265
vari,9.264
throat,9.260
spread,9.259
logic,9.248
altogeth,9.248
vital,9.248
trait,9.248
merchant,9.243
quick,9.228
80,9.228
suitcas,9.228
bloodi,9.225
furthermor,9.224
primarili,9.224
trade,9.215
reinhard,9.215
liszt,9.215
hidey,9.215
constantinopl,9.215
glorifi,9.212
http,9.205
commend,9.201
guerrilla,9.197
preconceiv,9.190
label,9.189
crap,9.179
shortag,9.175
sadism,9.168
resolv,9.166
chariti,9.153
smaller,9.151
bigotri,9.146
portion,9.144
aesthet,9.131
faction,9.125
whale,9.125
18,9.123
echo,9.121
offend,9.118
venic,9.118
banish,9.118
applaud,9.105
tediou,9.092
actress,9.091
mystifi,9.090
stroll,9.090
gratitud,9.090
250,9.086
disast,9.074
anymor,9.069
counterpoint,9.062
lanzmann,9.056
qv,9.056
shylock,9.056
excit,9.043
grenad,9.042
blast,9.036
shi,9.030
accommod,9.029
nazism,9.029
stolen,9.015
verit,9.009
ponder,9.005
pro,8.998
palat,8.997
gypsi,8.990
mix,8.984
agon,8.984
damn,8.979
desensit,8.965
fat,8.962
heaven,8.962
gratuit,8.948
laid,8.947
bar,8.946
slip,8.935
detractor,8.928
uncommon,8.928
succor,8.923
pop,8.899
varieti,8.899
bang,8.899
interspers,8.898
flirt,8.886
transpar,8.868
easier,8.867
truck,8.866
cowardic,8.863
cafe,8.863
pound,8.859
90,8.858
suffoc,8.857
consum,8.855
indescrib,8.834
abli,8.828
accident,8.827
disbelief,8.824
gori,8.824
grave,8.818
grass,8.817
faceless,8.817
naiv,8.816
bird,8.812
mom,8.810
lumpen,8.807
jewess,8.807
gradat,8.807
29,8.806
learnt,8.800
ampl,8.795
creatur,8.793
wherein,8.789
obsess,8.789
hindsight,8.778
unimport,8.778
routin,8.778
proven,8.773
obey,8.773
press,8.768
furnitur,8.768
descript,8.766
50,8.759
popcorn,8.752
unwatch,8.752
basi,8.748
slight,8.746
sympathis,8.736
lovingli,8.736
whatsoev,8.735
card,8.727
bestow,8.725
convers,8.716
eyebrow,8.715
overwhelmingli,8.715
indict,8.710
fewer,8.710
filthi,8.710
research,8.709
arous,8.699
camerawork,8.699
trailer,8.684
punish,8.680
vampir,8.679
behalf,8.679
romant,8.674
damag,8.668
limp,8.664
leader,8.662
airport,8.649
proof,8.647
cinematograph,8.642
catharsi,8.625
lament,8.625
tyranni,8.620
sweep,8.617
ovat,8.615
interven,8.615
unpredict,8.614
ise,8.613
tete,8.613
edict,8.613
til,8.611
fieri,8.606
1999,8.591
thirti,8.584
compound,8.578
twentieth,8.573
outcom,8.570
reminisc,8.560
prosecut,8.559
farewel,8.536
budget,8.533
novel,8.531
advantag,8.530
pogrom,8.530
rail,8.523
minimalist,8.514
allud,8.505
subsequ,8.498
deaf,8.496
hauntingli,8.492
helm,8.485
oneself,8.479
litter,8.479
tread,8.479
freeli,8.475
erupt,8.470
shellshock,8.454
historian,8.453
decenc,8.449
jail,8.440
tin,8.437
inadvert,8.432
spars,8.428
obscen,8.428
fli,8.427
willing,8.424
signifi,8.416
conclud,8.415
imper,8.412
superflu,8.412
argument,8.406
sadist,8.402
stare,8.397
mid,8.396
prioriti,8.391
justif,8.387
zander,8.385
outr,8.385
retel,8.383
prestigi,8.371
handedli,8.364
desk,8.364
pad,8.360
submiss,8.352
split,8.350
shift,8.346
patron,8.325
denier,8.320
75th,8.320
remaind,8.317
19th,8.317
cling,8.309
proud,8.304
employ,8.300
lightli,8.298
schedul,8.298
creed,8.298
stellar,8.297
n,8.295
corn,8.287
shallow,8.284
brit,8.279
rub,8.279
tight,8.276
shelf,8.276
mourn,8.276
extern,8.272
patronag,8.261
gulag,8.261
redgrav,8.261
trowel,8.261
recount,8.257
wherev,8.254
brink,8.250
reveng,8.247
eaten,8.243
alarm,8.236
atroci,8.236
immacul,8.232
king,8.231
pair,8.231
absorb,8.225
biggest,8.222
aim,8.211
credibl,8.209
bosnia,8.204
horowitz,8.204
metaphor,8.201
extraordinarili,8.193
travesti,8.193
accompani,8.188
underestim,8.176
welcom,8.168
dodg,8.163
religi,8.152
unspar,8.152
forag,8.152
therebi,8.149
shockingli,8.146
beforehand,8.146
martin,8.144
voter,8.136
discern,8.126
exemplifi,8.119
behavior,8.118
killer,8.117
scatter,8.116
hewn,8.102
dispossess,8.102
inexist,8.102
quizzic,8.102
kraut,8.102
1911,8.102
badli,8.101
bloodsh,8.100
ceremoni,8.097
weigh,8.097
greatli,8.091
joke,8.091
squeamish,8.090
infect,8.087
substanc,8.087
region,8.081
chao,8.078
primal,8.078
inner,8.071
youth,8.063
nail,8.054
optim,8.052
highest,8.050
vile,8.046
harbor,8.046
cram,8.043
margin,8.040
blunt,8.040
drink,8.040
remov,8.036
dozen,8.034
sibl,8.028
gem,8.026
everyman,8.025
lighter,8.019
utmost,8.013
personifi,8.001
sober,7.989
potent,7.977
raze,7.968
pakula,7.968
boxcar,7.968
eagerli,7.965
regain,7.959
begun,7.959
novemb,7.959
invis,7.957
idiot,7.943
shove,7.942
gorgeou,7.941
melancholi,7.936
bunker,7.936
lyndon,7.936
doctor,7.935
bizarr,7.931
payoff,7.928
insignia,7.928
sentenc,7.920
amadeu,7.914
unseen,7.914
opu,7.911
retrospect,7.903
hey,7.898
fenc,7.897
stranglehold,7.889
acquaint,7.883
28,7.883
harmoni,7.875
inclus,7.870
derang,7.867
vanessa,7.852
sar,7.852
someday,7.851
decay,7.851
500,7.843
eloqu,7.838
inch,7.822
artistri,7.822
cardboard,7.820
rip,7.818
embattl,7.817
disc,7.814
debt,7.814
cage,7.796
alot,7.796
antisemit,7.783
noland,7.783
replac,7.781
revel,7.779
clue,7.779
peculiar,7.779
verg,7.779
sugar,7.764
quest,7.754
slide,7.754
paragraph,7.751
energi,7.743
shield,7.741
plung,7.741
len,7.734
abund,7.727
upsid,7.719
nobli,7.718
instinctu,7.718
crowd,7.718
dash,7.717
compon,7.717
entitl,7.717
whilst,7.698
gonna,7.696
idol,7.693
west,7.692
applaus,7.679
squar,7.668
ray,7.667
weav,7.664
subhuman,7.658
injuri,7.656
christian,7.654
gloomi,7.651
rever,7.649
fuss,7.649
understat,7.647
disregard,7.647
complaint,7.640
outlook,7.633
entireti,7.631
beckett,7.630
conduct,7.627
futil,7.627
protest,7.620
peril,7.620
extend,7.616
unchalleng,7.602
endem,7.602
movingli,7.602
ennobl,7.602
existenti,7.600
page,7.599
rage,7.592
profess,7.587
apolog,7.582
smoothli,7.582
conspiraci,7.580
capitul,7.576
factli,7.576
potray,7.576
explicit,7.574
crisp,7.572
19,7.572
amus,7.566
loath,7.563
envi,7.563
thrust,7.563
blogspot,7.559
robot,7.556
freez,7.552
giancarlo,7.550
impercept,7.550
impun,7.550
correctli,7.548
pray,7.546
tempt,7.536
fiction,7.534
40,7.532
crude,7.529
obtain,7.525
versail,7.525
galvan,7.525
spilt,7.525
enigmat,7.521
game,7.511
prevail,7.511
grandeur,7.505
macro,7.500
hauptmann,7.500
bigger,7.498
rain,7.489
bias,7.488
insurrect,7.476
upscal,7.476
stodgi,7.476
forego,7.476
cherish,7.472
approv,7.462
rhythm,7.456
martyrdom,7.453
razzl,7.453
reestablish,7.453
extract,7.453
loud,7.445
unhappi,7.433
counter,7.433
susten,7.431
forfeit,7.431
ah,7.429
sweet,7.423
whip,7.422
en,7.418
heighten,7.416
web,7.416
1968,7.416
signatur,7.410
artisan,7.409
conscript,7.409
yeah,7.402
omin,7.389
valid,7.382
broad,7.376
watcher,7.374
hack,7.373
pivot,7.371
stoicism,7.366
overlong,7.362
visibl,7.358
nadir,7.346
evict,7.346
survivalist,7.346
sonata,7.346
vibrant,7.345
magazin,7.343
sceneri,7.331
pen,7.318
improv,7.317
simplif,7.306
rehash,7.303
rock,7.294
stylist,7.294
snatch,7.280
durat,7.277
oscil,7.269
hiroshima,7.269
factori,7.265
infinit,7.260
secondari,7.255
dresser,7.250
obstacl,7.249
map,7.233
crust,7.232
co,7.214
tall,7.213
transfer,7.213
younger,7.212
tongu,7.202
tess,7.198
descend,7.197
boundari,7.190
awak,7.186
detent,7.181
jurgen,7.181
respond,7.179
moreov,7.171
enthusiast,7.170
curios,7.168
recognis,7.167
ft,7.164
toss,7.156
counterfeit,7.148
acquiesc,7.148
tape,7.143
exceed,7.142
semi,7.137
rightli,7.134
dishevel,7.132
fanat,7.122
sustain,7.122
subtli,7.120
forti,7.116
chronolog,7.116
quarter,7.116
unsettl,7.111
blockbust,7.110
climat,7.110
harm,7.110
phantom,7.108
neighborhood,7.106
peddl,7.101
extens,7.096
entranc,7.095
ethic,7.087
epidem,7.086
saddam,7.086
shorter,7.081
depart,7.080
recruit,7.074
hearten,7.071
kneel,7.071
erstwhil,7.071
oasi,7.071
wrenchingli,7.071
lynch,7.071
15,7.069
pit,7.068
unfair,7.068
barri,7.066
pg,7.065
eager,7.059
princip,7.058
aberr,7.056
proceed,7.056
trick,7.053
humour,7.043
claptrap,7.042
holland,7.042
flip,7.029
caprici,7.028
www,7.026
cool,7.022
stone,7.017
suppli,7.012
secondli,7.011
toler,7.011
dismiss,7.002
wooden,7.001
clandestin,7.000
analyz,6.996
companion,6.994
son,6.992
l,6.992
okay,6.992
dear,6.991
intimid,6.991
relentless,6.990
harsher,6.987
upheav,6.987
shaggi,6.987
ain,6.980
aryan,6.974
fundamentalist,6.974
downstair,6.974
purchas,6.971
1st,6.968
rush,6.963
stamina,6.961
16,6.960
useless,6.949
shovel,6.948
synthesi,6.948
compatriot,6.948
wreckag,6.948
thug,6.936
settlement,6.935
graciou,6.935
wanton,6.935
dictat,6.935
closest,6.931
ahead,6.926
unravel,6.926
packag,6.919
exhilar,6.918
dishonesti,6.910
debas,6.910
contrari,6.904
monument,6.897
realm,6.895
funni,6.881
principl,6.881
downright,6.872
via,6.869
friendship,6.866
exercis,6.865
pb,6.863
legitimaci,6.863
editori,6.863
suspect,6.856
brain,6.852
brillant,6.851
decis,6.850
arthur,6.847
mount,6.843
platoon,6.842
biologist,6.840
freight,6.840
scoff,6.840
defi,6.833
morbidli,6.829
afar,6.829
famin,6.829
frustratingli,6.829
embarrass,6.828
reject,6.824
groundbreak,6.824
suprem,6.816
club,6.814
singularli,6.807
1933,6.807
inward,6.807
thoughtless,6.807
postwar,6.807
prop,6.803
dust,6.801
stir,6.798
jag,6.796
screw,6.795
secret,6.789
unaffect,6.785
firstli,6.782
mindless,6.781
access,6.781
dinner,6.780
bla,6.775
japan,6.774
posh,6.764
wanna,6.762
gloriou,6.762
yesterday,6.755
eas,6.753
prime,6.752
30th,6.744
1994,6.741
17,6.737
wept,6.734
allevi,6.734
revers,6.730
furnish,6.724
amen,6.724
function,6.720
feat,6.718
smooth,6.714
squash,6.714
fatal,6.709
pari,6.707
program,6.705
dismantl,6.704
acknowledg,6.701
wordless,6.695
lid,6.695
min,6.686
faculti,6.685
scar,6.678
bite,6.676
church,6.676
op,6.676
doubtless,6.676
monger,6.666
competit,6.663
o,6.658
overjoy,6.657
basterd,6.654
remembr,6.648
surli,6.648
tiniest,6.639
peev,6.639
stalin,6.639
fortitud,6.639
volum,6.632
directori,6.629
friendli,6.617
shoe,6.617
invit,6.615
16th,6.613
jacket,6.606
derelict,6.604
assign,6.599
thumb,6.599
brand,6.596
discours,6.587
nasti,6.585
uninvolv,6.579
2nd,6.574
recipi,6.570
henc,6.568
graviti,6.562
symbolis,6.562
malick,6.562
poignantli,6.562
arc,6.560
multi,6.554
bold,6.554
elabor,6.554
globe,6.550
uncomfort,6.547
sluggish,6.546
patern,6.546
forgot,6.526
lineup,6.514
crimin,6.513
charm,6.507
maiden,6.507
tribal,6.507
surg,6.499
villain,6.498
penultim,6.491
nod,6.491
corner,6.477
irrit,6.476
dazzl,6.473
proper,6.470
hiss,6.469
western,6.467
strewn,6.462
centerpiec,6.462
contriv,6.461
wave,6.460
candi,6.459
generos,6.454
fumbl,6.447
congrat,6.447
beast,6.446
advic,6.444
foot,6.438
axi,6.433
cabinet,6.433
fourth,6.430
lawrenc,6.429
helen,6.426
shenanigan,6.419
dwindl,6.412
whatnot,6.412
teeter,6.405
heck,6.405
bludgeon,6.398
switch,6.397
enthral,6.393
reap,6.392
bet,6.388
nicola,6.378
outward,6.378
forest,6.372
grammar,6.372
smother,6.372
dialog,6.371
skin,6.368
dart,6.365
goer,6.352
cargo,6.346
filmgoer,6.346
defiant,6.339
mainstream,6.339
hectic,6.333
debat,6.332
dog,6.320
augment,6.320
connot,6.320
statuett,6.320
heat,6.319
regul,6.314
obliter,6.314
rusti,6.314
stutter,6.314
freak,6.307
elev,6.303
retali,6.302
personnel,6.302
bystand,6.296
cruelli,6.296
ilk,6.284
virtuoso,6.284
blew,6.282
demean,6.278
denomin,6.278
photograph,6.262
deploy,6.261
disclaim,6.255
blight,6.249
indign,6.249
tarnish,6.249
defend,6.246
deadli,6.245
fluent,6.243
wagner,6.232
unjust,6.232
lina,6.232
stripe,6.226
cart,6.226
escapad,6.226
inconsequenti,6.226
supplement,6.221
trash,6.219
cheapen,6.215
fun,6.212
engross,6.212
alien,6.211
erad,6.210
bed,6.208
stifl,6.204
waltz,6.203
poorli,6.202
heavili,6.201
du,6.199
loaf,6.199
unbias,6.199
valentin,6.199
comedi,6.187
frail,6.183
indoor,6.183
immun,6.172
controversi,6.169
wrought,6.167
runner,6.166
callou,6.162
stunt,6.156
tearjerk,6.152
impot,6.152
bank,6.150
importantli,6.148
cosmic,6.147
withdraw,6.147
formerli,6.142
distinct,6.140
unto,6.137
bodili,6.137
wordpress,6.137
pluck,6.132
kubrick,6.126
impass,6.122
solv,6.121
uber,6.112
slack,6.112
onscreen,6.107
cameraman,6.107
pirat,6.103
superpow,6.102
gratifi,6.102
pan,6.100
mafia,6.099
filmic,6.097
ecstat,6.093
accus,6.090
ball,6.090
excruciatingli,6.088
downbeat,6.088
glori,6.085
85,6.083
box,6.079
wrap,6.077
humil,6.074
tweak,6.074
preconcept,6.064
odyssey,6.058
wallow,6.055
snippet,6.055
dirti,6.054
1900,6.051
distraught,6.051
infest,6.042
tee,6.042
smoke,6.040
brotherhood,6.037
fool,6.035
eponym,6.033
prototyp,6.028
reproduc,6.024
temporarili,6.024
spree,6.024
smuggler,6.019
tent,6.019
ideal,6.013
accord,6.012
unfairli,6.011
noon,6.011
introvert,6.006
mantl,6.002
veget,5.998
resound,5.998
barbarian,5.993
calmli,5.989
neighbourhood,5.985
breakout,5.985
wagon,5.981
oft,5.981
solac,5.981
dud,5.981
bright,5.974
whim,5.972
pervad,5.972
unfinish,5.972
melanchol,5.972
bicker,5.964
sooth,5.960
spr,5.956
pedestrian,5.952
emin,5.952
cartoon,5.951
overhead,5.948
ting,5.948
italian,5.944
bribe,5.940
overwrought,5.940
jerker,5.936
appetit,5.936
dispar,5.928
commerci,5.925
refrain,5.916
excruci,5.912
curious,5.912
willingli,5.908
prohibit,5.908
teacher,5.908
devour,5.889
reconstruct,5.889
forum,5.885
ambival,5.882
stricken,5.882
darken,5.878
mug,5.878
1969,5.878
mediocr,5.875
abid,5.874
ether,5.871
innat,5.871
na,5.867
platform,5.867
dissapoint,5.863
swift,5.863
gold,5.862
leisur,5.852
overt,5.852
joyou,5.852
gape,5.852
nauseat,5.849
unmistak,5.845
6th,5.845
nag,5.845
dismal,5.838
pov,5.838
feebl,5.834
dumb,5.828
timid,5.824
moonlight,5.817
oldest,5.813
environ,5.813
ounc,5.810
incarcer,5.806
prone,5.803
radiat,5.783
gee,5.783
prosper,5.779
finer,5.779
proudli,5.776
grown,5.776
clean,5.770
lifelong,5.769
netflix,5.760
ravag,5.753
undeserv,5.750
evad,5.747
poignanc,5.744
dusti,5.744
daunt,5.737
frustrat,5.735
disturbingli,5.734
outburst,5.734
coincident,5.725
glove,5.725
sieg,5.721
barren,5.718
claustrophobia,5.718
selfless,5.712
materialist,5.706
inan,5.700
disrupt,5.700
urgenc,5.697
renew,5.697
molest,5.694
mercenari,5.691
brando,5.688
goeth,5.688
goos,5.688
jolt,5.685
27,5.682
wardrob,5.682
400,5.679
squirm,5.679
likabl,5.674
irrat,5.673
fluff,5.670
pistol,5.670
spike,5.667
orchestra,5.667
overtli,5.664
turkey,5.661
elus,5.661
scaveng,5.658
applic,5.653
shini,5.653
clerk,5.650
ing,5.650
canadian,5.647
palett,5.644
japanes,5.643
uncontrol,5.641
harmless,5.636
robert,5.634
invent,5.626
morbid,5.622
leather,5.619
simpler,5.616
fathom,5.616
nope,5.611
stoic,5.605
adventur,5.602
seiz,5.600
potato,5.600
wind,5.598
shrink,5.597
recept,5.597
interfer,5.592
clutch,5.584
vacat,5.584
alleg,5.584
ambianc,5.584
spectacularli,5.581
financ,5.576
pander,5.570
stardom,5.570
marri,5.569
misunderstand,5.547
tax,5.545
intoler,5.545
unnatur,5.545
dubiou,5.545
ongo,5.542
lectur,5.537
statur,5.535
yourselv,5.535
footstep,5.527
enslav,5.525
1962,5.525
1983,5.522
capt,5.515
comrad,5.515
suppress,5.512
neutral,5.512
indel,5.510
cow,5.510
impend,5.507
recit,5.498
parad,5.495
laud,5.493
predica,5.490
pervert,5.483
drivel,5.483
biopic,5.481
digress,5.476
discard,5.476
static,5.474
95,5.474
pow,5.472
dens,5.465
candl,5.458
exposur,5.458
organis,5.458
se,5.458
unmatch,5.455
downward,5.451
stanc,5.451
timelin,5.449
spooki,5.449
mess,5.447
copi,5.444
session,5.444
stuf,5.442
jacob,5.442
encapsul,5.440
philadelphia,5.437
sob,5.435
premis,5.434
inaccuraci,5.428
flourish,5.424
medit,5.420
elect,5.420
mobil,5.417
net,5.411
unquestion,5.409
armor,5.406
penetr,5.404
wrestl,5.404
wage,5.404
instal,5.402
rude,5.402
budapest,5.400
refin,5.398
craftsmanship,5.394
relentlessli,5.394
preval,5.387
horrend,5.381
wasteland,5.379
pat,5.375
boost,5.372
dreari,5.372
anchor,5.370
duplic,5.370
brainwash,5.368
rag,5.362
comeback,5.362
phase,5.362
sgt,5.362
mtv,5.362
lowest,5.362
infus,5.358
fleet,5.358
rebelli,5.356
auteur,5.352
helmet,5.348
rapidli,5.344
hurri,5.342
anonym,5.342
forgiven,5.340
chocol,5.338
1986,5.336
illog,5.334
surrend,5.334
regularli,5.334
quibbl,5.330
bia,5.324
choke,5.324
disciplin,5.324
gunfight,5.322
pocket,5.322
departur,5.322
masterwork,5.320
skeleton,5.312
uninspir,5.310
spzleman,5.306
hereinwhen,5.306
vittoria,5.306
supercent,5.306
mezmoris,5.306
drexlerit,5.306
excellelnt,5.306
muscian,5.306
all9,5.306
warszawa,5.306
grazyna,5.306
emphiz,5.306
zpilmann,5.306
predilict,5.306
thoseth,5.306
wladi,5.306
planediminish,5.306
anderszewski,5.306
malk,5.306
babelian,5.306
spoilerswhi,5.306
probabalist,5.306
plotther,5.306
dorata,5.306
somethink,5.306
eatabl,5.306
spijlmancharact,5.306
unconcsi,5.306
ardian,5.306
kletschmann,5.306
helooooooo,5.306
becondemn,5.306
attilla,5.306
sosnowiec,5.306
deseriv,5.306
triuph,5.306
chatila,5.306
jinsa,5.306
trelkowski,5.306
woundingli,5.306
manion,5.306
noneoth,5.306
bezukhov,5.306
bitpart,5.306
incrdibl,5.306
srealist,5.306
holocoust,5.306
vladislav,5.306
wadislaw,5.306
organizacja,5.306
jahm,5.306
xlibri,5.306
enoughli,5.306
frailiti,5.306
korczak,5.306
backnois,5.306
sziplman,5.306
invais,5.306
kravchick,5.306
flightyesterday,5.306
submachinegun,5.306
samesubject,5.306
stunnd,5.306
cinematograpghi,5.306
szpilmanwladyslaw,5.306
redemptiveend,5.306
grimaud,5.306
unbar,5.306
polityka,5.306
castevet,5.306
holocasut,5.306
pian,5.306
wertmuel,5.306
theit,5.306
schinldler,5.306
sviatoslav,5.306
zie,5.306
cheloveka,5.306
woijeck,5.306
sendlerowa,5.306
humanti,5.306
posth,5.306
sie,5.306
tunnelvis,5.306
schmiedeberg,5.306
szpiellman,5.306
krackau,5.306
liveagain,5.306
commonest,5.306
ofnazi,5.306
punker,5.306
magninomi,5.306
grozni,5.306
borkowska,5.306
holcaust,5.306
kew,5.306
warswaw,5.306
spoilersroman,5.306
polist,5.306
lipatti,5.306
hollocost,5.306
badd,5.306
umschlagplatz,5.306
polonis,5.306
hossenfeld,5.306
studient,5.306
helples,5.306
andunbeliev,5.306
aterna,5.306
wladislav,5.306
admiror,5.306
ownsid,5.306
holokaust,5.306
detrun,5.306
directed,5.306
spielmann,5.306
quer,5.306
wladslaw,5.306
greatmessag,5.306
ibnrcf,5.306
heirich,5.306
zbyszek,5.306
bronislav,5.306
holocast,5.306
abernon,5.306
sonderkomando,5.306
majorek,5.306
germanz,5.306
holocaus,5.306
reuter,5.306
fenelon,5.306
wladysalw,5.306
bombsit,5.306
vibert,5.306
fania,5.306
metobol,5.306
haarchion,5.306
polasnki,5.306
vuadek,5.306
sdopoaj,5.306
vuadysuav,5.306
afterawhil,5.306
adek,5.306
backgroundwhen,5.306
musidora,5.306
hertiag,5.306
heylik,5.306
intermezzi,5.306
zydowska,5.306
thadani,5.306
painist,5.306
shineup,5.306
spilman,5.306
warschaw,5.306
polanskicr,5.306
dwadl,5.306
35million,5.306
jugoslavija,5.306
kersovo,5.306
epscial,5.306
blunten,5.306
polanndth,5.306
maszyn,5.306
concienc,5.306
llist,5.306
holocoaust,5.306
tokenis,5.306
shpeelman,5.306
andultim,5.306
sentament,5.306
sosnow,5.306
kratchsmann,5.306
onwardsth,5.306
absolutelli,5.306
withinwhen,5.306
overreward,5.306
vladislaw,5.306
gimpel,5.306
gloryf,5.306
120millioni,5.306
uncolour,5.306
dorita,5.306
repressionm,5.306
dickenson,5.306
jli,5.306
spianato,5.306
shtikat,5.306
jewsploit,5.306
szala,5.306
odyss,5.306
shubert,5.306
cowardly,5.306
crackow,5.306
apeopl,5.306
filmster,5.306
afin,5.306
shtetl,5.306
rstj,5.306
bloodlett,5.306
ofmus,5.306
krakov,5.306
2end,5.306
nonaggress,5.306
dinu,5.306
afrement,5.306
sopot,5.306
strunggl,5.306
abaut,5.306
chouraqui,5.306
almovodar,5.306
ofcollabor,5.306
segregr,5.306
partent,5.306
schmeilberg,5.306
mordechai,5.306
1849,5.306
wlayslaw,5.306
gilel,5.306
dropp,5.306
ohad,5.306
wladyslav,5.306
adventyr,5.306
snoozerama,5.306
wwiicamp,5.306
sudba,5.306
shpilman,5.306
warsow,5.306
sympthomi,5.306
gueto,5.306
edlman,5.306
realistically8,5.306
zlotni,5.306
victimist,5.306
mazurka,5.306
wawer,5.306
malmsteen,5.306
personalfeel,5.306
suspanc,5.306
iiand,5.306
paderewski,5.306
relentlessmurd,5.306
ashkenazi,5.306
throughut,5.306
caltagiron,5.306
szpikman,5.306
inuman,5.306
schreker,5.306
happeningagain,5.306
joyeux,5.306
peeonist,5.306
cultureto,5.306
gianini,5.306
poznan,5.306
surewil,5.306
valgan,5.306
bottommost,5.306
thatmus,5.306
zycl,5.306
waldorff,5.306
orwrit,5.306
normanfinkelstein,5.306
splitzman,5.306
uncheesi,5.306
feldgrau,5.306
bojowa,5.306
smidowicz,5.306
sitthrough,5.306
polanskith,5.306
bereftof,5.306
europedur,5.306
frydryk,5.306
kylan,5.306
suppurb,5.306
kempff,5.306
licens,5.302
unstopp,5.302
gaze,5.301
clap,5.299
super,5.296
dirt,5.293
1941,5.289
butcher,5.287
ash,5.287
palpabl,5.287
esqu,5.285
claud,5.283
overpow,5.283
tie,5.282
elder,5.282
triumphant,5.276
sigh,5.276
icon,5.275
mar,5.274
void,5.274
undermin,5.272
tiresom,5.272
lurk,5.263
sketch,5.263
bittersweet,5.261
attain,5.259
system,5.258
quentin,5.258
22,5.257
reckon,5.257
kick,5.252
scandal,5.250
sooner,5.247
meal,5.245
mislead,5.243
rental,5.238
porn,5.238
roberto,5.236
reliev,5.232
clariti,5.231
pinnacl,5.229
vet,5.227
decemb,5.227
flavor,5.222
rapid,5.218
instruct,5.215
titular,5.215
foolish,5.210
textur,5.204
digest,5.199
mighti,5.199
maid,5.192
21,5.192
exclus,5.189
asylum,5.181
crumbl,5.176
crave,5.176
rous,5.172
stagger,5.172
sappi,5.169
puppet,5.163
jewel,5.161
interestingli,5.158
undergo,5.158
preachi,5.153
anni,5.151
facet,5.150
breathless,5.150
provoc,5.138
bent,5.137
rambl,5.135
interior,5.134
wet,5.132
properti,5.126
tightli,5.121
dump,5.121
bush,5.115
lee,5.108
petti,5.107
awhil,5.107
district,5.106
older,5.098
temptat,5.098
norm,5.095
articl,5.093
masteri,5.092
mode,5.084
rotten,5.083
incident,5.083
tramp,5.083
foreshadow,5.081
inabl,5.081
foremost,5.077
darn,5.074
warrant,5.074
propel,5.074
implaus,5.068
steel,5.068
campaign,5.061
hardcor,5.054
repris,5.051
bleed,5.049
mansion,5.048
health,5.045
bastard,5.042
worldwid,5.041
unawar,5.041
pig,5.039
superl,5.038
garden,5.036
roof,5.035
upcom,5.031
amateur,5.031
ought,5.025
sore,5.024
geoffrey,5.021
gimmick,5.020
phenomenon,5.013
preach,5.011
track,5.007
steadi,5.006
kreutzer,5.005
bonhoeff,5.005
castinga,5.005
likley,5.005
kretchmann,5.005
istv,5.005
ineradic,5.005
musicless,5.005
ghettoiz,5.005
murkiest,5.005
10wow,5.005
szab,5.005
important,5.005
gente,5.005
bhagwan,5.005
gruppenfuehr,5.005
inlay,5.005
1066,5.005
reportori,5.005
overbalanc,5.005
astounish,5.005
fiel,5.005
kilogram,5.005
sobieski,5.005
safehous,5.005
310,5.005
muhl,5.005
everysingl,5.005
hadheard,5.005
hiltler,5.005
speakabl,5.005
eartli,5.005
kindess,5.005
aiden,5.005
masada,5.005
liberia,5.005
islamophob,5.005
nk,5.005
crueli,5.005
centred,5.005
alternatingli,5.005
adrein,5.005
familli,5.005
intellg,5.005
impiou,5.005
gifted,5.005
harmonist,5.005
prescen,5.005
officem,5.005
beauit,5.005
goldhagen,5.005
griever,5.005
unsmooth,5.005
rachmaninov,5.005
primitav,5.005
crueliti,5.005
unfortunelti,5.005
filmrat,5.005
hediou,5.005
irena,5.005
authenc,5.005
deglamor,5.005
untax,5.005
habl,5.005
youp,5.005
surviror,5.005
andfilm,5.005
prformanc,5.005
prominantli,5.005
exteremli,5.005
theview,5.005
katyn,5.005
pierc,5.004
asham,5.004
diseas,5.002
setup,5.002
cheek,5.002
stimul,5.000
injur,4.999
neglect,4.999
ya,4.998
burden,4.996
judgement,4.986
honour,4.984
saturday,4.983
cup,4.982
abstract,4.978
glow,4.978
aforement,4.970
junk,4.970
strain,4.970
chuck,4.970
wholli,4.963
behaviour,4.958
paradox,4.957
chines,4.957
bow,4.950
flashi,4.943
hollow,4.941
coffe,4.940
divorc,4.940
partial,4.914
politician,4.910
heal,4.903
milk,4.902
tap,4.900
firmli,4.897
rant,4.897
exhibit,4.896
mate,4.891
button,4.888
clip,4.887
legal,4.885
decor,4.881
creep,4.878
flawlessli,4.871
spring,4.866
weakest,4.861
passag,4.859
superman,4.856
strive,4.855
tag,4.855
kingdom,4.845
irrelev,4.841
shortli,4.835
trail,4.835
orchestr,4.831
california,4.831
soderburgh,4.829
anglophon,4.829
fedex,4.829
appaul,4.829
lscher,4.829
wasnot,4.829
adolfo,4.829
bratwurst,4.829
crockeri,4.829
lifesav,4.829
foulli,4.829
bewail,4.829
andrian,4.829
instict,4.829
muchmor,4.829
devillish,4.829
time10,4.829
carta,4.829
schidler,4.829
scoreboard,4.829
buchenwald,4.829
appropo,4.829
rubato,4.829
hasen,4.829
1857,4.829
schnabel,4.829
abber,4.829
absor,4.829
wertmul,4.829
carcas,4.829
dodgebal,4.829
1810,4.829
effectist,4.829
marek,4.829
tammi,4.829
einsatzgruppen,4.829
republish,4.829
unctuous,4.829
schoenberg,4.829
caricaturist,4.829
ghettois,4.829
diseal,4.829
timur,4.829
swastica,4.829
jokin,4.829
leele,4.829
aheada,4.829
crossbon,4.829
pearl,4.829
insert,4.823
boyfriend,4.823
despis,4.819
1998,4.817
critiqu,4.816
notori,4.815
swallow,4.815
dont,4.814
tonight,4.814
spoke,4.813
fifth,4.812
cop,4.811
crazi,4.809
kingsley,4.809
travel,4.807
flight,4.807
claustrophob,4.801
preced,4.799
consciou,4.795
wick,4.793
schwarzenegg,4.783
urban,4.779
dose,4.777
fuel,4.776
glanc,4.772
jungl,4.769
exit,4.767
spiral,4.766
accolad,4.763
behold,4.761
gap,4.752
conveni,4.742
drew,4.740
favour,4.737
nut,4.736
thief,4.735
print,4.732
keen,4.731
contempl,4.730
apocalypt,4.726
enlighten,4.726
minim,4.726
analysi,4.722
option,4.718
1000,4.718
patienc,4.714
plagu,4.714
contend,4.713
buri,4.705
crematorium,4.704
polack,4.704
vitta,4.704
shoa,4.704
60000,4.704
dartboard,4.704
basal,4.704
reinact,4.704
abovement,4.704
driest,4.704
innit,4.704
andant,4.704
bitesizemoviereview,4.704
spif,4.704
unaddress,4.704
powerpuff,4.704
silesia,4.704
matchlessli,4.704
michalowski,4.704
10regard,4.704
lebensraum,4.704
fasion,4.704
typhu,4.704
lune,4.704
stepp,4.704
lineal,4.704
artur,4.704
evrybodi,4.704
sielberg,4.704
ithad,4.704
boundri,4.704
upmarket,4.704
cloud,4.704
overdon,4.703
ensu,4.699
dealt,4.697
valuabl,4.692
ventur,4.690
wipe,4.687
hilari,4.685
deriv,4.684
launch,4.682
resort,4.681
da,4.681
fare,4.681
admittedli,4.673
hail,4.672
medic,4.671
enchant,4.670
ala,4.668
lengthi,4.666
fu,4.664
adopt,4.662
clever,4.662
verdict,4.657
per,4.655
ken,4.651
induc,4.648
legaci,4.648
mixtur,4.645
paranoia,4.644
newspap,4.642
viscer,4.635
rubbish,4.632
announc,4.628
spark,4.627
aggress,4.625
psych,4.625
revolut,4.618
text,4.614
personhood,4.607
adrain,4.607
unflaw,4.607
mesmir,4.607
damndest,4.607
fathead,4.607
moonscap,4.607
reifi,4.607
generali,4.607
giannini,4.607
innacur,4.607
straggler,4.607
finzi,4.607
imponder,4.607
prepackag,4.607
tp,4.607
topcoat,4.607
mila,4.607
tinnitu,4.607
tabletop,4.607
somekind,4.607
unimpos,4.607
harder,4.607
ultra,4.607
financi,4.605
beneath,4.602
recov,4.602
offens,4.587
divers,4.585
lord,4.575
eras,4.574
plausibl,4.565
indi,4.565
choreograph,4.563
patriot,4.556
em,4.556
exposit,4.554
drug,4.538
fallen,4.530
windowpan,4.528
comal,4.528
desicc,4.528
darien,4.528
hegel,4.528
forgotton,4.528
granada,4.528
tradgedi,4.528
upsw,4.528
coital,4.528
contini,4.528
pak,4.528
soundproof,4.528
keystrok,4.528
barbari,4.528
rubberneck,4.528
resettl,4.528
soloist,4.528
savoir,4.528
autocraci,4.528
hench,4.528
truncheon,4.528
outag,4.528
syrian,4.528
gloor,4.528
magna,4.528
coment,4.528
creationist,4.528
cannist,4.528
zebrowski,4.528
rear,4.524
miser,4.520
crush,4.517
shop,4.517
linear,4.514
wolf,4.514
nine,4.513
simultan,4.511
error,4.510
jesu,4.510
christ,4.507
cleverli,4.503
laughabl,4.497
backward,4.493
alert,4.488
hopkin,4.488
singer,4.487
leagu,4.485
dub,4.476
burst,4.473
outrag,4.473
ingeni,4.471
insist,4.467
london,4.467
stole,4.466
england,4.465
1970,4.462
vengeanc,4.462
influenti,4.462
rouser,4.461
nastili,4.461
separatist,4.461
documentri,4.461
receptor,4.461
khmer,4.461
habbit,4.461
perfer,4.461
leaflet,4.461
integ,4.461
bhatia,4.461
bondarchuk,4.461
impres,4.461
ukrain,4.461
delimit,4.461
crackdown,4.461
ukranian,4.461
circumfer,4.461
aspir,4.449
fish,4.448
properli,4.447
blond,4.441
spiritu,4.439
slaveri,4.439
lazi,4.436
poster,4.425
borrow,4.424
cash,4.422
confess,4.419
zero,4.417
creator,4.406
chaplin,4.406
lo,4.404
commingl,4.403
undernourish,4.403
personalis,4.403
pars,4.403
mcveigh,4.403
oneof,4.403
mearli,4.403
dissembl,4.403
hawkish,4.403
salutari,4.403
arturo,4.403
arnold,4.403
trademark,4.398
racist,4.396
coaster,4.392
watchabl,4.390
gross,4.382
destin,4.377
expert,4.376
asleep,4.372
ambit,4.372
eve,4.370
subplot,4.363
institut,4.358
roller,4.355
abstin,4.352
pandit,4.352
accross,4.352
paralyt,4.352
philanthropi,4.352
uttermost,4.352
multitudin,4.352
squatter,4.352
descib,4.352
benini,4.352
passersbi,4.352
pariti,4.352
jackboot,4.352
suttl,4.352
lenghti,4.352
spin,4.323
underr,4.323
psychopath,4.319
kurosawa,4.311
pursu,4.309
reclam,4.306
greenpeac,4.306
burlap,4.306
hovel,4.306
mindblowingli,4.306
understatedli,4.306
transatlant,4.306
aheadi,4.306
torqu,4.306
gunther,4.306
cobbleston,4.306
zionist,4.306
torpor,4.306
porridg,4.306
heinous,4.306
inestim,4.306
slav,4.306
richter,4.306
offish,4.306
underlay,4.306
winch,4.306
iago,4.306
buddi,4.304
evolv,4.286
skip,4.285
indulg,4.281
scheme,4.280
nuanc,4.273
lower,4.270
ruinat,4.265
crudest,4.265
extrodinari,4.265
scurvi,4.265
undramat,4.265
polyglot,4.265
disciplinari,4.265
diserv,4.265
philharmon,4.265
largess,4.265
hollywoodland,4.265
roil,4.265
browbeaten,4.265
leonid,4.265
booooor,4.265
roger,4.265
season,4.263
instant,4.262
deniro,4.247
rave,4.243
adam,4.240
ticket,4.238
shake,4.230
vladimir,4.227
teardrop,4.227
enclav,4.227
hightail,4.227
plumber,4.227
shyli,4.227
uri,4.227
hayn,4.227
medv,4.227
psycopath,4.227
sadomasoch,4.227
bloodstream,4.227
bleat,4.227
sport,4.219
garbag,4.218
anderson,4.215
theatric,4.213
stock,4.204
guilti,4.200
interview,4.195
bast,4.192
unbend,4.192
cul,4.192
vihrenmitevmovi,4.192
unordinari,4.192
occassion,4.192
rez,4.192
prewar,4.192
lonli,4.192
impolit,4.192
windowless,4.192
triumphal,4.192
fatherland,4.192
jordanandeddi,4.192
somalia,4.192
undetermin,4.192
warrior,4.189
sky,4.188
thriller,4.186
weas,4.160
tantalisingli,4.160
blitzkrieg,4.160
horridli,4.160
bavarian,4.160
internalis,4.160
portay,4.160
wouldv,4.160
lovestori,4.160
merest,4.160
retouch,4.160
ric,4.160
brushstrok,4.160
unfortunatli,4.160
exig,4.160
meanwhil,4.150
nowaday,4.148
marriag,4.141
mirror,4.137
duval,4.134
genui,4.130
adren,4.130
umph,4.130
gm,4.130
extradit,4.130
ona,4.130
firmer,4.130
abstractli,4.130
discover,4.130
benight,4.130
dynam,4.124
regular,4.123
cameo,4.117
target,4.109
puzzl,4.109
unhind,4.102
compost,4.102
balkan,4.102
brussel,4.102
conflagr,4.102
marjori,4.102
vainglori,4.102
nonpluss,4.102
discriminatori,4.102
forbad,4.102
thon,4.102
schlinder,4.102
insens,4.102
guiltili,4.102
10qualiti,4.102
ezra,4.102
downsiz,4.102
militarili,4.102
brown,4.101
patient,4.099
nonsens,4.095
gump,4.092
charli,4.090
ghost,4.085
inexhaust,4.076
similiar,4.076
bop,4.076
waiver,4.076
sucess,4.076
compartment,4.076
bloodedli,4.076
eminem,4.076
rigour,4.076
raincoat,4.076
elis,4.076
lodger,4.076
prussia,4.076
timeli,4.076
tre,4.076
lilli,4.076
cartridg,4.076
glider,4.076
decompress,4.076
dishonour,4.076
maw,4.076
waffen,4.076
stil,4.076
purloin,4.076
devic,4.057
failur,4.056
undescrib,4.051
harangu,4.051
skulk,4.051
gustavo,4.051
smitti,4.051
presuppos,4.051
ella,4.051
serkin,4.051
respir,4.051
altough,4.051
grotesqueri,4.051
ps2,4.051
anthropologist,4.051
cinemetographi,4.051
sovereign,4.051
astound,4.048
ap,4.028
distantli,4.028
kettl,4.028
starski,4.028
whisker,4.028
expuls,4.028
scrabbl,4.028
yiddish,4.028
fortnight,4.028
jell,4.028
hermet,4.028
peacetim,4.028
unopen,4.028
congruent,4.028
krzysztof,4.028
750,4.028
chapter,4.023
forth,4.023
grew,4.021
charl,4.013
loach,4.005
quintet,4.005
subsidiari,4.005
semant,4.005
centered,4.005
warmheart,4.005
hock,4.005
manicur,4.005
filmwork,4.005
ist,4.005
serenad,4.005
upmanship,4.005
darjeel,4.005
transmut,4.005
hoc,4.005
jointli,4.005
warhead,4.005
malnourish,4.005
belatedli,4.005
flatlin,4.005
apocryph,4.005
politic,4.005
colleg,3.996
dad,3.992
epicent,3.984
adrienn,3.984
hideaway,3.984
scorpion,3.984
unreservedli,3.984
anoint,3.984
ek,3.984
fictiv,3.984
10a,3.984
spuriou,3.984
geopolit,3.984
media,3.984
k,3.970
blinker,3.964
cello,3.964
pawnbrok,3.964
intelligentsia,3.964
treati,3.964
proactiv,3.964
solipsist,3.964
meekli,3.964
brutalis,3.964
harewood,3.964
pauciti,3.964
masoch,3.964
outplay,3.964
hun,3.964
macaulay,3.964
corrobor,3.964
toothbrush,3.964
unten,3.964
championangel,3.964
spiegelman,3.964
conqueror,3.964
cult,3.959
cheesi,3.951
satir,3.946
destabil,3.945
sequest,3.945
paroxysm,3.945
mullholland,3.945
commiser,3.945
appart,3.945
scarf,3.945
ifc,3.945
noel,3.945
kindheart,3.945
dictum,3.945
blackhawk,3.945
romania,3.945
23rd,3.945
sax,3.945
counsellor,3.945
woodwork,3.945
imposit,3.945
defenceless,3.945
hunter,3.945
palati,3.926
zee,3.926
timelessli,3.926
hemispher,3.926
nobler,3.926
telecast,3.926
unannounc,3.926
alberto,3.926
wilhelm,3.926
bamboozl,3.926
audiovisu,3.926
hygien,3.926
crushingli,3.926
misanthropi,3.926
addict,3.925
veteran,3.922
influx,3.908
unpalat,3.908
guantanamo,3.908
mandela,3.908
formalist,3.908
befel,3.908
350,3.908
yugoslavia,3.908
denunci,3.908
lighthearted,3.908
cocksur,3.908
siriu,3.908
michael,3.894
cynic,3.892
condol,3.891
beak,3.891
buffer,3.891
strove,3.891
angular,3.891
adamantli,3.891
md,3.891
faintest,3.891
faze,3.891
josef,3.891
240,3.891
odeon,3.891
panzer,3.891
anticip,3.884
unrespons,3.875
curtail,3.875
asquith,3.875
hissi,3.875
bayonet,3.875
spielbergian,3.875
blandli,3.859
maximis,3.859
eardrum,3.859
unaccount,3.859
unentertain,3.859
beneficiari,3.859
various,3.859
quagmir,3.859
sodom,3.859
saga,3.845
sept,3.844
reprob,3.844
prerog,3.844
constern,3.844
yvelin,3.844
readabl,3.844
sac,3.844
fictionalis,3.844
comraderi,3.844
egot,3.844
sheppard,3.844
terrac,3.844
ass,3.833
slurp,3.829
candor,3.829
foretold,3.829
abscond,3.829
1912,3.829
resoundingli,3.829
fingertip,3.829
vagrant,3.829
viz,3.829
encircl,3.829
blindingli,3.829
flagrant,3.829
deutsch,3.829
uncount,3.829
hot,3.823
hotel,3.821
angel,3.818
corpul,3.815
snoozer,3.815
conduit,3.815
outpour,3.815
confisc,3.815
raison,3.815
149,3.815
evildo,3.815
duress,3.815
ferret,3.815
kieslowski,3.815
eureka,3.815
othello,3.815
rummag,3.815
cremat,3.815
tragicom,3.815
raspberri,3.815
27th,3.801
sect,3.801
apologist,3.801
muzzl,3.801
bulldoz,3.801
storey,3.801
grub,3.801
almodovar,3.801
foregon,3.801
mang,3.801
server,3.801
reacquaint,3.801
sumptuous,3.801
outlast,3.801
nehru,3.801
leon,3.801
quintin,3.788
summarili,3.788
wrung,3.788
irv,3.788
holster,3.788
saver,3.788
furor,3.788
unrecogn,3.788
practition,3.788
midpoint,3.788
php,3.788
unquench,3.775
pimpl,3.775
twain,3.775
kamikaz,3.775
strenght,3.775
overcast,3.775
erik,3.775
withheld,3.775
flirtat,3.775
idealis,3.775
unpunish,3.775
solder,3.762
morsel,3.762
hoop,3.762
ruddi,3.762
cranni,3.762
scuttl,3.762
newscast,3.762
20min,3.762
podium,3.762
boycot,3.762
uner,3.762
capo,3.762
effac,3.762
reccommend,3.762
hungari,3.750
swollen,3.750
swine,3.750
lark,3.750
aggressor,3.750
emblem,3.750
beastli,3.750
airwav,3.750
cushi,3.750
unti,3.750
ja,3.750
gage,3.750
becuas,3.750
trill,3.750
girlfriend,3.745
cadillac,3.738
unremit,3.738
dauphin,3.738
mediterranean,3.738
throng,3.738
vermin,3.738
unwritten,3.738
suffus,3.738
genteel,3.738
rigidli,3.738
fastidi,3.738
militar,3.738
hoist,3.738
pang,3.727
bloodlust,3.727
malnutrit,3.727
purifi,3.727
feint,3.727
spoilersth,3.727
blith,3.727
uel,3.727
marketplac,3.727
absorpt,3.727
undetect,3.727
nondescript,3.715
vex,3.715
ancestri,3.704
guil,3.704
blankli,3.704
adhd,3.704
litani,3.704
droppingli,3.704
luggag,3.704
unread,3.704
unwrap,3.704
jorg,3.704
aggreg,3.704
herself,3.698
filmnomenon,3.694
cruelest,3.694
michal,3.694
gong,3.694
wunderkind,3.694
prussian,3.694
prodig,3.694
congo,3.694
hussein,3.694
menac,3.692
inwardli,3.683
ire,3.683
softi,3.683
pragu,3.683
perturb,3.683
demor,3.683
hedeen,3.683
niro,3.677
packet,3.673
predilect,3.673
christen,3.673
boldest,3.673
disengag,3.673
69,3.673
flatteri,3.673
felon,3.673
heartrend,3.673
harbing,3.673
dispers,3.673
fireplac,3.673
boss,3.665
pajama,3.663
repriev,3.663
trodden,3.663
kindl,3.663
ersatz,3.663
confusingli,3.663
blackest,3.663
forgav,3.663
snuck,3.663
07,3.663
incendiari,3.663
inhospit,3.663
outmatch,3.653
eu,3.653
cursori,3.653
philippin,3.653
charlatan,3.653
hebrew,3.653
smoker,3.644
emotion,3.644
involuntarili,3.644
slither,3.644
demur,3.644
belat,3.644
infinitum,3.644
bothersom,3.644
brethren,3.634
roster,3.634
wack,3.634
tha,3.634
pl,3.634
accost,3.634
himmler,3.634
sugarco,3.634
test,3.631
green,3.631
stagnat,3.625
criss,3.625
faraway,3.625
buffet,3.625
impromptu,3.616
overprais,3.616
inextric,3.616
barley,3.616
exel,3.616
commemor,3.616
modestli,3.607
boney,3.607
menial,3.607
headlight,3.607
nitti,3.607
monstrous,3.607
weinstein,3.607
beget,3.607
pomp,3.607
pea,3.607
mortifi,3.607
cogent,3.607
gracious,3.607
netherland,3.599
haphazardli,3.599
travail,3.599
cnn,3.599
acoust,3.599
detain,3.599
inordin,3.590
earnestli,3.590
paedophil,3.590
tablet,3.590
jockey,3.590
armchair,3.590
southeast,3.590
naught,3.590
euphem,3.590
counten,3.590
emancip,3.590
quota,3.590
dethron,3.590
surnam,3.590
afor,3.590
upstand,3.590
rottentomato,3.582
06,3.582
parcel,3.582
columbin,3.582
unavail,3.582
loudest,3.582
slob,3.582
hq,3.582
unkind,3.582
lb,3.582
rescuer,3.582
ineptitud,3.582
mainland,3.574
reactiv,3.574
unquest,3.574
lantern,3.574
villa,3.574
zweig,3.566
exodu,3.566
residu,3.566
stefan,3.566
haggard,3.566
nook,3.566
ghoulish,3.566
attun,3.566
unceremoni,3.566
pedro,3.566
drudgeri,3.566
draggi,3.566
daresay,3.566
scrupl,3.566
comfi,3.566
purportedli,3.566
rile,3.558
placid,3.558
pooh,3.558
belgium,3.558
shrift,3.558
scurri,3.558
fortuit,3.550
kindr,3.550
vilifi,3.550
flit,3.550
irration,3.550
thrower,3.550
feelgood,3.550
doer,3.550
culpabl,3.550
ephemer,3.550
eyewit,3.550
misinform,3.550
duet,3.550
ben,3.548
weird,3.544
platt,3.543
chais,3.543
warmer,3.543
elucid,3.543
duplicit,3.543
teenag,3.541
sift,3.535
unblink,3.535
steami,3.535
venal,3.535
ado,3.535
focuss,3.535
inspit,3.535
colder,3.535
lam,3.528
orthodox,3.528
heav,3.528
provinc,3.528
ugliest,3.521
sweetli,3.521
vantag,3.521
weakli,3.521
unfriendli,3.521
cosi,3.521
squalid,3.521
heartbreakingli,3.521
tormentor,3.521
rejoin,3.514
crumb,3.514
sorbonn,3.514
mushroom,3.514
predestin,3.514
brotherli,3.514
xxx,3.514
overheard,3.514
uproot,3.514
leitmotif,3.514
resurg,3.507
boorish,3.507
chiller,3.507
plumb,3.507
flail,3.507
freakish,3.507
staunch,3.507
remiss,3.507
platon,3.500
exorcis,3.500
oven,3.500
forgo,3.500
humanis,3.500
ar,3.500
fuck,3.500
resurfac,3.500
valiantli,3.500
charlott,3.500
rebuilt,3.500
ivori,3.493
willpow,3.493
unnotic,3.493
adrift,3.493
supermarket,3.493
kinski,3.493
frill,3.487
immediaci,3.487
speck,3.487
afghanistan,3.487
stubbornli,3.487
fluidli,3.487
cilian,3.487
hoard,3.487
snicker,3.480
cataclysm,3.480
claus,3.480
59,3.480
minutia,3.480
secular,3.480
sanction,3.480
undertaken,3.480
tatter,3.480
dissid,3.480
cronenberg,3.480
10rate,3.474
harshest,3.474
impal,3.474
recuper,3.474
madison,3.474
narciss,3.468
schoolboy,3.468
calam,3.468
wholesal,3.468
pend,3.468
outgo,3.468
herr,3.468
scant,3.468
dr,3.467
joyrid,3.461
kinder,3.461
coulardeau,3.461
obama,3.461
femal,3.458
carriag,3.455
breakup,3.455
squabbl,3.455
overstat,3.455
bratti,3.455
perfom,3.455
despot,3.455
compellingli,3.449
destitut,3.449
gorg,3.449
slowest,3.449
repay,3.449
j,3.445
twitter,3.443
depressingli,3.443
implicitli,3.443
silk,3.443
char,3.443
cpt,3.443
stew,3.443
warmli,3.443
stigma,3.443
fluctuat,3.437
pact,3.437
takeov,3.437
protocol,3.437
grievanc,3.437
costli,3.437
unafraid,3.437
unwilling,3.431
08,3.431
subsid,3.431
cking,3.431
canal,3.431
wich,3.426
ak,3.426
onlook,3.426
unsurpris,3.426
reactor,3.426
typifi,3.426
individualist,3.426
eisenstein,3.420
dehumanis,3.420
acquit,3.420
reproduct,3.420
squalor,3.420
churchil,3.420
weepi,3.414
shambl,3.414
dissatisfact,3.414
moustach,3.414
unprofession,3.414
unashamedli,3.414
abundantli,3.414
pensiv,3.414
hymn,3.414
allan,3.414
quiver,3.409
uninterrupt,3.409
loosen,3.409
battalion,3.409
workshop,3.409
fr,3.409
freshli,3.409
ruse,3.409
apologis,3.409
snatcher,3.409
jeopard,3.403
twirl,3.403
dormant,3.403
lite,3.403
infact,3.403
incent,3.403
panick,3.403
sharpen,3.403
ageless,3.398
hale,3.398
whop,3.398
covert,3.398
valor,3.393
oversight,3.393
undergon,3.393
poorer,3.393
displeasur,3.393
munch,3.393
empower,3.393
temperatur,3.393
abras,3.393
laudabl,3.393
vertic,3.393
emascul,3.393
chipper,3.387
innermost,3.387
crossroad,3.387
grime,3.387
retold,3.382
inadequaci,3.382
cornerston,3.382
countrymen,3.382
entourag,3.382
deviant,3.382
irrespect,3.382
saintli,3.377
unsavori,3.377
ammunit,3.377
foggi,3.377
uncompl,3.377
87,3.377
scowl,3.377
autom,3.377
erod,3.372
duct,3.372
espous,3.372
guild,3.372
relinquish,3.367
gl,3.367
seth,3.367
nourish,3.367
jovial,3.367
bakshi,3.362
solidar,3.362
82,3.362
assail,3.362
hungarian,3.362
inact,3.362
chiefli,3.362
leftov,3.362
bustl,3.362
ussr,3.357
pedigre,3.357
firsthand,3.357
hiatu,3.357
delicaci,3.357
ledg,3.352
ownership,3.352
underag,3.352
monetari,3.347
administ,3.347
swindl,3.347
indistinguish,3.347
engend,3.347
anatomi,3.347
bourgeoi,3.347
skylin,3.347
intermitt,3.347
subjug,3.343
clout,3.343
footnot,3.343
avert,3.343
curfew,3.343
crutch,3.343
caveat,3.343
execution,3.338
ramif,3.338
normalci,3.338
mow,3.338
indoctrin,3.338
stash,3.338
micro,3.338
recomend,3.338
proxim,3.338
discont,3.338
vanquish,3.338
bereft,3.338
hubri,3.333
unsubtl,3.333
slain,3.333
grizzli,3.333
hastili,3.333
dove,3.333
chagrin,3.333
kin,3.333
friggin,3.333
coexist,3.333
underway,3.333
needn,3.333
demeanour,3.333
unmov,3.329
logist,3.329
gulf,3.329
skirmish,3.329
camel,3.329
yahoo,3.329
trampl,3.329
disson,3.329
faulti,3.324
forthcom,3.324
reproach,3.324
ronan,3.324
interperson,3.324
decrepit,3.320
mismatch,3.320
revit,3.320
600,3.320
contort,3.320
luster,3.315
fervor,3.315
czech,3.315
backyard,3.315
geez,3.315
muffl,3.315
unwillingli,3.315
artific,3.315
tarintino,3.315
fluke,3.315
pranc,3.315
lukewarm,3.311
77,3.311
perch,3.311
unsatisfactori,3.311
exponenti,3.311
chime,3.311
afloat,3.311
prick,3.306
moreso,3.306
pessim,3.306
uncharacterist,3.302
rend,3.302
firearm,3.302
43,3.302
trudg,3.302
toronto,3.298
outstandingli,3.298
abhorr,3.298
practis,3.298
metamorphosi,3.298
constrain,3.298
perdit,3.298
verv,3.298
meager,3.294
unend,3.294
extinguish,3.294
withdrawn,3.294
1961,3.294
janusz,3.294
holder,3.294
wraith,3.289
scapegoat,3.289
devastatingli,3.289
mafioso,3.289
interf,3.289
downtrodden,3.289
gospel,3.289
inhibit,3.285
rumin,3.285
scintil,3.285
notorieti,3.285
peerless,3.285
aimlessli,3.285
secreci,3.285
unjustli,3.285
exalt,3.281
existentialist,3.281
distributor,3.281
hd,3.277
lowlif,3.277
befal,3.277
figment,3.277
ot,3.273
innocu,3.273
tempor,3.273
1938,3.273
humorless,3.273
continuum,3.273
repertoir,3.269
strut,3.269
irk,3.269
hearti,3.269
dp,3.269
contamin,3.269
transgress,3.269
genial,3.269
inimit,3.269
befuddl,3.269
humanli,3.265
lightweight,3.265
disney,3.265
sullen,3.261
ecstasi,3.261
feudal,3.261
patronis,3.261
mingl,3.261
schmaltz,3.261
indispens,3.261
upright,3.261
sinner,3.261
petrifi,3.257
whomev,3.257
enviou,3.257
auditorium,3.257
doorway,3.257
protract,3.257
redempt,3.257
schmaltzi,3.253
cackl,3.253
heartach,3.249
happiest,3.249
seper,3.249
undoubt,3.249
default,3.249
regurgit,3.249
austria,3.249
ti,3.249
brainer,3.249
coax,3.246
panorama,3.246
insuffer,3.242
slogan,3.242
summat,3.242
payback,3.242
reprehens,3.242
slipperi,3.242
sica,3.238
benefici,3.238
godard,3.238
romanc,3.235
benign,3.234
1935,3.234
referenti,3.231
spook,3.231
snapshot,3.231
explanatori,3.227
bemus,3.227
insuffici,3.227
connoisseur,3.227
scorch,3.227
toast,3.227
muck,3.224
weighti,3.224
fittingli,3.224
unscath,3.224
seclud,3.220
mona,3.220
goo,3.220
cgi,3.219
inexor,3.216
15th,3.216
ardent,3.216
slope,3.216
wrist,3.216
cavalri,3.216
wallop,3.216
nineteen,3.216
cardin,3.216
trent,3.216
upstair,3.213
disinterest,3.213
revisionist,3.209
sedat,3.209
overrun,3.209
heartedli,3.209
cord,3.203
interconnect,3.203
devote,3.203
lumin,3.199
misus,3.199
aural,3.199
aloud,3.199
untergang,3.199
conundrum,3.199
vest,3.196
sensation,3.196
bureaucraci,3.196
stalwart,3.196
innumer,3.196
sanit,3.196
deliver,3.196
carrot,3.192
wickedli,3.192
lacon,3.189
harbour,3.189
craftsman,3.189
rekindl,3.189
hefti,3.186
populac,3.186
daredevil,3.186
47,3.186
dummi,3.186
overview,3.186
undercut,3.186
pacifist,3.186
hazard,3.186
heartbroken,3.182
delin,3.182
gum,3.182
elat,3.182
trader,3.182
impetu,3.182
conquest,3.179
advert,3.179
wither,3.179
lui,3.179
activist,3.176
advent,3.176
cityscap,3.176
definetli,3.176
enclos,3.176
storyboard,3.176
unadulter,3.176
brew,3.176
hamper,3.173
pornographi,3.173
aton,3.170
painstak,3.170
cower,3.170
prejud,3.170
overst,3.170
timothi,3.170
overtak,3.170
malic,3.170
richardson,3.166
astoundingli,3.166
predominantli,3.166
breadth,3.163
physiqu,3.163
dam,3.163
1934,3.163
truer,3.163
cartooni,3.163
gallon,3.163
38,3.160
1965,3.160
rake,3.160
gamut,3.157
introductori,3.157
quieter,3.157
awkwardli,3.157
column,3.157
denzel,3.157
fee,3.157
uneas,3.157
histrion,3.154
devolv,3.154
pyrotechn,3.154
fluffi,3.154
bill,3.153
skim,3.151
disclos,3.151
endeavour,3.151
prelud,3.151
wherebi,3.151
elementari,3.151
bogu,3.151
subordin,3.151
sickli,3.151
loot,3.151
todd,3.151
veneer,3.148
companionship,3.148
projector,3.148
wasnt,3.148
peni,3.148
spur,3.145
downplay,3.142
misdirect,3.142
buyer,3.142
regress,3.139
profund,3.139
140,3.139
archiv,3.139
deafen,3.139
flavour,3.139
martyr,3.139
shabbi,3.139
fur,3.136
wist,3.136
blanch,3.136
tidi,3.136
frailti,3.136
wax,3.136
yorker,3.136
sp,3.136
lunaci,3.136
shriek,3.136
replet,3.136
godfath,3.136
justli,3.133
ruth,3.133
trendi,3.133
publicli,3.133
abroad,3.130
reflex,3.130
mpaa,3.130
bundl,3.130
apathet,3.130
supervis,3.130
retread,3.130
frivol,3.130
anomali,3.127
sweden,3.127
assimil,3.127
pastich,3.125
coffin,3.125
phenomena,3.125
feedback,3.125
turk,3.125
shooter,3.122
dawson,3.122
relay,3.122
tier,3.119
unfathom,3.119
loung,3.119
voyeurist,3.116
cinephil,3.116
certif,3.113
fusion,3.113
recess,3.113
illustri,3.113
trueli,3.113
fetish,3.113
mister,3.113
splice,3.110
profici,3.110
cramp,3.110
inadequ,3.108
bellow,3.108
heartbeat,3.108
jude,3.108
microcosm,3.105
repercuss,3.105
ruthlessli,3.105
avenu,3.105
haul,3.105
solidli,3.105
grappl,3.102
copycat,3.102
painstakingli,3.102
backlash,3.100
thirsti,3.100
wimp,3.100
newsreel,3.100
staircas,3.097
sporad,3.097
silhouett,3.097
unlucki,3.097
hierarchi,3.097
jacqu,3.094
upward,3.094
gullibl,3.094
classroom,3.094
farcic,3.094
synchron,3.094
savageri,3.094
raft,3.092
denounc,3.092
cuz,3.092
defianc,3.092
mutter,3.089
lara,3.089
log,3.089
monday,3.089
flush,3.089
impart,3.086
flicker,3.086
thesi,3.084
mould,3.084
floyd,3.084
thirdli,3.081
civilis,3.081
racket,3.081
poker,3.081
unaccept,3.081
inconceiv,3.078
loathsom,3.078
brightli,3.076
ascend,3.076
contin,3.076
mulholland,3.076
shook,3.073
dictionari,3.073
pinch,3.071
uniti,3.071
domain,3.071
devilish,3.071
fourteen,3.068
patrol,3.068
remnant,3.068
inescap,3.066
mall,3.066
rebuild,3.066
invari,3.066
antihero,3.066
winc,3.066
align,3.066
unborn,3.063
touchi,3.063
diverg,3.063
overthrow,3.063
trembl,3.061
tasteless,3.061
fuell,3.061
valiant,3.061
sunlight,3.061
standoff,3.061
vin,3.058
pertain,3.058
usher,3.058
bandwagon,3.058
crux,3.058
entail,3.056
coup,3.056
sleepi,3.056
weekli,3.056
widespread,3.053
filmak,3.053
aristocrat,3.053
dunno,3.053
acceler,3.053
glide,3.053
yo,3.051
incongru,3.051
scrape,3.051
ripe,3.051
wee,3.051
coars,3.049
offset,3.049
rejoic,3.046
googl,3.044
jan,3.044
stride,3.044
cautiou,3.042
physicist,3.042
stadium,3.042
crass,3.042
unknowingli,3.039
immin,3.039
straw,3.039
pois,3.039
purport,3.039
frederick,3.037
bureaucrat,3.037
cherri,3.037
insect,3.035
grizzl,3.035
moriarti,3.035
aplomb,3.035
ploy,3.032
benevol,3.030
transfix,3.030
revert,3.030
shrewd,3.028
muddi,3.025
apathi,3.025
superhuman,3.025
interv,3.025
fraction,3.025
swiftli,3.025
homeland,3.025
1931,3.023
thirteen,3.021
mercilessli,3.021
splendidli,3.021
glee,3.019
epiphani,3.019
bark,3.019
gist,3.019
grimi,3.019
slept,3.016
infer,3.016
recoveri,3.016
shudder,3.012
downer,3.010
dictatorship,3.007
reek,3.007
naturalist,3.007
knit,3.007
swedish,3.007
dispens,3.005
tacki,3.005
criteria,3.005
crackl,3.005
unheard,3.003
afflict,3.003
hobbi,3.003
boogi,2.999
showi,2.999
bs,2.999
teari,2.999
roug,2.999
elegantli,2.997
empathis,2.997
amalgam,2.997
plea,2.997
theoret,2.995
islam,2.995
pantheon,2.992
7th,2.992
bruis,2.992
unsurpass,2.992
acut,2.992
sharpli,2.992
moviemak,2.992
releg,2.992
soil,2.992
plainli,2.992
leak,2.990
skew,2.990
spous,2.990
breathtakingli,2.988
opportunist,2.988
slur,2.988
disintegr,2.986
motta,2.984
emili,2.984
overkil,2.984
solemn,2.984
unfulfil,2.982
daze,2.982
muster,2.982
lung,2.982
sepia,2.980
ny,2.980
tyrann,2.980
puppi,2.980
consol,2.978
feisti,2.978
cloak,2.978
dialect,2.976
semin,2.976
bomber,2.974
beacon,2.974
intervent,2.972
fixat,2.972
distrust,2.972
shelli,2.972
thwart,2.972
tarantino,2.972
loudli,2.970
thereaft,2.970
accomplic,2.970
camaraderi,2.970
slew,2.968
dialoug,2.968
unimpress,2.966
prayer,2.962
malici,2.962
strikingli,2.962
endors,2.962
vaniti,2.960
rigid,2.960
sordid,2.960
covet,2.960
paralyz,2.958
sung,2.958
strateg,2.958
shakespearean,2.958
unsympathet,2.958
kindli,2.956
powerless,2.956
overlap,2.956
fiddl,2.954
herein,2.954
sunni,2.954
reappear,2.954
imbu,2.954
cough,2.952
brighter,2.952
ugh,2.952
sleek,2.952
focal,2.952
susan,2.950
42,2.950
hbo,2.948
smirk,2.948
orbit,2.948
smartli,2.948
tingl,2.947
gladli,2.947
allegedli,2.947
worldli,2.947
feather,2.947
constraint,2.947
panach,2.947
download,2.945
ate,2.945
unsuspect,2.945
adept,2.945
deft,2.941
tyrant,2.941
quinn,2.941
hyperbol,2.941
irrespons,2.939
idl,2.939
token,2.939
thinker,2.937
intox,2.937
mutil,2.937
fantas,2.937
compress,2.937
wiser,2.937
fuse,2.935
amazon,2.935
offbeat,2.935
torch,2.935
heartstr,2.933
disori,2.932
council,2.932
halt,2.930
intimaci,2.930
collid,2.930
lacklust,2.930
reconcil,2.930
32,2.928
fodder,2.928
sacr,2.928
policemen,2.928
vignett,2.926
steadili,2.924
majesti,2.923
hover,2.923
seren,2.923
conceit,2.923
coloss,2.921
tho,2.921
hometown,2.919
headquart,2.919
liar,2.919
hysteria,2.917
manhattan,2.917
satan,2.917
halv,2.915
frighteningli,2.914
sierra,2.912
catapult,2.912
catalyst,2.912
intrud,2.912
cd,2.912
quantum,2.910
tighter,2.910
fictiti,2.910
grisli,2.908
posthum,2.908
shaft,2.905
badg,2.903
deakin,2.902
homeless,2.902
nobil,2.902
deviou,2.900
intensifi,2.898
underus,2.898
selv,2.898
1964,2.896
eclips,2.896
academ,2.896
interwoven,2.895
caf,2.895
sleev,2.895
omiss,2.893
terrenc,2.891
jess,2.890
tide,2.890
pc,2.890
inflat,2.890
stilt,2.890
snub,2.888
summon,2.886
asia,2.885
dir,2.885
goon,2.885
deadpan,2.885
overplay,2.885
discourag,2.883
eh,2.883
dispatch,2.880
hinder,2.880
yarn,2.880
reunion,2.878
environment,2.878
fella,2.878
amplifi,2.878
incompar,2.877
gentli,2.877
lump,2.877
grain,2.875
enigma,2.875
picki,2.875
lap,2.875
mise,2.875
batter,2.873
lash,2.873
fever,2.873
disdain,2.872
misfit,2.872
cosmo,2.872
arti,2.867
incorrect,2.867
crank,2.867
psychic,2.867
closeup,2.865
strengthen,2.865
appoint,2.865
mason,2.864
diabol,2.864
decidedli,2.864
veer,2.862
northern,2.858
tailor,2.858
richer,2.858
gunshot,2.858
misplac,2.856
smug,2.855
bye,2.855
pod,2.855
theft,2.853
outshin,2.853
unwil,2.852
1971,2.852
crescendo,2.850
rambo,2.848
defiantli,2.847
simplest,2.847
perfectionist,2.847
dynamit,2.847
feder,2.847
analys,2.847
inter,2.845
taglin,2.845
audit,2.845
astonishingli,2.845
drab,2.845
pipe,2.845
spellbound,2.845
hokey,2.844
estim,2.844
soulless,2.844
horrid,2.842
trope,2.842
rampag,2.842
finess,2.842
tripe,2.841
exemplari,2.841
puriti,2.841
lightheart,2.839
transpir,2.838
outcast,2.838
sewer,2.838
pic,2.837
readili,2.835
crouch,2.834
traitor,2.834
censor,2.834
protector,2.832
palac,2.832
resign,2.831
rooftop,2.831
tomato,2.831
obligatori,2.831
clinic,2.831
fascism,2.831
consumer,2.829
satisfactori,2.829
firefli,2.829
salt,2.828
navig,2.828
deftli,2.826
rampant,2.825
simplifi,2.825
extravaganza,2.825
bombard,2.823
emphasis,2.822
overboard,2.821
tangibl,2.819
engulf,2.819
railroad,2.819
minist,2.819
etch,2.819
magnum,2.818
plod,2.818
ballet,2.818
adher,2.816
saddest,2.816
breakfast,2.815
captor,2.814
legion,2.814
olivi,2.814
outset,2.812
eerili,2.812
rig,2.811
yep,2.811
disastr,2.811
1978,2.809
voyeur,2.808
razor,2.808
ach,2.808
replay,2.808
adject,2.804
mi,2.804
swamp,2.804
der,2.804
subvers,2.803
drawback,2.803
satur,2.801
reckless,2.801
catastroph,2.801
borderlin,2.801
overton,2.800
vintag,2.800
trump,2.798
splatter,2.798
aptli,2.797
detest,2.797
octob,2.797
oblivi,2.796
simul,2.796
earnest,2.796
handicap,2.796
stealer,2.794
clearer,2.794
epilogu,2.794
ganz,2.793
backbon,2.790
muslim,2.790
concret,2.789
happier,2.788
likeabl,2.784
bargain,2.784
quirk,2.783
26,2.780
margaret,2.779
bucket,2.779
tack,2.777
devis,2.777
cater,2.776
somber,2.775
math,2.775
violat,2.774
implement,2.774
analog,2.774
vista,2.772
plethora,2.772
unsuccess,2.772
1987,2.772
factual,2.772
plead,2.771
poem,2.771
prowess,2.770
ilsa,2.770
invok,2.770
claw,2.769
brim,2.769
brat,2.769
frenet,2.767
patch,2.766
anna,2.765
1920,2.765
allur,2.764
bind,2.764
marlen,2.764
cannon,2.762
primit,2.762
bewar,2.761
knack,2.761
daddi,2.760
exce,2.759
endeavor,2.759
medal,2.759
extinct,2.757
genius,2.757
fairytal,2.757
streak,2.756
airplan,2.756
nutshel,2.755
ranger,2.755
shorten,2.755
newest,2.754
blair,2.754
drip,2.754
abyss,2.752
valley,2.752
starter,2.751
stale,2.751
trench,2.750
couch,2.750
sway,2.749
introspect,2.748
largest,2.748
mockingbird,2.746
elicit,2.746
chat,2.745
sprawl,2.745
reinvent,2.743
hypocrit,2.743
australia,2.742
loner,2.741
occurr,2.741
unclear,2.739
assess,2.739
merg,2.738
rewatch,2.738
melodi,2.738
dish,2.738
trivia,2.737
1988,2.737
hung,2.737
usag,2.737
shred,2.736
omit,2.736
heel,2.735
toll,2.733
modest,2.732
spoon,2.731
forebod,2.731
countrysid,2.731
dissect,2.730
improb,2.730
moder,2.729
luc,2.729
incap,2.728
rural,2.727
stem,2.727
gentleman,2.725
symphoni,2.725
carv,2.724
collector,2.723
dire,2.723
gregori,2.722
prompt,2.721
filler,2.721
abound,2.720
riski,2.720
punctuat,2.720
gush,2.718
speaker,2.716
bog,2.715
wore,2.714
sfx,2.713
conceal,2.713
newer,2.713
sparkl,2.711
filmographi,2.710
unnecessarili,2.710
architectur,2.710
spontan,2.709
farc,2.709
governor,2.708
vow,2.708
formid,2.708
lisa,2.708
1959,2.706
smarter,2.704
gloss,2.703
pretens,2.702
powerhous,2.700
barrier,2.700
outdon,2.699
mesmeris,2.698
1955,2.698
blatantli,2.697
worthless,2.696
disgrac,2.696
akin,2.695
artwork,2.695
opt,2.694
fearless,2.694
unfamiliar,2.694
penni,2.693
bust,2.693
exud,2.693
stamp,2.693
ma,2.693
inherit,2.690
sought,2.689
experiment,2.688
benchmark,2.686
mathemat,2.683
reliv,2.683
submit,2.683
insignific,2.682
roughli,2.681
goof,2.678
grit,2.678
envis,2.677
whine,2.677
slim,2.676
cent,2.675
guido,2.674
sear,2.674
homicid,2.674
cohes,2.674
contempt,2.674
chess,2.673
minu,2.673
aviat,2.672
reform,2.672
chip,2.672
steam,2.672
intro,2.671
jade,2.671
loop,2.670
hum,2.670
succumb,2.670
domest,2.668
relish,2.668
classi,2.668
fay,2.668
expans,2.667
reluctantli,2.667
cowardli,2.667
punk,2.667
forg,2.667
rifl,2.666
rumor,2.666
hater,2.665
immatur,2.664
disconnect,2.664
spellbind,2.662
ham,2.661
riot,2.660
bloat,2.659
puls,2.658
1996,2.657
cocki,2.657
imperfect,2.657
pierr,2.657
unexpectedli,2.657
ie,2.656
senior,2.655
hug,2.655
orphan,2.655
inclin,2.655
pervers,2.655
holli,2.652
youngster,2.652
lousi,2.652
foe,2.651
knee,2.650
africa,2.649
chart,2.648
grandios,2.647
sane,2.647
deviat,2.646
neatli,2.645
conform,2.645
outright,2.644
improvis,2.642
stubborn,2.641
pal,2.641
nihilist,2.641
zemecki,2.641
gender,2.641
dreyfuss,2.640
substitut,2.640
magnitud,2.639
file,2.639
biblic,2.638
bum,2.638
cap,2.637
assumpt,2.637
redund,2.636
steer,2.635
sterl,2.634
pioneer,2.633
horizon,2.633
polar,2.633
cruis,2.632
fabl,2.631
divin,2.631
retard,2.630
household,2.629
dim,2.628
sucker,2.628
arab,2.625
redefin,2.623
ps,2.623
1985,2.622
dysfunct,2.622
macho,2.622
spartacu,2.621
lavish,2.620
profil,2.619
anxiou,2.618
peck,2.618
unconsci,2.617
hr,2.617
vanish,2.616
significantli,2.614
disjoint,2.614
enterpris,2.614
flower,2.613
classifi,2.612
warp,2.612
healthi,2.611
wine,2.611
el,2.611
shirt,2.611
intellect,2.609
gt,2.608
unansw,2.607
longest,2.607
breed,2.605
lethal,2.605
reliabl,2.605
vibe,2.604
chuckl,2.603
outfit,2.602
subtext,2.602
quintessenti,2.602
bottl,2.601
infiltr,2.601
glare,2.600
republ,2.600
clumsi,2.600
ridden,2.599
avid,2.599
shortcom,2.599
necess,2.598
miscast,2.598
sheep,2.596
vienna,2.596
wive,2.595
growth,2.591
wire,2.590
convert,2.590
propos,2.590
wield,2.585
ho,2.585
imperi,2.582
persist,2.581
shyamalan,2.580
dc,2.580
proclaim,2.579
unexplain,2.577
imo,2.576
procedur,2.576
cement,2.574
array,2.574
snap,2.573
unsatisfi,2.572
elit,2.570
custom,2.570
darkli,2.570
melt,2.570
grin,2.569
berlin,2.568
admiss,2.568
vein,2.568
hostil,2.564
battlefield,2.563
1975,2.561
businessman,2.560
1991,2.560
boggl,2.560
cue,2.558
23,2.557
greet,2.557
click,2.556
whisper,2.554
goodby,2.554
afi,2.552
muscl,2.552
optimist,2.547
incarn,2.547
stiff,2.546
flag,2.545
friday,2.544
1976,2.544
request,2.544
degener,2.543
rope,2.543
vulgar,2.542
limb,2.542
blatant,2.541
vastli,2.541
absent,2.539
trite,2.538
prey,2.538
perman,2.538
cabl,2.537
frozen,2.536
spiderman,2.536
tunnel,2.536
yellow,2.535
lang,2.535
employe,2.535
radic,2.534
conserv,2.534
amor,2.532
brazil,2.531
mcdowel,2.528
stream,2.528
pink,2.528
alexand,2.527
midnight,2.525
inglouri,2.524
banker,2.522
mileston,2.522
runtim,2.520
moron,2.520
tattoo,2.520
bay,2.518
4th,2.517
rug,2.516
wildli,2.515
summar,2.514
allegori,2.513
weari,2.512
counterpart,2.512
junki,2.510
itali,2.509
billion,2.508
heap,2.506
bruno,2.506
coloni,2.504
deem,2.504
hammer,2.503
99,2.502
journalist,2.502
blink,2.502
firm,2.501
calib,2.499
pool,2.497
crop,2.497
homosexu,2.495
baffl,2.494
suspicion,2.493
blu,2.493
sweat,2.493
mozart,2.489
lip,2.489
eric,2.489
epitom,2.489
le,2.487
ebert,2.485
lit,2.485
fierc,2.484
ted,2.483
motif,2.483
literari,2.483
heartwarm,2.483
audio,2.482
inglori,2.481
craze,2.480
virtu,2.480
arabia,2.478
reviv,2.478
guest,2.477
fest,2.476
bash,2.476
speci,2.475
tick,2.474
birthday,2.473
websit,2.471
ritchi,2.468
neil,2.468
peer,2.467
adolesc,2.467
mock,2.466
majest,2.465
item,2.465
underneath,2.464
oppon,2.464
equival,2.463
enforc,2.461
chaotic,2.461
zoom,2.461
coin,2.460
forgett,2.459
faster,2.458
ludicr,2.458
robber,2.456
swept,2.454
suffici,2.450
nake,2.450
implic,2.450
sonni,2.446
bathroom,2.444
pseudo,2.442
elizabeth,2.441
clash,2.441
uk,2.436
arrang,2.436
demis,2.434
fx,2.432
vh,2.431
dealer,2.426
pattern,2.424
conquer,2.424
temper,2.424
boil,2.423
rivalri,2.422
2004,2.422
suffic,2.421
contradict,2.420
pleasantli,2.420
seamlessli,2.418
complement,2.418
obscur,2.413
gripe,2.410
champion,2.410
pun,2.408
fond,2.406
uncov,2.405
crystal,2.402
stab,2.400
rick,2.400
collaps,2.399
cure,2.396
replic,2.396
dawn,2.395
maniac,2.392
themat,2.391
comprehend,2.391
staff,2.389
internet,2.386
trend,2.383
india,2.381
bu,2.379
wan,2.378
gay,2.377
weather,2.376
profan,2.375
mistaken,2.375
queen,2.374
nervou,2.373
skeptic,2.372
cave,2.372
climact,2.372
defens,2.371
befriend,2.366
tad,2.366
roy,2.364
clock,2.360
editor,2.360
deer,2.359
supernatur,2.357
retain,2.357
presum,2.357
1995,2.357
shakespear,2.356
wisdom,2.355
scorces,2.355
librari,2.354
neat,2.353
scratch,2.353
buck,2.352
0,2.349
sigourney,2.349
coher,2.345
racial,2.345
drown,2.344
stake,2.341
literatur,2.339
iii,2.338
mill,2.337
nuclear,2.337
overshadow,2.337
afternoon,2.336
fienn,2.336
3rd,2.335
fanci,2.334
evolut,2.333
devil,2.332
1977,2.332
glu,2.331
yell,2.330
mentor,2.330
tender,2.330
wash,2.329
bug,2.329
halfway,2.327
downfal,2.324
electr,2.323
malcolm,2.322
delv,2.321
assembl,2.320
coincid,2.317
eli,2.310
adrenalin,2.309
rid,2.305
dian,2.305
childish,2.305
gag,2.305
lust,2.305
moviego,2.304
resolut,2.301
landmark,2.290
lamb,2.289
mous,2.283
endear,2.280
standout,2.277
conceiv,2.277
pursuit,2.277
chain,2.277
jazz,2.275
float,2.274
corni,2.274
jurass,2.274
darabont,2.273
makeup,2.272
raider,2.268
shower,2.266
illus,2.266
del,2.264
detract,2.264
14,2.251
scarecrow,2.250
lawyer,2.248
pitch,2.248
monkey,2.246
rabbit,2.241
parodi,2.240
lifestyl,2.239
artifici,2.239
underli,2.239
court,2.237
code,2.237
ralph,2.233
casino,2.229
laughter,2.229
kong,2.228
loyal,2.227
birth,2.225
undeni,2.225
attend,2.221
bergman,2.220
affleck,2.219
pressur,2.218
intric,2.216
ron,2.216
deliveri,2.213
1990,2.212
embrac,2.209
restor,2.208
crusad,2.204
glass,2.204
reader,2.203
charismat,2.201
sold,2.198
connor,2.196
opera,2.195
swear,2.195
braveheart,2.193
fix,2.184
bone,2.183
imit,2.178
lovabl,2.177
expens,2.174
presid,2.171
con,2.165
wed,2.163
sinist,2.157
ice,2.155
sea,2.154
hors,2.151
wilder,2.148
loyalti,2.147
lame,2.144
engin,2.144
servic,2.143
murphi,2.139
cheat,2.138
dude,2.138
phoenix,2.134
north,2.131
1950,2.127
liam,2.126
25,2.125
1980,2.124
predecessor,2.123
bag,2.120
sin,2.120
leg,2.119
bull,2.118
terrorist,2.113
neeson,2.110
casablanca,2.109
vehicl,2.105
clockwork,2.104
jake,2.100
allen,2.097
fairi,2.096
spectacl,2.092
woodi,2.086
villag,2.080
mountain,2.079
jean,2.079
phone,2.076
alter,2.075
homag,2.073
chief,2.066
retir,2.062
teen,2.060
alan,2.059
assassin,2.057
independ,2.057
robbin,2.048
kidnap,2.048
metal,2.045
sub,2.037
forrest,2.037
cat,2.035
theori,2.031
model,2.024
lotr,2.019
scenario,2.017
coen,2.007
cameron,2.006
blade,2.005
cant,2.004
ex,1.991
commentari,1.989
darker,1.984
orang,1.982
south,1.982
gladiat,1.958
marlon,1.933
joseph,1.933
philosoph,1.927
sexual,1.925
hill,1.915
anthoni,1.914
sing,1.905
male,1.898
agent,1.892
noir,1.867
max,1.866
creepi,1.857
harrison,1.856
termin,1.854
kane,1.848
v,1.846
investig,1.842
bond,1.841
howard,1.836
x,1.829
gotham,1.821
fellowship,1.814
chemistri,1.813
wild,1.811
delight,1.804
superhero,1.800
vietnam,1.795
compani,1.794
toy,1.792
stanley,1.788
crow,1.788
technolog,1.786
dollar,1.780
scott,1.775
mission,1.772
pacino,1.762
quot,1.747
shawshank,1.738
12,1.723
franchis,1.711
tim,1.707
al,1.695
brad,1.675
pitt,1.671
matrix,1.599
daughter,1.598
georg,1.538
william,1.495
fantasi,1.470
batman,1.303
