chihiro,2985.992
anim,2364.266
spirit,2332.276
miyazaki,1925.464
her,1069.169
japanes,1017.610
away,1011.623
parent,981.796
she,853.145
haku,796.927
hayao,652.728
world,586.609
sen,583.786
bathhous,567.419
yubaba,543.306
pig,539.194
girl,526.141
disney,504.386
mononok,483.302
dub,445.395
film,413.584
i,402.350
alic,394.906
you,385.733
ghibli,374.487
watch,369.882
charact,360.189
wonderland,360.058
magic,350.759
stori,350.207
witch,348.524
into,339.103
beauti,336.865
japan,336.428
children,325.390
no,319.581
my,319.043
bath,318.674
imagin,309.909
english,309.498
are,306.360
s,304.523
they,301.242
strang,298.470
movi,290.638
littl,289.499
love,276.905
work,276.904
me,276.765
find,275.441
wa,275.317
like,275.244
princess,274.736
t,271.408
as,269.561
or,269.004
version,266.166
so,264.698
an,263.301
will,263.145
10,259.992
creatur,258.511
hous,255.935
can,255.086
turn,252.564
with,252.400
be,251.177
just,251.009
new,250.911
when,250.021
who,249.815
move,249.112
fantasi,246.996
adult,246.947
ha,246.792
not,245.900
there,244.584
old,244.563
some,244.539
get,241.824
way,240.308
more,240.095
veri,239.428
food,238.594
see,238.214
young,237.679
wonder,237.476
that,237.151
by,236.400
have,235.641
studio,234.582
at,233.983
from,233.802
theme,233.265
park,233.040
voic,230.306
mani,229.780
if,228.192
all,227.249
but,226.449
about,226.019
name,225.181
cartoon,222.153
kid,219.655
enjoy,219.198
even,216.794
which,216.105
thing,215.639
seen,215.160
feel,214.555
realli,214.511
for,214.008
other,212.143
seem,211.802
on,211.509
face,210.729
most,210.603
tradit,210.036
subtitl,209.860
them,209.552
eat,205.670
much,205.192
what,204.081
detail,203.338
ve,201.259
out,200.962
look,200.919
help,200.010
also,197.983
their,196.938
ani,196.457
your,196.396
one,194.673
adventur,194.670
child,193.650
becaus,192.701
good,190.874
say,189.166
in,188.932
take,188.583
year,188.054
weird,187.826
dragon,187.639
than,187.421
time,186.444
through,185.541
make,185.320
come,184.348
would,182.971
plot,182.346
don,182.270
onli,181.332
best,180.863
m,180.564
well,179.550
while,179.381
god,178.938
ever,178.830
herself,177.511
had,176.662
cultur,175.178
peopl,175.170
want,175.168
never,174.578
everi,173.860
famili,173.783
amaz,173.601
must,172.909
river,172.512
great,171.774
differ,171.318
is,170.292
do,170.047
hisaishi,169.298
think,168.998
kamikakushi,168.746
go,168.606
music,168.206
first,168.184
masterpiec,167.947
up,167.767
recommend,166.922
art,166.874
abandon,165.517
tunnel,164.855
age,164.760
to,164.157
someth,164.118
howev,163.131
it,162.946
friend,161.848
lot,161.594
how,160.975
thi,160.112
place,159.877
too,159.811
visual,159.607
origin,159.086
over,158.352
back,158.117
save,157.863
we,157.709
ghost,157.271
were,156.603
monster,156.595
end,155.563
interest,154.927
understand,154.115
know,152.650
may,152.053
such,151.993
becom,150.156
home,150.053
then,149.501
color,149.144
where,148.849
been,148.759
featur,148.368
fan,147.314
american,147.170
dvd,146.336
start,145.415
drawn,144.133
could,143.864
zeniba,142.790
both,141.995
tale,141.700
fantast,140.966
should,140.849
again,140.298
us,140.144
made,139.609
human,138.795
now,138.611
enchant,137.769
mean,137.675
full,137.260
give,136.970
better,136.836
am,136.814
hi,136.639
doesn,136.392
boy,136.100
background,136.035
use,135.200
uniqu,134.932
learn,134.508
main,133.908
after,133.673
scene,133.532
those,133.043
doe,132.847
tri,132.676
whi,132.541
leav,132.511
might,132.426
saw,131.958
run,131.350
he,131.228
though,131.092
creativ,131.074
chang,131.024
mysteri,130.833
castl,130.095
bit,130.083
did,129.650
lin,129.506
evil,128.841
creat,128.719
person,128.404
re,128.369
anoth,128.202
fill,127.615
ll,126.634
greed,126.610
here,125.940
ten,124.956
didn,124.385
sens,124.170
befor,124.072
transform,123.877
kind,123.808
everyth,123.385
few,123.016
totoro,123.007
yet,122.495
these,122.333
grow,122.002
experi,121.988
favorit,121.527
audienc,121.525
quit,120.749
daveigh,120.239
same,119.970
complet,119.935
simpli,119.641
abl,119.496
whole,119.453
tell,119.397
still,119.297
life,119.270
moment,119.155
lost,118.498
begin,117.527
real,117.310
amus,117.276
truli,117.205
modern,116.964
although,116.194
viewer,116.145
town,115.511
across,115.119
own,115.079
show,114.747
kamaji,114.394
dream,113.944
anyon,113.866
messag,113.554
thought,113.493
done,113.260
view,112.902
pollut,112.882
sure,112.637
review,112.161
d,112.156
meet,111.269
got,111.063
alway,111.001
of,110.408
around,110.358
discov,109.838
anyth,109.721
mind,109.564
everyon,109.556
translat,109.466
journey,109.409
enough,109.264
set,108.559
entertain,108.556
day,108.198
sinc,107.874
train,107.745
line,107.253
won,106.969
fairi,106.898
fact,106.788
idea,106.428
definit,105.998
mytholog,105.272
a,105.224
hand,104.895
far,104.799
childhood,104.262
almost,104.157
style,103.899
pixar,103.749
symbol,103.737
part,103.640
off,103.547
artwork,102.396
along,102.314
bad,102.282
director,102.262
incred,102.227
point,102.216
amp,102.026
eye,101.932
stun,101.883
goe,101.845
without,101.275
found,101.089
actual,100.665
stink,100.548
heart,100.536
trap,100.197
probabl,100.054
mayb,100.053
job,99.757
appreci,99.640
put,99.288
call,98.757
attent,98.752
import,98.530
simpl,98.118
perfect,98.077
word,98.017
heroin,97.269
brilliant,97.247
reason,96.955
decid,96.281
hard,95.983
big,95.810
emot,95.611
compar,95.429
qualiti,95.345
bizarr,95.169
our,95.151
develop,94.863
live,94.769
long,94.392
babi,93.989
onc,93.872
western,93.773
noth,93.403
right,93.315
hime,93.175
draw,92.903
read,92.490
absolut,92.021
cute,91.906
sort,91.786
miss,91.229
follow,91.146
lilo,91.040
sound,91.012
rather,90.523
two,90.165
scari,89.752
usual,89.604
isn,89.515
rememb,89.468
storylin,89.322
score,89.105
need,88.977
and,88.858
releas,88.506
boiler,88.486
opinion,87.479
natur,87.440
each,87.245
expect,86.975
courag,86.805
happen,86.712
father,86.619
exampl,86.581
rich,86.498
fear,85.867
down,85.790
languag,85.511
believ,85.185
present,84.943
2,84.404
water,84.049
marsden,83.667
imag,83.487
felt,83.127
problem,83.028
care,82.554
award,82.474
true,82.210
fun,81.997
soundtrack,81.783
older,81.573
howl,80.964
wrong,80.947
5,80.847
hour,80.597
valu,80.557
hope,80.480
comment,80.179
rate,79.814
yourself,79.807
akira,79.800
charm,79.706
power,79.597
shinto,79.279
top,79.261
stop,79.141
spoiler,79.064
deserv,78.958
excel,78.882
explor,78.826
form,78.769
touch,78.557
especi,78.376
surreal,78.265
worth,78.190
possibl,77.994
consid,77.884
small,77.682
said,77.633
forget,77.548
frame,77.508
someon,77.290
overal,76.865
piec,76.742
greatest,76.738
high,76.634
kiki,76.454
pleas,76.089
between,76.048
lack,75.871
oz,75.854
matur,75.742
els,75.508
bring,75.460
relat,75.310
self,75.240
total,74.985
open,74.898
came,74.856
imageri,74.334
spoil,74.308
aspect,74.123
appear,74.008
throughout,73.801
unlik,73.748
certainli,73.665
return,73.373
express,73.247
nice,73.090
minut,73.023
upon,72.918
joe,72.817
describ,72.439
oscar,72.428
itself,72.418
pretti,72.163
offer,72.143
cannot,72.118
master,72.072
wander,72.043
myself,71.962
heard,71.672
themselv,71.611
sister,71.577
less,71.484
gener,71.434
cours,71.309
sky,71.202
ye,71.199
enter,71.001
alreadi,70.621
let,70.613
left,70.499
friendship,70.377
impress,70.203
produc,70.149
notic,70.051
manga,69.955
titl,69.880
list,69.829
level,69.795
foreign,69.670
imdb,69.475
societi,69.214
highli,69.139
keep,69.122
suggest,69.004
explain,68.980
normal,68.887
togeth,68.685
odd,68.616
haven,68.477
artist,68.124
beyond,67.978
screen,67.911
breathtak,67.611
contain,67.593
design,67.511
wizard,67.480
least,67.435
greedi,67.398
perhap,67.385
sit,67.380
lesson,67.233
appeal,67.168
element,67.151
chase,67.145
last,67.082
pleshett,67.079
laugh,66.986
final,66.964
thank,66.824
frighten,66.786
until,66.395
moral,66.346
includ,66.326
classic,66.265
soot,65.756
innoc,65.748
daughter,65.536
clean,65.391
fascin,65.380
breath,65.238
comput,65.074
except,65.021
favourit,65.013
egan,64.817
aren,64.751
sometim,64.740
rest,64.489
servic,64.287
happi,64.057
drive,64.012
wish,63.998
mystic,63.973
matter,63.722
inhabit,63.589
either,63.560
perfectli,63.496
complex,63.467
pure,63.446
rule,63.379
9,63.361
next,63.299
fall,63.136
head,63.034
entir,63.028
alon,62.996
despit,62.842
strength,62.820
deep,62.731
surpris,62.477
remind,62.220
soon,61.989
whini,61.961
storytel,61.952
spell,61.947
dad,61.879
etc,61.790
land,61.692
pictur,61.681
pace,61.508
anyway,61.426
action,61.394
cri,61.377
subtl,61.317
younger,61.306
protagonist,61.087
add,61.054
suzann,61.040
inspir,60.922
walk,60.793
somewhat,60.705
involv,60.625
wasn,60.617
order,60.592
gold,60.573
second,60.463
asian,60.309
him,60.191
easi,59.976
free,59.869
critic,59.696
stuff,59.694
metaphor,59.460
rescu,59.318
insid,59.258
certain,59.220
miyasaki,59.180
extrem,59.135
easili,58.977
guess,58.819
univers,58.737
2002,58.517
8,58.317
stumbl,58.221
build,58.031
shown,58.002
repres,57.955
realiz,57.944
lead,57.924
write,57.924
refer,57.909
scare,57.900
theater,57.887
prefer,57.787
connect,57.469
strong,57.377
went,57.324
within,57.304
twin,57.282
stay,57.007
ride,56.919
forc,56.910
manner,56.690
car,56.670
respect,56.555
night,56.287
often,56.258
environ,56.188
travel,56.083
bore,56.041
realiti,56.026
awe,55.939
later,55.902
manag,55.869
dure,55.787
figur,55.731
confus,55.654
side,55.564
logic,55.490
told,55.081
funni,55.046
singl,54.735
chanc,54.577
deal,54.483
transport,54.473
youth,54.428
cinema,54.362
taken,54.341
given,54.172
brave,54.138
sever,54.118
frog,53.884
behind,53.788
giant,53.651
rare,53.609
success,53.510
stand,53.427
1,53.190
deliveri,53.102
captiv,53.088
talk,53.017
excit,52.965
sub,52.964
deeper,52.852
kohaku,52.839
walt,52.718
basic,52.625
particularli,52.607
toward,52.509
3,52.498
2001,52.458
amount,52.429
shortcut,52.303
filmmak,52.140
movement,52.088
suppos,51.949
ok,51.806
close,51.696
gorgeou,51.620
genr,51.411
earlier,51.355
case,51.334
huge,51.125
neverend,51.049
speak,50.783
disappoint,50.554
ignor,50.540
gross,50.395
annoy,50.195
academi,50.180
chiriro,50.053
short,49.993
familiar,49.968
radish,49.923
cgi,49.891
brat,49.834
geniu,49.719
wait,49.603
state,49.509
gave,49.412
buy,49.388
worker,49.366
4,49.215
liter,49.174
effort,49.162
similar,49.148
under,48.897
known,48.774
gone,48.723
achiev,48.663
memori,48.565
step,48.541
rent,48.514
warn,48.022
trip,47.930
kamajii,47.873
ogino,47.873
mention,47.795
recent,47.672
stitch,47.620
event,47.490
colour,47.292
u,47.270
beast,47.269
hit,47.254
alik,47.046
compos,47.041
flower,47.027
fulli,46.664
wind,46.648
spiritu,46.612
none,46.509
encount,46.508
market,46.468
concept,46.373
win,46.370
doubt,46.311
admit,46.254
wouldn,46.133
japanim,46.127
intrigu,46.086
chichiro,46.074
cleans,45.876
allow,45.654
craft,45.531
effect,45.512
particular,45.427
firefli,45.268
exist,45.116
histori,45.057
escap,44.977
lasset,44.836
hate,44.782
smooth,44.763
fabl,44.720
instead,44.643
chiro,44.613
creepi,44.572
sorceress,44.562
knew,44.546
continu,44.187
special,44.169
non,44.165
prais,44.120
situat,44.060
bird,44.058
direct,43.992
typic,43.941
meant,43.901
issu,43.895
exactli,43.770
realm,43.665
mood,43.403
delight,43.291
nor,43.207
america,43.130
road,43.109
flow,43.061
term,42.883
dark,42.849
dreamlik,42.842
school,42.798
countri,42.725
note,42.691
7,42.687
quest,42.646
enthral,42.623
recogn,42.606
sight,42.544
interpret,42.357
genuin,42.315
break,42.288
product,42.268
man,42.250
credit,42.155
accept,42.119
honestli,42.067
pass,42.066
vivid,41.907
pay,41.831
depth,41.818
surviv,41.812
ador,41.811
half,41.742
restaur,41.720
forgotten,41.688
vibrant,41.623
challeng,41.533
porco,41.524
soul,41.500
blown,41.387
rosso,41.385
difficult,41.383
couldn,41.375
susan,41.305
today,41.284
three,41.256
folk,41.226
larg,41.172
realist,41.009
dazzl,40.997
previou,40.973
smell,40.755
ubaba,40.754
shell,40.673
warm,40.598
carrol,40.597
surround,40.565
6,40.516
pull,40.425
marvel,40.377
nightmar,40.362
myth,40.321
environment,40.295
past,40.269
neighbor,40.268
compel,40.213
entranc,40.202
written,40.136
writer,40.058
captur,40.041
sorri,40.023
afraid,40.016
test,39.945
jason,39.858
hidden,39.850
provid,39.796
coal,39.729
fit,39.700
cut,39.688
ago,39.685
portray,39.682
star,39.589
ask,39.576
video,39.562
suburb,39.529
treat,39.527
toy,39.423
pokemon,39.403
theatr,39.370
knowledg,39.307
room,39.268
yu,39.226
sullen,39.132
cross,39.028
forev,39.018
abov,38.983
reach,38.973
base,38.961
landscap,38.942
altern,38.857
fli,38.764
chikli,38.757
silli,38.713
ad,38.707
nausicaa,38.654
wit,38.621
outsid,38.579
receiv,38.526
sceneri,38.487
ordinari,38.475
took,38.468
track,38.384
attract,38.341
neg,38.341
mother,38.331
immedi,38.315
seemingli,38.153
throw,38.123
e,38.113
clear,38.054
bratti,38.006
due,37.982
eventu,37.981
lewi,37.958
engag,37.952
million,37.893
hold,37.880
intern,37.845
seri,37.818
compani,37.673
tv,37.672
area,37.652
type,37.561
execut,37.508
humor,37.500
listen,37.357
hear,37.298
atmospher,37.263
play,37.243
question,37.210
astonish,37.203
bought,37.148
consist,37.089
satisfi,37.078
childish,36.881
sat,36.827
spider,36.791
superb,36.718
disturb,36.682
whether,36.644
grown,36.579
tear,36.575
appar,36.484
eastern,36.479
apart,36.429
ecolog,36.418
the,36.347
outstand,36.283
highest,36.226
dialogu,36.222
distribut,36.191
obviou,36.188
front,36.155
spa,35.903
convey,35.903
fairytal,35.846
joy,35.831
selfish,35.793
reflect,35.695
acclaim,35.677
invent,35.634
whatev,35.594
troubl,35.505
folklor,35.499
respons,35.343
talent,35.339
pg,35.325
wise,35.308
utterli,35.243
sequenc,35.169
inde,35.092
awesom,35.040
piano,34.984
memor,34.971
box,34.952
refus,34.939
pointless,34.902
bear,34.895
visit,34.891
light,34.869
comparison,34.692
guest,34.679
whilst,34.641
epic,34.599
obvious,34.584
match,34.494
ice,34.485
perspect,34.452
progress,34.427
divers,34.390
medium,34.377
act,34.367
gain,34.355
refresh,34.346
song,34.303
mous,34.246
suck,34.164
remov,34.153
unfortun,34.009
gluttoni,33.835
technic,33.832
unusu,33.808
yababa,33.805
display,33.777
sad,33.739
spectacular,33.690
major,33.492
purpos,33.347
danger,33.303
mostli,33.290
result,33.115
friendli,33.085
grave,33.069
prove,33.060
brought,33.056
carri,33.027
focus,32.955
independ,32.911
lose,32.909
whimsic,32.844
hint,32.781
copi,32.665
number,32.662
lovabl,32.650
legend,32.640
money,32.614
lie,32.522
depict,32.498
timeless,32.431
experienc,32.405
forward,32.401
faceless,32.329
citi,32.270
finish,32.267
mayazaki,32.252
hiiragi,32.252
chines,32.218
pick,32.134
pleasur,32.105
statu,32.091
blow,32.032
sign,31.979
north,31.971
kept,31.964
demon,31.906
book,31.877
lover,31.873
size,31.859
combin,31.660
finest,31.659
near,31.590
attach,31.574
graphic,31.567
mouth,31.499
lavish,31.437
hollywood,31.420
ident,31.409
orient,31.393
terribl,31.378
random,31.357
underli,31.339
paint,31.322
flick,31.315
artistri,31.289
agre,31.276
posit,31.266
fell,31.239
john,31.174
ratzenberg,31.160
bridg,31.159
arriv,31.155
varieti,31.145
sun,31.140
surpass,31.045
period,30.987
mistak,30.970
spoilt,30.942
separ,30.927
regular,30.924
trust,30.907
creator,30.840
check,30.807
script,30.770
influenc,30.764
explan,30.746
slow,30.731
somehow,30.688
tast,30.671
suddenli,30.657
braveri,30.624
therefor,30.616
share,30.582
fail,30.579
asid,30.486
overcom,30.476
popul,30.469
rumi,30.465
becam,30.456
ball,30.448
judg,30.447
deepli,30.434
mere,30.331
oh,30.285
eaten,30.224
incorpor,30.155
rin,30.144
blend,30.143
late,30.142
caus,30.102
thoroughli,30.090
latest,30.064
wast,30.048
twist,30.028
favor,29.999
imposs,29.948
remark,29.939
requir,29.937
cover,29.909
religion,29.844
twice,29.716
okay,29.716
comedi,29.695
shape,29.639
stick,29.575
lauren,29.529
himself,29.475
five,29.462
swept,29.446
whine,29.446
hasn,29.434
festiv,29.417
reaction,29.356
hiyao,29.347
dragonbal,29.347
12,29.292
delici,29.274
glad,29.261
cast,29.252
gift,29.229
against,29.224
com,29.082
variou,29.060
object,29.015
distract,28.996
caught,28.899
plenti,28.854
remain,28.840
teen,28.834
roll,28.760
flaw,28.745
standard,28.722
equal,28.692
violenc,28.691
resembl,28.665
hero,28.663
actor,28.467
wors,28.427
seek,28.414
horribl,28.383
slightli,28.366
shouldn,28.351
sa,28.343
g,28.336
gentl,28.325
unforgett,28.319
san,28.313
render,28.309
whisk,28.251
middl,28.214
stall,28.146
dramat,28.131
wow,28.131
whose,28.130
guid,28.127
plain,28.120
parallel,28.117
answer,28.103
among,28.079
encourag,28.075
wide,28.073
beat,28.061
curiou,27.999
approach,27.994
gotten,27.978
mr,27.967
onto,27.953
100,27.941
seriou,27.863
creation,27.857
ahead,27.704
avail,27.690
femal,27.662
stupid,27.659
focu,27.610
unless,27.599
gorg,27.592
romanc,27.496
baba,27.483
repeat,27.462
averag,27.457
length,27.432
strongli,27.404
superior,27.322
categori,27.302
vision,27.297
crazi,27.253
worst,27.231
grasp,27.224
blew,27.224
shame,27.208
dumb,27.196
further,27.181
whom,27.146
disappear,27.143
tone,27.124
unfold,27.123
stereotyp,27.099
post,27.068
flawless,27.065
overwhelm,27.040
deliv,27.001
field,26.943
attempt,26.941
stuck,26.926
blood,26.923
noh,26.908
neither,26.905
hesit,26.849
search,26.818
tire,26.800
intellig,26.757
reli,26.749
complaint,26.740
grotesqu,26.738
steal,26.710
struggl,26.659
appropri,26.652
hype,26.646
importantli,26.642
individu,26.636
extra,26.556
weak,26.531
solv,26.525
holli,26.522
concern,26.503
ate,26.502
regret,26.451
longer,26.439
insight,26.430
humour,26.412
promis,26.399
instanc,26.386
bare,26.386
tend,26.329
peac,26.306
woman,26.265
key,26.258
spend,26.231
collect,26.218
ultim,26.215
maker,26.197
hardli,26.173
ladi,26.163
fresh,26.159
teach,26.112
profound,26.075
class,26.066
clearli,26.003
balanc,25.993
summer,25.938
growth,25.912
besid,25.909
intens,25.900
lump,25.889
fairli,25.870
necessari,25.820
specif,25.815
unexplain,25.772
demonstr,25.756
ground,25.628
lone,25.575
avoid,25.571
brilliantli,25.523
guy,25.517
extraordinari,25.461
mix,25.455
glutton,25.440
employe,25.348
fluid,25.311
awar,25.259
unexpect,25.219
simplic,25.187
prostitut,25.178
round,25.156
kami,25.154
lifelik,25.136
support,25.126
ring,25.107
endear,25.082
feast,25.077
nobodi,25.063
otherwis,25.052
adapt,25.050
choppi,25.043
gonna,25.012
dislik,24.965
honest,24.935
massiv,24.887
access,24.863
clever,24.861
detour,24.840
determin,24.798
decad,24.769
truth,24.768
125,24.697
six,24.691
quickli,24.691
tie,24.651
prepar,24.634
haunt,24.626
likabl,24.588
smile,24.569
insist,24.567
spent,24.562
distinct,24.558
fine,24.536
suffer,24.532
discoveri,24.527
insult,24.527
arm,24.453
exot,24.448
notch,24.415
lush,24.398
control,24.385
intric,24.381
rush,24.372
rang,24.350
promot,24.300
embrac,24.296
complain,24.261
sentiment,24.236
mom,24.228
obstacl,24.165
grew,24.127
signific,24.089
fault,24.064
tini,23.997
locat,23.984
dialog,23.890
punish,23.869
decent,23.860
confid,23.839
brillianc,23.825
week,23.809
mainli,23.761
introduc,23.747
opu,23.733
till,23.722
common,23.713
stair,23.708
hey,23.694
scale,23.694
2003,23.693
advic,23.628
opportun,23.620
meal,23.602
hair,23.584
dimens,23.582
reward,23.562
intend,23.528
nofac,23.521
natsuki,23.521
ruin,23.433
clumsi,23.397
villain,23.393
deni,23.345
earli,23.335
lore,23.323
abil,23.275
cinemat,23.273
die,23.252
belief,23.215
content,23.137
adulthood,23.131
offic,23.099
empti,23.079
catch,23.066
moviego,23.038
irino,23.037
boh,23.037
miyu,23.037
bodi,23.023
fight,23.013
http,23.012
provok,23.009
lucki,23.004
summari,23.004
materi,22.969
everybodi,22.952
super,22.950
black,22.916
shot,22.892
relax,22.876
vomit,22.861
regard,22.859
attitud,22.828
exagger,22.815
motion,22.792
met,22.781
mine,22.779
mum,22.776
air,22.757
mythic,22.747
higher,22.671
dust,22.669
eccentr,22.657
potenti,22.650
sludg,22.649
belong,22.641
fast,22.638
poignant,22.621
desir,22.585
suitabl,22.583
magnum,22.542
accompani,22.517
tonari,22.500
layer,22.498
cool,22.471
tabl,22.457
nearli,22.450
worthi,22.438
convent,22.387
laputa,22.359
disagre,22.341
choic,22.301
skill,22.300
regardless,22.294
stier,22.292
grace,22.253
shock,22.249
center,22.231
ogden,22.226
busi,22.199
inner,22.194
uplift,22.140
essenti,22.133
lion,22.133
shoe,22.056
valley,22.020
cagliostro,22.016
wondrou,21.991
backdrop,21.981
confront,21.954
nasti,21.951
uk,21.924
hook,21.917
awkward,21.897
spring,21.897
realis,21.889
commentari,21.878
highlight,21.858
bicycl,21.822
serv,21.812
250,21.807
structur,21.790
social,21.790
mess,21.788
shintoism,21.761
addit,21.749
owner,21.689
architectur,21.678
swallow,21.669
sake,21.638
contrast,21.608
famou,21.591
popular,21.558
process,21.548
sweep,21.544
four,21.536
quirki,21.513
curios,21.504
staff,21.500
bounc,21.457
ill,21.433
behold,21.425
ton,21.408
queen,21.365
nervou,21.360
reluctantli,21.335
fashion,21.328
spirt,21.325
miazaki,21.325
chitti,21.325
bebop,21.325
factor,21.315
immatur,21.311
vocal,21.311
befriend,21.293
local,21.288
network,21.235
seven,21.230
disgust,21.230
appli,21.228
chib,21.225
supernatur,21.217
feet,21.188
dull,21.188
curs,21.166
consequ,21.144
nomin,21.138
nostalg,21.134
coher,21.109
grand,21.106
www,21.079
futur,21.076
quiet,21.070
scroll,21.068
ghostli,21.052
pinocchio,21.042
reluct,21.007
son,20.976
magnific,20.942
earth,20.938
happili,20.925
paper,20.889
narr,20.875
shift,20.865
women,20.846
vari,20.844
tea,20.811
sprit,20.801
assist,20.798
suit,20.779
dead,20.770
anywher,20.726
mesmer,20.718
phenomen,20.644
sensit,20.643
corrupt,20.613
reveal,20.599
array,20.592
absorb,20.562
vast,20.552
thrill,20.512
pleasant,20.493
conflict,20.487
neighbour,20.459
limit,20.451
site,20.425
weren,20.420
initi,20.411
sublim,20.385
advertis,20.385
unbeliev,20.371
poetic,20.370
yeah,20.357
central,20.331
excus,20.331
shadow,20.320
theori,20.313
quick,20.302
80,20.302
hardwork,20.231
poor,20.230
fabul,20.215
lifetim,20.210
boss,20.155
dreami,20.148
cel,20.138
jump,20.110
conclus,20.104
gem,20.064
z,20.036
yuna,20.021
essenc,20.014
industri,20.013
selfless,19.993
motiv,19.968
characterist,19.967
worri,19.960
wood,19.953
compliment,19.942
beg,19.916
abstract,19.910
accident,19.860
virtu,19.842
subtleti,19.811
bottom,19.763
palett,19.754
sheer,19.745
poetri,19.740
hadn,19.699
imaginari,19.646
overli,19.633
hungri,19.616
evok,19.610
fluiditi,19.590
kiddi,19.589
pop,19.577
assur,19.564
current,19.557
establish,19.557
buddhist,19.543
occasion,19.492
teenag,19.473
episod,19.469
board,19.461
trial,19.439
passag,19.436
mental,19.432
corner,19.431
accomplish,19.426
struck,19.425
joke,19.417
sequel,19.417
candi,19.378
yourselv,19.371
iron,19.363
sophist,19.329
akio,19.317
baaba,19.317
plan,19.316
bother,19.311
send,19.292
coupl,19.271
reminisc,19.259
flight,19.226
illustr,19.220
numer,19.215
unknown,19.186
examin,19.185
cure,19.170
wick,19.170
bet,19.165
core,19.144
hell,19.143
guarante,19.108
trailer,19.104
anybodi,19.098
transcend,19.085
behav,19.057
aid,19.047
11,19.036
gush,19.023
instantli,18.997
male,18.978
inc,18.975
potter,18.959
dreamwork,18.945
tune,18.942
task,18.936
loneli,18.927
sadli,18.909
claim,18.905
yuba,18.817
digimon,18.817
kaonashi,18.817
discuss,18.784
thu,18.783
winner,18.771
polit,18.764
nose,18.740
directli,18.734
fare,18.725
villag,18.722
drop,18.668
sum,18.654
thousand,18.617
loud,18.614
soar,18.613
thrown,18.611
russian,18.597
meticul,18.596
destruct,18.578
misunderstood,18.545
handl,18.503
trait,18.496
rank,18.463
date,18.440
nerv,18.437
countless,18.434
activ,18.429
count,18.426
consumpt,18.410
pack,18.380
welcom,18.378
crap,18.358
shrek,18.344
fend,18.306
horror,18.304
earn,18.297
oper,18.267
oddest,18.266
behavior,18.265
admir,18.264
spot,18.259
multipl,18.256
low,18.256
mute,18.233
sprite,18.218
astound,18.216
embarrass,18.209
everyday,18.205
reject,18.196
nobl,18.196
green,18.154
vagu,18.148
speed,18.145
innov,18.139
anymor,18.137
granni,18.126
biggest,18.089
fair,18.053
co,18.034
subject,17.991
berlin,17.979
snow,17.962
advis,17.926
fat,17.923
await,17.914
sacrific,17.895
store,17.835
properli,17.789
terrif,17.785
channel,17.783
minor,17.744
endur,17.724
borrow,17.698
stream,17.697
thrust,17.647
techniqu,17.634
relationship,17.628
dube,17.613
taoism,17.613
miyazak,17.613
breez,17.612
allegori,17.593
identifi,17.563
cg,17.554
surfac,17.544
drama,17.536
practic,17.533
50,17.519
understood,17.510
multi,17.478
gateway,17.467
card,17.455
200,17.440
impact,17.431
pok,17.408
naussica,17.408
comic,17.389
depend,17.381
ran,17.380
wile,17.369
parabl,17.328
3d,17.317
asia,17.308
west,17.306
lift,17.302
stranger,17.292
month,17.290
white,17.282
plu,17.261
majest,17.255
violent,17.250
hang,17.248
shine,17.245
unpredict,17.228
taoist,17.225
somewher,17.212
2d,17.193
treasur,17.184
foot,17.167
wherea,17.150
indulg,17.124
dualiti,17.073
facial,17.065
monok,17.060
construct,17.042
consumer,16.975
conquer,16.967
oneself,16.958
immers,16.946
econom,16.927
seamlessli,16.927
hercul,16.910
slowli,16.905
forbidden,16.873
garbag,16.870
ninja,16.857
enorm,16.833
grumpi,16.824
toad,16.809
readi,16.651
subtli,16.614
thread,16.603
nowaday,16.591
affect,16.573
surrealist,16.566
engross,16.565
shade,16.547
game,16.524
everywher,16.522
cloth,16.522
amongst,16.518
king,16.463
versa,16.443
expos,16.430
merg,16.429
aim,16.422
ventur,16.415
distributor,16.405
countrysid,16.387
nonsens,16.382
exposur,16.373
centr,16.368
complic,16.350
renam,16.345
unabl,16.338
fanci,16.336
nightmarish,16.305
wild,16.302
frankli,16.237
clich,16.228
introduct,16.203
badli,16.203
hole,16.199
threaten,16.177
contract,16.161
linger,16.154
station,16.093
bunch,16.092
enhanc,16.088
dozen,16.069
revolv,16.030
cant,16.030
casual,16.022
physic,16.011
mark,15.989
aesthet,15.979
advers,15.971
golden,15.957
constantli,15.949
exquisit,15.939
bright,15.931
overlook,15.931
depart,15.930
darker,15.875
enemi,15.857
obsess,15.819
flood,15.811
commerci,15.801
ponyo,15.778
gloriou,15.778
kill,15.759
dimension,15.754
authent,15.737
celebr,15.737
convinc,15.728
dig,15.704
addict,15.699
possess,15.689
rise,15.638
mildli,15.618
bang,15.572
clue,15.558
passion,15.545
attend,15.545
enabl,15.537
intent,15.536
alien,15.528
advanc,15.527
notabl,15.509
wake,15.494
european,15.490
hierarchi,15.484
plung,15.483
restor,15.459
capac,15.458
serious,15.442
wont,15.432
public,15.431
defin,15.423
custom,15.420
albeit,15.415
endlessli,15.415
decis,15.412
b,15.400
televis,15.355
duti,15.340
weav,15.328
arc,15.307
frustrat,15.294
temptat,15.294
elabor,15.294
brief,15.271
holiday,15.267
aliv,15.206
greater,15.204
honor,15.194
began,15.193
legendari,15.188
user,15.183
eeri,15.167
unit,15.150
bleed,15.148
superl,15.113
irrit,15.111
garden,15.109
sea,15.076
wave,15.074
address,15.027
loyalti,15.027
swine,15.000
jaw,14.974
grip,14.946
cup,14.945
succeed,14.913
battl,14.910
samurai,14.898
motif,14.897
upset,14.894
audio,14.893
forest,14.868
rave,14.852
tool,14.824
ambiti,14.806
death,14.797
justic,14.785
disembodi,14.774
vote,14.773
bloodi,14.760
sick,14.752
hamster,14.732
eight,14.731
heal,14.709
flesh,14.704
suffici,14.701
grass,14.695
nativ,14.676
solid,14.654
centuri,14.652
prior,14.646
forgiv,14.641
rout,14.640
benefit,14.622
emperor,14.620
sulk,14.613
lovingli,14.559
employ,14.524
kidde,14.488
bunta,14.488
sugawara,14.488
dont,14.442
afterward,14.441
fond,14.436
terrifi,14.383
associ,14.376
philosophi,14.346
evid,14.337
apprentic,14.335
tokyo,14.335
nuditi,14.311
titan,14.294
technolog,14.286
michael,14.279
21st,14.246
uninterest,14.246
fanat,14.243
buddhism,14.233
inconsist,14.228
rampag,14.212
tad,14.195
amazingli,14.192
bill,14.190
enlighten,14.177
realism,14.175
conscious,14.174
degre,14.174
citizen,14.152
retain,14.142
15,14.137
wisdom,14.130
eager,14.118
yaga,14.113
miyazki,14.113
immens,14.110
edit,14.103
critter,14.084
wealth,14.072
worthwhil,14.064
recal,14.057
hilari,14.054
accord,14.028
nearest,14.026
load,14.012
blob,14.001
grate,13.997
analyz,13.991
voyag,13.972
bug,13.972
choos,13.970
persever,13.966
cowboy,13.958
defeat,13.953
youtub,13.946
media,13.943
mixtur,13.936
david,13.933
delv,13.926
mon,13.920
likeabl,13.920
context,13.879
mad,13.857
oil,13.849
ancient,13.838
fanfict,13.822
harder,13.820
aw,13.813
enslav,13.811
resolut,13.807
giggl,13.799
monument,13.794
east,13.764
principl,13.761
simplist,13.759
triumph,13.730
p,13.715
drivel,13.708
sidetrack,13.702
discard,13.691
correct,13.672
exposit,13.662
lake,13.662
jam,13.650
comfort,13.646
edg,13.628
cynic,13.620
revel,13.614
abound,13.599
anticip,13.594
otaku,13.585
japanam,13.585
confucian,13.585
secret,13.578
dinner,13.559
cheer,13.559
flat,13.550
drag,13.533
14,13.508
straight,13.506
soft,13.506
tremend,13.492
craftsmanship,13.484
destroy,13.472
account,13.472
unfamiliar,13.468
unpretenti,13.467
fire,13.466
demand,13.464
fortun,13.430
burst,13.418
hill,13.402
stole,13.398
insan,13.390
sourc,13.389
myazaki,13.384
hot,13.380
hotel,13.375
tuck,13.370
argu,13.370
risk,13.361
loyal,13.361
rapidli,13.359
assum,13.358
illog,13.334
stress,13.316
lazi,13.307
masterwork,13.300
thru,13.290
war,13.254
inform,13.235
acid,13.223
stronger,13.219
safe,13.219
window,13.213
bellevil,13.210
weirdest,13.208
trademark,13.193
expand,13.191
harri,13.190
sell,13.163
interact,13.149
descript,13.148
lure,13.126
bigger,13.122
suspens,13.112
subplot,13.089
helper,13.076
lassit,13.056
ridicul,13.053
strike,13.039
surprisingli,13.039
digest,12.998
sweet,12.989
capabl,12.986
urg,12.976
peculiar,12.964
stagger,12.931
connected,12.919
driven,12.916
notion,12.902
trustworthi,12.894
interestingli,12.894
inexplic,12.890
team,12.883
breathless,12.874
evolv,12.857
opposit,12.857
cold,12.856
sleep,12.854
30,12.849
drove,12.838
lay,12.838
path,12.831
third,12.821
nuanc,12.818
rel,12.814
lower,12.809
woven,12.806
dump,12.802
masterful,12.795
bluth,12.795
anxieti,12.795
meaning,12.792
greet,12.783
rock,12.764
root,12.747
articl,12.733
worship,12.733
gi,12.717
predict,12.717
leg,12.715
ticket,12.713
member,12.701
held,12.696
trite,12.692
nightfal,12.682
mainstream,12.678
dutch,12.666
20,12.654
calm,12.625
19,12.619
freak,12.613
elev,12.605
morn,12.583
reliant,12.580
metropoli,12.573
damn,12.571
role,12.565
endless,12.557
declin,12.556
gradual,12.547
heap,12.532
bar,12.525
dread,12.522
supervis,12.521
transit,12.517
gasp,12.511
75th,12.481
mountain,12.474
baffl,12.471
bound,12.468
cook,12.467
cherish,12.454
lip,12.447
hardship,12.441
protect,12.438
consider,12.405
90,12.402
freedom,12.397
bow,12.376
wrote,12.372
retir,12.369
integr,12.367
birthday,12.366
en,12.363
thin,12.356
french,12.356
sumptuou,12.355
carniv,12.335
adolesc,12.334
puzzl,12.327
heavi,12.320
sex,12.265
tap,12.251
pain,12.244
firmli,12.242
bilg,12.228
bathroom,12.221
lord,12.199
vice,12.191
delic,12.191
gate,12.174
pinpoint,12.166
r,12.158
wrap,12.155
sulki,12.153
mandarin,12.153
brother,12.152
perform,12.146
strive,12.136
push,12.135
preconcept,12.129
inher,12.125
benevol,12.120
scenario,12.105
cope,12.102
infinit,12.099
rival,12.078
obscur,12.066
straightforward,12.063
elsewher,12.044
piti,12.040
character,12.038
stretch,12.036
virtual,12.032
output,12.030
ideal,12.025
tall,12.022
news,12.022
suspect,11.998
adequ,11.971
heartfelt,11.965
sharp,11.952
pervad,11.945
recognis,11.944
sooth,11.920
convolut,11.918
fundament,11.916
april,11.912
disneyfi,11.892
rightli,11.890
utter,11.883
appetit,11.872
versu,11.864
group,11.859
malici,11.848
upload,11.834
allegor,11.824
wife,11.820
analysi,11.804
closer,11.801
gotta,11.787
plagu,11.785
patienc,11.785
download,11.778
indescrib,11.778
amorph,11.778
neat,11.765
goal,11.762
aka,11.737
rip,11.727
flip,11.715
resort,11.703
justifi,11.694
majesti,11.690
seren,11.690
statement,11.685
maintain,11.683
whoever,11.678
liar,11.676
observ,11.671
men,11.667
companion,11.657
ain,11.634
instinct,11.632
honesti,11.620
island,11.619
taught,11.616
farm,11.614
philosoph,11.564
desert,11.547
pile,11.525
prejudic,11.510
record,11.506
recov,11.506
brie,11.481
princ,11.468
offens,11.468
crisi,11.463
freaki,11.462
ocean,11.461
judgment,11.453
border,11.442
smaller,11.438
richer,11.431
testament,11.420
career,11.418
feed,11.413
grab,11.405
etcetera,11.404
capitalist,11.388
courtesi,11.382
spellbound,11.382
applaud,11.381
float,11.371
lightheart,11.358
emphas,11.345
crouch,11.334
stir,11.331
detract,11.319
navig,11.311
kwai,11.305
firstli,11.303
fiction,11.301
shop,11.293
linear,11.286
distant,11.284
nation,11.274
wanna,11.270
stolen,11.268
ponder,11.257
cleverli,11.257
pitch,11.238
impli,11.230
retreat,11.227
purist,11.221
alert,11.219
multitud,11.216
daili,11.200
purifi,11.180
clearer,11.178
parti,11.177
hundr,11.157
ugli,11.156
bell,11.147
yuk,11.146
pander,11.141
undeni,11.123
humbl,11.120
lesser,11.116
cater,11.105
burn,11.081
brim,11.074
loss,11.068
consum,11.068
dog,11.061
mask,11.048
genius,11.029
drip,11.015
wrench,11.014
digit,11.011
wherev,11.005
starter,11.005
capitan,10.989
godfath,10.976
wacki,10.967
static,10.948
henc,10.947
destin,10.944
recognit,10.937
travesti,10.925
liber,10.921
accur,10.902
spooki,10.897
dare,10.892
muddl,10.884
encapsul,10.879
tree,10.877
forgot,10.877
ba,10.875
camera,10.875
premis,10.868
compassion,10.866
remot,10.854
spite,10.850
furnac,10.848
discern,10.835
brush,10.822
rude,10.804
overgrown,10.796
mesmeris,10.791
shut,10.784
fade,10.766
string,10.741
invest,10.737
reliv,10.732
insignific,10.728
lame,10.720
meander,10.716
enrich,10.712
skip,10.711
jade,10.683
va,10.674
switch,10.661
seat,10.653
bubbl,10.652
bia,10.648
salvat,10.648
contemporari,10.647
departur,10.644
join,10.637
mission,10.631
wierd,10.629
inclin,10.620
disrespect,10.616
gazzer,10.613
miyadzaki,10.613
komaji,10.613
zenobia,10.613
myasaki,10.613
broiler,10.613
onigiri,10.613
cinekid,10.613
chihirio,10.613
tima,10.613
youngster,10.609
fame,10.597
overr,10.597
sane,10.590
scope,10.586
grimm,10.585
york,10.583
esqu,10.571
nearbi,10.567
sole,10.563
stubborn,10.563
elder,10.563
dorothi,10.563
churn,10.548
pre,10.543
chill,10.538
sketch,10.526
pretenti,10.514
kick,10.505
gobbl,10.501
harmoni,10.500
compet,10.487
btw,10.465
pinnacl,10.458
spectacl,10.458
disjoint,10.454
link,10.444
el,10.443
trespass,10.441
explos,10.440
instruct,10.430
envelop,10.419
ambigu,10.418
vibe,10.416
section,10.414
textur,10.409
nonetheless,10.401
shiver,10.399
somebodi,10.396
sixth,10.395
stood,10.391
luxuri,10.375
fabric,10.371
inanim,10.365
deepest,10.355
tiger,10.351
tight,10.345
sappi,10.338
unorigin,10.328
underton,10.315
imo,10.306
necessarili,10.304
abund,10.302
spectat,10.296
jin,10.294
tentacl,10.294
kooki,10.294
crappi,10.293
previous,10.289
reput,10.283
brain,10.278
moodi,10.254
redeem,10.247
desper,10.234
cue,10.233
repuls,10.230
rais,10.217
gloomi,10.202
rever,10.199
fuss,10.199
exact,10.192
masteri,10.184
friday,10.178
cat,10.176
plucki,10.162
peril,10.160
absent,10.157
exploit,10.152
devic,10.141
vs,10.141
amidst,10.116
adjust,10.116
greatli,10.114
ourselv,10.110
substanc,10.108
crisp,10.096
wildli,10.061
labor,10.056
arguabl,10.048
obtain,10.034
bump,10.028
hammer,10.012
chihro,10.011
tsunehiko,10.011
yobaba,10.011
yumi,10.011
megara,10.011
chirhiro,10.011
chiriho,10.011
meiji,10.011
balski,10.011
chiharo,10.011
daviegh,10.011
chihrio,10.011
takehiko,10.011
shikigami,10.011
sawaguchi,10.011
chirio,10.011
pleschett,10.011
budo,10.011
naito,10.011
tihiro,10.011
extent,10.009
formula,9.987
surli,9.972
insecur,9.971
saturday,9.966
glow,9.955
epitom,9.955
grade,9.952
junk,9.939
heartwarm,9.932
whenev,9.918
plight,9.916
unhappi,9.911
relief,9.910
bacon,9.906
tick,9.898
gibberish,9.893
websit,9.883
cheesi,9.878
space,9.851
acquir,9.850
crew,9.850
midst,9.845
forgett,9.838
broad,9.835
watcher,9.833
organ,9.831
petul,9.819
instantan,9.819
shrill,9.819
nowher,9.813
implic,9.798
tub,9.795
concentr,9.793
mediocr,9.792
seal,9.789
button,9.777
redempt,9.770
achingli,9.760
repli,9.756
ration,9.734
sunday,9.732
rob,9.728
racer,9.714
bandit,9.711
cheap,9.705
suffic,9.684
panda,9.682
muck,9.671
partak,9.671
rippl,9.671
virtuou,9.660
shore,9.659
timeout,9.658
hayoa,9.658
hayo,9.658
naushika,9.658
toshio,9.658
kawaii,9.658
wall,9.648
gripe,9.642
bambi,9.628
twenti,9.626
matrix,9.592
consciou,9.589
speechless,9.581
mass,9.576
themat,9.566
comprehend,9.566
odditi,9.557
tendenc,9.555
player,9.545
spine,9.534
exit,9.534
limitless,9.528
resid,9.524
fed,9.518
semi,9.516
gorgeous,9.499
page,9.499
domin,9.492
cartooni,9.490
kung,9.485
screenplay,9.484
paus,9.481
connot,9.481
favour,9.473
trippi,9.462
contempl,9.459
option,9.436
1000,9.436
decreas,9.435
unfair,9.424
librari,9.414
buri,9.410
kaleidescop,9.409
rendev,9.409
hayou,9.409
scipt,9.409
naruto,9.409
nippon,9.409
cloud,9.408
0,9.397
pale,9.391
valuabl,9.384
sunset,9.380
expertli,9.370
deriv,9.368
subconsci,9.350
sensibl,9.348
admittedli,9.346
afternoon,9.346
dismiss,9.337
wooden,9.335
jerki,9.331
util,9.331
fu,9.327
glu,9.324
tender,9.320
wash,9.316
seam,9.307
overflow,9.307
purchas,9.295
needless,9.282
rubbish,9.264
throat,9.260
strangest,9.251
vital,9.248
outdid,9.243
implor,9.243
closest,9.241
weekend,9.238
preciou,9.227
furthermor,9.224
disneyf,9.215
roh,9.215
kazaa,9.215
ono,9.215
hmc,9.215
stich,9.215
susuwatari,9.215
yasuko,9.215
booni,9.215
grant,9.212
investig,9.208
bond,9.206
contrari,9.205
lt,9.193
manipul,9.181
resourc,9.176
shortag,9.175
steep,9.175
resolv,9.166
via,9.159
x,9.146
wikipedia,9.139
thereof,9.139
uncondit,9.132
govern,9.127
offend,9.118
unknowingli,9.118
dearli,9.118
mystifi,9.090
transfix,9.090
nemo,9.084
barrag,9.083
muddi,9.076
drug,9.076
fallen,9.060
edo,9.056
thundercat,9.056
perserver,9.056
ugc,9.056
gibli,9.056
itz,9.056
reclaim,9.056
author,9.049
mile,9.046
loos,9.040
fate,9.035
shi,9.030
danc,9.030
jo,9.022
knit,9.022
simultan,9.022
commun,9.016
incom,9.016
yesterday,9.007
prime,9.002
owe,8.993
elegantli,8.990
un,8.984
grandpar,8.984
17,8.983
phrase,8.981
grim,8.975
unanim,8.965
rabbit,8.965
function,8.960
feat,8.957
tragic,8.935
slip,8.935
laughter,8.916
rough,8.912
dollar,8.902
cell,8.896
blockbust,8.888
arbitrari,8.886
nonstop,8.880
easier,8.867
alongsid,8.863
moan,8.863
compass,8.848
volum,8.843
gather,8.836
forefront,8.834
devour,8.834
modifi,8.828
ratatouil,8.823
hurt,8.821
invit,8.820
token,8.817
glass,8.814
intox,8.811
r1,8.807
gerbil,8.807
suzuki,8.807
learnt,8.800
dissapoint,8.795
sacr,8.784
watchabl,8.780
gape,8.778
joyou,8.778
unimport,8.778
proven,8.773
obey,8.773
press,8.768
sent,8.767
2nd,8.766
system,8.764
basi,8.748
slight,8.746
settl,8.742
resili,8.741
fix,8.735
whatsoev,8.735
faith,8.734
tighter,8.730
uncomfort,8.730
holi,8.713
filthi,8.710
entreat,8.704
unceasingli,8.704
blossom,8.699
filth,8.694
vers,8.689
romant,8.674
luck,8.672
sincer,8.663
embed,8.659
proof,8.647
hinder,8.640
exuber,8.640
project,8.639
refug,8.630
proper,8.626
undeserv,8.625
lane,8.625
sudden,8.616
sama,8.613
hewitt,8.613
crone,8.613
duchess,8.613
shadowi,8.611
daunt,8.606
height,8.598
veer,8.587
simpson,8.578
fourth,8.574
stomach,8.572
babe,8.559
devot,8.558
unwil,8.555
studi,8.552
inan,8.550
hopelessli,8.541
heck,8.540
novel,8.531
thestori,8.530
philharmon,8.530
horrid,8.527
season,8.527
instant,8.523
club,8.518
horrifi,8.518
corpor,8.514
cabin,8.514
hauntingli,8.492
tomato,8.492
th,8.483
sin,8.479
simplifi,8.475
mud,8.470
goer,8.470
select,8.470
animist,8.454
feller,8.454
geisha,8.454
threat,8.451
morbid,8.432
larger,8.431
spars,8.428
replay,8.424
extravag,8.424
buff,8.414
stock,8.409
chose,8.403
depress,8.392
oblivi,8.387
overbear,8.387
grrr,8.385
woofer,8.385
caution,8.375
ear,8.375
economi,8.371
stupend,8.367
discrimin,8.364
kinda,8.358
dedic,8.350
accid,8.347
below,8.336
deliber,8.333
prevent,8.330
smart,8.322
analog,8.321
thiz,8.320
kon,8.320
unnatur,8.317
romp,8.317
ongo,8.313
randomli,8.306
raini,8.306
meanwhil,8.301
roam,8.294
crack,8.291
shallow,8.284
hideou,8.279
bed,8.277
poorli,8.269
nutshel,8.265
blandest,8.261
japenes,8.261
accustom,8.257
stalk,8.254
hallmark,8.247
negoti,8.222
target,8.219
blind,8.215
dish,8.214
1988,8.211
clingi,8.204
kirk,8.200
modest,8.197
spoon,8.193
info,8.187
moder,8.187
floor,8.186
absurd,8.178
symphoni,8.176
attack,8.175
hop,8.169
religi,8.152
grassland,8.152
animatrix,8.152
industrialis,8.152
kidney,8.152
educ,8.145
mari,8.137
messi,8.136
voter,8.136
pan,8.133
succe,8.117
net,8.116
richli,8.103
wider,8.103
knock,8.082
blame,8.081
cruel,8.081
preval,8.081
region,8.081
13,8.079
harsh,8.075
comed,8.061
benchmark,8.059
nausica,8.055
nail,8.054
fool,8.047
chord,8.037
cohes,8.022
cost,8.013
ish,8.013
hurri,8.013
protaganist,8.011
subdu,8.007
onlin,8.001
strategi,7.995
chosen,7.994
entic,7.992
colleg,7.991
entiti,7.983
lock,7.981
youngest,7.980
bloat,7.977
ethnic,7.977
incomprehens,7.971
overtook,7.968
ie,7.968
regain,7.959
smallest,7.957
conjur,7.954
seduct,7.954
gaze,7.951
hunger,7.948
idiot,7.943
shove,7.942
neatli,7.936
excess,7.931
brasil,7.928
mite,7.928
relev,7.927
renown,7.925
tiresom,7.908
bittersweet,7.892
treacl,7.889
resist,7.888
doom,7.888
22,7.886
equat,7.883
dim,7.883
evoc,7.870
nevertheless,7.867
rental,7.856
netherworld,7.852
purif,7.852
outing,7.848
inevit,7.835
healthi,7.833
flavor,7.833
latter,7.825
gt,7.825
unansw,7.822
passiv,7.822
disus,7.817
artform,7.817
oaf,7.817
americanis,7.817
secretli,7.807
affair,7.801
obnoxi,7.799
21,7.789
overblown,7.786
walmart,7.783
124,7.783
undeservedli,7.783
xd,7.783
turnip,7.783
verg,7.779
ooz,7.766
backstori,7.764
kimura,7.750
overdub,7.750
persist,7.744
energi,7.743
dc,7.741
gigant,7.739
doubl,7.737
undergo,7.736
facet,7.724
servant,7.722
cement,7.722
snap,7.719
lullabi,7.718
grassi,7.718
computeris,7.718
unsatisfi,7.717
provoc,7.707
vein,7.703
sexual,7.702
properti,7.689
stunningli,7.689
crisper,7.688
audi,7.688
characht,7.688
boggl,7.679
bush,7.672
unconvent,7.668
riddl,7.665
antic,7.663
awhil,7.661
seamless,7.656
ceas,7.654
silenc,7.651
bedroom,7.633
mishandl,7.630
uncloud,7.630
jap,7.630
de,7.628
limb,7.627
blatant,7.624
unimagin,7.624
protest,7.620
traumat,7.620
sing,7.619
extend,7.616
unnecessari,7.611
punch,7.605
hillsid,7.602
fairground,7.602
lyric,7.602
lol,7.600
viewpoint,7.593
witti,7.592
geek,7.591
quietli,7.578
actress,7.576
toon,7.576
anvil,7.576
truce,7.576
painterli,7.576
worldwid,7.561
robot,7.556
fragil,7.552
serpent,7.550
bizzar,7.550
correctli,7.548
ought,7.538
tempt,7.536
40,7.532
crude,7.529
donald,7.527
enigmat,7.521
preach,7.517
99,7.507
grandeur,7.505
bottomlin,7.500
whiney,7.500
moneymak,7.500
blue,7.499
neglect,7.498
ya,7.496
sneak,7.494
built,7.490
rain,7.489
cousin,7.478
stroke,7.476
anger,7.471
privileg,7.466
mild,7.460
ebert,7.455
stinki,7.453
blur,7.451
literari,7.449
angri,7.446
reunit,7.445
behaviour,7.437
scream,7.435
hypnot,7.427
heighten,7.416
hollow,7.412
infring,7.409
gore,7.406
ideolog,7.404
merci,7.403
effortlessli,7.397
item,7.395
terror,7.393
henceforth,7.387
briefli,7.352
poison,7.349
wear,7.344
goofi,7.334
oddli,7.333
clip,7.331
convincingli,7.324
threw,7.320
crown,7.313
environmentalist,7.306
hag,7.306
specter,7.306
slice,7.301
crawl,7.299
numb,7.292
pattern,7.273
spec,7.269
demo,7.269
entendr,7.269
unreal,7.268
occur,7.262
pleasantli,7.261
complement,7.253
etiquett,7.250
buffet,7.250
aghast,7.250
orchestr,7.246
disorgan,7.232
led,7.232
despis,7.228
trio,7.226
critiqu,7.225
suspend,7.225
pun,7.223
tonight,7.221
preserv,7.221
spoke,7.220
eco,7.215
donkey,7.215
uncov,7.215
crystal,7.205
teller,7.198
preced,7.198
dumbo,7.198
strident,7.198
collaps,7.197
24,7.194
silent,7.191
boundari,7.190
grail,7.189
partli,7.182
climb,7.174
urban,7.168
dose,7.165
hide,7.163
spotlight,7.162
fifteen,7.160
glanc,7.159
1997,7.157
calcul,7.152
ingredi,7.145
accolad,7.145
eleg,7.140
appet,7.132
shrine,7.132
fussi,7.132
weather,7.129
gap,7.128
profan,7.126
sustain,7.122
skeptic,7.117
masterpeic,7.116
fifti,7.116
quarter,7.116
door,7.113
conveni,7.113
rapt,7.101
workout,7.101
chalkboard,7.101
print,7.098
apocalypt,7.089
minim,7.089
ornat,7.086
la,7.079
scratch,7.058
infomerci,7.056
im,7.046
unharm,7.042
drown,7.032
mishmash,7.028
conscienc,7.025
imped,7.014
secondli,7.011
hail,7.008
caricatur,7.008
deiti,7.000
discontinu,7.000
evolut,7.000
dear,6.991
yell,6.990
writh,6.987
dt,6.987
harsher,6.987
per,6.982
dole,6.974
downfal,6.972
ore,6.961
ghoul,6.961
altogeth,6.936
12th,6.935
joyrid,6.923
ernst,6.923
text,6.920
packag,6.919
primarili,6.918
sew,6.910
metro,6.910
commend,6.901
thier,6.898
contextu,6.898
unobtrus,6.898
stoke,6.898
reserv,6.895
ensur,6.893
label,6.892
diminut,6.886
compulsori,6.886
segment,6.879
modernist,6.874
format,6.865
overtim,6.863
goodwil,6.840
represent,6.833
race,6.833
conceiv,6.832
habitat,6.829
budget,6.827
destini,6.822
meddl,6.817
freshli,6.817
apologis,6.817
preview,6.810
spare,6.808
sorceri,6.807
interject,6.807
infact,6.807
prop,6.803
illus,6.798
increasingli,6.795
imprison,6.789
stage,6.787
denizen,6.775
incessantli,6.775
nostalgia,6.773
jerri,6.770
nine,6.769
error,6.766
retold,6.764
headstrong,6.754
uncompl,6.754
inton,6.744
dreamworld,6.734
nourish,6.734
revers,6.730
bustl,6.724
heaven,6.721
artifici,6.717
loveabl,6.714
gratuit,6.711
code,6.711
shall,6.711
laid,6.710
ingeni,6.707
disk,6.704
charmingli,6.695
slipper,6.695
11th,6.695
disgustingli,6.685
err,6.685
garish,6.685
kong,6.684
europ,6.678
bite,6.676
lsd,6.676
tour,6.674
2000,6.669
coexist,6.666
unsubtl,6.666
competit,6.663
era,6.659
slaveri,6.659
block,6.655
hyperact,6.648
brothel,6.639
geniou,6.639
beaten,6.639
poster,6.638
hearken,6.630
confess,6.628
broke,6.624
spunki,6.621
unwelcom,6.621
disbelief,6.618
hog,6.613
theolog,6.613
prize,6.605
insati,6.604
react,6.600
egocentr,6.595
coaster,6.587
subscrib,6.587
customari,6.587
routin,6.583
reson,6.580
span,6.574
expert,6.563
berserk,6.562
mice,6.562
mushi,6.562
yang,6.562
bold,6.554
showcas,6.547
sassi,6.546
hallucinogen,6.546
microphon,6.546
research,6.532
roller,6.532
rendezv,6.530
spoken,6.522
patronis,6.522
layout,6.522
vibrat,6.522
enviou,6.514
presid,6.514
indic,6.507
slime,6.507
tasti,6.507
embodi,6.503
regurgit,6.499
footag,6.495
snarl,6.491
riff,6.491
cock,6.491
nod,6.491
spin,6.484
dreamscap,6.484
zen,6.484
founder,6.484
creek,6.484
sensat,6.475
heartbreak,6.474
beguil,6.469
echelon,6.469
kurosawa,6.467
w,6.465
startlingli,6.462
rite,6.454
generos,6.454
funniest,6.449
reccomend,6.447
snack,6.447
1999,6.443
increas,6.441
outcom,6.428
weirdli,6.412
christma,6.407
eldest,6.405
stylish,6.402
roger,6.397
supervisor,6.392
reloc,6.392
glimps,6.389
craftsman,6.378
gratif,6.378
25,6.376
merit,6.376
47,6.372
smother,6.372
predecessor,6.368
voiceov,6.358
storyboard,6.352
scenic,6.352
softli,6.346
shake,6.345
painstak,6.339
48,6.327
9th,6.320
par,6.315
freakin,6.314
fee,6.314
offspr,6.314
conclud,6.312
argument,6.304
skim,6.302
wherebi,6.302
elementari,6.302
collis,6.296
interview,6.292
warrior,6.284
niec,6.284
ilk,6.284
flavour,6.278
clutter,6.266
sofa,6.266
abroad,6.261
apathet,6.261
automobil,6.249
fluent,6.243
unremark,6.238
sympathet,6.233
frequent,6.229
proud,6.228
soda,6.226
tara,6.226
alter,6.225
superbl,6.224
empathet,6.221
trash,6.219
homag,6.218
aladdin,6.215
flash,6.214
itch,6.210
massag,6.204
pitfal,6.204
copycat,6.204
goblin,6.199
wednesday,6.194
dumber,6.194
pathet,6.191
unrealist,6.187
dynam,6.186
weight,6.185
measur,6.183
cameo,6.175
hue,6.172
impart,6.172
controversi,6.169
evidenc,6.162
carbon,6.162
ashitaka,6.162
crash,6.161
shelv,6.157
mulholland,6.152
hybrid,6.147
dangl,6.147
mistakenli,6.142
screenwrit,6.137
dime,6.137
wordpress,6.137
undoubtedli,6.132
otherworldli,6.132
christian,6.124
homer,6.117
righteous,6.107
asap,6.107
acceler,6.107
karat,6.107
dunno,6.107
pirat,6.103
gratifi,6.102
saccharin,6.097
balconi,6.093
renaiss,6.088
annual,6.088
failur,6.083
crass,6.083
vault,6.078
graveyard,6.074
cherri,6.074
model,6.073
topic,6.073
hat,6.062
snob,6.055
apathi,6.051
sympathi,6.043
forth,6.034
sailor,6.033
unwittingli,6.033
conced,6.028
manor,6.028
campbel,6.019
zani,6.019
swedish,6.015
98,6.006
afflict,6.006
everlast,6.002
7th,5.985
neighbourhood,5.985
plainli,5.985
compil,5.981
expend,5.981
paid,5.978
shoot,5.978
whim,5.972
qualm,5.972
screech,5.968
alicia,5.968
thorn,5.964
daze,5.964
nurtur,5.960
shun,5.960
pencil,5.960
swoop,5.960
k,5.955
neon,5.952
uncommon,5.952
awaken,5.946
accordingli,5.944
quantiti,5.940
purest,5.940
unimpress,5.932
homework,5.932
kindli,5.912
flock,5.912
curious,5.912
willingli,5.908
imbu,5.908
album,5.908
teacher,5.908
blindli,5.904
restless,5.897
gladli,5.893
worldli,5.893
taint,5.893
booth,5.893
60,5.892
foreground,5.885
forum,5.885
ether,5.871
heritag,5.871
careless,5.867
gruff,5.867
childlik,5.867
swift,5.863
kansa,5.863
lacklust,5.860
strung,5.856
relianc,5.852
vignett,5.852
steadili,5.849
coloss,5.841
nephew,5.838
splendor,5.838
unrecogniz,5.834
assort,5.824
cd,5.824
timid,5.824
drench,5.824
mesh,5.820
eyebrow,5.810
calibr,5.803
septemb,5.800
arous,5.800
joseph,5.799
recip,5.796
overload,5.793
vampir,5.786
demograph,5.786
stilt,5.779
dismay,5.776
broken,5.775
lifelong,5.769
dir,5.769
sloth,5.763
galleri,5.763
yarn,5.760
gentli,5.753
picki,5.750
grain,5.750
apprehens,5.744
toto,5.740
humanist,5.737
charg,5.736
decidedli,5.728
coincident,5.725
purpl,5.721
explicitli,5.721
fuzzi,5.709
abomin,5.700
splash,5.697
urgenc,5.697
renew,5.697
museum,5.694
astonishingli,5.691
approxim,5.691
pipe,5.691
peter,5.690
unveil,5.688
headlin,5.682
puriti,5.682
wardrob,5.682
myriad,5.682
minimalist,5.676
goodi,5.673
grandmoth,5.667
overtli,5.664
solo,5.657
cream,5.656
litter,5.653
tread,5.653
partnership,5.650
bombard,5.647
disput,5.641
railroad,5.638
underdevelop,5.624
fellow,5.624
girlfriend,5.618
willing,5.616
effortless,5.616
simpler,5.616
fathom,5.616
nope,5.611
adject,5.608
swamp,5.608
trump,5.597
aptli,5.594
detest,5.594
plate,5.589
speech,5.588
syndrom,5.586
permeat,5.586
cutter,5.586
clutch,5.584
ambianc,5.584
clueless,5.576
happier,5.576
bombast,5.570
marri,5.569
submiss,5.568
quirk,5.565
recollect,5.565
lifeless,5.560
tack,5.555
china,5.555
esteem,5.550
patron,5.550
implement,5.547
kane,5.545
plethora,5.545
remaind,5.545
coast,5.540
cling,5.540
incomplet,5.532
knack,5.522
accentu,5.520
chunk,5.520
rub,5.520
mourn,5.517
1957,5.517
extern,5.515
neutral,5.512
sway,5.498
laud,5.493
predica,5.490
immacul,5.488
improv,5.488
letdown,5.481
unclear,5.479
bowi,5.472
thunder,5.467
extraordinarili,5.462
chicken,5.460
ladder,5.460
se,5.458
incap,5.455
remak,5.454
rural,5.453
timelin,5.449
savior,5.449
juxtaposit,5.446
incoher,5.442
stuf,5.442
c,5.440
stapl,5.440
speaker,5.433
therebi,5.433
doll,5.433
monstrou,5.431
newer,5.426
bliss,5.422
assert,5.413
penetr,5.404
barrier,5.400
refin,5.398
150,5.398
blatantli,5.394
infect,5.391
fearless,5.387
opt,5.387
stamp,5.385
ma,5.385
caretak,5.383
squeez,5.375
variat,5.370
cram,5.362
infus,5.358
sloppi,5.358
envis,5.354
weep,5.352
crime,5.351
facil,5.350
carol,5.348
steam,5.344
whistl,5.340
smack,5.338
regularli,5.334
law,5.333
rumor,5.332
disconnect,5.328
sophi,5.324
disciplin,5.324
spellbind,5.324
bike,5.324
greek,5.322
puls,5.316
imperfect,5.314
scotland,5.310
eagerli,5.310
nerd,5.308
spoilermiyazaki,5.306
robotech,5.306
kamakakushi,5.306
susuwarti,5.306
warless,5.306
viewersalik,5.306
renact,5.306
2076,5.306
miyazawa,5.306
nickelodean,5.306
maydisagre,5.306
yuababa,5.306
onamerican,5.306
3x3,5.306
pretain,5.306
goodnon,5.306
comemnt,5.306
bastian,5.306
characters1,5.306
hisahsi,5.306
matriloc,5.306
koosh,5.306
haiyo,5.306
swampbottom,5.306
misayaki,5.306
ghiblifilm,5.306
youmi,5.306
taiy,5.306
spiriti,5.306
deffenitli,5.306
rumiko,5.306
unendlich,5.306
alztim,5.306
gagnon,5.306
familiarwith,5.306
audiogalaxi,5.306
tetsuya,5.306
chumthat,5.306
withalic,5.306
strangecreatur,5.306
lookinglass,5.306
desmay,5.306
inochi,5.306
secenri,5.306
theanimeman,5.306
dilagu,5.306
dragonform,5.306
miyazakimiyazaki,5.306
absoletli,5.306
mesuit,5.306
pinnoccio,5.306
chronichl,5.306
kowaii,5.306
eltonjohn,5.306
keki,5.306
chihoro,5.306
characteranim,5.306
visitfrom,5.306
thesimpl,5.306
cirmarron,5.306
lupan,5.306
aba,5.306
andsomewhat,5.306
rollerink,5.306
vuelev,5.306
l7oecu,5.306
daikon,5.306
hallsmanag,5.306
dispplay,5.306
oligopolist,5.306
medicen,5.306
bakumatsu,5.306
magic4,5.306
otokogami,5.306
toanim,5.306
spoilersspirit,5.306
uncharm,5.306
endingperfectli,5.306
gentlenessdespit,5.306
creaturesdon,5.306
pacefrom,5.306
nama,5.306
stritch,5.306
haru,5.306
mileu,5.306
zira,5.306
callit,5.306
isu,5.306
knowbi,5.306
osca,5.306
migihayami,5.306
ghilbl,5.306
jesuotaku,5.306
multipul,5.306
princpial,5.306
samisen,5.306
gibili,5.306
lapita,5.306
buekkhhhhapart,5.306
itsdenizen,5.306
merimaid,5.306
timegreat,5.306
pappa,5.306
themak,5.306
addad,5.306
ocha,5.306
sapporo,5.306
cantak,5.306
thisincred,5.306
subtutl,5.306
spiret,5.306
lrrcuv,5.306
outdisney,5.306
infix,5.306
miyazi,5.306
aromat,5.306
animefan,5.306
aburaya,5.306
sizedmouth,5.306
chahiro,5.306
stansburi,5.306
yubbaba,5.306
thatal,5.306
tokkien,5.306
okuda,5.306
soeasili,5.306
yebsacb7nda,5.306
kohakunushi,5.306
beautyor,5.306
soextravagantli,5.306
taylorist,5.306
cockless,5.306
hayho,5.306
0119698,5.306
apparentley,5.306
effortlesli,5.306
thedaught,5.306
ofaccount,5.306
chacolat,5.306
zeneba,5.306
magilli,5.306
spiritsteal,5.306
reminiscint,5.306
wherethehellarew,5.306
sailvan,5.306
innerpart,5.306
syncronis,5.306
soonlook,5.306
chirhio,5.306
yuya,5.306
orborrow,5.306
eeesh,5.306
gibihl,5.306
perfectlyaccess,5.306
todelicaci,5.306
springwel,5.306
itsumo,5.306
earlsleek,5.306
cervellot,5.306
chihiru,5.306
mononoak,5.306
nashi,5.306
wizardess,5.306
weeaboo,5.306
geschicht,5.306
awayso,5.306
andenglish,5.306
mythjapanes,5.306
overdot,5.306
aprentic,5.306
kamaiji,5.306
nasicaa,5.306
kamij,5.306
wower,5.306
courtousi,5.306
invlolv,5.306
thatthey,5.306
chiib,5.306
kashira,5.306
aniyaku,5.306
boruto,5.306
xxxholic,5.306
yubabba,5.306
encantadia,5.306
thetarget,5.306
subtittl,5.306
characterand,5.306
majesticeagl,5.306
bybi,5.306
sochirio,5.306
sfumato,5.306
greateststorytel,5.306
creativitya,5.306
blobish,5.306
theprotagonist,5.306
undershoot,5.306
jajajajajajaja,5.306
crankiest,5.306
slickanim,5.306
considerto,5.306
heroinechihiro,5.306
whileretain,5.306
comfid,5.306
entangled,5.306
galeria,5.306
chinoiseri,5.306
densetsu,5.306
nishimura,5.306
toroto,5.306
aneven,5.306
smartyp,5.306
gruemsom,5.306
chihioro,5.306
movieami,5.306
inahttp,5.306
andmast,5.306
remainslightheart,5.306
scorecon,5.306
kamijo,5.306
zeniiba,5.306
iriv,5.306
freeingof,5.306
returnto,5.306
momonok,5.306
viagem,5.306
animationcan,5.306
crackingopen,5.306
filmbefor,5.306
thoroughlli,5.306
saddd,5.306
thisun,5.306
videophil,5.306
comparableto,5.306
unresum,5.306
haruki,5.306
wn7su0a,5.306
andread,5.306
acooki,5.306
atmosp,5.306
kamagi,5.306
miazakiplot,5.306
princessmononok,5.306
benuel,5.306
somebreathtak,5.306
mydaught,5.306
chilki,5.306
surceas,5.306
kimarji,5.306
untick,5.306
106yr,5.306
andvomit,5.306
ootori,5.306
pleeeeez,5.306
lyricalblend,5.306
mezza,5.306
fairtayl,5.306
palkedirector,5.306
inadequet,5.306
whealth,5.306
escatolog,5.306
okutaresama,5.306
cxcellent,5.306
djfisher,5.306
12290,5.306
andshock,5.306
0097351,5.306
andabl,5.306
surei,5.306
nonattach,5.306
tointroduc,5.306
evilmega,5.306
mindfram,5.306
pudgey,5.306
sincerelli,5.306
tamai,5.306
whichproduc,5.306
insen,5.306
adragon,5.306
dubso,5.306
chhiro,5.306
hillol,5.306
hiragi,5.306
tamlyn,5.306
grandouis,5.306
mardsen,5.306
kookiest,5.306
therewer,5.306
kenichi,5.306
claerli,5.306
daoist,5.306
thesimpson,5.306
thesiswil,5.306
fanstasi,5.306
mesteri,5.306
chichiyaku,5.306
jiburi,5.306
thosework,5.306
beb,5.306
wende,5.306
thesheepish,5.306
brati,5.306
chiti,5.306
aplethora,5.306
animatedfeatur,5.306
mindbottom,5.306
spermatozoid,5.306
prudi,5.306
monoke,5.306
dynamic,5.306
onon,5.306
beautil,5.306
japanei,5.306
thenanoth,5.306
dogdson,5.306
japanema,5.306
pacingand,5.306
anadventur,5.306
clayderman,5.306
away2003,5.306
tutola,5.306
arrieti,5.306
tomo,5.306
dd5,5.306
goodchina,5.306
yasha,5.306
begun,5.306
huh,5.306
former,5.303
foe,5.302
guardian,5.301
deviat,5.293
dirt,5.293
mickey,5.293
melancholi,5.291
butcher,5.287
hunt,5.284
gender,5.282
beethoven,5.280
buster,5.278
file,5.278
assumpt,5.274
mar,5.274
redund,5.272
pioneer,5.267
horizon,5.267
stone,5.263
inappropri,5.261
sadden,5.261
vividli,5.254
desol,5.248
hyper,5.245
ss,5.243
pant,5.239
slower,5.239
nitpick,5.238
porn,5.238
profil,5.238
anxiou,5.236
global,5.234
clariti,5.231
convers,5.230
500,5.229
abrupt,5.227
jealousi,5.227
enterpris,5.227
eloqu,5.225
warp,5.223
wine,5.222
intellect,5.218
anytim,5.216
cardboard,5.213
righteou,5.213
traffic,5.211
foolish,5.210
disc,5.210
unsur,5.208
chuckl,5.206
born,5.206
presenc,5.205
glare,5.201
alot,5.198
sicken,5.196
necess,5.196
angl,5.193
comprehens,5.189
retriev,5.189
bonu,5.184
convert,5.179
spit,5.177
crave,5.176
rous,5.172
gilliam,5.172
drastic,5.171
slide,5.169
ho,5.169
resent,5.169
j,5.168
paragraph,5.167
commit,5.167
cartoonish,5.166
profoundli,5.164
recycl,5.161
candid,5.161
len,5.156
cycl,5.154
preachi,5.153
outlin,5.153
uneasi,5.151
tail,5.150
compon,5.145
jealou,5.145
breakdown,5.140
hallucin,5.138
admiss,5.137
hostil,5.129
perpetu,5.121
compens,5.118
whisper,5.109
goodby,5.107
strictli,5.107
seldom,5.098
understat,5.098
disregard,5.098
optimist,5.095
boo,5.093
stiff,5.092
outlook,5.089
request,5.087
rope,5.086
rotten,5.083
vastli,5.081
persuad,5.075
warrant,5.074
synopsi,5.065
brazil,5.062
senseless,5.062
campaign,5.061
dispos,5.059
scariest,5.056
y,5.056
smoothli,5.055
conspiraci,5.054
repris,5.051
embark,5.051
midnight,5.049
warmth,5.046
newli,5.045
mileston,5.043
qualifi,5.042
loath,5.042
envi,5.042
planet,5.041
runtim,5.041
unawar,5.041
instrument,5.041
rug,5.032
summar,5.028
enthusiasm,5.027
zealand,5.014
mortal,5.014
sixti,5.013
costum,5.013
invad,5.010
chronicl,5.010
sacrif,5.009
steadi,5.006
daggi,5.005
funkiest,5.005
pancreat,5.005
chibli,5.005
moomin,5.005
technicali,5.005
dissaper,5.005
steir,5.005
phylosoph,5.005
beh,5.005
ulyse,5.005
diggin,5.005
patronisingli,5.005
mutlipl,5.005
thewond,5.005
oring,5.005
themajor,5.005
kovu,5.005
hokkaido,5.005
falcor,5.005
coincedent,5.005
533,5.005
babba,5.005
sootbal,5.005
outragi,5.005
10wow,5.005
drabbl,5.005
goku,5.005
spoilersalmost,5.005
playa,5.005
posssibl,5.005
stars10,5.005
squiggl,5.005
kaho,5.005
gaijin,5.005
seab,5.005
incredbl,5.005
beforeh,5.005
peco,5.005
brattish,5.005
innerwork,5.005
guck,5.005
japaneas,5.005
dustbal,5.005
nando,5.005
unperfect,5.005
haunch,5.005
bellvu,5.005
woollen,5.005
storri,5.005
personalit,5.005
theman,5.005
handymen,5.005
unapolaget,5.005
affend,5.005
kurosuk,5.005
tosom,5.005
blt,5.005
ific,5.005
toonami,5.005
beaurocrat,5.005
leasur,5.005
guidenc,5.005
archityp,5.005
heavli,5.005
herand,5.005
bfd,5.005
bou,5.005
dirty,5.005
polynesian,5.005
nead,5.005
definint,5.005
soooooooooooo,5.005
falafel,5.005
tradesman,5.005
conjour,5.005
hightech,5.005
totoru,5.005
g7lvvzj1qj0,5.005
yuko,5.005
chineas,5.005
spoilerso,5.005
mainichi,5.005
rodan,5.005
remnisci,5.005
customiz,5.005
unsucces,5.005
532,5.005
knothol,5.005
guerante,5.005
surrect,5.005
lightshow,5.005
blink,5.003
setup,5.002
injur,4.999
archetyp,4.998
calib,4.998
bias,4.992
suburban,4.991
restrain,4.988
suspicion,4.987
histor,4.984
suspici,4.976
dougla,4.975
approv,4.975
le,4.974
narrat,4.972
chuck,4.970
fierc,4.968
meat,4.968
likewis,4.959
visionari,4.953
speci,4.950
deed,4.943
flashi,4.943
signatur,4.940
unpleas,4.940
slightest,4.936
sidekick,4.929
oppon,4.927
climax,4.927
spawn,4.924
trace,4.924
safeti,4.921
graduat,4.918
inferior,4.916
ludicr,4.915
hack,4.915
startl,4.911
gadget,4.907
visibl,4.905
exhibit,4.896
mate,4.891
detach,4.872
flawlessli,4.871
killer,4.870
handsom,4.867
boast,4.864
habit,4.863
stylist,4.863
trigger,4.858
satisfact,4.857
miseri,4.853
temper,4.848
boil,4.847
gestur,4.845
2004,4.844
factori,4.843
contradict,4.841
impos,4.837
secondari,4.836
shortli,4.835
trail,4.835
redub,4.829
jinb,4.829
52nd,4.829
andnot,4.829
beebop,4.829
androcl,4.829
kuri,4.829
nettl,4.829
whatso,4.829
unvers,4.829
tidili,4.829
profesion,4.829
unmarket,4.829
story1,4.829
bedknob,4.829
wisk,4.829
totorro,4.829
maximun,4.829
miyuzaki,4.829
kitchenett,4.829
sumo,4.829
mab,4.829
samara,4.829
sti,4.829
unexagger,4.829
overexplain,4.829
toshi,4.829
baka,4.829
achild,4.829
acomplet,4.829
200million,4.829
asyou,4.829
animet,4.829
hau,4.829
crinolin,4.829
sensualist,4.829
motil,4.829
murakami,4.829
polytheist,4.829
takahashi,4.829
shortsighted,4.829
charactar,4.829
pinochio,4.829
hairband,4.829
bellvil,4.829
golgo,4.829
obviousley,4.829
wolfish,4.829
excil,4.829
mononk,4.829
6yr,4.829
oftim,4.829
kamiki,4.829
plaint,4.829
qed,4.829
shmaltz,4.829
atreyu,4.829
recommit,4.829
noticebl,4.829
map,4.822
lastli,4.821
labyrinth,4.817
inhuman,4.813
wheel,4.802
proport,4.800
descend,4.798
elderli,4.790
hyster,4.787
spielberg,4.787
respond,4.786
attribut,4.785
moreov,4.781
helpless,4.781
ameli,4.773
internet,4.771
toss,4.770
flee,4.767
trend,4.766
hong,4.766
tape,4.762
exceed,4.761
cake,4.761
absenc,4.760
liberti,4.760
millennium,4.752
mistaken,4.751
butt,4.748
chop,4.745
unsettl,4.741
phantom,4.739
neighborhood,4.738
nut,4.736
extens,4.731
chest,4.725
tip,4.724
terri,4.723
shorter,4.721
strip,4.721
bowl,4.720
lynch,4.714
uncl,4.707
primari,4.705
compleat,4.704
liddel,4.704
hie,4.704
sabi,4.704
neccessarili,4.704
wabi,4.704
dandelion,4.704
immodest,4.704
imagineri,4.704
interesting,4.704
riverb,4.704
buti,4.704
francophon,4.704
circ,4.704
miyaki,4.704
mothra,4.704
welli,4.704
10charact,4.704
verison,4.704
redraw,4.704
somani,4.704
screechingli,4.704
sketchbook,4.704
kuro,4.704
nieghbour,4.704
asur,4.704
theatur,4.704
atrium,4.704
nik,4.704
pareil,4.704
japans,4.704
freighten,4.704
inuyasha,4.704
bottleneck,4.704
roald,4.704
story3,4.704
dilemma,4.700
clone,4.699
dealt,4.697
harrow,4.692
leap,4.685
farmer,4.680
confirm,4.679
literatur,4.678
mill,4.675
suppli,4.675
3rd,4.669
usa,4.669
lengthi,4.666
verbal,4.665
alright,4.664
verdict,4.657
profit,4.655
legaci,4.648
tackl,4.644
16,4.640
exhaust,4.639
coincid,4.635
perceiv,4.635
useless,4.633
difficulti,4.631
spread,4.629
announc,4.628
psych,4.625
dictat,4.623
lend,4.616
georg,4.614
rid,4.611
flew,4.610
territori,4.610
adulatori,4.607
poko,4.607
kaze,4.607
kenshin,4.607
clowni,4.607
japanas,4.607
reminis,4.607
sacred,4.607
myfavorit,4.607
japanees,4.607
dinger,4.607
cy,4.607
sibil,4.607
buld,4.607
appolog,4.607
cosset,4.607
carpentar,4.607
kristofferson,4.607
legendarium,4.607
deced,4.607
awond,4.607
sympath,4.593
downright,4.581
viciou,4.579
landmark,4.579
miracl,4.574
portion,4.572
particip,4.572
bland,4.565
18,4.561
echo,4.560
rat,4.560
defi,4.556
chain,4.553
groundbreak,4.549
splendid,4.545
disast,4.537
arrog,4.535
screw,4.530
groundbreakingli,4.528
fromth,4.528
holey,4.528
reorient,4.528
10year,4.528
mirrormask,4.528
collegu,4.528
forse,4.528
mardi,4.528
overag,4.528
ide,4.528
gloor,4.528
crafter,4.528
jigger,4.528
mutch,4.528
singalong,4.528
haiku,4.528
overconsumpt,4.528
clearcut,4.528
vicer,4.528
smite,4.528
burtonesqu,4.528
excentr,4.528
emet,4.528
rose,4.526
blast,4.518
twelv,4.504
peak,4.500
pro,4.499
laughabl,4.497
silver,4.496
collabor,4.495
monkey,4.491
lifestyl,4.479
fatal,4.473
program,4.470
acknowledg,4.467
ralph,4.465
influenti,4.462
storyi,4.461
hahah,4.461
macross,4.461
thr,4.461
inu,4.461
luscious,4.461
serbia,4.461
hisashi,4.461
berlinal,4.461
sayonara,4.461
evangelion,4.461
perfer,4.461
mongol,4.461
luminos,4.461
braincel,4.461
uncertainli,4.461
nutcrack,4.461
sludgi,4.461
arigato,4.461
domo,4.461
cardiff,4.461
otherworldi,4.461
argueabl,4.461
aclaim,4.461
biped,4.461
thither,4.461
reduc,4.456
recreat,4.451
fist,4.449
shout,4.446
victori,4.441
buzz,4.429
alli,4.428
1990,4.424
zero,4.417
20th,4.416
indian,4.413
naiv,4.408
kiss,4.406
repetit,4.404
recom,4.403
wizzard,4.403
animat,4.403
adlib,4.403
folktal,4.403
eateri,4.403
bildungsroman,4.403
busy,4.403
bather,4.403
whiniest,4.403
10yr,4.403
pullman,4.403
cindi,4.403
workhous,4.403
underpass,4.403
bbc2,4.403
alltogeth,4.403
magritt,4.403
digitis,4.403
passpopcorn,4.403
cleanest,4.403
mictur,4.403
10thank,4.403
aver,4.403
brand,4.398
sold,4.397
devast,4.392
opera,4.391
swear,4.390
braveheart,4.385
explod,4.384
mechan,4.383
impecc,4.377
dri,4.372
ambit,4.372
crucial,4.368
bone,4.366
oversentiment,4.352
contigu,4.352
archway,4.352
subtlti,4.352
film4,4.352
katsuhiro,4.352
humung,4.352
ingrat,4.352
inthi,4.352
aquaint,4.352
swimmingli,4.352
descib,4.352
inorgan,4.352
ursula,4.352
glade,4.352
monsoon,4.352
idiomat,4.352
expens,4.348
despair,4.341
percept,4.341
chair,4.337
wed,4.325
plane,4.322
cinematograph,4.321
antagonist,4.316
sinist,4.313
contriv,4.308
trailor,4.306
1000th,4.306
errr,4.306
afilm,4.306
mistransl,4.306
laze,4.306
bloodsuck,4.306
suchlik,4.306
bulbou,4.306
megalopoli,4.306
delia,4.306
overstimul,4.306
bunyan,4.306
boooor,4.306
basin,4.306
disjunct,4.306
raccoon,4.306
midsumm,4.306
scheme,4.280
distanc,4.273
finger,4.270
dispair,4.265
finali,4.265
watercolor,4.265
maven,4.265
pom,4.265
soundbit,4.265
phile,4.265
uppercut,4.265
boop,4.265
dahl,4.265
covey,4.265
betamax,4.265
disneyesqu,4.265
lowdown,4.265
checkbox,4.265
satoshi,4.265
bendingli,4.265
referr,4.265
noteabl,4.265
entomb,4.265
hatr,4.256
bag,4.239
band,4.229
gomorrah,4.227
onir,4.227
cheshir,4.227
hightail,4.227
cappola,4.227
unbeaten,4.227
maryland,4.227
tenuous,4.227
monet,4.227
eno,4.227
pseud,4.227
admonit,4.227
labrador,4.227
56th,4.227
outof,4.227
stewardship,4.227
loll,4.227
187,4.227
bucketload,4.227
afield,4.227
westernis,4.227
yesprofan,4.227
paralel,4.227
supposedli,4.225
debat,4.221
contact,4.214
theatric,4.213
smith,4.205
mid,4.198
combat,4.194
franc,4.194
stroy,4.192
workaday,4.192
tani,4.192
abba,4.192
rebut,4.192
conspiratori,4.192
chopstick,4.192
minimis,4.192
ponytail,4.192
kenji,4.192
dvr,4.192
screamingli,4.192
npr,4.192
hamfist,4.192
bejeezu,4.192
jabberwocki,4.192
split,4.175
photograph,4.175
oppos,4.167
sheerli,4.160
wouldv,4.160
foliag,4.160
cruddi,4.160
baptis,4.160
defac,4.160
restlessli,4.160
postmodernist,4.160
proov,4.160
engrossingli,4.160
spool,4.160
gra,4.160
phone,4.152
n,4.148
boat,4.145
davi,4.139
heavili,4.134
ls075552387,4.130
harpi,4.130
wiri,4.130
glob,4.130
fetid,4.130
greedili,4.130
hugest,4.130
thrift,4.130
impud,4.130
whoah,4.130
exhum,4.130
malefic,4.130
emerg,4.124
heroic,4.116
credibl,4.105
guaranti,4.102
crabbi,4.102
hominid,4.102
economist,4.102
dosn,4.102
zipper,4.102
yen,4.102
muggl,4.102
no1,4.102
funhous,4.102
chekhov,4.102
twofold,4.102
10qualiti,4.102
dorado,4.102
devoutli,4.102
infinitesim,4.102
patient,4.099
kidnap,4.096
metal,4.090
etern,4.086
treatment,4.079
price,4.079
capper,4.076
handcraft,4.076
totter,4.076
slovenli,4.076
jimi,4.076
ls054808375,4.076
ugoku,4.076
purloin,4.076
theather,4.076
slowdown,4.076
adjoin,4.076
sexless,4.076
unproduct,4.076
staf,4.076
dainti,4.076
revu,4.076
lilli,4.076
turnov,4.076
workman,4.076
mkjokvqlsb,4.076
workmanship,4.076
raw,4.069
glori,4.057
screechi,4.051
seiji,4.051
emers,4.051
eek,4.051
30am,4.051
nickelodeon,4.051
showpiec,4.051
avian,4.051
mn,4.051
occident,4.051
ryu,4.051
dahmer,4.051
outsiz,4.051
unlearn,4.051
bathrob,4.051
glibli,4.051
lotr,4.038
odyssey,4.038
dirti,4.036
intruig,4.028
volumin,4.028
whinni,4.028
shiro,4.028
yucki,4.028
dumpi,4.028
vagari,4.028
waken,4.028
spongebob,4.028
ls070242495,4.028
memoris,4.028
lushli,4.028
smoke,4.026
sword,4.023
ruthless,4.015
bopper,4.005
altho,4.005
bubblegum,4.005
drek,4.005
autonom,4.005
projectil,4.005
kimono,4.005
longish,4.005
ed,3.987
headfirst,3.984
unif,3.984
mai,3.984
typhoon,3.984
barker,3.984
jitter,3.984
passageway,3.984
hierarch,3.984
squawk,3.984
doctor,3.967
uhh,3.964
championangel,3.964
intelligentsia,3.964
ryunosuk,3.964
headless,3.964
gander,3.964
112,3.964
caract,3.964
triplet,3.964
altitud,3.964
sitter,3.964
method,3.951
satir,3.946
ignorantli,3.945
avidli,3.945
mountainsid,3.945
atari,3.945
unsupport,3.945
trove,3.945
unrestrict,3.945
attrit,3.945
relaunch,3.945
hunter,3.945
murder,3.939
bat,3.937
trilog,3.930
circumst,3.929
genera,3.926
shifter,3.926
hauru,3.926
ew,3.926
awww,3.926
hemispher,3.926
mindbend,3.926
moiv,3.926
coralin,3.926
jostl,3.926
unannounc,3.926
slavic,3.926
axel,3.926
bamboozl,3.926
cuisin,3.926
bazillion,3.926
avarici,3.926
unguard,3.926
endearingli,3.926
tens,3.922
uncultur,3.908
hendrix,3.908
puzzlement,3.908
beatrix,3.908
crayon,3.908
healthier,3.908
standstil,3.908
heaviest,3.908
gromit,3.908
flighti,3.908
chump,3.908
unlikeliest,3.908
stank,3.908
app,3.908
spoilersthi,3.908
manichean,3.908
interst,3.891
unherald,3.891
md,3.891
buffer,3.891
broomstick,3.891
beak,3.891
babysitt,3.891
tired,3.891
replac,3.890
hire,3.876
mmm,3.875
ow,3.875
consecr,3.875
vase,3.875
toughen,3.875
germ,3.875
tactil,3.875
libido,3.875
blandli,3.859
development,3.859
128,3.859
dion,3.859
confetti,3.859
gaggl,3.859
elain,3.859
sellout,3.859
kungfu,3.859
sodom,3.859
crowd,3.859
fox,3.845
abstain,3.844
waaaay,3.844
sinker,3.844
inexpress,3.844
forefath,3.844
seer,3.844
turvi,3.844
weapon,3.838
ray,3.834
ass,3.833
prickli,3.829
monopol,3.829
takeshi,3.829
herb,3.829
rpg,3.829
viz,3.829
obstin,3.829
meth,3.829
blindingli,3.829
rape,3.826
listless,3.815
geni,3.815
teapot,3.815
outpour,3.815
fallow,3.815
popey,3.815
2hour,3.815
misbehav,3.815
tween,3.815
bradburi,3.801
bun,3.801
witchcraft,3.801
eros,3.801
grub,3.801
dirg,3.801
oversimplif,3.801
giver,3.801
autograph,3.801
undisciplin,3.801
movingli,3.801
psychoanalyt,3.801
airbend,3.801
factli,3.788
saucer,3.788
wen,3.788
overhaul,3.788
practition,3.788
courteou,3.788
saver,3.788
topsi,3.788
steadfastli,3.775
erik,3.775
uncr,3.775
vibrantli,3.775
berth,3.775
cleavag,3.775
videogam,3.775
kamikaz,3.775
academia,3.775
wold,3.775
duper,3.775
transvestit,3.775
dolt,3.775
idiom,3.775
command,3.773
70,3.766
constant,3.765
kinki,3.762
morsel,3.762
ummm,3.762
gaiman,3.762
darksid,3.762
pork,3.762
gobsmack,3.762
mover,3.762
103,3.762
particulari,3.762
leeri,3.762
falsifi,3.762
profession,3.759
waster,3.750
pleasingli,3.750
beastli,3.750
grope,3.750
ying,3.750
plum,3.750
teammat,3.750
stodgi,3.738
origami,3.738
villai,3.738
kiddo,3.738
throng,3.738
mound,3.738
henson,3.738
congeni,3.738
mulan,3.738
hobbl,3.738
slander,3.738
civil,3.737
farthest,3.727
plush,3.727
yummi,3.727
safeguard,3.727
smelli,3.727
atlanti,3.727
quench,3.727
enviabl,3.727
abit,3.727
bloodlust,3.727
condit,3.719
tex,3.715
aint,3.715
lotta,3.715
increment,3.715
multicultur,3.715
aptitud,3.715
cantones,3.715
termin,3.709
175,3.704
fang,3.704
reassembl,3.704
pungent,3.704
prettier,3.704
hijink,3.704
fece,3.704
plothol,3.704
rote,3.704
footprint,3.704
precaut,3.704
beati,3.704
dearth,3.704
chri,3.695
wordplay,3.694
indigen,3.694
v,3.693
herzog,3.683
bedazzl,3.683
layman,3.683
widest,3.683
particl,3.683
precipic,3.683
conservat,3.683
oath,3.683
arthous,3.683
slop,3.683
intermix,3.683
bc,3.683
wittic,3.683
thanx,3.673
hearted,3.673
writ,3.673
hoodwink,3.673
servitud,3.673
excitingli,3.673
woodland,3.673
108,3.673
bergen,3.673
protrud,3.673
tragedi,3.665
meagr,3.663
dovetail,3.663
consign,3.663
aww,3.663
kindl,3.663
spotti,3.663
uninform,3.663
plotless,3.653
unasham,3.653
tenet,3.653
hitter,3.653
philippin,3.653
sniffl,3.653
jobless,3.653
stench,3.653
unmotiv,3.653
jive,3.653
1200,3.653
lackey,3.644
golli,3.644
swansong,3.644
knockoff,3.644
sneaker,3.644
carer,3.644
pocahonta,3.644
oxford,3.644
wack,3.634
tha,3.634
tosh,3.634
senc,3.634
someplac,3.634
richard,3.633
preliminari,3.625
motherhood,3.625
unmitig,3.625
glisten,3.625
egoist,3.625
primer,3.625
madagascar,3.625
flashback,3.622
inextric,3.616
turnaround,3.616
monik,3.616
sheik,3.616
tolkien,3.613
accent,3.608
modestli,3.607
ennui,3.607
whet,3.607
reignit,3.607
reshap,3.607
nitti,3.607
stripper,3.607
banquet,3.607
parenthood,3.607
putrid,3.607
pallet,3.607
superhero,3.600
voraci,3.599
uncal,3.599
reinstat,3.599
bedtim,3.599
travail,3.599
reali,3.599
liven,3.599
scoobi,3.599
kanji,3.599
barefoot,3.599
languish,3.599
psychoanalysi,3.590
maroon,3.590
earnestli,3.590
paragon,3.590
tablet,3.590
med,3.590
naught,3.590
honcho,3.590
rainstorm,3.590
waysid,3.590
soni,3.590
undiscov,3.590
southeast,3.590
upstand,3.590
flung,3.590
disprov,3.590
slob,3.582
mak,3.582
grad,3.582
gulp,3.582
steven,3.578
british,3.578
f,3.576
crow,3.575
teeni,3.574
mainland,3.574
dorki,3.574
lantern,3.574
mime,3.574
leash,3.574
unengag,3.574
premium,3.574
precipit,3.566
fascinatingli,3.566
antiwar,3.566
comfi,3.566
whiff,3.566
unceremoni,3.566
drudgeri,3.566
clamor,3.566
synch,3.566
fantasia,3.558
delect,3.558
clive,3.558
dint,3.558
contemptu,3.558
cretin,3.558
stephen,3.557
mortar,3.550
pamper,3.550
buddha,3.550
empor,3.550
tsunami,3.550
charmer,3.550
stratospher,3.550
elig,3.550
picket,3.543
fanbas,3.543
warmer,3.543
luca,3.542
tower,3.541
mainstay,3.535
homogen,3.535
sift,3.535
sushi,3.535
automaton,3.535
pusher,3.535
sewn,3.535
premonit,3.535
vy,3.528
bolder,3.528
rung,3.528
sheesh,3.528
cuff,3.528
picasso,3.528
stockholm,3.521
dearest,3.521
nil,3.521
5000,3.521
piggi,3.521
auditori,3.521
ts,3.521
looney,3.521
tan,3.521
tutelag,3.521
caress,3.514
infrastructur,3.514
predestin,3.514
avalanch,3.514
lagsreview,3.514
castrat,3.514
pastel,3.514
existenz,3.514
mindlessli,3.514
uproot,3.514
explic,3.507
flu,3.507
languid,3.507
pulpi,3.507
platon,3.500
grudgingli,3.500
gentler,3.500
iconoclast,3.500
squeak,3.500
quot,3.495
madcap,3.493
willpow,3.493
curmudgeon,3.493
fuzz,3.493
prowl,3.493
acadami,3.487
speck,3.487
fluidli,3.487
reinvigor,3.487
presumpt,3.487
hokum,3.487
analyst,3.487
godli,3.480
counteract,3.480
ostentati,3.480
affluent,3.480
aftertast,3.480
definitli,3.480
doubli,3.480
undertaken,3.480
anti,3.480
shawshank,3.477
10rate,3.474
synthesi,3.474
top250,3.474
foley,3.474
dote,3.468
backsid,3.468
graciou,3.468
druggi,3.468
outgo,3.468
wacko,3.468
cottag,3.468
scant,3.468
leader,3.465
schmidt,3.461
someway,3.461
smoother,3.461
archaic,3.461
wager,3.461
metacrit,3.461
necessit,3.461
cabaret,3.461
bewitch,3.461
isao,3.455
takahata,3.455
proprietor,3.455
postpon,3.455
rubi,3.455
vivaci,3.455
rustic,3.455
superimpos,3.455
displeas,3.455
repay,3.449
sequal,3.449
blender,3.449
bummer,3.449
splendour,3.449
intang,3.449
platter,3.449
invert,3.449
defer,3.443
barg,3.443
outbreak,3.443
worldview,3.443
ohio,3.443
cinematographi,3.440
pact,3.437
unyield,3.437
nevermind,3.437
opaqu,3.437
protocol,3.437
disbeliev,3.437
populist,3.437
disaffect,3.437
wicked,3.437
tough,3.437
ebb,3.431
inflect,3.431
unwilling,3.431
1937,3.431
matine,3.431
surmis,3.431
mommi,3.431
wich,3.426
feral,3.426
68,3.426
succinctli,3.426
scarili,3.426
nugget,3.426
dispassion,3.426
sniff,3.426
cr,3.426
franchis,3.422
procur,3.420
strait,3.420
squalor,3.420
tim,3.415
diss,3.414
hoo,3.414
fratern,3.414
irreplac,3.414
jone,3.412
quiver,3.409
unfound,3.409
eject,3.409
knowingli,3.409
shimmer,3.409
exclam,3.409
habitu,3.409
invers,3.409
infrequ,3.403
dane,3.403
panick,3.403
incent,3.403
sharpen,3.403
chasm,3.403
wedg,3.398
hind,3.398
whop,3.398
martian,3.393
poorer,3.393
tidal,3.393
uniniti,3.393
breezi,3.393
tile,3.393
undergon,3.393
laudabl,3.393
grime,3.387
epoch,3.387
workplac,3.387
millenium,3.387
bitchi,3.387
iconographi,3.387
irrevers,3.382
glean,3.382
torrent,3.382
revil,3.382
cassett,3.377
bowel,3.372
clair,3.372
recurr,3.372
gl,3.367
dilapid,3.367
iota,3.367
allevi,3.367
phallic,3.367
debri,3.367
pastor,3.367
bakshi,3.362
furnish,3.362
amen,3.362
matern,3.362
gladiatori,3.362
rene,3.362
entrap,3.362
calcif,3.357
shack,3.357
opium,3.357
raptur,3.357
needi,3.357
werner,3.357
delicaci,3.357
conglomer,3.357
bladder,3.352
compli,3.352
whimper,3.352
narnia,3.352
keyboard,3.352
threshold,3.352
segu,3.347
brighten,3.347
hangov,3.347
indistinguish,3.347
altruist,3.347
red,3.343
mack,3.343
hedonist,3.343
avert,3.343
stump,3.343
slug,3.338
recomend,3.338
proxim,3.338
hubri,3.333
friggin,3.333
unfocus,3.333
throughli,3.333
needn,3.333
nari,3.333
o,3.329
gulf,3.329
airborn,3.329
deris,3.329
disson,3.329
credenc,3.329
reproach,3.324
cyber,3.324
ism,3.324
poop,3.324
cranki,3.324
remembr,3.324
affili,3.320
snag,3.320
tiniest,3.320
mismatch,3.320
revit,3.320
pm,3.320
luster,3.315
fervor,3.315
discord,3.315
geez,3.315
adorn,3.315
overprotect,3.315
backyard,3.315
unwillingli,3.315
psycholog,3.311
boundless,3.311
german,3.310
moreso,3.306
nicer,3.306
streamlin,3.306
zarathustra,3.302
unev,3.302
derelict,3.302
unicorn,3.302
abhorr,3.298
sylvia,3.298
unbridl,3.298
pigeon,3.298
catalogu,3.294
unend,3.294
haze,3.294
mansel,3.294
nonlinear,3.294
stallion,3.294
hk,3.294
panther,3.294
1961,3.294
meager,3.294
revamp,3.289
uninvolv,3.289
impenetr,3.289
piqu,3.289
bi,3.289
impair,3.289
wraith,3.289
recipi,3.285
rundown,3.285
mindblow,3.285
aimlessli,3.285
outwardli,3.285
fawn,3.285
46,3.285
rectifi,3.285
enraptur,3.281
symbolis,3.281
vie,3.281
variabl,3.281
fertil,3.277
inquisit,3.277
sadder,3.277
tantal,3.277
squeaki,3.277
figment,3.277
respit,3.273
innocu,3.273
continuum,3.273
repertoir,3.269
irk,3.269
oversea,3.269
hearti,3.269
featurett,3.269
contamin,3.269
nietzsch,3.269
befuddl,3.269
evenli,3.269
chap,3.265
doo,3.265
inferno,3.265
portent,3.265
sculpt,3.265
feudal,3.261
schmaltz,3.261
hazi,3.261
sinner,3.261
petrifi,3.257
lineup,3.257
nigh,3.257
sorcer,3.257
dispel,3.257
mangl,3.257
overse,3.253
jumbo,3.253
sooooo,3.253
17th,3.249
humanoid,3.249
flabbergast,3.249
unneed,3.249
reciev,3.249
undoubt,3.249
hunch,3.249
yesteryear,3.249
ti,3.249
citadel,3.246
titil,3.246
concess,3.246
aimless,3.246
banner,3.246
opul,3.246
arduou,3.246
mawkish,3.246
insuffer,3.242
anachronist,3.242
slogan,3.242
reprehens,3.242
discret,3.238
lumber,3.238
lamp,3.238
benefici,3.238
godard,3.238
es,3.234
gutsi,3.234
jeopardi,3.234
goddess,3.234
instig,3.234
woefulli,3.234
clumsili,3.234
25th,3.234
tidbit,3.234
forewarn,3.234
spook,3.231
regal,3.231
kilter,3.231
curl,3.227
explanatori,3.227
aplenti,3.227
obedi,3.227
prank,3.227
deplor,3.224
fumbl,3.224
vener,3.224
conan,3.224
disarm,3.224
idiosyncrasi,3.224
steadfast,3.220
goo,3.220
anticlimact,3.220
mona,3.220
gleam,3.216
insurmount,3.216
incredul,3.216
rode,3.216
15th,3.216
plaster,3.216
ardent,3.216
terrifyingli,3.216
upstair,3.213
genesi,3.213
thee,3.213
disinterest,3.213
softer,3.213
flexibl,3.213
inconveni,3.213
auction,3.213
queue,3.209
overrun,3.209
yacht,3.209
mutat,3.209
heartedli,3.209
cop,3.208
conservatori,3.206
lucr,3.206
wimpi,3.203
throwaway,3.203
daft,3.203
yup,3.203
miner,3.199
misus,3.199
aloud,3.199
monotoni,3.196
conspicu,3.196
midwest,3.196
innumer,3.196
unlock,3.196
sanit,3.196
muppet,3.196
8th,3.192
sissi,3.192
linklat,3.189
unsurprisingli,3.189
ne,3.189
videotap,3.189
embarrassingli,3.189
outward,3.189
throb,3.189
interchang,3.186
overview,3.186
bluntli,3.186
mischief,3.182
deliri,3.182
creepiest,3.182
stomp,3.182
anthropomorph,3.182
wither,3.179
lent,3.179
authorit,3.179
lui,3.179
advert,3.179
mellow,3.179
gun,3.177
advent,3.176
definetli,3.176
exasper,3.176
unadulter,3.176
filmgoer,3.173
cower,3.170
prejud,3.170
overst,3.170
defiant,3.170
omnipres,3.170
displac,3.170
sensori,3.166
glitch,3.166
astoundingli,3.166
cuddli,3.166
breadth,3.163
wynn,3.163
newfound,3.163
femin,3.163
truer,3.163
neglig,3.163
disposit,3.160
steeli,3.160
regul,3.157
awkwardli,3.157
gargantuan,3.157
unspoken,3.157
rusti,3.157
survey,3.157
10http,3.157
indisput,3.157
nuff,3.157
97,3.154
discredit,3.154
endeavour,3.151
sickli,3.151
idiosyncrat,3.151
projector,3.148
whichev,3.148
wasnt,3.148
quarrel,3.148
confound,3.148
eater,3.148
panoram,3.145
comer,3.145
cinderella,3.145
submerg,3.142
downplay,3.142
bobafett1138,3.142
fledg,3.142
denomin,3.139
groceri,3.139
shabbi,3.139
dolbi,3.139
frown,3.136
fur,3.136
correl,3.136
ditto,3.136
reborn,3.136
enamor,3.136
rife,3.136
madam,3.133
cutesi,3.133
publicli,3.133
bundl,3.130
steroid,3.130
har,3.130
defici,3.130
pornograph,3.130
pedest,3.130
godzilla,3.130
pragmat,3.127
endang,3.127
disclaim,3.127
quaint,3.125
pastich,3.125
wane,3.125
shoddi,3.125
feedback,3.125
celin,3.122
gung,3.122
naughti,3.119
sociolog,3.119
loung,3.119
yay,3.116
intermin,3.116
wagner,3.116
dodgi,3.116
anxious,3.116
soooo,3.116
puke,3.116
cinephil,3.116
scent,3.116
picturesqu,3.116
recess,3.113
cart,3.113
invigor,3.113
dishonest,3.113
outsmart,3.113
dessert,3.113
summaris,3.110
supplement,3.110
overdu,3.110
tranc,3.110
tension,3.109
recap,3.108
befit,3.108
mermaid,3.108
folli,3.108
acrobat,3.108
bearabl,3.108
eclect,3.105
villian,3.105
avenu,3.105
haul,3.105
aussi,3.102
errat,3.102
painstakingli,3.102
rigor,3.100
loaf,3.100
goddamn,3.097
averi,3.097
sneaki,3.097
quicker,3.097
sporad,3.097
silhouett,3.097
oddbal,3.094
upward,3.094
rollercoast,3.094
ghastli,3.094
punchlin,3.092
subvert,3.092
cuz,3.092
avers,3.092
juici,3.092
roommat,3.089
log,3.089
thinli,3.089
stabil,3.086
thump,3.086
baptism,3.086
hash,3.086
gruel,3.086
annoyingli,3.086
railway,3.086
den,3.084
unlimit,3.084
94,3.084
thesi,3.084
norwegian,3.081
vcr,3.081
merchant,3.081
toddler,3.081
vanilla,3.081
motto,3.078
counti,3.076
shook,3.073
dictionari,3.073
venom,3.073
wildest,3.073
uniti,3.071
dwarv,3.071
anecdot,3.071
pinch,3.071
moralist,3.071
antiqu,3.071
domain,3.071
insipid,3.071
unto,3.068
betti,3.068
chalk,3.068
unfunni,3.066
winc,3.066
dant,3.066
unbreak,3.066
pluck,3.066
graini,3.066
dice,3.063
diverg,3.063
vapid,3.063
requisit,3.063
trashi,3.061
condescend,3.061
vicari,3.061
valiant,3.061
sunlight,3.061
usher,3.058
bruckheim,3.058
bandwagon,3.058
trough,3.058
seep,3.058
supris,3.058
dune,3.056
slack,3.056
multiplex,3.056
tangent,3.053
onscreen,3.053
glide,3.053
chore,3.053
committe,3.051
superpow,3.051
bloke,3.051
ecstat,3.046
disservic,3.046
googl,3.044
rethink,3.044
excruciatingli,3.044
ness,3.044
shear,3.044
stride,3.044
divulg,3.044
tickl,3.044
85,3.042
champ,3.042
yea,3.039
defenc,3.039
straw,3.039
awestruck,3.037
lofti,3.037
rice,3.037
commonplac,3.032
infant,3.032
tapestri,3.030
permiss,3.030
gratitud,3.030
stroll,3.030
judici,3.028
darl,3.028
yank,3.028
grandma,3.025
superhuman,3.025
swiftli,3.025
glossi,3.025
crafti,3.023
divert,3.021
decapit,3.021
splendidli,3.021
lair,3.021
thirteen,3.021
rabid,3.019
paraphras,3.016
slept,3.016
fountain,3.016
sophomor,3.016
undo,3.014
bethani,3.014
imprint,3.012
fearsom,3.012
idyl,3.012
groan,3.012
accommod,3.010
tow,3.010
unintellig,3.010
innuendo,3.007
naturalist,3.007
120,3.007
unfairli,3.005
tacki,3.005
reconsid,3.005
peep,3.003
hobbi,3.003
um,3.001
rebirth,3.001
10th,3.001
hartman,3.001
quo,3.001
solitud,2.999
showi,2.999
disfigur,2.999
palat,2.999
empathis,2.997
entangl,2.997
amalgam,2.997
shrug,2.992
erot,2.992
bloodbath,2.990
oft,2.990
diana,2.990
slay,2.990
dud,2.990
skew,2.990
breathtakingli,2.988
takashi,2.988
melanchol,2.986
easiest,2.984
einstein,2.982
nameless,2.980
escapist,2.980
puppi,2.980
lucid,2.980
consol,2.978
cloak,2.978
feisti,2.978
yield,2.978
escort,2.976
aficionado,2.976
emin,2.976
burger,2.976
sensual,2.974
fixat,2.972
unwant,2.972
distrust,2.972
shelli,2.972
poll,2.972
henchman,2.970
bribe,2.970
wholeheartedli,2.970
ancestor,2.970
slew,2.968
gosh,2.968
omg,2.966
interspers,2.966
longtim,2.964
dungeon,2.964
carpet,2.964
plotlin,2.962
endors,2.962
stain,2.960
rigid,2.960
trophi,2.960
refreshingli,2.958
victorian,2.958
detriment,2.958
shakespearean,2.958
excruci,2.956
sheet,2.956
hmmm,2.956
chef,2.956
transpar,2.956
herein,2.954
prohibit,2.954
cough,2.952
distast,2.952
brighter,2.952
sceptic,2.952
800,2.950
42,2.950
gen,2.950
ritual,2.948
hbo,2.948
smartli,2.948
tube,2.948
midway,2.947
transmit,2.947
repel,2.947
allegedli,2.947
panach,2.947
temporari,2.945
glue,2.945
unsuspect,2.945
reconstruct,2.945
recaptur,2.943
rack,2.943
plug,2.943
chock,2.943
sulli,2.941
darken,2.939
visitor,2.939
irrespons,2.939
mug,2.939
abid,2.937
wiser,2.937
logo,2.937
innat,2.935
fuse,2.935
bigot,2.935
offbeat,2.935
medicin,2.933
heavenli,2.933
meter,2.933
disori,2.932
tout,2.932
wherein,2.930
contradictori,2.928
mash,2.928
awri,2.928
permit,2.928
hindsight,2.926
nt,2.926
leisur,2.926
tangl,2.926
sync,2.924
defect,2.924
hover,2.923
conceit,2.923
jumbl,2.923
carefre,2.923
societ,2.923
unmistak,2.923
tho,2.921
peek,2.919
penchant,2.919
dismal,2.919
feebl,2.917
templat,2.917
unwatch,2.917
satan,2.917
hay,2.915
suburbia,2.915
catapult,2.912
catalyst,2.912
vu,2.912
intrud,2.912
esp,2.908
brow,2.908
bestow,2.908
sampl,2.907
oldest,2.907
ounc,2.905
rainbow,2.905
wari,2.903
lag,2.903
fewer,2.903
rap,2.903
homeless,2.902
bait,2.902
hmm,2.900
korea,2.900
deviou,2.900
psychedel,2.898
selv,2.898
eclips,2.896
andr,2.895
caf,2.895
runaway,2.895
thou,2.893
treacher,2.893
behalf,2.893
hapless,2.893
swan,2.891
radiat,2.891
technicolor,2.891
faultless,2.891
postur,2.891
pc,2.890
memoir,2.890
inflat,2.890
proudli,2.888
virginia,2.886
clarifi,2.886
rapist,2.886
thirst,2.886
steril,2.885
narcot,2.885
florida,2.883
discourag,2.883
cleaner,2.883
rewind,2.881
branch,2.880
incompar,2.877
reassur,2.877
differenti,2.877
brute,2.875
lap,2.875
catharsi,2.875
fortress,2.875
lament,2.875
mise,2.875
misfit,2.872
shaken,2.872
poignanc,2.872
ovat,2.872
intermiss,2.872
dot,2.872
implant,2.872
dusti,2.872
rot,2.870
belli,2.869
merchandis,2.869
fieri,2.869
cox,2.867
disturbingli,2.867
incorrect,2.867
crank,2.867
strengthen,2.865
bid,2.865
everytim,2.862
glove,2.862
pacif,2.861
compound,2.859
northern,2.858
guidanc,2.856
gillian,2.856
stud,2.855
bye,2.855
materialist,2.853
disrupt,2.850
distinctli,2.850
flare,2.850
labour,2.850
crescendo,2.850
bafta,2.848
simplest,2.847
cannib,2.847
deciph,2.847
headach,2.847
sock,2.845
drab,2.845
taglin,2.845
audit,2.845
earliest,2.845
farewel,2.845
goos,2.844
estim,2.844
macabr,2.844
bee,2.842
categor,2.842
trope,2.842
malevol,2.842
falter,2.842
27,2.841
exemplari,2.841
thorough,2.839
400,2.839
stabl,2.837
strangl,2.835
nit,2.835
fluff,2.835
eg,2.835
ralli,2.835
orchestra,2.834
cooki,2.832
palac,2.832
amid,2.832
resign,2.831
elus,2.831
satisfactori,2.829
murki,2.829
shini,2.826
applic,2.826
freeli,2.825
clerk,2.825
commonli,2.823
erupt,2.823
dug,2.823
uncontrol,2.821
overboard,2.821
jame,2.820
engulf,2.819
persecut,2.819
harmless,2.818
morph,2.818
ballet,2.818
laps,2.816
sprinkl,2.816
saddest,2.816
captor,2.814
ol,2.814
zombi,2.812
outset,2.812
paramount,2.812
disastr,2.811
exorcist,2.811
yep,2.811
tourist,2.811
obscen,2.809
delay,2.808
razor,2.808
ach,2.808
passeng,2.807
signifi,2.805
irresist,2.804
superflu,2.804
imper,2.804
subvers,2.803
satur,2.801
seiz,2.800
barn,2.800
overton,2.800
malkovich,2.798
saito,2.798
pave,2.797
allus,2.797
prioriti,2.797
simul,2.796
uh,2.796
interfer,2.796
earnest,2.796
retel,2.794
lunch,2.793
formal,2.793
vacat,2.792
prolong,2.792
knockout,2.792
jeffrey,2.792
spectacularli,2.790
muslim,2.790
joint,2.789
financ,2.788
pad,2.787
disillus,2.787
flamboy,2.784
unpreced,2.784
hai,2.783
bucket,2.779
surf,2.775
instil,2.775
cooler,2.774
misunderstand,2.774
vista,2.772
dubiou,2.772
invok,2.770
frenet,2.767
galact,2.767
lighten,2.766
lightli,2.766
bewild,2.766
scum,2.766
allur,2.764
bind,2.764
footstep,2.764
corn,2.762
peel,2.761
underlin,2.761
liquid,2.761
daddi,2.760
garland,2.760
exce,2.759
shelf,2.759
endeavor,2.759
thrive,2.759
emotionless,2.757
extinct,2.757
rariti,2.757
streak,2.756
airplan,2.756
romantic,2.756
ranger,2.755
indel,2.755
shorten,2.755
dual,2.754
mega,2.752
stale,2.751
filter,2.750
couch,2.750
brink,2.750
perplex,2.750
exil,2.749
introspect,2.748
largest,2.748
audaci,2.748
parad,2.748
gentlemen,2.746
atroci,2.745
hypocrit,2.743
reinvent,2.743
australia,2.742
melodi,2.738
rewatch,2.738
sarcasm,2.737
referenc,2.737
restraint,2.735
journal,2.733
dens,2.732
recur,2.732
ingenu,2.732
forebod,2.731
hallway,2.731
doug,2.730
dissect,2.730
organis,2.729
seed,2.729
unmatch,2.728
stem,2.727
uncertain,2.725
stanc,2.725
underestim,2.725
phil,2.725
carv,2.724
canva,2.724
inaccur,2.723
chariot,2.723
collector,2.723
starv,2.723
artsi,2.723
dire,2.723
basebal,2.722
resum,2.721
dodg,2.721
filler,2.721
diner,2.718
constitut,2.718
sob,2.718
misguid,2.716
beforehand,2.715
shockingli,2.715
bog,2.715
twilight,2.715
masculin,2.714
abruptli,2.713
ordeal,2.712
medit,2.710
unnecessarili,2.710
elect,2.710
jet,2.709
spontan,2.709
vow,2.708
formid,2.708
lisa,2.708
exemplifi,2.706
laden,2.706
unparallel,2.705
unquestion,2.704
spectrum,2.704
hallow,2.701
cite,2.699
weigh,2.699
articul,2.699
outdon,2.699
prologu,2.699
squeamish,2.697
worthless,2.696
disgrac,2.696
uncertainti,2.695
akin,2.695
julia,2.694
wrongli,2.694
undertak,2.694
freed,2.693
exud,2.693
iq,2.689
closet,2.687
boost,2.686
vain,2.686
anchor,2.685
optim,2.684
submit,2.683
vile,2.682
uncompromis,2.681
mtv,2.681
roughli,2.681
lowest,2.681
margin,2.680
blunt,2.680
skull,2.680
juvenil,2.679
fleet,2.679
deterior,2.678
grit,2.678
rebelli,2.678
sibl,2.676
auteur,2.676
uncanni,2.675
cent,2.675
affirm,2.674
poke,2.672
anonym,2.671
utmost,2.671
dizzi,2.670
hum,2.670
loop,2.670
depriv,2.669
chocol,2.669
tom,2.668
domest,2.668
relish,2.668
er,2.668
expans,2.667
punk,2.667
cowardli,2.667
quibbl,2.665
hater,2.665
heartless,2.663
demeanor,2.663
unintent,2.663
choke,2.662
sh,2.662
ham,2.661
standpoint,2.660
riot,2.660
weaker,2.660
bud,2.659
potent,2.659
unexpectedli,2.657
senior,2.655
orphan,2.655
uninspir,2.655
arrow,2.655
ross,2.651
unstopp,2.651
1992,2.650
africa,2.649
abduct,2.649
chart,2.648
grandios,2.647
francisco,2.647
apt,2.647
mediev,2.646
repress,2.646
mindset,2.646
noteworthi,2.645
conform,2.645
ash,2.644
outright,2.644
cancer,2.644
occup,2.644
fund,2.643
overpow,2.642
paradis,2.641
strand,2.640
substitut,2.640
anguish,2.639
magnitud,2.639
unstabl,2.639
triumphant,2.638
unseen,2.638
bum,2.638
tug,2.637
raid,2.635
soak,2.635
seduc,2.633
schizophren,2.632
fenc,2.632
anniversari,2.631
divin,2.631
attain,2.630
retard,2.630
household,2.629
underwhelm,2.629
sooner,2.623
inclus,2.623
ps,2.623
redefin,2.623
dysfunct,2.622
bitch,2.622
mislead,2.622
unconsci,2.617
significantli,2.614
maze,2.614
soviet,2.614
decemb,2.614
shirt,2.611
strict,2.610
byrn,2.609
rendit,2.609
rapid,2.609
criticis,2.608
inch,2.607
longest,2.607
outfit,2.602
quintessenti,2.602
infiltr,2.601
australian,2.600
mighti,2.600
ridden,2.599
avid,2.599
encompass,2.599
hardest,2.596
maid,2.596
exclus,2.595
catchi,2.591
boom,2.590
unleash,2.590
sale,2.590
goosebump,2.587
walker,2.585
aura,2.583
immigr,2.583
edgi,2.581
shield,2.580
jewel,2.580
proclaim,2.579
specul,2.577
banal,2.575
stray,2.574
mold,2.573
upsid,2.573
dash,2.572
communist,2.572
entitl,2.572
melt,2.570
angst,2.569
bent,2.568
campi,2.568
rambl,2.568
interior,2.567
hip,2.567
shelter,2.566
trauma,2.565
eleven,2.564
yearn,2.563
dwell,2.562
tightli,2.560
1991,2.560
spade,2.560
recogniz,2.559
prospect,2.557
muscl,2.552
hello,2.550
updat,2.548
mastermind,2.547
avatar,2.547
incarn,2.547
bean,2.546
heroism,2.544
closur,2.544
maximum,2.544
vulgar,2.542
conduct,2.542
mode,2.542
incident,2.541
manifest,2.541
enlist,2.541
foreshadow,2.541
interrupt,2.540
flair,2.540
northwest,2.540
turner,2.539
corps,2.539
philip,2.538
prey,2.538
narrow,2.538
gothic,2.537
propel,2.537
frozen,2.536
spiderman,2.536
funnier,2.535
unrel,2.535
yellow,2.535
2013,2.535
radic,2.534
existenti,2.533
nomine,2.533
distort,2.531
furiou,2.530
royal,2.530
appal,2.530
drill,2.528
shaki,2.528
pink,2.528
apolog,2.527
hardcor,2.527
equip,2.525
explicit,2.525
pot,2.524
mansion,2.524
drift,2.523
health,2.522
evalu,2.522
bastard,2.521
sarcast,2.520
blogspot,2.520
delet,2.518
scottish,2.518
4th,2.517
roof,2.517
upcom,2.515
pray,2.515
minimum,2.513
sore,2.512
counterpart,2.512
weari,2.512
pet,2.512
deservedli,2.512
devoid,2.512
vol,2.510
junki,2.510
billion,2.508
boyd,2.508
2012,2.507
publish,2.506
reinforc,2.506
styliz,2.504
prevail,2.504
pierc,2.502
stimul,2.500
afford,2.500
dive,2.499
homosexu,2.495
coolest,2.495
swim,2.493
judgement,2.493
blu,2.493
honour,2.492
bro,2.492
invas,2.491
agenda,2.489
effici,2.489
mundan,2.488
toe,2.487
rhythm,2.485
aforement,2.485
faint,2.483
chew,2.482
aris,2.482
wholli,2.482
reign,2.481
craze,2.480
characteris,2.480
swing,2.480
paradox,2.478
arabia,2.478
counter,2.478
reviv,2.478
host,2.477
fest,2.476
warner,2.476
pour,2.474
whip,2.474
descent,2.473
inject,2.472
gear,2.471
reel,2.470
neil,2.468
peer,2.467
diminish,2.465
jami,2.464
cun,2.462
celluloid,2.462
chaotic,2.461
pill,2.461
juri,2.459
insomnia,2.458
2007,2.456
politician,2.455
overlong,2.454
et,2.454
trooper,2.453
nake,2.450
rant,2.448
2015,2.447
union,2.447
upper,2.445
clash,2.441
pen,2.439
2006,2.439
creep,2.439
loser,2.439
glamor,2.438
rehash,2.434
blank,2.434
fx,2.432
underworld,2.431
juli,2.431
choreographi,2.431
intertwin,2.430
dwarf,2.429
tag,2.427
durat,2.426
gray,2.426
kingdom,2.423
revisit,2.419
unbear,2.418
seller,2.415
caribbean,2.415
california,2.415
sorrow,2.414
boyfriend,2.411
teeth,2.411
fetch,2.406
transfer,2.404
melodramat,2.404
tongu,2.401
thick,2.399
slapstick,2.398
awak,2.395
dawn,2.395
jane,2.391
judi,2.391
distinguish,2.390
enthusiast,2.390
boredom,2.387
showdown,2.384
daisi,2.383
monti,2.382
india,2.381
bu,2.379
gay,2.377
distress,2.374
emphasi,2.374
garner,2.372
cave,2.372
climact,2.372
smash,2.370
drew,2.370
digniti,2.370
repeatedli,2.369
thief,2.367
washington,2.367
keen,2.365
culmin,2.363
bravo,2.363
ethic,2.362
clock,2.360
nois,2.358
1995,2.357
presum,2.357
shakespear,2.356
melodrama,2.356
dinosaur,2.355
troop,2.354
proceed,2.352
buck,2.352
overdon,2.352
empathi,2.351
ensu,2.350
disguis,2.347
underst,2.347
neck,2.347
slap,2.345
fred,2.344
bunni,2.344
connelli,2.342
zone,2.342
launch,2.341
stake,2.341
da,2.341
similarli,2.341
toler,2.337
jonathan,2.336
ala,2.334
cring,2.332
python,2.331
adopt,2.331
bounti,2.327
halfway,2.327
african,2.323
paranoia,2.322
teddi,2.321
occupi,2.321
newspap,2.321
assembl,2.320
promin,2.320
fisher,2.318
viscer,2.317
jerk,2.317
bless,2.316
1940,2.311
wealthi,2.310
revolut,2.309
unravel,2.309
exhilar,2.306
gag,2.305
lust,2.305
row,2.304
trade,2.304
ultra,2.303
financi,2.302
beneath,2.301
pose,2.300
entri,2.297
solut,2.297
composit,2.296
polish,2.294
moon,2.293
propaganda,2.289
exercis,2.288
winter,2.284
plausibl,2.283
vertigo,2.282
patriot,2.278
em,2.278
pursuit,2.277
spi,2.275
confin,2.275
corni,2.274
jurass,2.274
tediou,2.273
premier,2.272
makeup,2.272
drunk,2.271
raider,2.268
shed,2.266
45,2.265
rear,2.262
monologu,2.260
superfici,2.260
cruelti,2.260
miser,2.260
crush,2.259
scientif,2.257
shoulder,2.255
iv,2.254
duel,2.253
strongest,2.253
eas,2.251
torn,2.250
revolutionari,2.246
leagu,2.242
parodi,2.240
furi,2.240
court,2.237
ego,2.237
outrag,2.236
jar,2.232
sexi,2.232
scar,2.226
march,2.226
aspir,2.225
fish,2.224
pride,2.224
mike,2.223
infam,2.221
pressur,2.218
truck,2.216
exchang,2.213
fought,2.212
cash,2.211
gruesom,2.211
wallac,2.210
offici,2.205
jennif,2.202
charismat,2.201
bride,2.200
assign,2.200
thumb,2.200
lean,2.198
franci,2.192
popcorn,2.188
asleep,2.186
globe,2.183
bob,2.182
shark,2.181
portrait,2.179
incid,2.175
occas,2.174
circl,2.167
damag,2.167
racism,2.166
boot,2.163
persona,2.161
burton,2.157
h,2.155
wing,2.153
liner,2.153
kudo,2.148
secur,2.145
engin,2.144
lawrenc,2.143
cheat,2.138
dude,2.138
advantag,2.133
plant,2.126
indiana,2.125
subsequ,2.125
1980,2.124
adam,2.120
casablanca,2.109
anderson,2.107
heat,2.106
horrif,2.103
guilti,2.100
wound,2.100
belov,2.096
taxi,2.094
maggi,2.094
isol,2.087
defend,2.082
stellar,2.074
mirror,2.068
fals,2.068
duval,2.067
reservoir,2.066
pair,2.058
stunt,2.052
gump,2.046
fulfil,2.039
forrest,2.037
partner,2.033
accus,2.030
jew,2.029
rivet,2.025
suicid,2.023
neo,2.005
gut,2.004
ex,1.991
precis,1.984
south,1.982
italian,1.981
sentenc,1.980
cult,1.979
intellectu,1.979
darth,1.965
slave,1.960
betray,1.948
toni,1.945
schindler,1.937
saga,1.923
henri,1.916
angel,1.909
fake,1.909
contribut,1.908
student,1.908
bomb,1.907
gritti,1.907
rage,1.898
abus,1.898
vader,1.896
menac,1.846
clint,1.841
ship,1.817
fellowship,1.814
driver,1.808
husband,1.808
instal,1.801
stanley,1.788
ryan,1.781
kevin,1.777
scott,1.775
detect,1.767
ii,1.765
armi,1.749
l,1.748
victim,1.742
gang,1.731
alfr,1.727
privat,1.714
paul,1.712
empir,1.710
lee,1.703
al,1.695
brad,1.675
machin,1.671
hitchcock,1.669
frank,1.658
soldier,1.628
crimin,1.628
street,1.588
morgan,1.549
kubrick,1.531
bale,1.522
sci,1.489
fi,1.489
jackson,1.451
robert,1.409
