lau,711.326
infern,530.382
affair,417.328
leung,382.246
hong,350.317
mole,332.576
depart,329.228
kong,325.272
triad,300.095
undercov,290.956
yan,266.286
wong,259.528
polic,226.104
cop,221.329
toni,210.080
andi,186.054
remak,154.525
wai,146.446
tsang,145.744
chen,142.472
hk,131.741
scorses,126.181
ming,117.859
chan,110.446
two,98.300
thriller,97.678
both,92.606
chiu,87.651
eric,87.131
ident,86.835
as,85.578
crime,84.280
their,84.080
plot,83.781
film,83.152
charact,82.784
boss,82.453
chines,81.785
s,79.706
sam,79.033
good,78.447
version,75.661
they,75.207
inspector,74.382
mou,71.641
i,70.832
stori,70.757
action,70.379
out,69.402
anthoni,68.892
who,68.699
gaan,68.540
are,68.274
work,68.069
dou,68.059
wa,67.989
side,65.227
hollywood,65.168
mak,64.477
kin,63.331
infiltr,62.432
cheng,62.403
you,61.861
each,61.758
an,61.586
he,61.284
hon,61.139
origin,60.827
gang,60.595
ha,60.502
asian,60.309
more,59.924
other,59.922
movi,59.837
forc,59.187
on,58.752
there,57.744
end,57.392
hi,57.370
scorces,56.509
from,56.369
veri,55.733
well,55.497
keung,54.479
watch,54.272
play,54.172
pace,53.977
which,53.408
not,53.025
scene,53.005
that,52.362
martin,52.123
superintend,52.069
american,52.007
offic,51.973
t,51.808
act,51.550
better,51.404
10,51.394
tension,51.297
gangster,50.889
be,50.772
while,50.595
with,49.996
actor,49.991
at,49.983
one,49.863
have,49.467
but,49.410
bad,49.407
follow,49.157
guy,48.090
no,48.087
by,48.087
cinema,47.967
or,47.495
also,47.390
do,47.057
sp,47.041
realli,46.988
about,46.533
if,46.498
same,46.333
here,46.313
between,46.172
fai,46.127
differ,45.506
can,45.472
much,45.132
we,45.060
lead,45.052
viewer,44.753
been,44.628
mob,44.588
will,44.391
in,44.388
too,44.356
were,43.990
for,43.737
so,43.709
howev,43.680
just,43.290
main,43.230
emot,43.209
wing,43.057
think,42.778
great,42.413
me,42.258
know,42.196
when,41.741
seen,41.644
would,41.607
subtitl,41.576
perform,41.554
see,41.222
time,41.191
hard,40.993
up,40.896
twist,40.838
mafia,40.662
cast,40.627
how,40.507
than,40.466
onli,40.405
what,40.395
find,40.008
intern,39.837
sammi,39.791
excel,39.441
like,39.364
first,39.052
line,38.915
becom,38.864
them,38.806
is,38.613
give,38.193
heat,37.914
don,37.874
into,37.492
girlfriend,37.455
make,37.295
becaus,37.188
get,37.130
year,37.108
siu,36.936
feel,36.817
live,36.577
use,36.519
respect,36.357
us,36.273
drama,36.242
lot,36.178
my,35.587
thing,35.545
life,35.268
edison,35.140
doe,34.960
seem,34.929
ia,34.868
recommend,34.863
some,34.803
long,34.691
woo,34.643
policeman,34.529
did,34.438
found,34.413
cinematographi,34.403
role,34.343
most,34.343
cadet,34.255
say,34.187
to,34.013
whi,33.943
piec,33.857
mani,33.825
even,33.316
re,33.281
ani,33.177
depth,33.166
these,33.148
ve,33.019
had,32.777
intens,32.716
way,32.673
befor,32.609
tri,32.573
come,32.456
hell,32.396
need,32.355
littl,32.338
look,32.173
him,31.977
mous,31.963
person,31.673
thi,31.641
real,31.552
director,31.524
best,31.338
opposit,31.223
few,31.187
could,31.139
crimin,30.937
it,30.907
chau,30.823
want,30.791
edit,30.770
all,30.728
develop,30.450
2002,30.429
point,30.411
am,30.403
without,30.296
own,30.284
law,30.219
member,30.164
suspens,30.159
go,30.127
loyalti,30.055
where,30.049
confus,29.968
final,29.958
then,29.768
still,29.652
insid,29.629
moment,29.550
academi,29.518
enjoy,29.394
solid,29.308
chi,29.001
premis,28.982
sinc,28.895
off,28.675
direct,28.556
kelli,28.418
expect,28.361
done,28.315
place,28.214
inform,28.125
back,28.040
screen,27.909
someth,27.869
script,27.587
man,27.425
music,27.425
level,27.419
begin,27.394
dvd,27.353
thought,27.338
such,27.300
product,27.270
though,27.208
down,27.138
remad,26.968
unlik,26.946
style,26.892
compar,26.882
flick,26.841
turn,26.829
bit,26.782
doesn,26.761
after,26.735
almost,26.731
never,26.609
take,26.570
agent,26.491
cat,26.458
yue,26.420
made,26.320
keep,26.286
interest,26.259
young,26.176
enough,26.107
simpl,26.082
audienc,26.041
tell,26.034
sort,26.029
overal,25.999
given,25.909
flaw,25.870
got,25.851
idea,25.801
men,25.667
hand,25.666
fast,25.657
actual,25.608
rooftop,25.476
happen,25.291
of,25.187
foreign,25.159
within,25.158
titl,25.157
theme,25.121
moral,25.064
spi,25.024
grip,24.909
exampl,24.737
over,24.678
everyth,24.677
excit,24.545
world,24.538
review,24.472
your,24.457
big,24.422
a,24.364
highli,24.327
love,24.311
shawn,24.258
shing,24.166
damon,24.165
saw,24.161
yet,24.141
narr,24.086
complex,23.976
intellig,23.941
hero,23.886
surpris,23.855
hope,23.846
show,23.815
worth,23.797
9,23.760
strong,23.699
didn,23.692
figur,23.686
industri,23.652
organ,23.593
sequel,23.577
right,23.547
alreadi,23.540
amp,23.438
rate,23.412
doubl,23.210
said,23.189
away,23.181
himself,23.159
asia,23.078
catch,23.066
her,23.053
may,23.038
meet,23.021
put,22.983
background,22.927
discov,22.883
either,22.882
name,22.829
reason,22.755
releas,22.725
violenc,22.714
mention,22.640
less,22.637
certain,22.560
ying,22.500
femal,22.475
quit,22.465
understand,22.434
2,22.372
intrigu,22.249
china,22.219
sens,22.209
pretti,22.204
engag,22.139
stand,22.068
genuin,22.004
suggest,21.956
against,21.918
win,21.897
isn,21.858
apart,21.858
simpli,21.847
mean,21.838
through,21.828
rank,21.820
boil,21.809
flashback,21.733
fact,21.720
death,21.627
question,21.606
those,21.533
suffer,21.465
close,21.353
stylish,21.340
jian,21.325
local,21.288
prequel,21.232
anoth,21.231
goe,21.218
edg,21.199
whole,21.134
high,21.102
must,21.086
believ,21.085
recent,21.032
game,21.031
part,21.028
pretend,20.971
except,20.900
face,20.864
oppos,20.836
shot,20.811
effect,20.760
impress,20.716
dao,20.651
peopl,20.641
genr,20.565
despit,20.520
credit,20.398
everi,20.369
she,20.334
m,20.334
again,20.043
least,20.020
expel,19.972
import,19.941
cover,19.939
deal,19.933
should,19.903
second,19.824
star,19.794
fan,19.774
die,19.764
drug,19.664
set,19.660
cours,19.636
job,19.560
buddhist,19.543
andrew,19.462
bring,19.404
western,19.401
move,19.319
elva,19.317
perhap,19.253
kar,19.220
miss,19.147
organis,19.102
leader,19.057
day,19.043
around,19.027
rather,18.999
superb,18.992
pick,18.988
chose,18.908
mayb,18.899
basic,18.891
far,18.883
sever,18.879
recruit,18.863
huang,18.817
alway,18.799
execut,18.754
short,18.747
decent,18.747
natur,18.737
sang,18.730
secret,18.670
connect,18.639
nicholson,18.605
cantones,18.576
concept,18.549
togeth,18.534
now,18.531
definit,18.524
and,18.506
start,18.492
expos,18.484
extrem,18.480
might,18.453
throughout,18.450
entertain,18.434
dicaprio,18.389
onc,18.387
wu,18.314
oper,18.267
kept,18.265
themselv,18.254
rat,18.242
continu,18.195
probabl,18.192
write,18.172
usual,18.163
new,18.158
art,18.138
equal,18.121
parallel,18.075
wonder,18.069
deliv,18.000
neither,17.937
check,17.836
came,17.823
dramat,17.767
languag,17.748
among,17.734
extra,17.704
talk,17.672
comment,17.667
tens,17.649
lam,17.641
assign,17.599
bought,17.596
sequenc,17.585
total,17.496
entir,17.387
involv,17.321
particular,17.231
8,17.230
fantast,17.191
truli,17.177
trust,17.171
suspect,17.141
abl,17.071
psychiatrist,17.011
forward,16.972
due,16.881
run,16.840
mobster,16.830
award,16.752
help,16.750
friend,16.707
somewhat,16.694
slightli,16.686
later,16.652
central,16.635
often,16.622
allow,16.602
although,16.599
english,16.551
mirror,16.546
manag,16.507
human,16.500
lack,16.439
yun,16.405
deeper,16.402
superior,16.393
conscienc,16.391
problem,16.372
miramax,16.365
sub,16.297
relationship,16.272
purchas,16.265
across,16.235
clich,16.228
vs,16.226
mandarin,16.204
refresh,16.163
deceit,16.149
qualiti,16.115
oscar,16.095
itself,16.093
lost,16.047
guess,16.042
chess,16.037
slow,16.034
deep,16.016
word,15.981
chow,15.962
certainli,15.961
amaz,15.943
rare,15.938
especi,15.874
store,15.853
promis,15.839
treat,15.811
until,15.755
hit,15.751
complet,15.729
chang,15.723
camera,15.708
singer,15.704
fat,15.683
refer,15.651
perfect,15.623
li,15.623
attent,15.592
noth,15.567
support,15.554
stereo,15.552
exactli,15.531
power,15.531
pleas,15.500
lie,15.487
let,15.477
cool,15.449
left,15.422
yourself,15.401
nice,15.387
conflict,15.365
kind,15.348
lee,15.324
grow,15.250
asid,15.243
becam,15.228
haven,15.217
minut,15.213
straight,15.195
prove,15.152
experi,15.114
featur,15.112
obviou,15.078
brilliant,15.038
wrong,15.033
otherwis,15.031
portray,15.015
none,15.003
smart,14.979
motiv,14.976
deserv,14.938
filmmak,14.897
sometim,14.836
attempt,14.818
biggest,14.800
term,14.787
fairli,14.783
materi,14.766
easili,14.744
robber,14.738
reveal,14.714
doyl,14.695
storylin,14.643
2006,14.637
vice,14.630
white,14.623
felt,14.603
took,14.591
hole,14.579
step,14.562
under,14.537
complic,14.533
copi,14.518
mind,14.488
hsiao,14.488
share,14.486
tight,14.483
score,14.480
explor,14.478
compel,14.477
cold,14.463
amongst,14.454
next,14.437
awar,14.434
uncov,14.429
younger,14.425
ll,14.414
trilog,14.409
hold,14.368
anyon,14.361
brilliantli,14.357
decept,14.231
ago,14.173
cannot,14.166
d,14.156
leonardo,14.155
doubt,14.150
godfath,14.112
open,14.111
speak,14.107
stake,14.044
similar,14.042
send,14.030
produc,14.030
clever,13.985
slick,13.969
anyth,13.965
strength,13.960
ex,13.937
self,13.933
decad,13.932
read,13.923
tale,13.892
dr,13.870
beauti,13.856
john,13.855
effort,13.827
gunplay,13.820
disappoint,13.787
situat,13.769
east,13.764
prais,13.692
box,13.677
desper,13.646
issu,13.622
talent,13.592
increasingli,13.590
whom,13.573
ten,13.549
jet,13.543
wast,13.522
depend,13.519
sad,13.496
build,13.496
nearli,13.470
express,13.454
3,13.404
posit,13.400
risk,13.361
struggl,13.329
unfortun,13.308
intric,13.299
subtl,13.258
classic,13.253
offer,13.251
inspir,13.244
finish,13.200
thrill,13.186
possibl,13.182
clear,13.173
quickli,13.168
masterpiec,13.152
climax,13.137
truth,13.112
master,13.104
sum,13.058
sentiment,13.050
matt,13.046
secretli,13.011
1,13.002
rule,13.001
view,12.989
turmoil,12.964
averag,12.921
top,12.903
sophist,12.886
path,12.831
ever,12.815
confront,12.807
kill,12.804
god,12.781
realis,12.768
plant,12.757
success,12.741
add,12.720
danger,12.687
whether,12.684
decid,12.669
dark,12.660
fate,12.650
base,12.605
contrast,12.605
superl,12.594
borat,12.577
counterpart,12.559
last,12.522
incred,12.494
frequent,12.458
phone,12.455
true,12.427
abil,12.414
chief,12.398
yee,12.391
state,12.377
full,12.376
ii,12.353
alan,12.352
buy,12.347
admit,12.334
enforc,12.306
kick,12.255
okay,12.236
absolut,12.196
rush,12.186
non,12.184
heard,12.171
translat,12.163
written,12.162
leav,12.138
balanc,12.130
huge,12.109
visual,12.108
5,12.067
familiar,12.061
black,12.061
forget,12.033
happi,12.011
race,11.958
shoot,11.956
media,11.951
mann,11.926
gener,11.906
reflect,11.898
narc,11.892
bulli,11.839
dimension,11.816
relat,11.813
train,11.808
respons,11.781
strongli,11.745
seri,11.736
brad,11.727
lai,11.725
pack,11.696
pitt,11.695
head,11.673
includ,11.636
shown,11.600
remind,11.576
abov,11.550
unravel,11.543
100,11.505
pose,11.502
violent,11.500
justic,11.499
key,11.488
near,11.487
hear,11.476
sure,11.455
bore,11.437
easi,11.424
ridicul,11.422
evil,11.368
regret,11.336
instanc,11.308
boston,11.291
soundtrack,11.280
soon,11.271
cleverli,11.257
layer,11.249
along,11.243
care,11.156
cultur,11.148
bang,11.123
cell,11.120
yeah,11.104
stress,11.096
bulger,11.081
present,11.080
writer,11.050
explain,11.037
detail,11.024
carri,11.009
upon,11.006
sir,10.996
watchabl,10.975
versa,10.962
singl,10.947
rise,10.946
polit,10.946
answer,10.929
root,10.926
break,10.913
modern,10.880
occas,10.870
taken,10.868
user,10.845
valu,10.844
screenplay,10.839
fair,10.832
amount,10.794
blatantli,10.787
bust,10.770
unpredict,10.767
evid,10.752
went,10.748
beast,10.743
fear,10.733
pain,10.714
reminisc,10.700
yu,10.698
inde,10.680
buddhism,10.674
7,10.672
control,10.669
myself,10.661
greatest,10.658
exterior,10.656
seat,10.653
wife,10.638
90,10.630
aau,10.613
handphon,10.613
consist,10.597
three,10.578
silli,10.558
combin,10.553
late,10.550
behind,10.495
compet,10.487
thank,10.482
maker,10.479
choos,10.477
global,10.468
dept,10.460
summari,10.456
messag,10.442
ad,10.421
ambigu,10.418
presenc,10.411
vi,10.409
gave,10.402
whose,10.364
opinion,10.359
difficult,10.346
element,10.331
necessari,10.328
corrupt,10.306
thin,10.297
decis,10.274
cut,10.242
the,10.235
psychologist,10.233
particularli,10.229
altern,10.225
creat,10.216
earli,10.209
brasco,10.194
plenti,10.184
frankli,10.148
enter,10.143
surround,10.141
spoil,10.133
imdb,10.132
introduct,10.127
rivet,10.127
obtain,10.034
case,10.016
track,10.013
tsung,10.011
kwong,10.011
anyway,10.000
honour,9.968
note,9.961
effici,9.958
popular,9.950
provid,9.949
heart,9.943
offenc,9.932
audio,9.929
wow,9.929
relev,9.909
video,9.891
old,9.890
exist,9.869
hadn,9.849
yang,9.843
hour,9.829
gangland,9.819
special,9.815
nowher,9.813
regard,9.797
inferno,9.795
charm,9.760
knew,9.744
betray,9.739
wish,9.739
shock,9.734
stay,9.733
fail,9.730
underworld,9.725
unexpect,9.700
belief,9.673
fulli,9.655
protagonist,9.645
numer,9.607
america,9.585
attribut,9.570
call,9.557
dialog,9.556
rest,9.554
reli,9.553
brief,9.545
assum,9.541
contribut,9.540
exit,9.534
unnecessari,9.514
someon,9.513
crook,9.510
subtli,9.493
male,9.489
aren,9.476
construct,9.468
imposs,9.457
consid,9.440
statu,9.439
citi,9.412
japanes,9.405
phenomen,9.384
iii,9.351
serv,9.348
poor,9.337
sound,9.335
fu,9.327
ratchet,9.315
induc,9.296
weren,9.282
aspect,9.265
realist,9.260
fault,9.255
famou,9.253
driven,9.226
packag,9.225
theater,9.209
crisi,9.171
larg,9.149
comparison,9.130
realiti,9.121
eventu,9.115
tweak,9.111
structur,9.079
mostli,9.079
loos,9.040
order,9.024
pass,9.014
contain,9.012
prime,9.002
owe,8.993
told,8.967
hate,8.956
dub,8.953
ask,8.936
tragic,8.935
choic,8.920
wit,8.913
join,8.864
album,8.863
constantli,8.860
adapt,8.841
promot,8.836
our,8.828
interpret,8.824
techniqu,8.817
past,8.809
tie,8.804
iron,8.802
wherein,8.789
imag,8.788
swear,8.779
sent,8.767
prefer,8.756
dure,8.751
collect,8.739
elabor,8.739
stuff,8.736
tighter,8.730
showcas,8.730
light,8.717
wah,8.704
battl,8.697
describ,8.693
punish,8.680
romant,8.674
ahead,8.658
jack,8.647
cinematograph,8.642
aw,8.633
plu,8.631
goodguy,8.613
caus,8.601
gone,8.598
ye,8.593
lose,8.585
career,8.564
devot,8.558
won,8.557
b,8.555
studi,8.552
influenc,8.545
budget,8.533
number,8.521
contemporari,8.518
caught,8.500
fall,8.499
older,8.497
cooki,8.496
appear,8.493
flawless,8.458
draw,8.446
underdevelop,8.437
fli,8.427
ignor,8.423
honestli,8.413
elev,8.403
allus,8.391
lover,8.388
damnabl,8.385
jump,8.379
addit,8.365
breath,8.364
half,8.348
type,8.347
immedi,8.329
nor,8.309
meanwhil,8.301
toward,8.291
anywher,8.290
shallow,8.284
imagin,8.280
zhang,8.261
sensit,8.257
sit,8.251
dynam,8.248
integr,8.244
remain,8.240
focus,8.239
absorb,8.225
digress,8.214
suppos,8.202
philosophi,8.198
chicken,8.190
uncertain,8.176
mo,8.129
spectrum,8.113
rematch,8.102
tsui,8.102
degre,8.099
annoy,8.096
whatev,8.090
dirti,8.072
scenario,8.070
minor,8.065
sympathi,8.057
duplic,8.056
team,8.052
spoiler,8.040
character,8.026
contempt,8.022
revolv,8.015
intro,8.013
els,8.008
subdu,8.007
further,7.994
bullet,7.989
soul,7.981
golden,7.978
standard,7.978
tone,7.978
blah,7.971
sharp,7.968
predict,7.948
street,7.938
excess,7.931
impact,7.923
utter,7.922
anguish,7.917
introduc,7.916
churn,7.911
cheesi,7.902
statesid,7.889
donni,7.880
free,7.877
typic,7.847
veteran,7.845
significantli,7.843
inevit,7.835
mediocr,7.834
chase,7.808
subtext,7.807
identifi,7.806
weak,7.803
surfac,7.797
occasion,7.797
justifi,7.796
maintain,7.788
advanc,7.763
list,7.759
notabl,7.754
factor,7.751
surviv,7.743
undergo,7.736
tremend,7.710
interior,7.700
west,7.692
yearn,7.689
explan,7.687
dwell,7.686
record,7.671
class,7.666
hongkong,7.658
frustrat,7.647
blow,7.627
lord,7.624
propel,7.611
honor,7.597
favorit,7.595
hidden,7.590
matur,7.574
worst,7.564
worldwid,7.561
higher,7.557
felix,7.550
tv,7.534
sell,7.522
obvious,7.518
eye,7.511
plain,7.499
built,7.490
ride,7.489
foolproof,7.476
noir,7.469
rhythm,7.456
onto,7.454
neanderth,7.453
atmospher,7.453
surprisingli,7.451
blur,7.451
movement,7.441
plan,7.429
group,7.412
realiz,7.397
vote,7.387
midst,7.384
menac,7.383
loss,7.379
inferior,7.374
photographi,7.362
memori,7.358
minuet,7.346
badguy,7.346
crap,7.343
sceneri,7.331
pictur,7.318
improv,7.317
critic,7.310
heartthrob,7.306
multipl,7.302
separ,7.277
gray,7.277
afraid,7.276
room,7.272
mark,7.268
seemingli,7.267
outstand,7.257
econom,7.255
secondari,7.255
object,7.254
author,7.239
straightforward,7.238
teeth,7.233
unfold,7.233
matter,7.214
commun,7.213
oh,7.211
wheel,7.203
result,7.199
respond,7.179
flow,7.177
climb,7.174
counterfeit,7.148
eleg,7.140
tak,7.132
third,7.123
climact,7.116
kung,7.114
establish,7.112
contempl,7.095
jacki,7.093
ethic,7.087
shorter,7.081
plagu,7.071
former,7.071
unfair,7.068
overr,7.065
neat,7.059
slumber,7.056
dilemma,7.051
hunt,7.046
whitey,7.042
neck,7.040
bare,7.036
worthwhil,7.032
drawn,7.031
ballsi,7.014
system,7.011
dialogu,7.011
irish,7.002
twice,6.992
wouldn,6.990
chong,6.987
hardli,6.980
fresh,6.976
stick,6.959
achiev,6.952
vari,6.948
trailer,6.947
project,6.911
yin,6.910
harder,6.910
commend,6.901
ultim,6.899
reserv,6.895
heist,6.887
mysteri,6.886
coupl,6.883
segment,6.879
etc,6.866
wasn,6.862
underground,6.862
miracl,6.862
defin,6.854
feed,6.848
bland,6.847
echo,6.841
4,6.835
ground,6.834
em,6.833
exposit,6.831
appreci,6.825
quiver,6.817
rais,6.811
emphas,6.807
initi,6.804
symbol,6.802
shame,6.802
unbeliev,6.790
form,6.790
shop,6.776
perk,6.775
japan,6.774
slowli,6.762
soft,6.753
silver,6.744
dig,6.730
major,6.698
rent,6.692
horribl,6.678
mood,6.677
percuss,6.676
everyon,6.669
unsubtl,6.666
individu,6.659
cowork,6.657
block,6.655
pressur,6.655
honest,6.649
admir,6.641
spot,6.640
sponsor,6.639
deliveri,6.638
earlier,6.627
concern,6.626
shoe,6.617
lean,6.593
futur,6.586
descript,6.574
front,6.574
match,6.570
christoph,6.569
murder,6.565
recognit,6.562
creativ,6.554
guilt,6.548
respit,6.546
card,6.546
subplot,6.545
evok,6.537
strike,6.520
despair,6.512
craft,6.504
forev,6.503
circl,6.501
villain,6.498
sincer,6.498
focu,6.496
michael,6.490
struck,6.475
small,6.473
romanc,6.470
proper,6.470
monahan,6.469
learn,6.467
ice,6.466
couldn,6.465
spook,6.462
buddi,6.456
notion,6.451
magnific,6.444
increas,6.441
babel,6.440
wherea,6.431
outsid,6.430
evolv,6.429
predomin,6.426
event,6.418
alik,6.415
women,6.414
worthi,6.411
nuanc,6.409
sorri,6.404
facial,6.399
advantag,6.398
switch,6.397
bitter,6.394
glimps,6.389
merit,6.376
subsequ,6.374
skill,6.371
boy,6.360
gun,6.354
ambiti,6.346
busi,6.342
supposedli,6.338
instantli,6.332
contact,6.321
connot,6.320
steeli,6.320
bio,6.320
attach,6.315
eight,6.313
sheen,6.309
discredit,6.308
bill,6.306
remark,6.303
wound,6.299
peripher,6.284
endless,6.278
chin,6.272
shine,6.271
link,6.267
benefit,6.267
nonetheless,6.241
reach,6.236
stellar,6.223
splice,6.221
flash,6.214
itch,6.210
solidli,6.210
fals,6.204
hierarchi,6.194
ensembl,6.194
girl,6.190
comedi,6.187
conclus,6.186
stop,6.183
cameo,6.175
dichotomi,6.147
countless,6.145
nonsens,6.143
activ,6.143
distinct,6.140
bodi,6.139
dant,6.132
normal,6.123
clearli,6.118
convent,6.106
countri,6.104
coars,6.097
succe,6.088
devic,6.085
regardless,6.080
inner,6.053
speed,6.048
innov,6.046
rival,6.039
highest,6.038
instead,6.033
paraphras,6.033
infer,6.033
grew,6.032
remov,6.027
stylis,6.019
ideal,6.013
utilis,6.011
load,6.005
fight,6.003
design,6.001
subject,5.997
destroy,5.988
leak,5.981
hook,5.977
grade,5.971
idiot,5.957
agre,5.957
context,5.948
sentenc,5.940
concis,5.912
lone,5.902
closer,5.901
chapman,5.897
circumst,5.894
reward,5.891
overli,5.890
smartest,5.889
canada,5.889
concentr,5.876
swift,5.863
farmiga,5.852
comfort,5.848
botch,5.834
agenc,5.834
cinemat,5.818
pointless,5.817
com,5.816
environ,5.813
lag,5.806
warm,5.800
trap,5.781
whilst,5.774
clean,5.770
horn,5.769
monitor,5.766
gravita,5.763
netflix,5.760
fortun,5.756
surveil,5.753
trip,5.752
brought,5.749
chanc,5.745
dot,5.744
sourc,5.738
somewher,5.737
rememb,5.735
complaint,5.730
player,5.727
amateurish,5.725
convinc,5.719
notic,5.718
cri,5.709
consult,5.709
greater,5.701
jolt,5.685
headlin,5.682
unit,5.681
task,5.681
facad,5.667
traitor,5.667
safe,5.665
insight,5.664
constant,5.647
profession,5.639
superstar,5.636
plod,5.636
laps,5.633
space,5.629
invent,5.626
blue,5.624
simpler,5.616
replay,5.616
mimic,5.611
superflu,5.608
skyscrap,5.608
satur,5.602
aptli,5.594
uh,5.592
clearer,5.589
parti,5.588
cutter,5.586
thrown,5.583
ring,5.579
known,5.574
pander,5.570
distribut,5.568
rooki,5.568
capabl,5.566
grace,5.563
signific,5.559
recogn,5.557
devis,5.555
fill,5.548
draft,5.545
dead,5.539
specif,5.532
count,5.528
walk,5.527
investig,5.525
colin,5.525
junior,5.520
manipul,5.509
mega,5.505
filter,5.500
sway,5.498
earn,5.489
fri,5.486
adversari,5.486
drivel,5.483
mainli,5.483
lace,5.479
fragment,5.476
govern,5.476
fit,5.476
static,5.474
restraint,5.469
scale,5.468
highlight,5.464
exposur,5.458
u,5.454
fine,5.452
miami,5.451
session,5.444
bout,5.440
speaker,5.433
conceal,5.426
gain,5.425
led,5.424
husband,5.423
babi,5.422
sparkl,5.422
net,5.411
co,5.410
prologu,5.398
region,5.387
process,5.387
memor,5.380
judg,5.373
boost,5.372
variat,5.370
encount,5.366
cram,5.362
cohes,5.348
breathtak,5.338
current,5.334
expans,5.334
fashion,5.332
rumor,5.332
imho,5.330
cross,5.322
tower,5.312
transform,5.309
transalt,5.306
bunman,5.306
infean,5.306
invigur,5.306
sau,5.306
10owen,5.306
carina,5.306
indept,5.306
misscast,5.306
tlcw,5.306
laxli,5.306
ia2,5.306
ia3,5.306
tuppenceworth,5.306
tiad,5.306
hairbreadth,5.306
ideogram,5.306
fairytel,5.306
gangser,5.306
ashtonish,5.306
colourpalet,5.306
prolifr,5.306
braso,5.306
similarity2,5.306
satisfactioncompar,5.306
psycholiog,5.306
huadu,5.306
interwtin,5.306
affaia,5.306
natfilm,5.306
affaiar,5.306
avici,5.306
layden,5.306
yeung,5.306
filmscompar,5.306
500m,5.306
discut,5.306
karoak,5.306
350m,5.306
10niz,5.306
mpia,5.306
yau,5.306
openingsscen,5.306
katung,5.306
yiu,5.306
itdefinit,5.306
konger,5.306
tsiang,5.306
elobar,5.306
makshawn,5.306
beginninign,5.306
modecom,5.306
daom,5.306
popstar,5.306
grandios,5.295
trick,5.290
pacino,5.286
chees,5.285
renown,5.283
heavi,5.280
polar,5.267
bother,5.267
fenc,5.265
wide,5.264
spent,5.263
sex,5.256
quot,5.242
rental,5.238
notch,5.232
convers,5.230
potenti,5.227
gt,5.216
escal,5.215
eastern,5.211
debt,5.210
disc,5.210
born,5.206
tea,5.203
push,5.201
hasn,5.194
arriv,5.192
overblown,5.191
fabric,5.186
peculiar,5.186
bonu,5.184
aura,5.166
vera,5.164
progress,5.164
edgi,5.163
mistak,5.162
underton,5.158
inexplic,5.156
outlin,5.153
odd,5.146
public,5.144
bath,5.140
brain,5.139
captiv,5.138
rambl,5.135
vein,5.135
franchis,5.133
moodi,5.127
epic,5.126
tightli,5.121
limit,5.113
tast,5.112
overus,5.102
listen,5.094
legitim,5.090
incident,5.083
vastli,5.081
inabl,5.081
trite,5.077
post,5.075
lol,5.067
viewpoint,5.062
trivial,5.059
mere,5.055
smoothli,5.055
frame,5.055
equip,5.051
evalu,5.045
home,5.044
thrust,5.042
bastard,5.042
minimum,5.025
versatil,5.022
father,5.021
ruin,5.021
gimmick,5.020
reinforc,5.013
coloni,5.009
uninfluenc,5.005
unic,5.005
venn,5.005
mindnumbingli,5.005
taskforc,5.005
unegag,5.005
leanest,5.005
10molli,5.005
celaschi,5.005
cercl,5.005
horroryearbook,5.005
tommorrow,5.005
afford,5.000
era,4.994
tomorrow,4.994
bias,4.992
restrain,4.988
cup,4.982
low,4.979
return,4.974
affect,4.972
strain,4.970
drum,4.967
psycholog,4.967
virtu,4.961
web,4.944
gear,4.941
approach,4.940
item,4.930
cun,4.925
crew,4.925
spawn,4.924
everybodi,4.918
graduat,4.918
faster,4.915
appeal,4.915
visibl,4.905
festiv,4.903
briefli,4.902
suffici,4.900
rich,4.896
shootout,4.894
mate,4.891
duo,4.886
motion,4.884
rout,4.880
delic,4.877
uk,4.872
killer,4.870
blank,4.867
episod,4.867
vh,4.861
choreographi,4.861
weakest,4.861
save,4.857
today,4.857
satisfact,4.857
strive,4.855
gestur,4.845
troubl,4.842
cope,4.841
impos,4.837
unbear,4.835
technic,4.833
obstacl,4.833
transnat,4.829
fuey,4.829
wooh,4.829
yam,4.829
subtitil,4.829
alphanumer,4.829
imdb250,4.829
soundtrak,4.829
mistakesi,4.829
chui,4.829
sorrow,4.829
pun,4.815
melodramat,4.808
musician,4.796
fascin,4.784
themat,4.783
comprehend,4.783
distinguish,4.780
recognis,4.778
age,4.776
boredom,4.773
glanc,4.772
calcul,4.768
showdown,4.767
convolut,4.767
purpos,4.764
ingredi,4.763
cake,4.761
liter,4.759
appar,4.759
luckili,4.753
emphasi,4.748
versu,4.746
chop,4.745
garner,4.745
cave,4.744
thread,4.744
smash,4.741
2003,4.739
favour,4.737
culmin,4.727
chest,4.725
tip,4.724
analysi,4.722
editor,4.721
option,4.718
retain,4.714
steal,4.713
ok,4.710
buri,4.705
wei,4.704
hoskin,4.704
verhoven,4.704
shadowman,4.704
eeee,4.704
fulltim,4.704
castigan,4.704
scorcher,4.704
xiong,4.704
powerpuff,4.704
proceed,4.704
ensu,4.699
aka,4.695
underst,4.695
expertli,4.685
drive,4.684
torment,4.681
resort,4.681
beat,4.677
toler,4.674
usa,4.669
wooden,4.667
lengthi,4.666
glu,4.662
stark,4.661
verdict,4.657
happili,4.650
meticul,4.649
honesti,4.648
period,4.648
delv,4.642
needless,4.641
incorpor,4.639
jerk,4.634
rubbish,4.632
announc,4.628
capit,4.626
receiv,4.623
oil,4.616
linger,4.615
pump,4.615
four,4.615
date,4.610
stupid,4.610
jn,4.607
sheffield,4.607
kindda,4.607
leong,4.607
entri,4.595
principl,4.587
school,4.585
resolv,4.583
e,4.574
montag,4.572
tear,4.572
testament,4.568
color,4.566
aesthet,4.565
pursuit,4.553
destini,4.548
tediou,4.546
spare,4.539
prop,4.535
illus,4.532
fallen,4.530
advertis,4.530
sublim,4.530
2046,4.528
80i,4.528
249,4.528
leonin,4.528
stooli,4.528
enduc,4.528
prescreen,4.528
firstli,4.521
suitabl,4.517
shi,4.515
distant,4.513
nine,4.513
yesterday,4.503
ponder,4.503
pitch,4.495
un,4.492
impli,4.492
mix,4.492
revers,4.487
pay,4.482
advis,4.482
daili,4.480
lifestyl,4.479
underli,4.477
code,4.474
car,4.474
fatal,4.473
fi,4.468
acknowledg,4.467
england,4.465
hous,4.464
sexi,4.463
angelika,4.461
countenanc,4.461
jiffi,4.461
completist,4.461
canton,4.461
diaspora,4.461
discoveri,4.459
rough,4.456
loyal,4.454
bite,4.451
sun,4.449
properli,4.447
spiritu,4.439
buzz,4.429
societi,4.418
restor,4.417
invit,4.410
stronger,4.406
albeit,4.404
loiter,4.403
sandbag,4.403
79th,4.403
earshot,4.403
impec,4.403
subtleti,4.402
charismat,4.402
histori,4.396
devast,4.392
coaster,4.392
opera,4.391
previou,4.390
reson,4.387
press,4.384
duti,4.383
gross,4.382
expert,4.376
basi,4.374
slight,4.373
asleep,4.372
bold,4.370
fix,4.368
crucial,4.368
roller,4.355
scupper,4.352
hairpin,4.352
nin,4.352
chung,4.352
chia,4.352
triangul,4.352
chungk,4.352
percept,4.341
proof,4.324
spin,4.323
irrit,4.317
sensat,4.317
dazzl,4.315
contriv,4.308
wildcard,4.306
height,4.299
medium,4.297
outcom,4.285
skip,4.285
ironi,4.284
illustr,4.271
yi,4.265
haut,4.265
repet,4.265
religion,4.263
examin,4.263
upset,4.255
demon,4.254
blood,4.251
deniro,4.247
appli,4.246
helm,4.243
sin,4.239
fame,4.239
immers,4.237
curs,4.233
juicier,4.227
dizzyingli,4.227
yimou,4.227
delon,4.227
placehold,4.227
karaok,4.227
omfg,4.227
mainstream,4.226
threat,4.225
debat,4.221
letter,4.216
alon,4.200
mid,4.198
mr,4.195
tactician,4.192
bast,4.192
insuper,4.192
blew,4.188
ear,4.187
prior,4.185
lucki,4.182
pull,4.182
split,4.175
uniqu,4.173
shift,4.173
isol,4.173
transit,4.172
deliber,4.167
section,4.166
directli,4.163
especailli,4.160
quoi,4.160
somebodi,4.158
sympathet,4.155
n,4.148
crack,4.146
captur,4.142
engross,4.141
heavili,4.134
oneguyrambl,4.130
10for,4.130
pathet,4.128
emerg,4.124
necessarili,4.122
teen,4.119
heroic,4.116
pair,4.115
reput,4.113
associ,4.107
crash,4.107
credibl,4.105
pawnshop,4.102
deliev,4.102
clot,4.102
paranoiac,4.102
brown,4.101
metaphor,4.101
importantli,4.099
resembl,4.095
accompani,4.094
metal,4.090
insult,4.088
convict,4.087
site,4.085
solv,4.081
price,4.079
treatment,4.079
fulfil,4.078
religi,4.076
shortlist,4.076
tung,4.076
mari,4.069
disagre,4.062
behavior,4.059
emers,4.051
lenienc,4.051
rectitud,4.051
tortuous,4.051
badli,4.051
model,4.048
greatli,4.046
awesom,4.043
fabul,4.043
market,4.041
comed,4.030
quotidian,4.028
unceas,4.028
fortnight,4.028
buttress,4.028
intel,4.028
expuls,4.028
sovereignti,4.028
nail,4.027
station,4.023
arguabl,4.019
report,4.018
dozen,4.017
recal,4.016
piti,4.013
gem,4.013
virtual,4.011
latest,4.008
accord,4.008
gut,4.008
cant,4.008
news,4.007
soggi,4.005
enmesh,4.005
alain,4.005
scripter,4.005
relaps,4.005
antsi,4.005
essenc,4.003
formula,3.995
lock,3.990
10a,3.984
defus,3.984
freshmen,3.984
implos,3.984
creation,3.980
unusu,3.977
food,3.977
confid,3.973
darker,3.969
cartoon,3.967
bizarr,3.965
kitano,3.964
antartica,3.964
singapor,3.964
grandmast,3.964
championangel,3.964
eyecandi,3.964
wonki,3.964
demonstr,3.962
cult,3.959
bottom,3.953
shape,3.952
sparkli,3.945
treadmil,3.945
sai,3.945
resist,3.944
guard,3.936
sake,3.934
authent,3.934
nevertheless,3.933
night,3.927
tumult,3.926
offshoot,3.926
cho,3.926
width,3.926
audiovisu,3.926
ng,3.926
sar,3.926
awww,3.926
possess,3.922
latter,3.913
rip,3.909
forgeri,3.908
souffl,3.908
bonafid,3.908
appendag,3.908
safest,3.908
undisturb,3.908
apiec,3.908
landscap,3.894
tia,3.891
lan,3.891
understood,3.891
deni,3.891
observ,3.890
revel,3.890
anticip,3.884
sat,3.876
grippingli,3.875
cctv,3.875
trawl,3.875
wake,3.874
energi,3.871
flat,3.871
stereotyp,3.871
sight,3.868
dion,3.859
hint,3.857
goodfella,3.856
philosoph,3.855
broken,3.850
romcom,3.844
terrac,3.844
creme,3.844
transcrib,3.844
10min,3.844
diagram,3.844
giant,3.832
quiet,3.831
bile,3.829
takeshi,3.829
core,3.829
silenc,3.826
argu,3.820
spate,3.815
protray,3.815
shanti,3.815
gritti,3.814
perfectli,3.810
extend,3.808
appropri,3.807
attitud,3.805
etcetera,3.801
quash,3.801
bulldoz,3.801
liman,3.801
anem,3.801
walz,3.801
page,3.800
began,3.798
wrung,3.788
tradit,3.784
sadli,3.782
shouldn,3.780
g,3.778
pleasur,3.777
blooper,3.775
impercept,3.775
extric,3.775
area,3.765
capo,3.762
revitalis,3.762
beggin,3.762
stalem,3.762
tend,3.761
billi,3.761
winner,3.754
nitpicki,3.750
showbiz,3.750
plotwis,3.750
pleasingli,3.750
ka,3.750
tableaux,3.750
scantili,3.750
telescop,3.750
bigger,3.749
resuscit,3.738
cheung,3.738
succeed,3.728
fun,3.727
loud,3.723
shill,3.715
hotli,3.715
chairman,3.715
vodka,3.704
precaut,3.704
tonn,3.704
hardboil,3.704
unenvi,3.704
shadow,3.695
burn,3.694
aristotl,3.694
looser,3.694
indigen,3.694
henceforth,3.694
quick,3.691
bloodi,3.690
grant,3.685
whelm,3.683
paddl,3.683
crispli,3.683
unless,3.680
refus,3.678
fell,3.675
backtrack,3.673
sleep,3.672
wear,3.672
reaction,3.670
brillianc,3.665
clairvoy,3.663
x,3.658
mao,3.653
tableau,3.653
hitter,3.653
tm,3.653
attract,3.652
rock,3.647
tortur,3.646
migrain,3.644
lackey,3.644
bostonian,3.644
norton,3.642
roster,3.634
transact,3.634
induct,3.634
lesson,3.634
opportun,3.634
occur,3.631
wait,3.629
worri,3.629
anymor,3.627
damnat,3.625
ebay,3.616
export,3.616
tract,3.616
deficit,3.607
nite,3.607
instal,3.602
bloodless,3.599
reinstat,3.599
suck,3.596
silent,3.595
round,3.594
road,3.592
honcho,3.590
je,3.590
cleaver,3.590
convey,3.590
creaki,3.582
sharpest,3.582
hq,3.582
mightili,3.582
hereaft,3.582
hide,3.581
theatr,3.579
british,3.578
mainland,3.574
scrupul,3.574
poorest,3.574
substant,3.574
reactiv,3.574
tire,3.573
technolog,3.571
illegitim,3.566
truckload,3.566
tireless,3.566
appet,3.566
dollar,3.561
edward,3.560
egyptian,3.558
topnotch,3.558
agonis,3.558
chomp,3.558
seek,3.552
hen,3.550
buddha,3.550
crept,3.550
realism,3.544
cluster,3.543
dec,3.543
purgatori,3.543
cartel,3.543
determin,3.543
provok,3.540
unforgett,3.540
la,3.540
inspit,3.535
disclosur,3.535
wrote,3.535
accomplish,3.532
wise,3.531
phew,3.528
crib,3.528
studio,3.528
enemi,3.524
prolifer,3.521
shoehorn,3.521
bikini,3.521
queri,3.521
grand,3.518
predestin,3.514
languid,3.507
encroach,3.507
snitch,3.507
modicum,3.507
practic,3.507
thicker,3.500
forgo,3.500
nearer,3.500
faith,3.494
dt,3.493
densiti,3.487
victim,3.483
59,3.480
explos,3.480
exacerb,3.474
thingi,3.474
top250,3.474
conting,3.474
overstay,3.474
compatriot,3.474
copper,3.474
complimentari,3.474
downgrad,3.468
obliqu,3.468
ringo,3.468
backsid,3.468
denmark,3.468
suit,3.463
sic,3.461
month,3.458
hurtl,3.455
cunningli,3.455
platter,3.449
propens,3.449
perspect,3.445
taller,3.443
spatial,3.443
compulsori,3.443
storytel,3.442
funni,3.440
fluctuat,3.437
unafraid,3.437
tough,3.437
legitimaci,3.431
warn,3.430
feral,3.426
medallion,3.426
sniff,3.426
unus,3.426
unforeseen,3.420
strait,3.420
moot,3.420
sm,3.420
variou,3.419
discuss,3.415
indiscrimin,3.414
afar,3.414
builder,3.414
nab,3.414
joy,3.412
avoid,3.409
reset,3.409
concurr,3.409
reintroduc,3.403
fickl,3.403
antoni,3.403
underl,3.398
drop,3.394
garcia,3.393
al,3.391
common,3.388
tore,3.387
crossroad,3.387
epoch,3.387
incessantli,3.387
outclass,3.387
roll,3.384
fa,3.382
display,3.378
meant,3.377
bowel,3.372
hardwork,3.372
leas,3.372
milit,3.367
jovial,3.367
redo,3.367
handl,3.364
traffick,3.362
zeitgeist,3.362
bustl,3.362
excerpt,3.357
dagger,3.352
gian,3.352
dingi,3.347
lid,3.347
transpos,3.347
wors,3.344
iwo,3.343
mish,3.338
doubtless,3.338
gaug,3.333
indefinit,3.333
fraught,3.333
credenc,3.329
jima,3.329
76,3.329
requir,3.326
reproach,3.324
histor,3.323
famili,3.321
affili,3.320
leaf,3.320
madolyn,3.320
frank,3.316
sinatra,3.315
jeez,3.315
unwillingli,3.315
repres,3.312
volont,3.311
scare,3.309
crise,3.306
brows,3.302
237,3.298
toronto,3.298
hottest,3.298
customari,3.294
charad,3.294
visualis,3.294
hideout,3.294
unbeknownst,3.294
unwav,3.294
migrat,3.289
onset,3.289
dreamt,3.285
nikita,3.285
poignantli,3.281
spend,3.279
illicit,3.277
symmetri,3.277
tempor,3.273
entwin,3.273
slo,3.273
featurett,3.269
repertoir,3.269
squander,3.265
rendezv,3.265
mania,3.261
redempt,3.257
town,3.254
undoubt,3.249
hunch,3.249
surg,3.249
hark,3.246
riff,3.246
penultim,3.246
ambient,3.246
mental,3.239
travers,3.238
breakneck,3.238
joke,3.236
es,3.234
stylishli,3.234
nifti,3.234
unmask,3.231
spirit,3.228
fatherli,3.227
stoop,3.227
satisfi,3.224
fumbl,3.224
weighti,3.224
duke,3.220
derail,3.220
meati,3.220
fink,3.213
inconveni,3.213
genesi,3.213
30,3.212
bitterli,3.209
queue,3.209
crazi,3.206
tonal,3.206
ingrain,3.206
dwindl,3.206
discipl,3.206
plaudit,3.199
nonexist,3.199
8th,3.192
scoop,3.192
collater,3.189
ne,3.189
throb,3.189
odditi,3.186
viabl,3.182
virtuos,3.182
dart,3.182
croni,3.182
shortest,3.182
blare,3.179
cityscap,3.176
enclos,3.176
storyboard,3.176
intercut,3.173
favourit,3.171
formul,3.170
aton,3.170
prejud,3.170
omnipres,3.170
ail,3.166
20,3.163
blister,3.163
reaffirm,3.163
dog,3.160
disposit,3.160
mustach,3.157
indisput,3.157
histrion,3.154
sag,3.154
masterli,3.154
disclos,3.151
peg,3.148
collis,3.148
confound,3.148
dolbi,3.139
shabbi,3.139
archiv,3.139
sap,3.139
terribl,3.138
loophol,3.136
maneuv,3.136
rife,3.136
hype,3.135
clutter,3.133
spun,3.133
abroad,3.130
steroid,3.130
pedest,3.130
defici,3.130
confer,3.127
intersect,3.125
tarnish,3.125
outlet,3.125
blueprint,3.125
easter,3.122
relay,3.122
song,3.118
soooo,3.116
invigor,3.113
outsmart,3.113
inconsequenti,3.113
supplement,3.110
thicken,3.110
summaris,3.110
tumbl,3.108
befit,3.108
alien,3.106
villian,3.105
ruthlessli,3.105
massag,3.102
waver,3.100
liken,3.097
artist,3.097
spurt,3.094
inspect,3.089
log,3.089
parasit,3.089
slant,3.086
avant,3.081
prot,3.078
clad,3.073
fav,3.071
mistakenli,3.071
uniti,3.071
multipli,3.071
insipid,3.071
upgrad,3.068
wordpress,3.068
unto,3.068
pluck,3.066
indirectli,3.066
pristin,3.063
commenc,3.061
sunlight,3.061
databas,3.061
bandwagon,3.058
steep,3.058
crux,3.058
flinch,3.058
weekli,3.056
slack,3.056
dunno,3.053
rumour,3.053
acceler,3.053
scrape,3.051
bloke,3.051
de,3.051
illusionist,3.049
strang,3.046
pinpoint,3.042
brightest,3.042
risen,3.039
swap,3.037
awestruck,3.037
gere,3.032
havent,3.032
actress,3.030
prolif,3.028
wallow,3.028
glossi,3.025
distraught,3.025
classmat,3.023
upbring,3.021
infest,3.021
compact,3.019
sitcom,3.019
epiphani,3.019
semblanc,3.016
minion,3.012
scholar,3.012
tow,3.010
output,3.007
reportedli,3.007
knit,3.007
reconsid,3.005
techno,3.005
verit,3.003
teari,2.999
roug,2.999
empathis,2.997
barbarian,2.997
traine,2.995
swagger,2.992
700,2.992
unsurpass,2.992
underbelli,2.992
commiss,2.990
dupe,2.990
oft,2.990
quip,2.988
empow,2.988
unfulfil,2.982
wizardri,2.982
impression,2.978
ck,2.978
baggag,2.976
overhead,2.974
accordingli,2.972
unmiss,2.972
overwrought,2.970
embellish,2.968
overdo,2.968
prayer,2.962
flirt,2.962
sung,2.958
shakespearean,2.958
broader,2.956
galor,2.956
transpar,2.956
depict,2.954
reappear,2.954
willingli,2.954
distast,2.952
sceptic,2.952
teaser,2.948
ritual,2.948
magic,2.948
tingl,2.947
midway,2.947
transmit,2.947
indescrib,2.945
foreground,2.943
cigar,2.941
circuit,2.941
hyperbol,2.941
darken,2.939
whoa,2.937
revis,2.935
101,2.933
childlik,2.933
seriou,2.933
disori,2.932
collid,2.930
contradictori,2.928
permit,2.928
mash,2.928
leisur,2.926
overt,2.926
mgm,2.926
hindsight,2.926
passabl,2.926
fort,2.926
sync,2.924
therapist,2.924
conceit,2.923
peek,2.919
hysteria,2.917
daryl,2.915
ignit,2.914
novelist,2.912
catalyst,2.912
cd,2.912
posthum,2.908
ounc,2.905
overwhelmingli,2.905
fewer,2.903
firework,2.900
programm,2.900
ripper,2.900
beam,2.898
selv,2.898
recip,2.898
hapless,2.893
textbook,2.891
faultless,2.891
postur,2.891
ostens,2.890
embed,2.886
clarifi,2.886
sabotag,2.886
beef,2.885
overplay,2.885
dir,2.885
pure,2.884
whack,2.883
rewind,2.881
galleri,2.881
yarn,2.880
hinder,2.880
reunion,2.878
underplay,2.878
incompar,2.877
18th,2.877
shepherd,2.877
weaken,2.873
august,2.873
strap,2.872
cosmo,2.872
crank,2.867
strengthen,2.865
casualti,2.864
coincident,2.862
veer,2.862
competitor,2.859
richer,2.858
stud,2.855
pompou,2.853
theft,2.853
cum,2.852
expertis,2.852
condens,2.852
intrus,2.850
urgenc,2.848
probe,2.847
deciph,2.847
capitalist,2.847
sock,2.845
taglin,2.845
dualiti,2.845
unveil,2.844
hokey,2.844
novel,2.844
malevol,2.842
falter,2.842
geniu,2.841
exemplari,2.841
thorough,2.839
interplay,2.839
mors,2.837
stabl,2.837
allud,2.835
crouch,2.834
beyond,2.832
overtli,2.832
shadi,2.832
clinic,2.831
correspond,2.831
feminin,2.831
stun,2.830
consumer,2.829
murki,2.829
cream,2.828
simplifi,2.825
dug,2.823
heavyweight,2.821
fraud,2.818
ballet,2.818
robert,2.817
sprinkl,2.816
adher,2.816
00,2.815
outset,2.812
henchmen,2.812
spars,2.809
child,2.807
irresist,2.804
adventur,2.801
trump,2.798
shrink,2.798
recept,2.798
snappi,2.797
ant,2.796
lunch,2.793
syndrom,2.793
ambianc,2.792
economi,2.790
prestigi,2.790
spice,2.790
bombast,2.785
choppi,2.783
palma,2.783
impati,2.781
lifeless,2.780
costigan,2.780
tack,2.777
ici,2.775
violat,2.774
placement,2.774
implement,2.774
cooler,2.774
remaind,2.772
unsuccess,2.772
successor,2.769
coke,2.769
frenet,2.767
statur,2.767
scum,2.766
lighten,2.766
woman,2.765
cannon,2.762
underlin,2.761
extern,2.757
romantic,2.756
triangl,2.755
newest,2.754
abyss,2.752
cann,2.752
accustom,2.752
stale,2.751
tricki,2.751
couch,2.750
loom,2.749
sprawl,2.745
predica,2.745
tempo,2.745
atroci,2.745
reinvent,2.743
lightn,2.741
letdown,2.741
occurr,2.741
usag,2.737
cia,2.737
bulk,2.733
toll,2.733
fold,2.732
dens,2.732
forebod,2.731
info,2.729
unmatch,2.728
fanboy,2.727
neurot,2.724
timelin,2.724
canva,2.724
juxtaposit,2.723
hop,2.723
stapl,2.720
openli,2.718
misguid,2.716
liu,2.716
exot,2.716
bog,2.715
wore,2.714
messi,2.712
voter,2.712
flourish,2.712
lush,2.711
medit,2.710
formid,2.708
juxtapos,2.706
assert,2.706
penetr,2.702
electrifi,2.702
richli,2.701
wider,2.701
bloodsh,2.700
powerhous,2.700
curtain,2.699
articul,2.699
150,2.699
relentlessli,2.697
artwork,2.695
contract,2.694
ma,2.693
downsid,2.690
iq,2.689
squeez,2.687
dreari,2.686
vain,2.686
yawn,2.686
anchor,2.685
ali,2.685
deceiv,2.684
rag,2.681
mtv,2.681
lowest,2.681
roughli,2.681
margin,2.680
blunt,2.680
fleet,2.679
virgin,2.679
humor,2.679
enrich,2.678
deterior,2.678
grit,2.678
comic,2.675
facil,2.675
coma,2.674
lighter,2.673
oldboy,2.671
anonym,2.671
inflict,2.670
domest,2.668
uneven,2.668
hater,2.665
heartless,2.663
bia,2.662
sh,2.662
gunfight,2.661
greek,2.661
standpoint,2.660
soar,2.659
inclin,2.655
senior,2.655
regain,2.653
invis,2.652
smallest,2.652
conjur,2.651
licens,2.651
war,2.651
gaze,2.650
palpabl,2.644
ash,2.644
esqu,2.643
nearbi,2.642
restrict,2.641
buster,2.639
therapi,2.638
untouch,2.638
tug,2.637
mar,2.637
cap,2.637
undermin,2.636
redund,2.636
raid,2.635
retrospect,2.634
sterl,2.634
pioneer,2.633
sketch,2.631
sadden,2.631
22,2.629
sullivan,2.629
divis,2.628
evoc,2.623
ps,2.623
chamber,2.622
ethan,2.622
meal,2.622
drunken,2.622
puzo,2.619
banter,2.619
anxiou,2.618
btw,2.616
costello,2.616
horror,2.615
eighti,2.614
abrupt,2.614
templ,2.613
strict,2.610
intellect,2.609
rapid,2.609
instruct,2.607
unansw,2.607
nineti,2.607
righteou,2.607
unsur,2.604
quintessenti,2.602
australian,2.600
obnoxi,2.600
frantic,2.600
ridden,2.599
miscast,2.598
sicken,2.598
verg,2.593
wire,2.590
enabl,2.590
sale,2.590
ooz,2.589
tiger,2.588
backstori,2.588
goosebump,2.587
sting,2.586
stagger,2.586
funer,2.585
sappi,2.585
resent,2.585
paragraph,2.584
profoundli,2.582
procedur,2.576
imo,2.576
energet,2.576
uneasi,2.576
spectat,2.574
mold,2.573
snap,2.573
biographi,2.572
melt,2.570
trauma,2.565
properti,2.563
stunningli,2.563
mario,2.562
dream,2.561
businessman,2.560
1991,2.560
cue,2.558
23,2.557
greet,2.557
unconvent,2.556
whisper,2.554
strictli,2.554
petti,2.554
awhil,2.554
ceas,2.551
harden,2.550
understat,2.549
worship,2.547
stiff,2.546
comedian,2.544
friday,2.544
maximum,2.544
rotten,2.541
manifest,2.541
corps,2.539
absent,2.539
foremost,2.538
darn,2.537
cabl,2.537
lyric,2.534
existenti,2.533
crippl,2.532
royal,2.530
amidst,2.529
stream,2.528
hostag,2.527
quietli,2.526
explicit,2.525
inglouri,2.524
crisp,2.524
drift,2.523
envi,2.521
unawar,2.520
instrument,2.520
bay,2.518
foul,2.516
correctli,2.516
wildli,2.515
pray,2.515
allegori,2.513
ought,2.513
sore,2.512
tempt,2.512
junki,2.510
money,2.509
phenomenon,2.506
chronicl,2.505
styliz,2.504
sacrif,2.504
prevail,2.504
blink,2.502
neglect,2.499
dive,2.499
ya,2.499
archetyp,2.499
burden,2.498
resurrect,2.497
worn,2.495
swim,2.493
judgement,2.493
colleagu,2.491
invas,2.491
glow,2.489
le,2.487
mild,2.487
squad,2.485
junk,2.485
fierc,2.484
meat,2.484
ted,2.483
motif,2.483
reign,2.481
korean,2.480
characteris,2.480
likewis,2.480
reviv,2.478
visionari,2.476
ah,2.476
cathol,2.473
heighten,2.472
hollow,2.471
tech,2.471
websit,2.471
signatur,2.470
reel,2.470
divorc,2.470
merci,2.468
peer,2.467
diminish,2.465
underneath,2.464
oppon,2.464
acquir,2.462
trace,2.462
chaotic,2.461
safeti,2.461
forgett,2.459
illeg,2.459
hack,2.458
pivot,2.457
touch,2.455
et,2.454
bibl,2.453
hungri,2.452
foundat,2.450
tap,2.450
implic,2.450
hood,2.449
vibrant,2.448
egg,2.448
button,2.444
convincingli,2.441
decor,2.441
delici,2.439
repli,2.439
loser,2.439
crown,2.438
interrog,2.437
detach,2.436
elimin,2.435
rehash,2.434
slice,2.434
handsom,2.434
spring,2.433
cari,2.432
boast,2.432
habit,2.431
intertwin,2.430
snatch,2.427
flame,2.426
confidenti,2.426
condemn,2.426
durat,2.426
wreck,2.424
2004,2.422
factori,2.422
photo,2.422
irrelev,2.420
contradict,2.420
maria,2.420
infinit,2.420
paranoid,2.419
complement,2.418
orient,2.415
insert,2.411
gripe,2.410
critiqu,2.408
preserv,2.407
clown,2.407
spoke,2.407
fond,2.406
wahlberg,2.402
thick,2.399
collaps,2.399
consciou,2.397
cure,2.396
awak,2.395
speechless,2.395
baldwin,2.394
knife,2.394
adequ,2.394
hyster,2.394
heartfelt,2.393
shell,2.393
moreov,2.390
2010,2.390
curios,2.389
staff,2.389
dose,2.388
twin,2.387
internet,2.386
spine,2.384
accolad,2.382
tape,2.381
exceed,2.381
fed,2.379
radio,2.378
weather,2.376
gap,2.376
mistaken,2.375
distress,2.374
quarter,2.372
inconsist,2.371
defens,2.371
intim,2.370
paus,2.370
harm,2.370
neighborhood,2.369
repeatedli,2.369
marti,2.368
tad,2.366
print,2.366
keen,2.365
extens,2.365
entranc,2.365
bend,2.364
conscious,2.362
clock,2.360
deer,2.359
network,2.359
nois,2.358
1995,2.357
presum,2.357
patienc,2.357
contend,2.356
pit,2.356
soap,2.356
princip,2.353
empathi,2.351
nostalg,2.348
pale,2.348
disguis,2.347
1930,2.346
valuabl,2.346
coher,2.345
drown,2.344
flip,2.343
leap,2.343
deriv,2.342
www,2.342
shatter,2.339
secondli,2.337
overshadow,2.337
whoever,2.336
reluct,2.334
ala,2.334
grate,2.333
piano,2.332
analyz,2.332
alright,2.332
adopt,2.331
intimid,2.330
mentor,2.330
relentless,2.330
meaningless,2.330
bug,2.329
per,2.327
ain,2.327
legaci,2.324
1st,2.323
mixtur,2.323
paranoia,2.322
occupi,2.321
exhaust,2.320
restaur,2.318
difficulti,2.316
spark,2.313
aggress,2.312
altogeth,2.312
thug,2.312
adrenalin,2.309
weekend,2.309
lend,2.308
text,2.307
exhilar,2.306
primarili,2.306
roth,2.305
childish,2.305
territori,2.305
financi,2.302
contrari,2.301
spider,2.299
solut,2.297
assault,2.296
composit,2.296
polish,2.294
offens,2.294
moon,2.293
via,2.290
simplic,2.290
oppress,2.288
format,2.288
smaller,2.288
eras,2.287
particip,2.286
plausibl,2.283
choreograph,2.281
mount,2.281
standout,2.277
exquisit,2.277
reject,2.275
corni,2.274
splendid,2.273
charisma,2.270
arrog,2.268
stir,2.266
screw,2.265
detract,2.264
poetic,2.263
rose,2.263
di,2.261
monologu,2.260
mindless,2.260
miser,2.260
blast,2.259
nostalgia,2.258
linear,2.257
simultan,2.256
jesu,2.255
shoulder,2.255
wanna,2.254
stolen,2.254
duel,2.253
strongest,2.253
peak,2.250
laughabl,2.249
collabor,2.248
phrase,2.245
leagu,2.242
rabbit,2.241
await,2.239
shall,2.237
gratuit,2.237
ingeni,2.236
slip,2.234
london,2.233
vengeanc,2.231
influenti,2.231
casino,2.229
min,2.229
reduc,2.228
recreat,2.226
church,2.225
birth,2.225
alec,2.225
pride,2.224
victori,2.221
affleck,2.219
easier,2.217
compliment,2.216
pound,2.215
alli,2.214
consum,2.214
european,2.213
borrow,2.212
1990,2.212
cash,2.211
volum,2.211
directori,2.210
confess,2.209
embrac,2.209
zero,2.208
broke,2.208
martial,2.207
accident,2.207
indian,2.206
vivid,2.206
naiv,2.204
bird,2.203
digit,2.202
react,2.200
thumb,2.200
expand,2.198
nasti,2.195
explod,2.192
franci,2.192
mechan,2.192
graviti,2.187
arc,2.187
settl,2.185
arrest,2.184
whatsoev,2.184
bob,2.182
dragon,2.182
portrait,2.179
witch,2.178
render,2.178
expens,2.174
ran,2.172
indic,2.169
luck,2.168
embodi,2.168
eeri,2.167
lift,2.163
urg,2.163
encourag,2.160
antagonist,2.158
burton,2.157
shut,2.157
h,2.155
sweep,2.154
curiou,2.154
wave,2.153
fade,2.153
candi,2.153
hors,2.151
string,2.148
advic,2.148
treasur,2.148
bleak,2.148
1999,2.148
invest,2.147
secur,2.145
lame,2.144
dimens,2.144
servic,2.143
ton,2.141
indulg,2.141
scheme,2.140
cheat,2.138
dude,2.138
distanc,2.137
spell,2.136
lower,2.135
season,2.132
north,2.131
enthral,2.131
van,2.131
avail,2.130
size,2.124
predecessor,2.123
rave,2.122
goer,2.117
aid,2.116
sole,2.113
larger,2.108
potter,2.107
theatric,2.106
vehicl,2.105
tune,2.105
calm,2.104
enorm,2.104
conclud,2.104
buff,2.104
flesh,2.101
guilti,2.100
stare,2.099
morn,2.097
belov,2.096
sky,2.094
grasp,2.094
spectacl,2.092
gradual,2.091
emperor,2.089
accid,2.087
below,2.084
prevent,2.083
defend,2.082
deadli,2.082
assist,2.080
employ,2.075
superbl,2.075
nowaday,2.074
homag,2.073
marriag,2.071
consider,2.068
reservoir,2.066
regular,2.062
previous,2.058
assassin,2.057
independ,2.057
vast,2.055
blind,2.054
aim,2.053
stunt,2.052
kidnap,2.048
coppola,2.044
abandon,2.043
etern,2.043
welcom,2.042
tabl,2.042
exact,2.038
raw,2.034
pan,2.033
partner,2.033
theori,2.031
ball,2.030
glori,2.028
failur,2.028
wrap,2.026
dent,2.026
astound,2.024
threaten,2.022
ourselv,2.022
substanc,2.022
lifetim,2.021
knock,2.021
cruel,2.020
harsh,2.019
immens,2.016
fool,2.012
enhanc,2.011
drink,2.010
ruthless,2.008
coen,2.007
profound,2.006
brave,2.005
roman,2.002
extent,2.002
favor,2.000
chosen,1.998
paid,1.993
overlook,1.991
bright,1.991
commentari,1.989
sacrific,1.988
fighter,1.988
gorgeou,1.985
k,1.985
precis,1.984
whenev,1.984
relief,1.982
acclaim,1.982
italian,1.981
intellectu,1.979
method,1.976
hey,1.975
satir,1.973
doom,1.972
owner,1.972
colour,1.970
endur,1.969
bat,1.968
celebr,1.967
60,1.964
triumph,1.961
goal,1.960
p,1.959
astonish,1.958
correct,1.953
categori,1.950
ill,1.948
board,1.946
cynic,1.946
rob,1.946
replac,1.945
clue,1.945
dress,1.945
dumb,1.943
cheap,1.941
surpass,1.940
quest,1.938
hire,1.938
distract,1.933
overwhelm,1.931
sexual,1.925
grown,1.925
field,1.925
gonna,1.924
demand,1.923
saga,1.923
consequ,1.922
dislik,1.920
legend,1.920
ass,1.916
massiv,1.914
hot,1.911
anybodi,1.910
fake,1.909
student,1.908
sing,1.905
11,1.904
punch,1.901
grab,1.901
leon,1.900
six,1.899
met,1.898
legendari,1.898
mine,1.898
witti,1.898
abus,1.898
command,1.886
blend,1.884
40,1.883
70,1.883
sign,1.881
thoroughli,1.881
peac,1.879
nation,1.879
interact,1.878
rang,1.873
knowledg,1.872
psycho,1.871
ladi,1.869
wind,1.866
max,1.866
speech,1.863
hundr,1.860
harrison,1.856
utterli,1.855
mouth,1.853
center,1.853
gore,1.852
logic,1.850
80,1.846
sick,1.844
paint,1.842
mask,1.841
bond,1.841
tragedi,1.833
ordinari,1.832
rel,1.831
gordon,1.827
till,1.825
extraordinari,1.819
ship,1.817
richard,1.817
test,1.816
held,1.814
c,1.813
chemistri,1.813
intend,1.810
accent,1.804
delight,1.804
suddenli,1.803
experienc,1.800
blown,1.799
terrifi,1.798
damn,1.796
sheer,1.795
compani,1.794
deepli,1.790
nobodi,1.790
bar,1.789
f,1.788
pop,1.780
captain,1.779
door,1.778
protect,1.777
scott,1.775
ben,1.774
mission,1.772
detect,1.767
15,1.767
dull,1.766
super,1.765
french,1.765
hurt,1.764
york,1.764
icon,1.758
obsess,1.758
chill,1.756
50,1.752
air,1.751
anti,1.740
desir,1.737
r,1.737
angl,1.731
besid,1.727
passion,1.727
intent,1.726
commit,1.722
glad,1.721
claim,1.719
friendship,1.717
repeat,1.716
water,1.715
length,1.715
locat,1.713
tim,1.707
essenti,1.703
drag,1.692
fire,1.683
social,1.676
search,1.676
insan,1.674
red,1.672
machin,1.671
costum,1.671
manner,1.667
finest,1.666
graphic,1.661
challeng,1.661
throw,1.658
longer,1.652
harri,1.649
soldier,1.628
centuri,1.628
ford,1.619
terrif,1.617
somehow,1.615
wall,1.608
vision,1.606
spectacular,1.604
daughter,1.598
spielberg,1.596
million,1.579
innoc,1.565
accept,1.560
6,1.558
parent,1.549
univers,1.546
serious,1.544
earth,1.496
william,1.495
sci,1.489
tarantino,1.486
prison,1.466
middl,1.411
nomin,1.409
escap,1.406
king,1.372
brother,1.350
voic,1.339
laugh,1.264
book,0.996
