citi,1600.070
god,1438.603
rocket,1232.592
slum,1192.781
rio,1053.731
ze,819.645
brazilian,786.492
gang,779.075
meirel,732.264
brazil,728.958
favela,711.618
de,689.539
lil,667.765
violenc,662.283
drug,621.691
janeiro,615.832
cidad,605.930
deu,544.629
fernando,463.046
li,453.053
film,423.569
crime,418.723
stori,401.884
live,378.243
children,374.198
gangster,359.729
kid,356.198
photograph,350.665
you,347.279
life,343.062
benni,317.947
poverti,312.678
charact,304.867
kill,304.352
l,295.412
violent,290.381
are,289.353
young,286.890
dice,281.825
camera,270.666
becom,264.980
peopl,264.429
gun,262.091
veri,260.829
movi,256.941
they,252.481
we,250.645
z,249.021
boy,248.033
who,243.937
from,242.770
street,241.302
real,241.092
show,240.319
shot,239.330
world,237.711
as,236.759
s,233.905
narrat,232.023
ned,229.436
these,226.514
on,225.333
i,224.426
way,222.390
or,221.918
like,221.538
watch,221.261
use,220.671
place,220.065
how,218.842
wa,218.000
there,215.160
true,215.084
knockout,214.969
foreign,214.816
in,214.506
one,214.202
he,213.495
by,213.133
chicken,212.941
subtitl,211.840
their,211.610
differ,211.470
with,209.339
edit,206.413
grow,205.878
buscap,205.598
make,205.313
base,203.972
scene,203.356
goodfella,202.454
so,202.038
which,201.270
that,200.482
most,199.997
see,199.910
hi,198.944
style,198.020
some,197.372
where,197.067
not,196.677
power,196.080
feel,195.512
up,195.186
runt,192.994
be,192.167
about,192.081
more,191.756
take,191.175
at,190.873
brutal,190.488
t,190.429
through,190.219
get,189.460
an,188.625
ghetto,187.723
into,186.898
tell,186.726
all,184.597
no,182.832
onli,182.810
also,182.713
becaus,181.995
can,181.518
rodrigu,181.255
hood,181.227
even,180.581
out,180.370
mani,180.208
but,179.488
director,179.150
realli,178.759
what,177.737
cinematographi,176.600
them,174.627
us,173.119
portugues,171.964
just,171.341
alexandr,171.332
have,169.310
your,167.492
well,167.424
if,166.846
me,166.245
actor,165.942
shoot,165.890
shock,165.479
for,164.770
will,164.752
main,163.431
lund,162.033
other,161.886
would,161.416
10,160.984
dealer,160.085
ha,159.970
seen,159.635
when,158.872
such,157.896
event,157.872
realiti,156.352
paulo,156.273
around,156.023
do,155.609
documentari,155.574
time,153.305
ani,152.872
told,152.434
want,151.903
best,150.868
direct,150.499
seem,150.119
act,150.067
were,149.565
follow,149.521
than,149.085
is,148.941
my,148.142
firmino,146.252
great,145.902
good,145.568
while,144.884
of,144.492
give,143.555
area,143.079
viewer,142.784
don,142.620
it,140.880
year,140.254
crimin,140.033
fact,139.368
each,139.200
end,138.949
audienc,137.921
depict,137.377
much,136.445
two,136.264
think,136.255
made,136.176
child,136.116
leandro,135.895
those,135.350
realist,134.932
tri,134.265
carrot,134.081
ever,133.977
to,133.756
same,133.208
work,132.835
trio,132.480
corrupt,132.266
thing,131.516
know,130.931
littl,130.890
escap,130.716
look,130.006
involv,129.910
countri,129.701
go,128.437
thi,128.265
never,127.851
lot,127.024
over,126.819
part,126.170
been,125.301
come,124.630
poor,124.492
start,124.402
our,123.598
away,123.323
lin,122.506
amaz,122.229
hope,122.210
view,121.894
60,121.776
hand,121.634
polic,121.398
portray,120.119
actual,119.208
say,119.084
few,118.684
cycl,118.551
had,118.330
extrem,118.269
then,117.748
war,117.523
cinema,116.186
surviv,116.143
interest,115.539
happen,114.712
first,114.552
everi,114.209
eye,113.735
hard,112.979
deal,112.953
friend,112.772
anoth,111.871
fast,111.682
murder,111.613
too,111.541
without,110.797
almost,110.609
recommend,108.816
re,108.400
call,108.314
ve,107.705
rate,107.482
yet,107.295
leav,107.222
tender,107.180
name,106.883
doe,106.278
begin,106.039
him,105.962
excel,105.482
pace,105.443
sens,104.989
point,104.750
experi,104.716
present,104.640
hoodlum,104.581
path,104.482
person,104.435
beauti,103.917
though,103.884
own,103.830
danger,103.081
haagensen,103.062
befor,102.598
after,102.186
decad,102.171
understand,101.443
day,101.273
back,101.257
run,101.039
disturb,100.875
someth,100.639
both,100.543
non,100.514
situat,100.512
age,100.289
languag,100.032
70,99.805
raw,99.680
flashback,99.610
doesn,99.273
kind,99.251
social,98.891
stay,98.720
emot,98.369
here,98.314
a,98.190
zee,98.153
off,97.175
top,96.772
death,96.753
action,96.584
narr,96.344
cultur,95.551
between,95.060
may,94.918
open,94.437
keep,94.434
should,94.154
photographi,93.867
american,92.949
whole,92.806
filmmak,92.362
incred,92.004
truli,91.945
believ,91.932
sinc,91.500
everyon,91.456
societi,91.303
did,91.160
condit,91.108
pictur,90.954
creat,90.921
new,90.790
fiction,90.405
could,90.304
howev,90.034
neighborhood,90.016
lord,89.968
natur,89.938
moment,89.605
often,89.501
environ,89.125
enjoy,89.023
everyth,89.013
compel,88.468
profession,88.337
brilliant,88.224
whi,88.091
visual,88.059
plot,88.005
turn,87.889
pulp,87.761
done,87.685
tarantino,87.667
rob,87.551
il,87.093
noth,86.993
subject,86.959
local,86.925
realism,86.819
import,86.800
older,86.671
abl,86.574
brother,86.418
itself,86.212
aspect,86.036
side,85.762
mean,85.453
better,85.432
need,85.382
problem,85.367
matter,85.364
throughout,85.333
now,85.242
must,85.189
job,85.087
masterpiec,84.985
hollywood,84.951
didn,84.616
exist,84.593
group,84.498
gener,84.422
move,84.393
quit,84.244
perfect,84.190
although,84.033
isn,83.270
alway,83.251
down,83.163
honest,83.115
find,83.094
1960,82.947
set,82.915
storytel,82.603
definit,82.329
high,82.188
gritti,81.995
chang,81.759
tia,81.719
effect,81.442
still,81.370
play,81.257
love,81.233
thought,81.185
right,81.105
member,80.968
anyth,80.795
outsid,80.373
small,80.271
screen,80.004
amp,79.966
structur,79.897
bad,79.745
heart,79.545
ll,79.275
tale,79.185
anyon,78.988
dure,78.759
earli,78.754
captur,78.702
complet,78.646
felt,78.634
motel,78.583
resid,78.574
long,78.257
imdb,78.159
sever,78.031
cast,78.004
am,77.908
samba,77.828
human,77.647
simpli,76.986
angelica,76.970
pequeno,76.970
guy,76.552
mantovani,76.524
man,76.346
put,76.305
leader,76.227
imag,76.163
and,75.782
sad,75.575
protagonist,75.555
again,75.545
dream,75.536
big,75.145
seu,74.948
2002,74.902
probabl,74.788
nomin,74.689
control,74.681
youth,74.587
oscar,74.440
jorg,74.086
m,74.015
money,74.009
rather,73.759
intens,73.610
class,73.598
perro,73.428
review,73.415
katia,72.919
sometim,72.832
got,72.766
enough,72.520
dvd,72.484
manag,72.376
adult,72.354
strong,72.344
reason,72.221
pretti,72.163
critic,71.879
exampl,71.738
read,71.605
wonder,71.415
busi,71.353
govern,71.188
shown,71.052
uniqu,70.944
bit,70.780
mind,70.628
perspect,70.626
techniqu,70.536
middl,70.535
inhabit,70.168
teen,70.027
piec,69.970
expect,69.958
idea,69.877
far,69.866
order,69.616
music,69.476
histori,69.234
aspir,68.964
innoc,68.879
rise,68.806
ye,68.744
sure,68.728
close,68.553
light,68.492
known,68.284
introduc,68.075
care,68.051
worth,67.992
develop,67.927
amateur,67.915
drama,67.807
angl,67.511
includ,67.490
brasil,67.387
consid,67.263
scorses,67.187
easi,67.116
help,66.998
authent,66.881
goe,66.836
town,66.704
despit,66.689
entertain,66.567
old,66.536
art,66.508
shaggi,66.375
might,66.213
phellip,66.084
similar,65.999
minut,65.923
compar,65.860
sort,65.757
face,65.722
easili,65.679
cannot,65.679
found,65.600
truth,65.562
overal,65.562
teenag,65.501
color,65.441
parti,65.197
2,65.083
difficult,65.030
allow,65.023
total,64.987
newspap,64.986
level,64.809
let,64.809
1970,64.704
especi,64.487
godfath,64.287
cut,64.013
cinemat,64.000
script,63.662
walk,63.556
9,63.361
amor,63.296
saw,63.191
someon,63.021
deserv,62.953
caught,62.899
charlon,62.886
choos,62.863
beach,62.809
harsh,62.582
final,62.559
surround,62.537
8,62.293
learn,62.081
full,61.879
last,61.715
said,61.501
perform,61.372
messag,61.345
either,61.018
victim,60.959
miss,60.819
fantast,60.741
word,60.728
els,60.635
certain,60.630
mostli,60.528
due,60.490
project,60.474
highli,60.176
within,60.099
energi,60.005
achiev,59.786
english,59.583
under,59.470
describ,59.400
chase,59.337
remind,59.326
hell,58.903
impress,58.694
modern,58.482
robberi,58.447
screenplay,58.259
locat,58.248
die,58.131
except,58.055
hous,58.032
origin,58.020
stun,58.016
ultim,57.950
foot,57.939
instead,57.915
himself,57.897
major,57.607
america,57.507
urban,57.345
titl,57.301
frame,57.289
less,57.187
continu,57.184
attent,57.172
possibl,57.122
later,57.092
impact,57.046
lack,56.904
mix,56.899
lead,56.851
normal,56.640
prais,56.291
onc,56.130
fascin,55.812
lose,55.802
stylish,55.485
entir,55.421
80,55.368
particular,54.826
struggl,54.799
themselv,54.761
unfortun,54.710
chanc,54.577
product,54.540
quickli,54.320
talk,54.121
goos,54.035
amount,53.971
along,53.968
blood,53.846
intern,53.780
unknown,53.721
stylist,53.488
perfectli,53.337
seat,53.263
childhood,53.014
bring,52.822
storylin,52.715
constant,52.709
particularli,52.607
case,52.586
sex,52.563
respect,52.515
won,52.415
forc,52.357
rival,52.338
fear,52.325
hold,52.249
soon,52.127
choic,52.036
rule,52.003
decid,51.941
three,51.834
7,51.834
result,51.832
given,51.817
silva,51.794
janero,51.676
least,51.630
certainli,51.565
lifestyl,51.503
detail,51.447
short,51.243
novel,51.184
d,51.178
desper,51.171
meet,51.158
miseri,50.960
add,50.878
neighbourhood,50.872
stop,50.699
turf,50.654
until,50.640
cool,50.560
perhap,50.539
evil,50.526
wit,50.504
strobe,50.383
larg,50.321
braga,50.309
line,50.304
form,50.249
among,50.246
togeth,50.151
mayb,50.026
surpris,49.981
bullet,49.929
against,49.925
absolut,49.891
graphic,49.843
favella,49.810
thank,49.790
success,49.688
explain,49.665
stomach,49.286
rare,49.262
singl,49.262
activ,49.145
circumst,49.118
recent,49.074
head,49.026
held,48.971
comment,48.923
favorit,48.828
dark,48.692
eventu,48.616
imagin,48.497
hopeless,48.488
left,48.468
5,48.267
alreadi,48.258
unlik,48.220
hour,48.162
lost,48.140
realiz,48.081
captiv,47.950
soundtrack,47.942
sound,47.840
excit,47.798
k,47.639
second,47.578
engag,47.440
written,47.433
heard,47.331
rich,47.329
type,47.299
becam,47.207
cri,47.103
edg,46.941
bene,46.930
ulio,46.915
worst,46.898
educ,46.831
technic,46.720
connect,46.597
list,46.553
movement,46.507
pleas,46.499
suppos,46.481
period,46.480
viscer,46.347
glamor,46.328
smoke,46.304
produc,46.299
brilliantli,46.261
credit,46.235
taken,46.190
influenc,46.146
appear,46.103
initi,45.925
behind,45.917
everybodi,45.905
reflect,45.893
caus,45.870
greatest,45.829
girl,45.805
viciou,45.795
notori,45.745
offer,45.642
killer,45.452
famili,45.383
polit,45.347
etc,45.313
jump,45.247
suburb,45.176
desir,45.171
breath,45.165
ten,45.165
triumph,45.111
younger,45.078
usual,44.802
130,44.601
reveng,44.534
everyday,44.502
approach,44.461
attempt,44.453
variou,44.445
cours,44.439
next,44.420
huge,44.398
men,44.333
notic,44.318
write,44.295
quick,44.294
inde,44.247
moral,44.231
spoiler,44.222
frantic,44.194
revolv,44.084
finish,44.001
steal,43.992
came,43.963
couldn,43.961
aliv,43.929
element,43.907
inspir,43.705
nice,43.597
photo,43.588
rememb,43.587
epic,43.569
janiero,43.521
yourself,43.404
unfold,43.396
hit,43.316
commun,43.278
contrast,43.216
grip,43.176
girlfriend,43.073
nachtergael,43.063
matheu,43.063
mention,42.764
happi,42.705
cheap,42.703
hora,42.650
provid,42.638
opinion,42.589
central,42.511
fall,42.495
doubt,42.451
chapter,42.240
stuff,42.223
sequenc,42.203
tragedi,42.152
ignor,42.116
flashi,42.012
abov,41.870
opportun,41.790
awesom,41.778
wish,41.738
cop,41.700
posit,41.688
individu,41.619
thug,41.617
fill,41.613
fate,41.563
toward,41.454
1,41.370
prove,41.325
necessari,41.312
focus,41.194
catch,41.189
number,41.182
content,40.934
complex,40.901
common,40.651
went,40.604
translat,40.543
display,40.532
basic,40.481
tremend,40.476
depth,40.376
pay,40.337
the,40.250
mainli,40.211
3,40.211
virgin,40.185
rape,40.176
whose,39.974
award,39.948
coupl,39.919
born,39.913
carri,39.907
across,39.849
low,39.832
pain,39.794
passion,39.727
tough,39.526
clear,39.518
apart,39.344
master,39.312
braulio,39.169
galinha,39.169
astonish,39.161
traffic,39.085
contain,39.054
unbeliev,39.045
fight,39.021
qualiti,38.944
casual,38.911
corner,38.862
book,38.850
draw,38.850
somehow,38.764
valu,38.730
minor,38.714
warfar,38.573
anyway,38.570
took,38.468
featur,38.466
horribl,38.400
relat,38.393
pixot,38.385
track,38.384
multipl,38.338
4,38.278
ago,38.268
beyond,38.238
stricken,38.231
cover,38.217
grew,38.201
break,38.196
affect,38.118
repres,38.085
liter,38.071
wow,38.060
kept,38.052
haven,38.043
imposs,37.829
freez,37.762
recruit,37.727
gave,37.709
convey,37.698
south,37.651
journalist,37.523
vivid,37.496
da,37.451
dead,37.386
establish,37.337
hear,37.298
span,37.254
ad,37.218
lze,37.144
state,37.132
portrait,37.047
boyz,37.043
receiv,36.985
iron,36.966
bloodi,36.900
trade,36.860
circl,36.841
cinematograph,36.729
boss,36.646
whether,36.644
rel,36.611
bore,36.598
special,36.317
memor,36.316
remark,36.242
cenoura,36.226
combin,36.183
front,36.155
terribl,36.085
none,36.007
stand,36.005
suck,35.962
execut,35.945
writer,35.914
near,35.897
essenti,35.754
futur,35.566
funni,35.550
dramat,35.534
join,35.457
wasn,35.456
superb,35.452
laugh,35.389
adapt,35.365
fire,35.349
night,35.343
scarfac,35.296
trick,35.266
past,35.236
seriou,35.196
prepar,35.191
drawn,35.154
crude,35.137
comfort,35.089
wouldn,34.949
pull,34.849
popular,34.824
win,34.778
slumdog,34.738
equal,34.733
deliv,34.715
theme,34.691
releas,34.685
prosper,34.677
video,34.617
pure,34.607
250,34.527
accur,34.522
complic,34.517
pursu,34.475
creativ,34.407
upon,34.395
sall,34.335
chao,34.331
speed,34.274
budget,34.134
ruthless,34.131
appreci,34.123
damn,34.120
focu,34.106
avoid,34.094
tast,34.079
artist,34.062
nobodi,34.014
troubl,33.891
exactli,33.886
dialogu,33.885
rezend,33.821
cicad,33.805
vela,33.805
black,33.771
postcard,33.719
twist,33.631
unforgett,33.628
dub,33.572
fun,33.544
wrong,33.535
role,33.505
forget,33.426
organ,33.424
pack,33.417
slow,33.404
wide,33.336
truck,33.247
20,33.217
aren,33.165
hardli,33.153
pass,33.052
soccer,32.935
theater,32.890
comparison,32.866
disco,32.852
flick,32.806
psychot,32.772
appeal,32.765
third,32.764
commit,32.727
serv,32.718
progress,32.705
star,32.704
horror,32.686
wait,32.665
lie,32.522
awar,32.476
academi,32.470
co,32.461
degre,32.398
hero,32.246
rest,32.245
disappoint,32.171
latin,32.128
background,32.098
school,32.098
ring,32.081
knew,32.017
mere,32.016
br,32.012
law,31.996
homeless,31.917
lilz,31.838
built,31.831
accomplish,31.788
york,31.750
tv,31.644
sit,31.627
linear,31.600
prefer,31.520
kinet,31.434
grim,31.413
confus,31.395
link,31.333
atmospher,31.301
breed,31.257
classic,31.239
degrad,31.237
babenco,31.229
question,31.209
score,31.187
frequent,31.146
confront,31.102
intent,31.072
everywher,30.980
unflinch,30.965
separ,30.927
seventi,30.868
occur,30.862
dare,30.862
genr,30.847
wrench,30.840
check,30.807
expos,30.806
weapon,30.703
danc,30.702
pick,30.673
ambit,30.605
cold,30.534
flow,30.501
outstand,30.478
popul,30.469
genuin,30.467
brazillian,30.465
bunch,30.395
despair,30.388
tragic,30.380
y,30.338
construct,30.297
stark,30.296
current,30.225
fashion,30.214
honesti,30.213
rank,30.213
statu,30.203
intrigu,30.194
forth,30.172
sixti,30.076
million,29.999
ultra,29.943
talent,29.903
express,29.897
dougla,29.850
glimps,29.816
quentin,29.798
agre,29.786
context,29.740
1980,29.739
fan,29.661
neg,29.627
speak,29.624
term,29.574
terror,29.571
chaotic,29.535
uncompromis,29.491
attach,29.469
touch,29.459
alon,29.398
buy,29.324
brillianc,29.323
intertwin,29.155
sociopath,29.111
averag,29.072
joy,29.006
flash,28.999
engross,28.988
e,28.966
30,28.911
grown,28.879
competit,28.874
alic,28.768
fit,28.749
brought,28.745
clipper,28.716
skill,28.671
convinc,28.597
purpos,28.583
depress,28.534
grab,28.512
wors,28.427
exploit,28.425
tradit,28.383
version,28.373
subplot,28.360
insight,28.318
option,28.307
citizen,28.305
cruel,28.285
arm,28.215
indic,28.197
refer,28.172
aka,28.168
bare,28.145
wealth,28.145
weak,28.092
guess,28.073
news,28.050
temptat,28.038
util,27.993
slick,27.938
outskirt,27.894
gangsta,27.894
ironi,27.846
fail,27.799
r,27.790
center,27.789
horrifi,27.682
method,27.660
specif,27.659
commerci,27.652
bodi,27.627
visit,27.546
support,27.519
step,27.506
repeat,27.462
snort,27.460
inevit,27.421
rhythm,27.340
categori,27.302
extraordinari,27.280
u,27.271
shame,27.208
object,27.202
random,27.176
ritchi,27.149
whom,27.146
split,27.138
asid,27.099
section,27.077
enter,27.048
dweller,27.015
bloodsh,27.000
build,26.991
n,26.960
sexual,26.956
account,26.943
vibrant,26.933
traffick,26.895
sensit,26.836
mtv,26.810
today,26.713
shanti,26.705
o,26.632
hidden,26.566
forgotten,26.529
throw,26.520
reach,26.502
reveal,26.484
self,26.473
inform,26.470
cesar,26.451
enemi,26.429
tension,26.426
abil,26.379
chill,26.345
nation,26.306
100,26.297
univers,26.277
haunt,26.267
bold,26.217
quot,26.209
sympathi,26.186
seri,26.081
2003,26.063
gut,26.049
motion,26.048
clearli,26.003
cocain,25.954
sensat,25.900
scorces,25.900
dazzl,25.893
somewhat,25.799
len,25.780
defin,25.704
crazi,25.650
worthi,25.643
late,25.620
earn,25.615
thu,25.613
hate,25.590
portuges,25.590
further,25.582
limit,25.564
rais,25.542
ask,25.533
week,25.509
humor,25.446
earth,25.425
flawless,25.373
deep,25.359
territori,25.356
gain,25.314
senseless,25.311
loos,25.311
frighten,25.270
experienc,25.204
factor,25.190
lover,25.163
addit,25.095
deepli,25.063
chronicl,25.049
poorest,25.018
consequ,24.988
immedi,24.988
answer,24.980
beat,24.943
6,24.933
ga,24.914
frenet,24.905
quiet,24.900
clever,24.861
hotel,24.839
cross,24.836
provok,24.779
attitud,24.731
serious,24.707
peer,24.669
adolesc,24.669
tie,24.651
mad,24.634
hesit,24.612
gratuit,24.608
sadli,24.581
effort,24.581
safe,24.549
festiv,24.514
regard,24.492
tour,24.471
2000,24.451
maker,24.450
peac,24.427
discov,24.408
pan,24.400
stick,24.355
topic,24.290
greatli,24.274
substanc,24.260
region,24.242
note,24.191
innov,24.185
besid,24.182
aw,24.174
devast,24.157
destruct,24.151
fulli,24.137
report,24.108
parallel,24.100
wast,24.039
friendship,24.031
warn,24.011
showcas,24.007
myself,23.987
chosen,23.981
decis,23.974
nearli,23.946
studi,23.946
soul,23.942
tone,23.933
unless,23.919
spoken,23.915
youngster,23.870
luck,23.849
excess,23.792
demonstr,23.775
psychopath,23.756
heartbreak,23.739
highlight,23.679
fa,23.674
straight,23.636
suspens,23.602
nevertheless,23.600
evolv,23.572
handl,23.549
reminisc,23.539
distanc,23.503
illustr,23.491
strongli,23.490
lower,23.484
wannab,23.474
thrill,23.442
rent,23.420
blown,23.393
maintain,23.365
relentless,23.300
motiv,23.296
five,23.259
sight,23.206
fine,23.173
forward,23.144
horrif,23.136
famou,23.134
exhilar,23.059
stupid,23.049
perpetu,23.044
constantli,23.037
dadinho,23.037
harder,23.033
la,23.007
lucki,23.004
flaw,22.996
paper,22.978
core,22.972
spend,22.952
student,22.893
strang,22.842
aesthet,22.827
18,22.806
impoverish,22.800
domin,22.781
viewpoint,22.780
50,22.774
amongst,22.713
issu,22.704
home,22.697
afterward,22.694
regret,22.673
ciudad,22.641
blend,22.607
associ,22.591
sell,22.566
obvious,22.555
game,22.533
screenwrit,22.504
tourist,22.486
destroy,22.454
women,22.450
hector,22.429
daili,22.400
complain,22.395
thousand,22.340
amazingli,22.301
odd,22.300
figur,22.292
rivet,22.278
insid,22.222
appar,22.208
dirti,22.197
decent,22.156
highest,22.138
treat,22.135
enhanc,22.121
gruesom,22.108
profound,22.063
crap,22.030
barrio,22.016
sao,22.016
roll,21.993
post,21.993
slowli,21.977
typic,21.970
hype,21.944
hook,21.917
fli,21.910
honestli,21.875
docudrama,21.862
whenev,21.819
2004,21.799
delinqu,21.793
evok,21.789
jerki,21.773
c,21.760
punish,21.699
colour,21.675
era,21.642
therefor,21.611
process,21.548
sweep,21.544
scare,21.506
longer,21.482
half,21.468
suffer,21.465
statement,21.422
sat,21.321
warm,21.266
overwhelm,21.246
thiago,21.225
ticket,21.188
harrow,21.113
spree,21.083
daniel,21.054
photojournalist,21.001
player,20.998
spirit,20.982
satisfi,20.957
magnific,20.942
ear,20.936
notch,20.927
share,20.924
punch,20.915
greater,20.905
abus,20.874
rapid,20.873
gt,20.866
shift,20.865
transit,20.862
ridden,20.790
employ,20.749
month,20.748
nowaday,20.739
glorifi,20.726
compos,20.698
sign,20.693
drastic,20.683
solut,20.676
anarchi,20.663
bigger,20.620
favourit,20.614
energet,20.611
integr,20.611
remain,20.600
format,20.596
poignant,20.564
offend,20.515
loud,20.475
distinct,20.465
hundr,20.455
site,20.425
suggest,20.388
recogn,20.377
shi,20.318
drag,20.300
drive,20.297
count,20.269
adulthood,20.240
offic,20.212
17,20.211
knock,20.206
marvel,20.189
garden,20.145
dozen,20.086
attract,20.083
gone,20.062
styliz,20.034
recreat,20.032
flavela,20.021
manner,20.008
favor,19.999
divid,19.996
finest,19.995
infam,19.990
seemingli,19.985
career,19.982
smart,19.973
challeng,19.936
sharp,19.921
media,19.919
brothel,19.917
privileg,19.910
lawless,19.891
led,19.887
battl,19.880
simpl,19.872
mane,19.820
rodriguez,19.761
sheer,19.745
climax,19.706
hadn,19.699
key,19.694
recognit,19.687
f,19.666
uncomfort,19.642
miramax,19.638
gangland,19.638
reward,19.635
sar,19.631
addict,19.624
transport,19.610
goal,19.604
ridicul,19.580
forgot,19.578
oddli,19.554
martin,19.546
solid,19.538
charm,19.520
identifi,19.515
ben,19.512
villain,19.494
journey,19.484
elimin,19.483
clich,19.473
guid,19.473
observ,19.452
numb,19.446
frenzi,19.397
com,19.388
coke,19.380
promis,19.359
grand,19.347
bleak,19.332
busca,19.317
lica,19.317
crowd,19.294
whilst,19.245
stuck,19.233
twice,19.228
faith,19.215
advantag,19.193
fresh,19.183
hang,19.165
mass,19.152
upset,19.149
anybodi,19.098
band,19.032
familiar,18.953
neat,18.825
janerio,18.817
sandro,18.817
rife,18.817
empathi,18.805
discuss,18.784
below,18.755
voic,18.746
deadli,18.734
knowledg,18.718
massacr,18.703
portug,18.691
nicknam,18.682
exagger,18.667
anywher,18.653
teach,18.651
mesmer,18.646
succeed,18.642
profit,18.622
white,18.611
dynam,18.559
regular,18.554
utterli,18.549
remors,18.518
yeah,18.506
absorb,18.506
vast,18.497
paradis,18.485
credibl,18.471
handheld,18.468
geniu,18.467
text,18.454
importantli,18.445
date,18.440
paint,18.425
cod,18.416
welcom,18.378
otherwis,18.372
via,18.318
blow,18.304
eighti,18.301
particip,18.288
her,18.283
behavior,18.265
admir,18.264
succe,18.263
mini,18.258
till,18.248
introduct,18.228
vibe,18.227
conceiv,18.219
save,18.215
root,18.211
industri,18.194
market,18.183
nightmar,18.163
mess,18.157
bonu,18.144
growth,18.138
wild,18.114
tilt,18.111
fool,18.105
biggest,18.089
access,18.082
cruelti,18.082
remov,18.081
breathless,18.023
extent,18.017
essenc,18.013
design,18.003
owe,17.986
terrifi,17.978
ride,17.974
hip,17.967
golden,17.951
dwell,17.934
dump,17.923
bright,17.923
redempt,17.912
columbin,17.910
hide,17.907
craft,17.887
petti,17.875
angelika,17.845
seldom,17.843
acclaim,17.839
casino,17.832
plan,17.830
rough,17.823
bang,17.797
romanc,17.791
pressur,17.746
90,17.717
appal,17.713
sake,17.704
transform,17.697
explor,17.696
former,17.677
explicit,17.672
pot,17.667
vision,17.663
chock,17.656
hurt,17.643
travel,17.626
humour,17.608
heavi,17.599
bought,17.596
occasion,17.543
send,17.538
cynic,17.512
predict,17.486
insecur,17.449
notabl,17.448
mob,17.448
mark,17.443
millionair,17.431
ebert,17.394
filth,17.389
indiffer,17.385
dog,17.381
disgust,17.370
push,17.336
balanc,17.329
gonna,17.316
oh,17.306
televis,17.274
18th,17.260
shine,17.245
fade,17.225
argu,17.190
fake,17.177
increas,17.177
contribut,17.173
mayhem,17.139
lookout,17.128
began,17.092
tu,17.071
meaning,17.056
enthral,17.049
unit,17.043
contemporari,17.035
likabl,17.022
underworld,17.019
merit,17.003
higher,17.003
g,17.001
pleasur,16.997
snatch,16.987
plenti,16.973
stage,16.966
instanc,16.963
admit,16.960
immers,16.946
steak,16.936
econom,16.927
seamlessli,16.927
invent,16.879
pre,16.868
rang,16.858
slaughter,16.823
360,16.809
chose,16.807
flesh,16.805
surprisingli,16.765
blew,16.753
ugli,16.734
box,16.716
spiral,16.682
oppos,16.669
gore,16.664
bu,16.653
somebodi,16.634
shadow,16.625
sympathet,16.622
vote,16.620
meanwhil,16.601
consider,16.540
opposit,16.530
merciless,16.522
ensembl,16.516
recount,16.515
realis,16.416
wipe,16.405
metaphor,16.403
conscienc,16.391
zone,16.391
countless,16.386
exposur,16.373
illumin,16.353
usa,16.342
copi,16.332
cog,16.325
strike,16.299
relationship,16.272
mafia,16.265
fair,16.248
land,16.235
jerk,16.218
regardless,16.213
manhood,16.209
annoy,16.192
breakneck,16.191
capit,16.190
aggress,16.187
mesmeris,16.187
es,16.172
evid,16.129
segment,16.052
gem,16.051
sear,16.043
cost,16.027
smack,16.013
breathtak,16.013
montag,16.002
room,15.998
protect,15.991
seek,15.983
gunfight,15.966
militari,15.952
unexpectedli,15.942
destini,15.919
commentari,15.911
wise,15.889
spare,15.885
relev,15.855
flood,15.811
hey,15.796
nine,15.794
practic,15.780
holdup,15.778
system,15.775
kick,15.757
armi,15.744
empath,15.740
footbal,15.734
collect,15.731
nowher,15.700
ok,15.699
potenti,15.680
p,15.674
rush,15.668
escal,15.644
vengeanc,15.618
betray,15.583
voyeurist,15.580
21,15.577
sun,15.570
exclus,15.567
understood,15.565
advanc,15.527
wield,15.507
uplift,15.498
consum,15.495
borrow,15.486
mistak,15.485
space,15.481
claim,15.468
conclus,15.465
abund,15.453
submers,15.437
biographi,15.429
trap,15.415
twenti,15.402
ground,15.377
conflict,15.365
boggl,15.358
thriller,15.349
descript,15.340
prepubesc,15.317
tambien,15.317
hot,15.291
crucial,15.287
whatsoev,15.287
norm,15.285
incid,15.223
faction,15.208
page,15.198
meant,15.197
honor,15.194
spite,15.190
thiev,15.187
amidst,15.174
shaki,15.169
worldwid,15.122
encourag,15.117
tend,15.045
document,15.042
publish,15.038
steadi,15.017
slightli,15.017
rorigu,15.016
brasilian,15.016
verit,15.016
phenomen,15.014
gasp,15.013
coolest,14.969
nor,14.956
mama,14.952
civil,14.948
spot,14.940
return,14.923
avail,14.910
earlier,14.910
concern,14.908
bravado,14.900
reign,14.886
appli,14.860
hypnot,14.855
rave,14.852
feet,14.832
tool,14.824
eat,14.823
readi,14.801
mainstream,14.791
kane,14.788
underneath,14.782
gunfir,14.771
materi,14.766
zoom,14.764
garbag,14.762
illeg,14.756
repel,14.733
fell,14.700
hellish,14.686
intox,14.686
shootout,14.683
compet,14.682
careless,14.667
toughest,14.658
ordinari,14.657
improv,14.634
isol,14.606
rock,14.588
tortur,14.584
prevent,14.578
congratul,14.577
whatev,14.561
drench,14.559
terrif,14.551
lesson,14.537
proud,14.531
superbl,14.522
worri,14.517
crack,14.510
cyclic,14.500
alleyway,14.500
shallow,14.498
soweto,14.488
tropa,14.488
tiago,14.488
orfeu,14.488
mirror,14.478
reservoir,14.461
pathet,14.447
inhuman,14.439
spectacular,14.438
emerg,14.433
scari,14.424
road,14.370
knife,14.365
neither,14.349
disturbingli,14.335
accompani,14.329
tire,14.293
richer,14.288
price,14.278
exact,14.269
theft,14.265
millennium,14.255
convent,14.246
subtli,14.240
pop,14.238
thread,14.231
door,14.226
intim,14.222
unsettl,14.222
harm,14.219
free,14.179
purgatori,14.172
determin,14.170
model,14.169
extra,14.163
threaten,14.155
plagu,14.142
13,14.138
15,14.137
rampant,14.125
inner,14.124
french,14.121
interpret,14.119
upbeat,14.117
daylight,14.110
immens,14.110
vibranc,14.084
unemploy,14.075
greed,14.068
imageri,14.063
accept,14.040
virtual,14.037
spent,14.035
ideal,14.030
evolut,13.999
gotten,13.989
pave,13.986
vacat,13.959
taught,13.939
tackl,13.931
creation,13.928
ang,13.921
brandish,13.895
harshest,13.895
presenc,13.881
store,13.872
ahead,13.852
packag,13.838
perpetr,13.830
lust,13.828
plu,13.809
12,13.784
assault,13.779
composit,13.776
glad,13.770
overli,13.743
largest,13.738
sprawl,13.726
king,13.719
privat,13.712
concentr,13.710
aquat,13.679
squalor,13.679
suprem,13.633
landscap,13.630
club,13.628
miami,13.627
stanc,13.627
timelin,13.621
revel,13.614
symbol,13.605
shockingli,13.576
pointless,13.573
hire,13.566
shop,13.552
bla,13.549
belief,13.542
doubl,13.539
peak,13.501
broken,13.475
preval,13.468
fortun,13.430
car,13.422
trip,13.420
acknowledg,13.402
massiv,13.400
silenc,13.389
jar,13.389
shantytown,13.384
dio,13.384
frustrat,13.382
alley,13.375
homicid,13.369
machin,13.367
angel,13.363
rapidli,13.359
dizzi,13.349
punk,13.334
appropri,13.326
characterist,13.311
youngest,13.300
alongsid,13.294
mine,13.288
train,13.284
beg,13.278
cash,13.267
africa,13.246
psycholog,13.244
amus,13.241
dirt,13.232
offici,13.230
albeit,13.213
courag,13.209
firearm,13.208
sold,13.191
expand,13.191
raid,13.176
proce,13.167
interact,13.149
justic,13.142
sucker,13.139
vividli,13.135
basi,13.123
abject,13.108
marijuana,13.092
thrown,13.027
soldier,13.026
remot,13.025
scream,13.011
textur,13.011
digest,12.998
necess,12.990
footag,12.989
nod,12.982
urg,12.976
spin,12.969
unforgiv,12.964
antagonist,12.948
sugar,12.939
unpredict,12.921
driven,12.916
buddi,12.912
edgi,12.906
beast,12.892
array,12.870
spectat,12.870
wall,12.864
manipul,12.854
sleep,12.854
elit,12.850
reaction,12.843
hostil,12.822
finger,12.809
mexico,12.795
viabl,12.730
sin,12.718
test,12.710
anymor,12.696
chicago,12.696
ambiti,12.691
displac,12.679
sole,12.676
intellig,12.675
unrel,12.674
author,12.669
dutch,12.666
instantli,12.664
mile,12.664
distort,12.656
heat,12.638
eight,12.626
enorm,12.625
pretenti,12.617
loot,12.604
bystand,12.592
interview,12.584
augustin,12.577
ought,12.563
toy,12.544
obtain,12.542
benefit,12.533
afford,12.501
neglect,12.497
dive,12.494
directli,12.489
tomorrow,12.484
nonetheless,12.482
sociolog,12.475
ryan,12.465
sweat,12.464
dollar,12.463
blockbust,12.443
hardship,12.441
saniti,12.441
ted,12.414
faint,12.414
poorli,12.404
behaviour,12.395
she,12.377
interweav,12.377
comedi,12.373
milieu,12.366
overr,12.363
consist,12.363
web,12.360
unpleas,12.350
worker,12.341
merci,12.338
carniv,12.335
runner,12.333
target,12.328
barrel,12.316
trace,12.309
four,12.306
feud,12.304
kingpin,12.293
resembl,12.285
smile,12.284
altern,12.271
swept,12.269
undoubtedli,12.265
suffici,12.251
sunlight,12.243
magazin,12.239
seal,12.236
fulfil,12.235
supris,12.234
paolo,12.228
souza,12.228
rout,12.200
vice,12.191
explos,12.180
detach,12.180
devic,12.170
blank,12.168
failur,12.167
rooster,12.153
badli,12.152
bandit,12.139
condemn,12.128
refresh,12.122
infest,12.083
obviou,12.063
character,12.038
stretch,12.036
hobbi,12.013
abysm,12.004
public,12.002
suspect,11.998
descend,11.995
brain,11.991
smell,11.987
lock,11.971
underbelli,11.970
releg,11.970
bloodbath,11.962
desensit,11.953
overlook,11.949
ador,11.946
2005,11.931
jungl,11.923
behav,11.910
intervent,11.888
gap,11.880
emphasi,11.869
chronolog,11.859
quarter,11.859
paus,11.852
drew,11.849
blackhawk,11.834
sunni,11.817
dimension,11.816
sceptic,11.809
contend,11.782
glue,11.778
possess,11.767
primari,11.763
buri,11.763
proceed,11.761
whoa,11.749
latter,11.738
rip,11.727
coher,11.727
policemen,11.712
previou,11.706
nauseat,11.697
mood,11.686
sensibl,11.685
board,11.677
pov,11.676
agenc,11.669
fanci,11.668
nyc,11.662
fu,11.659
injustic,11.652
anticip,11.652
verdict,11.643
requir,11.642
per,11.636
disappear,11.633
instinct,11.632
bear,11.632
bombay,11.625
electr,11.616
16,11.600
camerawork,11.599
incorpor,11.598
vari,11.580
interwoven,11.579
altogeth,11.560
closest,11.551
lend,11.540
clean,11.540
west,11.537
saga,11.536
numer,11.529
pile,11.525
exuber,11.519
fella,11.513
match,11.498
weav,11.496
anim,11.496
crew,11.491
arson,11.488
meth,11.488
somewher,11.475
reli,11.464
risk,11.453
assum,11.449
attack,11.446
unnecessari,11.416
met,11.391
legendari,11.391
represent,11.389
farewel,11.382
applaud,11.381
forev,11.380
nobl,11.373
jolt,11.370
transpir,11.352
walter,11.345
shouldn,11.340
hole,11.339
window,11.325
belong,11.320
mindless,11.301
father,11.298
erupt,11.294
palett,11.288
cam,11.266
strongest,11.264
00,11.260
yesterday,11.259
underdevelop,11.249
fellow,11.248
un,11.230
multitud,11.216
adventur,11.204
advis,11.204
wind,11.195
laid,11.183
ingeni,11.178
standard,11.169
economi,11.162
bite,11.127
dancer,11.110
fault,11.106
barbar,11.099
patron,11.099
logic,11.098
fairli,11.087
ident,11.085
ongo,11.084
easier,11.084
indigen,11.081
menac,11.075
brim,11.074
poster,11.063
roam,11.059
directori,11.049
promot,11.045
bewar,11.044
junior,11.039
disbelief,11.030
gori,11.030
friendli,11.028
cann,11.010
repetit,11.009
prize,11.008
wherev,11.005
dreg,10.989
coaster,10.979
swear,10.974
scriptwrit,10.967
occurr,10.962
palestin,10.959
expert,10.939
superior,10.929
stem,10.906
roller,10.887
occas,10.870
intend,10.859
manic,10.852
export,10.848
deprav,10.848
embodi,10.839
exemplifi,10.826
delight,10.823
scatter,10.822
concept,10.820
worthless,10.783
round,10.781
fearless,10.774
sudden,10.770
contriv,10.769
wave,10.767
judg,10.746
dreari,10.745
medium,10.743
theatr,10.737
address,10.734
encount,10.733
secur,10.723
skip,10.711
indulg,10.703
comic,10.701
overcrowd,10.698
alik,10.692
succumb,10.679
roger,10.661
choke,10.648
cartel,10.629
policeman,10.624
depart,10.620
size,10.620
skin,10.614
dressag,10.613
carraway,10.613
enjoyth,10.613
mireil,10.613
smallest,10.609
rica,10.606
slam,10.605
transcend,10.603
dull,10.594
chart,10.593
super,10.592
revolt,10.582
shake,10.574
palpabl,10.574
improvis,10.567
unseen,10.552
icon,10.550
jail,10.549
sport,10.547
soak,10.541
contact,10.536
bother,10.533
theatric,10.532
maelstrom,10.521
acquaint,10.511
stock,10.511
argument,10.507
air,10.503
outlaw,10.500
desol,10.497
rental,10.475
strength,10.470
reliev,10.465
endless,10.464
prior,10.462
clariti,10.461
spectacl,10.458
belt,10.454
impuls,10.450
kinda,10.447
forsaken,10.441
dedic,10.438
shawshank,10.430
passiv,10.430
artistri,10.430
titular,10.430
romant,10.409
sicken,10.392
handgun,10.384
ooz,10.355
tiger,10.351
tight,10.345
plung,10.322
candid,10.322
carnag,10.318
magic,10.316
imo,10.306
preachi,10.306
necessarili,10.304
trust,10.302
stray,10.296
nauseou,10.294
mold,10.293
bath,10.280
custom,10.280
sniff,10.277
b,10.266
stunningli,10.251
race,10.250
bank,10.249
redeem,10.247
sand,10.245
unprofession,10.243
workshop,10.226
unconvent,10.223
abandon,10.217
costa,10.210
seamless,10.208
tabl,10.208
rever,10.199
treatment,10.198
sub,10.185
outlook,10.178
closur,10.178
poorer,10.178
overcom,10.159
warrant,10.148
furiou,10.122
astound,10.120
daytim,10.116
ourselv,10.110
fabul,10.107
respons,10.098
lotr,10.096
aftermath,10.081
pray,10.061
devoid,10.047
counterpart,10.047
itali,10.036
preach,10.023
cant,10.019
inacio,10.011
spoilersview,10.011
cabeleira,10.011
jacarepagu,10.011
esteban,10.011
luiz,10.011
brasileiro,10.011
morro,10.011
jenerio,10.011
renato,10.011
revot,10.011
peco,10.011
meriel,10.011
phelip,10.011
rubgonzal,10.011
mereil,10.011
vidig,10.011
rocinha,10.011
bossa,10.011
meireil,10.011
load,10.008
te,10.000
formula,9.987
stroke,9.968
paid,9.963
ex,9.955
unusu,9.944
food,9.941
fierc,9.937
characteris,9.919
paradox,9.913
sentenc,9.900
en,9.890
descent,9.890
heighten,9.888
reel,9.880
shape,9.880
funki,9.868
resist,9.860
rundown,9.855
undesir,9.855
oppon,9.855
acquir,9.850
midst,9.845
valid,9.843
watcher,9.833
partial,9.828
robber,9.825
politician,9.820
tens,9.805
nake,9.798
upper,9.782
clip,9.774
pseudo,9.767
correct,9.766
pen,9.758
affair,9.751
surfac,9.747
justifi,9.745
gift,9.743
handsom,9.734
episod,9.734
trigger,9.716
dumb,9.713
strive,9.709
joke,9.709
surpass,9.702
snapshot,9.692
unreal,9.691
irrelev,9.682
pleasantli,9.682
insuffici,9.682
woman,9.677
secondari,9.673
untrain,9.671
distract,9.665
orient,9.659
lula,9.658
vio,9.658
absoloutley,9.658
gome,9.658
sorrow,9.657
hint,9.642
fond,9.624
uncov,9.620
fastest,9.618
jumpi,9.618
mobster,9.617
empti,9.616
dislik,9.602
thick,9.596
matrix,9.592
consciou,9.589
record,9.589
ass,9.582
hill,9.573
helpless,9.562
charg,9.560
distinguish,9.560
virtuos,9.547
brief,9.545
pianist,9.541
machismo,9.538
spine,9.534
exit,9.534
socio,9.528
india,9.524
extend,9.520
caption,9.518
11,9.518
semi,9.516
atroc,9.500
distress,9.498
21st,9.498
witti,9.491
rage,9.490
garner,9.489
climact,9.487
kung,9.485
favour,9.473
bulli,9.471
matur,9.468
hurrican,9.462
shade,9.455
culmin,9.453
chest,9.449
conscious,9.449
tranquil,9.444
shorter,9.442
bowl,9.440
san,9.438
virtuoso,9.426
dumbfound,9.426
shakespear,9.426
uncl,9.414
eager,9.412
princip,9.410
pele,9.409
allbeit,9.409
mpaa,9.391
pulsat,9.391
winner,9.385
valuabl,9.384
slap,9.380
ventur,9.380
intersect,9.374
plain,9.373
expertli,9.370
shooter,9.365
fluent,9.365
resort,9.363
hail,9.344
3rd,9.338
grate,9.331
sum,9.327
glu,9.324
complac,9.323
sentiment,9.322
spanish,9.320
microcosm,9.315
speech,9.314
parent,9.291
farm,9.291
occupi,9.285
capabl,9.276
grace,9.272
signific,9.265
rubbish,9.264
difficulti,9.262
spread,9.259
commod,9.251
vital,9.248
trait,9.248
toddler,9.243
unravel,9.234
loss,9.224
sick,9.220
row,9.215
manu,9.215
amorr,9.215
turbul,9.212
slot,9.212
grant,9.212
contrari,9.205
dant,9.197
refus,9.194
reserv,9.193
ensur,9.191
label,9.189
resourc,9.176
divers,9.171
cameraman,9.160
acceler,9.160
asap,9.160
prostitut,9.156
smaller,9.151
requiem,9.136
tint,9.132
choreograph,9.126
endear,9.121
survivor,9.111
swirl,9.111
exquisit,9.108
pleasant,9.108
reject,9.098
commonplac,9.097
infant,9.097
glossi,9.076
emphas,9.076
dust,9.068
increasingli,9.060
salaam,9.056
judo,9.056
thankful,9.056
infer,9.049
weed,9.042
superfici,9.041
miser,9.039
stylis,9.029
scroll,9.029
distant,9.027
awe,9.022
simultan,9.022
incom,9.016
nightclub,9.016
cleverli,9.005
soft,9.004
basketbal,8.997
empathis,8.990
swagger,8.977
sharpli,8.977
dig,8.974
vocabulari,8.971
compani,8.970
heaven,8.962
feat,8.957
underli,8.954
overkil,8.952
outrag,8.945
impression,8.934
detractor,8.928
uncommon,8.928
influenti,8.925
goni,8.923
ganglord,8.923
bribe,8.910
inexperienc,8.910
europ,8.904
birth,8.900
varieti,8.899
undeni,8.899
interspers,8.898
fist,8.897
channel,8.891
attend,8.883
overlap,8.868
intric,8.866
compliment,8.863
alli,8.856
european,8.852
retribut,8.851
deliveri,8.850
hbo,8.845
confess,8.838
wrote,8.837
vigor,8.834
unsuspect,8.834
accident,8.827
ii,8.823
invit,8.820
mug,8.817
compress,8.811
lo,8.807
hunt,8.807
critiz,8.807
lincoln,8.806
amazon,8.806
innat,8.806
subtleti,8.805
charismat,8.803
brand,8.795
dope,8.795
backdrop,8.792
reson,8.774
press,8.768
carefre,8.768
mechan,8.767
coordin,8.762
henc,8.758
onward,8.752
arc,8.747
brace,8.741
frighteningli,8.741
multi,8.739
arrest,8.737
sympathis,8.736
lovingli,8.736
fix,8.735
globe,8.734
guilt,8.731
rap,8.710
research,8.709
174,8.704
harlem,8.704
assur,8.695
intensifi,8.694
ran,8.690
runaway,8.684
user,8.676
radiat,8.674
shotgun,8.669
framework,8.664
thirst,8.659
arriv,8.654
eh,8.649
proof,8.647
netflix,8.640
biograph,8.635
struck,8.633
mise,8.625
dimens,8.575
gunshot,8.573
outcom,8.570
bye,8.564
ton,8.563
scheme,8.561
slang,8.555
empir,8.549
nuanc,8.546
urgenc,8.545
bafta,8.545
soulless,8.532
instant,8.523
myriad,8.523
bet,8.518
outcast,8.514
pistol,8.505
crouch,8.501
subsequ,8.498
amid,8.496
resign,8.492
bag,8.479
fame,8.478
bombard,8.470
1981,8.470
goer,8.470
engulf,8.458
harmless,8.453
spoil,8.444
vulner,8.442
boyl,8.428
buff,8.414
satur,8.404
reckless,8.404
elev,8.403
guilti,8.400
stare,8.397
kiddi,8.395
aptli,8.391
pretend,8.388
inept,8.383
permeat,8.379
formal,8.379
insan,8.368
joint,8.367
summari,8.365
red,8.358
distribut,8.352
choppi,8.348
feroci,8.348
accid,8.347
ambigu,8.335
deliber,8.333
implement,8.321
amnesti,8.320
assist,8.319
factual,8.317
bound,8.312
hippi,8.291
stack,8.287
subtl,8.286
thrive,8.276
fals,8.272
rariti,8.272
comrad,8.272
heavili,8.268
chief,8.265
cloth,8.261
filter,8.250
unrealist,8.249
st,8.243
fri,8.229
independ,8.228
versa,8.222
assess,8.218
digress,8.214
aim,8.211
nick,8.207
fold,8.197
travesti,8.193
debut,8.192
nonsens,8.191
dissect,8.190
floor,8.186
gentleman,8.176
uncertain,8.176
juxtaposit,8.169
hop,8.169
unabl,8.169
singular,8.163
solv,8.161
abound,8.159
stink,8.153
openli,8.153
calibur,8.152
speaker,8.149
exot,8.149
polici,8.143
voter,8.136
flourish,8.136
lush,8.133
excus,8.132
partner,8.132
theori,8.125
gloss,8.110
wider,8.103
wrap,8.103
transposit,8.102
mental,8.097
refin,8.097
squeamish,8.090
western,8.084
unfamiliar,8.081
primal,8.078
horrend,8.071
yawn,8.059
mightier,8.055
incapac,8.055
nail,8.054
team,8.052
insignific,8.046
lowest,8.043
margin,8.040
blunt,8.040
infus,8.037
recal,8.033
piti,8.026
brave,8.020
disord,8.019
latest,8.017
reform,8.016
steam,8.016
scorsces,8.011
sonia,8.011
roman,8.008
asset,7.992
disconnect,7.992
disciplin,7.986
potent,7.977
victimis,7.968
scooter,7.968
swivel,7.968
nova,7.968
300,7.968
dialog,7.963
grade,7.962
invis,7.957
confid,7.946
mindset,7.939
precis,7.936
occup,7.931
esqu,7.928
crossfir,7.928
gover,7.928
crueler,7.928
restrict,7.922
utter,7.922
untouch,7.914
churn,7.911
seduc,7.900
lurk,7.894
brochur,7.889
hunter,7.889
attain,7.889
rwanda,7.878
endur,7.877
lone,7.869
closer,7.868
anxiou,7.854
wealthier,7.852
apartheid,7.852
warp,7.835
shirt,7.833
foolish,7.814
debt,7.814
avid,7.796
shortcom,7.796
alot,7.796
rotk,7.794
ill,7.794
comprehens,7.784
deni,7.782
luxuri,7.781
toni,7.781
replac,7.781
catchi,7.774
boom,7.771
unleash,7.771
unexpect,7.760
nonfict,7.750
os,7.750
dickensian,7.750
stereotyp,7.743
panic,7.741
depend,7.725
facet,7.724
ellips,7.718
bourgeoisi,7.718
playboy,7.717
compon,7.717
jealou,7.717
entitl,7.717
melt,7.710
grin,7.707
admiss,7.705
demand,7.694
idol,7.693
laidback,7.688
woven,7.684
tightli,7.681
trainspot,7.677
repuls,7.672
goodby,7.661
monopol,7.658
ceas,7.654
sourc,7.651
articl,7.640
complaint,7.640
masteri,7.638
legitim,7.636
maximum,7.633
momentum,7.629
futil,7.627
unimagin,7.624
humili,7.622
foreshadow,7.622
traumat,7.620
peril,7.620
flair,7.620
tear,7.620
absent,7.618
trite,7.615
narrow,7.613
hillsid,7.602
flank,7.602
underclass,7.602
leon,7.601
nomine,7.600
crippl,7.595
fluid,7.593
profess,7.587
adjust,7.587
scariest,7.585
equip,7.576
banger,7.576
nonviol,7.576
task,7.574
drift,7.569
warmth,7.569
mileston,7.565
envi,7.563
fragil,7.552
freelanc,7.550
gardner,7.550
command,7.546
minimum,7.538
40,7.532
copacabana,7.525
menageri,7.500
layer,7.499
blue,7.499
jaw,7.487
judgement,7.478
cup,7.472
agenda,7.468
max,7.462
mild,7.460
toe,7.460
lit,7.455
onto,7.454
wrath,7.451
angri,7.446
plight,7.437
unhappi,7.433
host,7.431
fest,7.429
woo,7.423
sweet,7.423
birthday,7.420
deed,7.414
mouth,7.412
sugarcoat,7.409
sneez,7.409
cruelest,7.387
barbecu,7.387
enforc,7.384
automat,7.384
faster,7.373
startl,7.367
interraci,7.366
memori,7.358
visibl,7.358
supplier,7.346
backtrack,7.346
nativ,7.338
mate,7.336
diamond,7.334
liveli,7.326
clash,7.324
camp,7.319
uk,7.308
docu,7.306
demis,7.303
accuraci,7.301
ration,7.301
slice,7.301
habit,7.294
scale,7.290
deeper,7.290
passag,7.289
scuffl,7.287
satisfact,7.285
coat,7.280
afraid,7.276
compromis,7.273
vouch,7.269
someplac,7.269
kingdom,7.268
contradict,7.261
unbear,7.253
complement,7.253
briberi,7.250
obscur,7.239
teeth,7.233
monik,7.232
veloc,7.232
elsewher,7.226
dont,7.221
menial,7.215
groovi,7.215
beget,7.215
dab,7.215
suddenli,7.214
melodramat,7.211
proport,7.200
scoobi,7.198
lifespan,7.198
24,7.194
walt,7.189
wick,7.189
partli,7.182
vietnam,7.181
attribut,7.178
climb,7.174
comprehend,7.174
curios,7.168
tendenc,7.167
dose,7.165
slickli,7.164
ascertain,7.164
funk,7.164
incapacit,7.164
declar,7.160
sister,7.158
nuditi,7.156
showdown,7.151
flee,7.151
excitedli,7.148
cesspool,7.148
behold,7.142
exceed,7.142
profan,7.126
mistaken,7.126
sustain,7.122
nervou,7.120
feb,7.116
rascal,7.116
romanticis,7.116
myth,7.116
smash,7.111
climat,7.110
joe,7.104
swerv,7.101
extens,7.096
bravo,7.090
apocalypt,7.089
ethic,7.087
editor,7.081
seven,7.077
retain,7.071
scratch,7.058
dilemma,7.051
im,7.046
squalid,7.042
unharm,7.042
neck,7.040
obsess,7.031
flip,7.029
infrastructur,7.028
nose,7.028
deriv,7.026
www,7.026
launch,7.023
similarli,7.022
fare,7.022
shatter,7.018
literatur,7.016
specifi,7.014
pinocchio,7.014
suppli,7.012
nest,7.012
toler,7.011
whoever,7.007
verbal,6.997
devil,6.996
cring,6.996
alright,6.996
adopt,6.993
intimid,6.991
wash,6.987
crossov,6.987
maraud,6.974
immediaci,6.974
fluidli,6.974
convers,6.973
downfal,6.972
1st,6.968
african,6.968
fatalist,6.961
exhaust,6.959
perceiv,6.952
top250,6.948
throat,6.945
settlement,6.935
dictat,6.935
weekend,6.928
john,6.927
suit,6.926
pump,6.923
tome,6.923
rustic,6.910
bleach,6.910
cunningli,6.910
beneath,6.904
alcohol,6.902
sensationalist,6.898
sympath,6.889
pablo,6.886
mysteri,6.886
makeshift,6.874
oral,6.874
exercis,6.865
border,6.865
relax,6.863
editori,6.863
miracl,6.862
length,6.858
portion,6.858
testament,6.852
feral,6.851
ak,6.851
succinctli,6.851
unsurpris,6.851
feed,6.848
echo,6.841
rat,6.841
standout,6.832
chain,6.830
unashamedli,6.829
indiscrimin,6.829
makeup,6.815
drunk,6.813
infact,6.807
sharpen,6.807
disast,6.806
shed,6.798
41,6.796
45,6.795
advertis,6.795
imprison,6.789
sandi,6.785
blast,6.777
crush,6.776
brazen,6.775
grime,6.775
denizen,6.775
shoulder,6.764
torrent,6.764
gloriou,6.762
stolen,6.761
ponder,6.754
addl,6.754
snif,6.754
eas,6.753
prime,6.752
torn,6.751
pitch,6.743
impli,6.738
latino,6.734
objection,6.734
alert,6.731
leagu,6.727
orlean,6.724
israel,6.714
slip,6.701
london,6.700
stole,6.699
ruin,6.695
couldnt,6.695
tuck,6.685
reduc,6.684
humbl,6.672
pride,6.672
slain,6.666
gaug,6.666
needn,6.666
blacklist,6.657
consolid,6.657
imparti,6.657
lazi,6.654
fring,6.648
histor,6.645
buzz,6.644
pound,6.644
sponsor,6.639
beaten,6.639
fought,6.637
compass,6.636
earthli,6.630
zero,6.625
shoe,6.617
grave,6.614
stronger,6.610
reader,6.608
digit,6.607
preform,6.604
toronto,6.595
unwav,6.587
subscrib,6.587
detroit,6.587
nonlinear,6.587
shakespearian,6.587
opera,6.586
piqu,6.579
devastatingli,6.579
downtrodden,6.579
explod,6.576
notorieti,6.570
scintil,6.570
inequ,6.570
fawn,6.570
destin,6.566
impecc,6.565
popcorn,6.564
yang,6.562
sadder,6.554
germani,6.548
broaden,6.546
ot,6.546
dragon,6.546
card,6.546
tini,6.545
slump,6.538
lovabl,6.530
inferno,6.530
karma,6.522
anachron,6.522
centuri,6.512
lola,6.507
damag,6.501
endow,6.499
boot,6.489
lift,6.488
tote,6.484
tropic,6.476
negro,6.476
shut,6.470
beguil,6.469
w,6.465
scorch,6.454
quirki,6.454
height,6.448
whirlwind,6.447
treasur,6.444
invest,6.442
loyalti,6.440
disorient,6.433
servic,6.429
emit,6.419
overrun,6.419
dude,6.413
tarrantino,6.412
sorri,6.404
banana,6.398
examin,6.395
season,6.395
north,6.394
van,6.392
sanit,6.392
hatr,6.384
pesci,6.382
demon,6.381
gratif,6.378
25,6.376
47,6.372
unscrupul,6.372
hazard,6.372
guarante,6.369
predecessor,6.368
voiceov,6.358
lui,6.358
mellow,6.358
gig,6.358
bull,6.353
select,6.352
storyboard,6.352
scope,6.351
curs,6.350
aid,6.349
000,6.341
skil,6.339
omnipres,6.339
supposedli,6.338
glitch,6.333
hectic,6.333
predominantli,6.333
circular,6.333
debat,6.332
par,6.315
rusti,6.314
survey,6.314
calm,6.312
wound,6.299
mid,6.297
disconcert,6.296
alejandro,6.296
cruelli,6.296
condon,6.296
franc,6.291
spur,6.290
fairi,6.288
warrior,6.284
niec,6.284
nc,6.284
grasp,6.282
maim,6.278
flavour,6.278
gradual,6.274
yorker,6.272
attest,6.272
trendi,6.266
dread,6.261
shone,6.261
aback,6.261
ubiquit,6.255
pragmat,6.255
beverli,6.249
defend,6.246
eman,6.243
song,6.237
mountain,6.237
trueli,6.226
disadvantag,6.226
fetish,6.226
summaris,6.221
supplement,6.221
profici,6.221
tranc,6.221
trash,6.219
homag,6.218
eclect,6.210
detour,6.210
ruthlessli,6.210
repercuss,6.210
affection,6.210
coz,6.204
thirsti,6.199
liken,6.194
gasolin,6.194
unlucki,6.194
david,6.192
rollercoast,6.188
synchron,6.188
weight,6.185
measur,6.183
avers,6.183
thin,6.178
unapologet,6.178
previous,6.174
fractur,6.172
assassin,6.172
reput,6.170
den,6.167
mould,6.167
callou,6.162
blind,6.161
philipp,6.157
circa,6.157
motto,6.157
statist,6.157
hanger,6.152
knive,6.152
impot,6.152
brown,6.151
philosophi,6.148
sidelin,6.147
sandwich,6.147
fav,6.142
formerli,6.142
absurd,6.134
danni,6.132
insult,6.132
inescap,6.132
pluck,6.132
winc,6.132
graini,6.132
christian,6.124
flinch,6.117
steep,6.117
religi,6.114
slack,6.112
intrins,6.112
widespread,6.107
tangent,6.107
committe,6.102
incit,6.102
filmic,6.097
uncondit,6.088
vs,6.085
glori,6.085
ripoff,6.078
shuffl,6.078
aplomb,6.069
havent,6.064
lifetim,6.063
hat,6.062
actress,6.061
stroll,6.060
odyssey,6.058
yank,6.055
scenario,6.052
apathi,6.051
upbring,6.042
deter,6.042
unavoid,6.037
glee,6.037
slept,6.033
unwittingli,6.033
drink,6.030
glimmer,6.019
downer,6.019
motor,6.019
shameless,6.015
120,6.015
swedish,6.015
accord,6.012
discomfort,6.011
juggl,6.006
um,6.002
audac,6.002
boogi,5.998
palat,5.998
glorif,5.998
colleg,5.993
calmli,5.989
compil,5.981
solac,5.981
opportunist,5.977
qualm,5.972
savor,5.968
wizardri,5.964
escapist,5.960
ny,5.960
tyrann,5.960
idiot,5.957
dialect,5.952
dolli,5.948
overhead,5.948
sooo,5.948
sensual,5.948
orang,5.947
relief,5.946
unwant,5.944
unmiss,5.944
rehears,5.944
quantiti,5.940
thereaft,5.940
cult,5.938
intellectu,5.937
embellish,5.936
appetit,5.936
homework,5.932
bottom,5.929
vicious,5.924
flirt,5.924
strateg,5.916
doom,5.916
wretch,5.912
wig,5.912
herein,5.908
dicken,5.904
sleek,5.904
suffoc,5.904
focal,5.904
guard,5.904
ritual,5.897
hair,5.896
constraint,5.893
folk,5.889
devour,5.889
foreground,5.885
corp,5.885
idl,5.878
grass,5.878
abid,5.874
mutil,5.874
fuse,5.871
heartstr,5.867
heavenli,5.867
swift,5.863
disori,5.863
gold,5.862
quasi,5.856
leisur,5.852
relianc,5.852
overt,5.852
societ,5.845
robin,5.841
peek,5.838
penchant,5.838
unwatch,5.834
satan,5.834
herald,5.827
catapult,5.824
mesh,5.820
brow,5.817
schindler,5.812
ounc,5.810
ginger,5.810
calibr,5.803
underscor,5.800
sleev,5.789
behalf,5.786
dissolv,5.783
agreement,5.783
ostens,5.779
knuckl,5.773
exceedingli,5.769
narcot,5.769
explan,5.765
legend,5.760
ravag,5.753
differenti,5.753
lump,5.753
ray,5.750
undeserv,5.750
batter,5.747
tyranni,5.747
poignanc,5.744
dot,5.744
enact,5.744
interven,5.744
dusti,5.744
daunt,5.737
strengthen,5.731
auto,5.731
veer,5.725
coincident,5.725
glove,5.725
advoc,5.715
vomit,5.715
northern,5.715
babe,5.706
outshin,5.706
unwil,5.703
expertis,5.703
condens,5.703
six,5.698
headach,5.694
dynamit,5.694
capitalist,5.694
audit,5.691
peter,5.690
horrid,5.685
finess,5.685
rampag,5.685
exemplari,5.682
thorough,5.679
grind,5.673
readili,5.670
shini,5.653
tread,5.653
disput,5.641
uncontrol,5.641
tangibl,5.638
etch,5.638
morph,5.636
saddest,5.633
seedi,5.630
legion,5.627
zombi,5.624
obscen,5.619
voyeur,5.616
fathom,5.616
ladi,5.606
anger,5.603
catastroph,5.602
stitch,5.602
seiz,5.600
snappi,5.594
son,5.594
mr,5.593
simul,5.592
overbear,5.592
retel,5.589
syndrom,5.586
ambianc,5.584
stupend,5.578
concret,5.578
outlandish,5.573
weren,5.569
submiss,5.568
unpreced,5.568
placement,5.547
remaind,5.545
prowess,5.540
denouement,5.540
lectur,5.537
infatu,5.537
brat,5.537
yourselv,5.535
statur,5.535
bewild,5.532
bond,5.524
underlin,5.522
surrealist,5.522
clint,5.522
rub,5.520
mourn,5.517
neutral,5.512
romantic,5.512
indel,5.510
cow,5.510
wear,5.508
starter,5.503
brink,5.500
sceneri,5.498
sway,5.498
audaci,5.495
laud,5.493
alarm,5.490
tempo,5.490
x,5.488
leadership,5.486
lightn,5.481
trivia,5.474
usag,5.474
shred,5.472
bowi,5.472
coach,5.469
recur,5.465
extraordinarili,5.462
ladder,5.460
organis,5.458
unmatch,5.455
regist,5.446
incoher,5.442
prompt,5.442
scarier,5.442
punctuat,5.440
misguid,5.433
beforehand,5.431
harold,5.426
conceal,5.426
taut,5.424
percent,5.424
driver,5.423
mo,5.420
spontan,5.417
discern,5.417
juxtapos,5.413
assert,5.413
unparallel,5.411
brush,5.411
compris,5.404
wage,5.404
pretens,5.404
electrifi,5.404
arch,5.402
barrier,5.400
cite,5.398
weigh,5.398
relentlessli,5.394
sundanc,5.391
infect,5.391
eastwood,5.390
opt,5.387
wilson,5.381
immor,5.381
sought,5.379
experiment,5.377
unnerv,5.375
nicki,5.372
benchmark,5.372
optim,5.368
submit,5.366
vile,5.364
cram,5.362
roughli,5.362
technolog,5.357
grit,5.356
envis,5.354
cent,5.350
cohes,5.348
lighter,5.346
minu,5.346
intro,5.342
depriv,5.338
tom,5.336
domest,5.336
er,5.336
expans,5.334
personifi,5.334
rifl,5.332
quibbl,5.330
immatur,5.328
exterior,5.328
entic,5.328
heartless,5.326
demeanor,5.326
salvat,5.324
pocket,5.322
bud,5.318
soar,5.318
thru,5.316
puls,5.316
incomprehens,5.314
freedom,5.313
tower,5.312
orphan,5.310
pervers,5.310
disrespect,5.308
stingl,5.306
pepito,5.306
hestart,5.306
hoodyou,5.306
godi,5.306
citdad,5.306
meiriel,5.306
squem,5.306
of10,5.306
curitiba,5.306
mankato,5.306
anotherslow,5.306
favelado,5.306
aboutal,5.306
ggest,5.306
seafront,5.306
forbring,5.306
superficialti,5.306
pleasese,5.306
welington,5.306
areia,5.306
withtheir,5.306
jimenezin,5.306
rafaela,5.306
zedj,5.306
withwhat,5.306
leanro,5.306
evntual,5.306
brazilwer,5.306
storywith,5.306
suchan,5.306
outstood,5.306
digi,5.306
nfri,5.306
limrino,5.306
darlan,5.306
schuman,5.306
reill,5.306
amadeushowev,5.306
meireilo,5.306
marreco,5.306
posttarantino,5.306
brazilien,5.306
130minut,5.306
naaaaaaagh,5.306
justanoth,5.306
distributorshappi,5.306
aia,5.306
mogadiscio,5.306
fastcut,5.306
talendet,5.306
crosscountri,5.306
amuleto,5.306
watched1,5.306
unnessesari,5.306
mulata,5.306
jeniro,5.306
recognisesor,5.306
pixotebi,5.306
selfsuck,5.306
crazyyyyyy,5.306
kafu,5.306
barbantinho,5.306
desilva,5.306
7alexa,5.306
zhe,5.306
ayush,5.306
disper,5.306
thecyn,5.306
simplesment,5.306
photocamera,5.306
exterordinari,5.306
adiga,5.306
antwon,5.306
screenplayinfact,5.306
fastmo,5.306
mantovanii,5.306
skein,5.306
sickeningfrom,5.306
peoplefrom,5.306
rcket,5.306
groovier,5.306
cocota,5.306
sciuscia,5.306
narcotraffick,5.306
10cheer,5.306
fernandomeirel,5.306
sneed,5.306
pooverti,5.306
cuomo,5.306
cunha,5.306
gelson,5.306
zeand,5.306
neiborhood,5.306
sula,5.306
tosca,5.306
tmwest,5.306
impostur,5.306
quatrilho,5.306
zirconium,5.306
outshot,5.306
fishmong,5.306
nominatingthi,5.306
4basic,5.306
10an,5.306
soccerbal,5.306
partip,5.306
mangueira,5.306
fereign,5.306
godth,5.306
5yr,5.306
carandiru,5.306
2003which,5.306
wheregreat,5.306
johnsmith2022,5.306
caprahina,5.306
detailedli,5.306
suplino,5.306
ogum,5.306
olvivado,5.306
deportivo,5.306
montavani,5.306
monrovia,5.306
elementsthroughout,5.306
whetston,5.306
letterhead,5.306
keiller,5.306
excitingbrazil,5.306
tijuca,5.306
endup,5.306
chacat,5.306
amado,5.306
barazil,5.306
ragga,5.306
meirellebas,5.306
grindingpoverti,5.306
multisensori,5.306
opportuniti,5.306
2003number,5.306
goodfellasbecaus,5.306
buyright,5.306
avedon,5.306
asthi,5.306
hasthat,5.306
rentt,5.306
overeal,5.306
stoi,5.306
saprissa,5.306
soundslik,5.306
whenw,5.306
schumann,5.306
maniqueist,5.306
fernado,5.306
subittl,5.306
unbleep,5.306
thrue,5.306
lavoura,5.306
descer,5.306
thomasin,5.306
fime,5.306
bralilian,5.306
powerit,5.306
criminalis,5.306
issurprisingli,5.306
tarantinean,5.306
fabela,5.306
vesanj,5.306
pequ,5.306
jiltingli,5.306
friggan,5.306
photobullet,5.306
dushku,5.306
jeniero,5.306
zettel,5.306
globo,5.306
spoilersc,5.306
llshit,5.306
pequena,5.306
alucin,5.306
discotec,5.306
rambolik,5.306
ganglif,5.306
embrafilm,5.306
rodriqu,5.306
thisabsolut,5.306
marcant,5.306
diegu,5.306
liberato,5.306
moura,5.306
perhaps,5.306
made1,5.306
laien,5.306
transubstanti,5.306
thebrazilian,5.306
unbloodi,5.306
mythifi,5.306
scanerio,5.306
becominga,5.306
rotararian,5.306
narratorbackpeddl,5.306
cidadededeu,5.306
thesoci,5.306
thatshow,5.306
bolado,5.306
thereforeforc,5.306
ctor,5.306
seriouslli,5.306
guilelessli,5.306
jineiro,5.306
adlab,5.306
top25,5.306
guyritchi,5.306
tulsyan,5.306
graspingli,5.306
protograph,5.306
mirel,5.306
editingperhap,5.306
thereself,5.306
arechildren,5.306
brazilia,5.306
favala,5.306
zefrom,5.306
mllionair,5.306
snopp,5.306
overwith,5.306
squallor,5.306
jeneiro,5.306
arcaica,5.306
brah,5.306
lifei,5.306
carioca,5.306
theirselv,5.306
latestvogu,5.306
domingu,5.306
asment,5.306
guanabara,5.306
sociopat,5.306
documnentari,5.306
alvidado,5.306
andscen,5.306
crian,5.306
jainero,5.306
flick8,5.306
jefechand,5.306
unfollow,5.306
beachcomb,5.306
cafezinho,5.306
mareil,5.306
nonactor,5.306
brezilya,5.306
begun,5.306
novemb,5.306
foe,5.302
gaze,5.301
sane,5.295
apt,5.295
deviat,5.293
studio,5.291
conform,5.289
fund,5.285
renown,5.283
unstabl,5.278
void,5.274
tiresom,5.272
retrospect,5.269
spill,5.265
sketch,5.263
inappropri,5.261
sadden,5.261
bittersweet,5.261
underwhelm,5.257
scandal,5.250
evoc,5.247
hyper,5.245
meal,5.245
okay,5.244
mislead,5.243
1972,5.239
pant,5.239
global,5.234
btw,5.232
500,5.229
abrupt,5.227
oblig,5.225
criticis,5.216
inch,5.215
instruct,5.215
trailer,5.210
unsur,5.208
bottl,5.203
shiver,5.199
hasn,5.194
overblown,5.191
miracul,5.189
enabl,5.179
deepest,5.177
spit,5.177
backstori,5.176
goosebump,5.174
slide,5.169
sappi,5.169
cartoonish,5.166
aura,5.166
unorigin,5.164
interestingli,5.158
underton,5.158
proclaim,5.158
outlin,5.153
capac,5.153
tail,5.150
banal,5.150
snap,5.146
dash,5.145
darkli,5.140
endlessli,5.138
provoc,5.138
bent,5.137
grief,5.132
spade,5.119
cue,5.116
neighbour,5.115
squar,5.112
substanti,5.107
district,5.106
overus,5.102
hello,5.101
understat,5.098
mastermind,5.095
optimist,5.095
drop,5.091
holiday,5.089
degener,5.086
al,5.086
blatant,5.083
snake,5.080
corps,5.078
persuad,5.075
radic,5.068
synopsi,5.065
stream,5.056
eleph,5.056
apolog,5.055
smoothli,5.055
patho,5.055
stallon,5.052
embark,5.051
crisp,5.048
19,5.048
newli,5.045
evalu,5.045
planet,5.041
runtim,5.041
instrument,5.041
bay,5.036
correctli,5.032
search,5.028
enthusiasm,5.027
tempt,5.024
deservedli,5.024
cg,5.015
bump,5.014
2012,5.014
enigmat,5.014
reinforc,5.013
coloni,5.009
comun,5.005
maradona,5.005
latinoamerican,5.005
stickup,5.005
frienship,5.005
410,5.005
lun,5.005
neoliber,5.005
grooviest,5.005
teeniebop,5.005
catarina,5.005
screnwrit,5.005
portugeus,5.005
portrai,5.005
denatur,5.005
jalapeno,5.005
15ish,5.005
felicia,5.005
highwaymen,5.005
improvisatori,5.005
yawnworthi,5.005
lightingth,5.005
finol,5.005
despiteth,5.005
viv,5.005
armyman,5.005
innapropri,5.005
linier,5.005
gangwar,5.005
greatit,5.005
violencemi,5.005
swindon,5.005
lino,5.005
spillov,5.005
slumlord,5.005
corag,5.005
cing,5.005
charecteris,5.005
bhd,5.005
godinez,5.005
dancehal,5.005
hasbecom,5.005
diffir,5.005
bacardi,5.005
goodfellah,5.005
teenagi,5.005
particu,5.005
narcotraff,5.005
ara,5.005
omnici,5.005
remarkedli,5.005
buenel,5.005
unskew,5.005
tred,5.005
bahia,5.005
gangsterdom,5.005
iniarritu,5.005
slantmagazin,5.005
serendipiti,5.005
pucci,5.005
melhor,5.005
wonderin,5.005
99,5.004
pierc,5.004
blink,5.003
calib,4.998
crop,4.994
qt,4.992
chinatown,4.991
regim,4.987
200,4.983
colleagu,4.982
liotta,4.980
effici,4.979
epitom,4.978
le,4.974
squad,4.971
aforement,4.970
meat,4.968
drum,4.967
motif,4.966
german,4.965
chew,4.964
aris,4.964
audio,4.964
wholli,4.963
warner,4.952
bow,4.950
whip,4.948
pour,4.948
plastic,4.946
cathol,4.945
hollow,4.941
tech,4.941
slightest,4.936
ideolog,4.936
omin,4.926
equival,4.926
safeti,4.921
whiplash,4.919
broad,4.918
inferior,4.916
overlong,4.908
hungri,4.904
foundat,4.900
implic,4.899
disney,4.897
rant,4.897
exhibit,4.896
duo,4.886
convincingli,4.882
loser,4.878
spring,4.866
grotesqu,4.861
lebowski,4.860
tag,4.855
durat,4.851
inher,4.850
pattern,4.849
conquer,4.848
gestur,4.845
factori,4.843
cope,4.841
impos,4.837
trail,4.835
obstacl,4.833
orchestr,4.831
harmonis,4.829
expectationsth,4.829
floe,4.829
whirligig,4.829
priveledg,4.829
rawli,4.829
trist,4.829
unintrigu,4.829
slackjaw,4.829
valentina,4.829
silvia,4.829
trashier,4.829
ecuador,4.829
propan,4.829
goodbar,4.829
drumlin,4.829
arvind,4.829
lff,4.829
shutterbug,4.829
ronaldinho,4.829
constrast,4.829
1822,4.829
resovior,4.829
arecomplet,4.829
effectist,4.829
havel,4.829
golgo,4.829
ipanema,4.829
speedup,4.829
sinni,4.829
townsman,4.829
lief,4.829
clancey,4.829
itsself,4.829
straightforward,4.825
boyfriend,4.823
map,4.822
champion,4.820
critiqu,4.816
swallow,4.815
spoke,4.813
transfer,4.809
crystal,4.803
preced,4.799
boundari,4.794
awak,4.790
speechless,4.790
shell,4.785
mytholog,4.785
maniac,4.784
themat,4.783
moreov,4.781
enthusiast,4.780
recognis,4.778
fuel,4.776
spotlight,4.775
1997,4.771
convolut,4.767
trend,4.766
fundament,4.766
eleg,4.760
liberti,4.760
rightli,4.756
crook,4.755
luckili,4.753
decept,4.744
befriend,4.732
keen,4.731
entranc,4.730
wife,4.728
nois,4.716
1995,4.714
presum,4.714
unfair,4.712
pg,4.710
wisdom,4.710
thw,4.704
lunkhead,4.704
vai,4.704
shadowman,4.704
deathtrap,4.704
hookup,4.704
alexandro,4.704
yackin,4.704
tenderheart,4.704
plainer,4.704
shiva,4.704
dancefloor,4.704
reminic,4.704
antonym,4.704
top20,4.704
carnival,4.704
720,4.704
trema,4.704
sewerag,4.704
pune,4.704
imagari,4.704
speacial,4.704
bowlin,4.704
somali,4.704
opress,4.704
nippon,4.704
pato,4.704
specificli,4.704
punishingli,4.704
therin,4.704
casion,4.704
shure,4.704
puissant,4.704
frida,4.704
za,4.704
compars,4.704
tatantino,4.704
deforest,4.704
barra,4.704
filmthat,4.704
buck,4.703
ensu,4.699
dealt,4.697
disguis,4.695
underst,4.695
racial,4.691
sunset,4.690
leap,4.685
aveng,4.682
subconsci,4.675
mill,4.675
overshadow,4.674
afternoon,4.673
jonathan,4.671
enchant,4.670
ala,4.668
reluct,4.668
lengthi,4.666
dear,4.661
meaningless,4.660
bug,4.657
savag,4.655
ain,4.654
cowboy,4.653
induc,4.648
mixtur,4.645
delv,4.642
needless,4.641
assembl,4.641
coincid,4.635
bless,4.633
rome,4.629
spark,4.627
adrenalin,4.619
oil,4.616
preciou,4.614
primarili,4.612
alexa,4.607
couldent,4.607
genero,4.607
johannesburg,4.607
webmast,4.607
gangstar,4.607
ubeliev,4.607
oversensit,4.607
fustrat,4.607
circularli,4.607
devid,4.607
livemancav,4.607
addresse,4.607
soundrack,4.607
scenerio,4.607
shakycam,4.607
kingston,4.607
guatemala,4.607
shlt,4.607
5am,4.607
blacki,4.607
prejudic,4.604
resolut,4.602
http,4.602
monument,4.598
entri,4.595
heist,4.591
east,4.588
principl,4.587
judgment,4.581
propaganda,4.578
oppress,4.577
eras,4.574
indi,4.565
bland,4.565
vendetta,4.560
southern,4.559
em,4.556
exposit,4.554
pursuit,4.553
embarrass,4.552
corni,4.548
vagu,4.537
raider,4.536
prop,4.535
illus,4.532
stir,4.532
stoppingli,4.528
raul,4.528
ashtray,4.528
druglord,4.528
some1,4.528
videoclip,4.528
lionis,4.528
fe,4.528
lastest,4.528
nytim,4.528
bowdler,4.528
fiefdom,4.528
shootin,4.528
admist,4.528
550,4.528
filmland,4.528
finalist,4.528
ishmael,4.528
insolubl,4.528
entral,4.528
extracurricular,4.528
bul,4.528
reknown,4.528
detract,4.528
del,4.528
poetic,4.527
wanna,4.508
christ,4.507
twelv,4.504
pro,4.499
lawyer,4.495
monkey,4.491
revers,4.487
shall,4.474
burst,4.473
pari,4.471
sexi,4.463
onrush,4.461
kindof,4.461
decomposit,4.461
bea,4.461
fairyland,4.461
slimmest,4.461
darndest,4.461
predecesor,4.461
ove,4.461
canton,4.461
internship,4.461
priviledg,4.461
cinematogrpahi,4.461
bowden,4.461
bola,4.461
1o,4.461
bradshaw,4.461
gaza,4.461
warzon,4.461
fecund,4.461
banditri,4.461
benn,4.461
laughter,4.458
shout,4.446
stress,4.439
lion,4.427
exchang,4.425
1990,4.424
gather,4.418
embrac,4.417
indian,4.413
wont,4.409
kiss,4.406
mom,4.405
outli,4.403
benton,4.403
hollwood,4.403
slowmot,4.403
mockingjay,4.403
virtuous,4.403
adler,4.403
oneof,4.403
unwaiv,4.403
thong,4.403
overral,4.403
ficiton,4.403
cud,4.403
superson,4.403
abattoir,4.403
10m,4.403
extremley,4.403
proced,4.403
uncompar,4.403
grievous,4.403
taxat,4.403
glitteri,4.403
burg,4.403
arnold,4.403
react,4.400
assign,4.400
thumb,4.400
prison,4.399
nasti,4.390
watchabl,4.390
routin,4.389
slight,4.373
settl,4.371
liber,4.368
bone,4.366
imit,4.356
jackson,4.353
paz,4.352
infra,4.352
dogg,4.352
mutton,4.352
amplitud,4.352
idiomat,4.352
comerci,4.352
bagdad,4.352
shel,4.352
evenhand,4.352
film4,4.352
squatter,4.352
deanna,4.352
floresc,4.352
shambol,4.352
unalloy,4.352
demagog,4.352
contrarili,4.352
wacht,4.352
tarantinesqu,4.352
gloomier,4.352
mockumentari,4.352
tree,4.351
expens,4.348
presid,4.342
sergio,4.337
racism,4.332
jack,4.324
underr,4.323
irrit,4.317
sinist,4.313
proper,4.313
kurosawa,4.311
h,4.310
curiou,4.308
narco,4.306
vid,4.306
goodfel,4.306
ponc,4.306
zzzzzz,4.306
regga,4.306
errr,4.306
partook,4.306
lovelorn,4.306
carrer,4.306
unregul,4.306
lemonad,4.306
mcg,4.306
basin,4.306
nonprofession,4.306
wing,4.306
notion,4.301
kudo,4.297
string,4.297
advic,4.296
sophist,4.295
thirti,4.292
wherea,4.288
fourth,4.287
heck,4.270
ethnocentr,4.265
finali,4.265
crudest,4.265
vitamin,4.265
plexu,4.265
mashup,4.265
baghdad,4.265
tellurid,4.265
pyrrhic,4.265
septic,4.265
amo,4.265
intoxicatingli,4.265
acn,4.265
bitter,4.263
professor,4.261
neighbor,4.239
litt,4.227
dispit,4.227
difer,4.227
shyli,4.227
healthcar,4.227
heartlessli,4.227
omnibu,4.227
stringi,4.227
gringo,4.227
tambi,4.227
topographi,4.227
filmth,4.227
bucketload,4.227
coursework,4.227
threat,4.225
larger,4.215
apocalyps,4.212
vehicl,4.210
tune,4.209
conclud,4.208
combat,4.194
maltreat,4.192
ganster,4.192
olvidado,4.192
todo,4.192
broil,4.192
megabuck,4.192
bedfellow,4.192
teeve,4.192
floss,4.192
peaceabl,4.192
counterweight,4.192
nu,4.192
diff,4.192
personnali,4.192
taxi,4.189
villag,4.161
thereon,4.160
jubile,4.160
internecin,4.160
screed,4.160
screenshot,4.160
luhrmann,4.160
skelter,4.160
helter,4.160
traceabl,4.160
comp,4.160
splurg,4.160
crystallis,4.160
hippo,4.160
node,4.160
laughingli,4.160
underpaid,4.160
euphemist,4.160
diablo,4.160
jean,4.158
stood,4.156
alter,4.150
stellar,4.149
boat,4.145
adren,4.130
trixi,4.130
moi,4.130
fetid,4.130
damnedest,4.130
gta,4.130
bmw,4.130
sensationalis,4.130
infract,4.130
northeast,4.130
simulacrum,4.130
socioeconom,4.130
untrust,4.130
chinaman,4.130
retir,4.123
puzzl,4.109
storm,4.108
unhind,4.102
jamaica,4.102
gorier,4.102
linchpin,4.102
czar,4.102
asp,4.102
pauper,4.102
varsiti,4.102
penis,4.102
cubic,4.102
midday,4.102
overvalu,4.102
sizeabl,4.102
chortl,4.102
fragmentari,4.102
jewish,4.090
metal,4.090
convict,4.087
etern,4.086
lovemak,4.076
ferment,4.076
vilest,4.076
unspar,4.076
rigour,4.076
freefal,4.076
sandbox,4.076
disassembl,4.076
goldi,4.076
mockingli,4.076
disagre,4.062
accus,4.060
oper,4.059
pothol,4.051
bluish,4.051
roughest,4.051
fibr,4.051
wantonli,4.051
185,4.051
turnoff,4.051
splashi,4.051
facepalm,4.051
orpheu,4.051
rober,4.051
tailspin,4.051
rawest,4.051
marksman,4.051
patel,4.051
anyhoo,4.051
sup,4.051
blame,4.041
tacitli,4.028
demystifi,4.028
allig,4.028
quicksand,4.028
syncop,4.028
directorship,4.028
peninsula,4.028
residenti,4.028
jukebox,4.028
iliad,4.028
escobar,4.028
magisteri,4.028
cruditi,4.028
lushli,4.028
station,4.023
arguabl,4.019
exploratori,4.005
emerson,4.005
fim,4.005
dev,4.005
manicur,4.005
compunct,4.005
rainforest,4.005
mam,4.005
redhead,4.005
relaps,4.005
malnourish,4.005
aroma,4.005
yoga,4.005
nilli,4.005
untradit,4.005
chile,4.005
ed,3.987
nightlif,3.984
primo,3.984
unproven,3.984
youv,3.984
argentinean,3.984
terra,3.984
playbook,3.984
bollock,3.984
storychart,3.984
header,3.984
worrisom,3.984
fiscal,3.984
untruth,3.984
darker,3.969
doctor,3.967
river,3.966
singapor,3.964
exuberantli,3.964
showstopp,3.964
morass,3.964
vivac,3.964
impur,3.964
dram,3.964
videostor,3.964
championangel,3.964
schwartzenegg,3.964
italian,3.963
smudg,3.945
appart,3.945
ked,3.945
blisteringli,3.945
ifc,3.945
rater,3.945
unbeliv,3.945
crapfest,3.945
poodl,3.945
vitali,3.926
volta,3.926
fleetingli,3.926
voodoo,3.926
awww,3.926
bamboozl,3.926
pernici,3.926
pretent,3.926
crushingli,3.926
whorehous,3.926
swoosh,3.908
deifi,3.908
urchin,3.908
incognito,3.908
worryingli,3.908
gorefest,3.908
heaviest,3.908
pear,3.908
busload,3.908
inauthent,3.908
feinn,3.908
ransack,3.908
mariachi,3.891
exept,3.891
littlest,3.891
inur,3.891
cyclon,3.891
faintest,3.891
garrison,3.891
scruff,3.891
240,3.891
joie,3.891
itchi,3.891
mule,3.891
retina,3.891
clue,3.890
raquel,3.875
greenaway,3.875
blinder,3.875
overemphas,3.875
kite,3.875
colombia,3.875
trolley,3.875
crocodil,3.875
germ,3.875
torrid,3.875
bart,3.875
wake,3.874
preen,3.859
guignol,3.859
eke,3.859
whirlpool,3.859
insubordin,3.859
masturbatori,3.859
powerful,3.859
counterbalanc,3.859
carr,3.859
citizenship,3.859
zissou,3.859
tyke,3.859
desatur,3.859
beneficiari,3.859
philosoph,3.855
field,3.849
heretofor,3.844
diploma,3.844
colombian,3.844
antelop,3.844
fie,3.844
chink,3.844
textual,3.844
16mm,3.844
dous,3.844
trenchant,3.844
unsteadi,3.844
sanctiti,3.844
watermark,3.829
nee,3.829
vagrant,3.829
wrapper,3.829
crumpl,3.829
subhuman,3.829
grabber,3.829
killin,3.829
utensil,3.815
strata,3.815
podcast,3.815
protray,3.815
wondrous,3.815
ancillari,3.815
overexpos,3.815
egoism,3.815
bomb,3.814
endem,3.801
apologist,3.801
cornucopia,3.801
eros,3.801
desensitis,3.801
sidenot,3.801
vivr,3.801
sesam,3.801
roberta,3.801
movingli,3.801
ty,3.788
truce,3.788
practition,3.788
baltimor,3.788
tenement,3.788
saver,3.788
midpoint,3.788
robot,3.778
tremor,3.775
thusli,3.775
tinsel,3.775
bloodier,3.775
strenght,3.775
overpopul,3.775
navel,3.775
monthli,3.775
exult,3.775
unpunish,3.775
shorthand,3.762
artless,3.762
adroitli,3.762
homemad,3.762
mosaic,3.762
shan,3.762
ampa,3.762
gp,3.762
interrel,3.762
ize,3.762
scholarship,3.762
ummm,3.762
priorit,3.762
japanes,3.762
thoroughli,3.761
reassess,3.750
carmichael,3.750
surefir,3.750
thrall,3.750
clearest,3.750
encod,3.750
oprah,3.750
prairi,3.750
ying,3.750
immortalis,3.750
vocat,3.750
psycho,3.742
militar,3.738
unremit,3.738
throng,3.738
salvador,3.738
eliza,3.738
incub,3.738
kitschi,3.727
intrest,3.727
plush,3.727
liabl,3.727
razzl,3.727
craftsmen,3.727
methink,3.727
camu,3.727
flippant,3.727
bloodlust,3.727
screentim,3.727
pitiless,3.727
cutaway,3.715
lollipop,3.715
whenc,3.715
ingest,3.715
multicultur,3.715
rehab,3.715
staid,3.715
harvey,3.709
termin,3.709
dispirit,3.704
precaut,3.704
unhappili,3.704
fece,3.704
ofth,3.704
droppingli,3.704
goodnight,3.704
burrow,3.704
suburbanit,3.704
courier,3.694
overindulg,3.694
henceforth,3.694
ellipt,3.694
acheiv,3.694
alarmingli,3.694
unfett,3.694
tourism,3.694
storywis,3.694
comicbook,3.683
emb,3.683
inertia,3.683
arthous,3.683
hedeen,3.683
deux,3.683
cetera,3.673
nadir,3.673
fledgl,3.673
easygo,3.673
miscreant,3.673
howard,3.673
meagr,3.663
blot,3.663
devalu,3.663
schemat,3.663
slaughterhous,3.663
gell,3.663
puritan,3.663
offhand,3.663
nastiest,3.653
levi,3.653
philippin,3.653
pavement,3.653
sweeter,3.653
irredeem,3.653
trier,3.653
jive,3.653
filmi,3.653
hebrew,3.653
pizazz,3.644
deadliest,3.644
methodolog,3.644
neoreal,3.644
knockoff,3.644
jokey,3.644
grung,3.644
begrudgingli,3.644
violet,3.634
temperament,3.634
propuls,3.634
encor,3.634
quiz,3.634
green,3.631
peripheri,3.625
stagnat,3.625
canin,3.625
enthus,3.625
uncheck,3.625
aghast,3.625
diametr,3.625
premis,3.623
overprais,3.616
impromptu,3.616
inextric,3.616
signpost,3.616
perfum,3.616
lawmen,3.616
ballist,3.616
soderbergh,3.616
babi,3.615
tolkien,3.613
glengarri,3.607
whet,3.607
disingenu,3.607
coy,3.607
nitti,3.607
weinstein,3.607
gracious,3.607
quicken,3.607
metropolitan,3.607
laboratori,3.607
disloc,3.607
cosmet,3.607
spici,3.599
retic,3.599
rapper,3.599
jubil,3.599
reali,3.599
debunk,3.599
unrelentingli,3.599
tangenti,3.599
blubber,3.590
interlac,3.590
categoris,3.590
upfront,3.590
yike,3.590
yah,3.590
counten,3.590
sliver,3.590
rainstorm,3.590
preteen,3.590
headlong,3.590
marcel,3.590
diffus,3.590
hedon,3.582
jackass,3.582
jest,3.582
mandat,3.582
weirder,3.582
gob,3.582
envisag,3.582
dia,3.582
bar,3.579
british,3.578
substant,3.574
autopsi,3.574
multidimension,3.574
flic,3.574
illegitim,3.566
spong,3.566
ambienc,3.566
cradl,3.566
whiff,3.566
indebt,3.566
tat,3.566
ghoulish,3.566
kickass,3.566
unceremoni,3.566
pedro,3.566
awsom,3.566
50th,3.558
beau,3.558
wildlif,3.558
disench,3.558
nexu,3.558
agonis,3.558
scott,3.551
misinform,3.550
hen,3.550
elig,3.550
peddl,3.550
canni,3.550
reinterpret,3.550
culpabl,3.550
predetermin,3.550
arid,3.550
groov,3.550
ipod,3.550
crept,3.550
pixel,3.550
obtrus,3.550
mission,3.544
viril,3.543
chais,3.543
recoil,3.543
liver,3.543
coppolla,3.543
saddam,3.543
capon,3.535
straighten,3.535
bunuel,3.535
unblink,3.535
venal,3.535
unidentifi,3.535
sushi,3.535
focuss,3.535
pusher,3.535
colder,3.535
dental,3.535
treatis,3.528
rung,3.528
lam,3.528
phew,3.528
05,3.528
crib,3.528
mirag,3.528
pacino,3.524
funnili,3.521
disobedi,3.521
piggi,3.521
ugliest,3.521
plunder,3.521
weightless,3.521
troublemak,3.521
madrid,3.521
tormentor,3.521
abolish,3.521
vogu,3.521
lookalik,3.521
silli,3.519
ters,3.514
asinin,3.514
predestin,3.514
meteor,3.514
avalanch,3.514
caprici,3.514
mindlessli,3.514
ornament,3.514
resurg,3.507
firebal,3.507
disquiet,3.507
au,3.507
vortex,3.507
911,3.507
mettl,3.507
sent,3.507
forgo,3.500
dramatis,3.500
gallow,3.500
damp,3.500
ammo,3.500
synergi,3.500
namesak,3.493
glamoris,3.493
condo,3.493
cellphon,3.493
gateway,3.493
aswel,3.493
johnathan,3.493
reduct,3.493
dyslex,3.493
carlito,3.493
harsher,3.493
supermarket,3.493
norri,3.487
acadami,3.487
tab,3.487
sequenti,3.487
densiti,3.487
dole,3.487
bristl,3.487
meanest,3.480
tatter,3.480
tot,3.480
godli,3.480
orphanag,3.480
sanctuari,3.480
sanction,3.480
doubli,3.480
undertaken,3.480
kangaroo,3.480
anti,3.480
overstay,3.474
afro,3.474
exacerb,3.474
antisoci,3.474
personag,3.474
horrifyingli,3.468
schoolboy,3.468
keenli,3.468
passport,3.468
constru,3.468
carelessli,3.468
scant,3.468
fyi,3.468
schmidt,3.461
joyrid,3.461
camelot,3.461
emblemat,3.461
godlik,3.461
queasi,3.455
yin,3.455
overstat,3.455
gunplay,3.455
dammit,3.455
uproar,3.449
overlord,3.449
blender,3.449
ordinarili,3.449
intang,3.449
fasten,3.449
kaleidoscop,3.449
lambast,3.449
hank,3.447
shitti,3.443
defer,3.443
flux,3.443
chubbi,3.443
transcendent,3.443
subtler,3.443
ohio,3.443
jitteri,3.443
warmli,3.443
takeov,3.437
unyield,3.437
changer,3.437
grievanc,3.437
ostrac,3.437
hormon,3.437
behead,3.431
ebb,3.431
baton,3.431
glib,3.426
unflinchingli,3.426
furious,3.426
rowdi,3.426
din,3.426
supper,3.426
dehumanis,3.420
transplant,3.420
66,3.420
blemish,3.420
dribbl,3.420
unwarr,3.420
sm,3.420
perfunctori,3.420
incis,3.414
incrimin,3.414
cipher,3.414
afar,3.414
nab,3.414
privi,3.409
fr,3.409
unfound,3.409
monster,3.404
interject,3.403
inward,3.403
thrash,3.403
thoughtless,3.403
gatsbi,3.403
neverend,3.403
definatli,3.403
frequenc,3.403
argentinian,3.398
lili,3.398
unriv,3.398
snore,3.398
ageless,3.398
whop,3.398
beset,3.398
gooder,3.398
listen,3.396
munch,3.393
despond,3.393
pr,3.393
prefect,3.393
robocop,3.387
wasseypur,3.387
unrest,3.387
visa,3.387
gram,3.387
plucki,3.387
whew,3.387
spatter,3.387
contagi,3.387
retold,3.382
glean,3.382
teem,3.382
entourag,3.382
posh,3.382
motley,3.382
irrespect,3.382
disobey,3.377
cheapli,3.377
seizur,3.377
expir,3.377
squint,3.377
olymp,3.377
prod,3.372
omnisci,3.372
recurr,3.372
pointlessli,3.367
businessmen,3.367
guitarist,3.367
retort,3.362
snuff,3.362
hungarian,3.362
inact,3.362
entrap,3.362
leftov,3.362
bewilder,3.357
shack,3.357
blush,3.357
rejuven,3.357
cloudi,3.357
firefight,3.357
firsthand,3.357
nicest,3.357
remorseless,3.357
conglomer,3.357
puberti,3.352
tit,3.352
insepar,3.352
dagger,3.352
glen,3.352
etho,3.352
nighttim,3.352
threshold,3.352
monetari,3.347
underwritten,3.347
uneth,3.347
brighten,3.347
lemon,3.347
diplomat,3.347
revelatori,3.347
spinal,3.343
rust,3.343
hedonist,3.343
martini,3.343
garish,3.343
dogma,3.343
cheaper,3.343
misl,3.343
flaunt,3.338
omen,3.338
jose,3.338
countdown,3.338
micro,3.338
indoctrin,3.338
midwestern,3.338
disappointingli,3.338
staggeringli,3.338
bereft,3.338
doubtless,3.338
grizzli,3.333
sham,3.333
coexist,3.333
raimi,3.333
nari,3.333
deris,3.329
logist,3.329
incur,3.329
skirmish,3.329
purs,3.329
yahoo,3.329
vigil,3.324
strife,3.324
affili,3.320
euphoria,3.320
snag,3.320
fortitud,3.320
antholog,3.320
bask,3.320
peev,3.320
geniou,3.320
600,3.320
juggernaut,3.320
callous,3.320
erect,3.320
discord,3.315
overprotect,3.315
assuredli,3.315
backyard,3.315
ravish,3.315
prescript,3.315
rerun,3.311
gleeful,3.311
headi,3.311
unabash,3.311
magnat,3.311
rhythmic,3.311
astronom,3.311
composur,3.311
freshman,3.306
subservi,3.306
numbingli,3.306
nicer,3.306
pessim,3.306
nudg,3.306
conjunct,3.302
repugn,3.302
rend,3.302
morrison,3.302
derelict,3.302
brows,3.302
insati,3.302
hipster,3.298
abhorr,3.298
brutish,3.298
reactionari,3.298
t3,3.298
facilit,3.298
bloodiest,3.298
practis,3.298
perdit,3.298
starkli,3.294
widen,3.294
unbeknownst,3.294
unknow,3.294
instabl,3.294
evolutionari,3.289
puddl,3.289
scapegoat,3.289
bi,3.289
cola,3.289
migrat,3.289
uninvolv,3.289
misadventur,3.289
inhibit,3.285
rumin,3.285
nausea,3.285
turd,3.285
recipi,3.285
scrutin,3.285
exalt,3.281
distributor,3.281
affabl,3.281
poignantli,3.281
tumultu,3.281
49,3.281
inquisit,3.277
safer,3.277
lv,3.277
befal,3.277
figment,3.277
humorless,3.273
graffiti,3.273
subtract,3.273
entwin,3.273
shrill,3.273
bawl,3.273
tempor,3.273
deduc,3.273
adul,3.273
repertoir,3.269
limo,3.269
hearti,3.269
featurett,3.269
renam,3.269
transgress,3.269
dp,3.269
rom,3.269
squander,3.265
coerc,3.265
rendezv,3.265
chap,3.265
nonchal,3.265
crazier,3.265
doo,3.265
sculpt,3.265
beggar,3.261
vandal,3.261
vibrat,3.261
santoro,3.261
explet,3.261
nigh,3.257
backfir,3.257
auditorium,3.257
chic,3.257
rubbl,3.257
dispel,3.257
unattract,3.257
quotat,3.253
sip,3.253
heavier,3.253
sooooo,3.253
pedant,3.249
fray,3.249
enrol,3.249
grandest,3.249
reciev,3.249
amiabl,3.249
droll,3.249
hunch,3.249
surg,3.249
brainer,3.249
titil,3.246
rollick,3.246
tic,3.246
mawkish,3.246
panorama,3.246
oxygen,3.242
grittier,3.242
nutti,3.242
helplessli,3.238
egregi,3.238
godard,3.238
ronin,3.234
patholog,3.234
cheeri,3.234
gutsi,3.234
seinfeld,3.234
instig,3.234
mm,3.234
woefulli,3.234
stylishli,3.234
forewarn,3.234
undevelop,3.231
startlingli,3.231
nom,3.231
curl,3.227
explanatori,3.227
connoisseur,3.227
aplenti,3.227
verisimilitud,3.224
copiou,3.224
partak,3.224
smitten,3.224
congrat,3.224
unscath,3.224
housewif,3.220
exert,3.220
virtuou,3.220
whirl,3.220
seeker,3.220
cgi,3.219
cardin,3.216
salari,3.216
slope,3.216
ardent,3.216
gleam,3.216
tabloid,3.216
upstair,3.213
locker,3.213
disinterest,3.213
inconveni,3.213
bambi,3.209
bitterli,3.209
shenanigan,3.209
sedat,3.209
queue,3.209
cutthroat,3.206
whatnot,3.206
discount,3.206
oldi,3.206
lucr,3.206
interconnect,3.203
beli,3.203
unworthi,3.203
dylan,3.203
physic,3.202
bludgeon,3.199
whoop,3.199
nonexist,3.199
belittl,3.199
harvard,3.199
conundrum,3.199
conspicu,3.196
amend,3.196
reap,3.196
entrench,3.196
agit,3.196
oeuvr,3.192
boyhood,3.192
embroil,3.192
spielberg,3.191
fanfar,3.189
lar,3.189
catchphras,3.189
mytho,3.189
ne,3.189
embarrassingli,3.189
throb,3.189
hefti,3.186
agil,3.186
pacifist,3.186
odditi,3.186
paradigm,3.186
grammar,3.186
smother,3.186
lurid,3.186
hut,3.186
sticki,3.186
fisherman,3.186
heartbroken,3.182
dart,3.182
gutter,3.182
deliri,3.182
berri,3.182
impetu,3.182
misconcept,3.182
santa,3.179
ole,3.179
seeth,3.179
manni,3.179
advert,3.179
mediat,3.179
cohort,3.179
seventeen,3.176
160,3.176
definetli,3.176
cuss,3.176
filmgoer,3.173
sphere,3.173
discrep,3.173
ooh,3.173
sandal,3.173
pornographi,3.173
chatter,3.170
toppl,3.170
afterlif,3.170
coverag,3.170
overtak,3.170
richardson,3.166
gorgeous,3.166
cuddli,3.166
blister,3.163
entrepreneur,3.163
48,3.163
wallet,3.160
augment,3.160
bitten,3.157
introductori,3.157
34,3.157
freakin,3.157
missil,3.157
urgent,3.157
devolv,3.154
hustl,3.154
sag,3.154
pyrotechn,3.154
fluffi,3.154
segreg,3.154
fruition,3.151
disclos,3.151
underpin,3.151
prelud,3.151
elementari,3.151
emphat,3.151
veneer,3.148
unifi,3.148
zip,3.148
swarm,3.148
ca,3.145
panoram,3.145
anarch,3.145
submerg,3.142
hid,3.142
bobafett1138,3.142
fledg,3.142
lifelik,3.142
replica,3.142
misdirect,3.142
bloodthirsti,3.142
ilk,3.142
onslaught,3.142
brake,3.142
whisk,3.139
demean,3.139
archiv,3.139
reagan,3.139
antithesi,3.139
shabbi,3.139
maudlin,3.136
dissent,3.136
shriek,3.136
replet,3.136
madam,3.133
atlanta,3.133
pt,3.133
publicli,3.133
algier,3.133
abroad,3.130
reflex,3.130
steroid,3.130
har,3.130
downtown,3.130
warlord,3.130
pornograph,3.130
frivol,3.130
supervis,3.130
confer,3.127
disclaim,3.127
assimil,3.127
phenomena,3.125
sang,3.122
unfathom,3.119
unremark,3.119
loung,3.119
unjust,3.116
capsul,3.116
wagner,3.116
incess,3.113
invigor,3.113
bankrupt,3.113
swiss,3.113
dishonest,3.113
absurdli,3.113
afterthought,3.113
empathet,3.110
splice,3.110
cramp,3.110
faux,3.108
befit,3.108
pa,3.108
saviour,3.108
pantomim,3.108
alien,3.106
ratchet,3.105
villian,3.105
avenu,3.105
unreason,3.102
identif,3.102
pitfal,3.102
converg,3.102
seam,3.102
overflow,3.102
peckinpah,3.102
waver,3.100
choru,3.100
mammoth,3.100
valentin,3.100
loaf,3.100
goddamn,3.097
boyish,3.097
quicker,3.097
shroud,3.097
counsel,3.097
ghastli,3.094
upward,3.094
classroom,3.094
frail,3.092
punchlin,3.092
appeas,3.092
unorthodox,3.092
abnorm,3.092
juici,3.092
thinli,3.089
parasit,3.089
masterclass,3.086
hue,3.086
impart,3.086
weaponri,3.086
immun,3.086
gruel,3.086
stabil,3.086
flicker,3.086
perish,3.084
unlimit,3.084
wrought,3.084
brisk,3.084
dissatisfi,3.084
feroc,3.084
civilis,3.081
scath,3.081
norwegian,3.081
implor,3.081
racket,3.081
esquir,3.078
inconceiv,3.078
batteri,3.078
loathsom,3.078
patent,3.076
counti,3.076
contin,3.076
brass,3.073
hybrid,3.073
meek,3.073
withdraw,3.073
dangl,3.073
venom,3.073
mistakenli,3.071
anecdot,3.071
burglar,3.071
domain,3.071
devilish,3.071
upgrad,3.068
unto,3.068
dime,3.068
cautionari,3.068
allegi,3.068
wordpress,3.068
mall,3.066
pee,3.066
invari,3.066
jfk,3.066
antihero,3.066
playground,3.066
pristin,3.063
sermon,3.063
vapid,3.063
requisit,3.063
kubrick,3.063
overnight,3.061
condescend,3.061
institution,3.061
sant,3.061
impass,3.061
vicari,3.061
fuell,3.061
standoff,3.061
pertain,3.058
trough,3.058
surgeri,3.058
shortag,3.058
homer,3.058
ireland,3.056
port,3.056
uber,3.056
villaini,3.056
coup,3.056
rumour,3.053
deja,3.053
onscreen,3.053
fend,3.051
yo,3.051
butterfli,3.051
unresolv,3.051
scrape,3.051
wee,3.051
gratifi,3.051
ecstat,3.046
thereof,3.046
downbeat,3.044
jigsaw,3.044
jrr,3.039
unknowingli,3.039
treacheri,3.039
jolli,3.039
defenc,3.039
censorship,3.039
awestruck,3.037
walsh,3.037
insect,3.035
noisi,3.035
indestruct,3.035
heinou,3.032
benevol,3.030
tenth,3.030
tapestri,3.030
permiss,3.030
revert,3.030
judici,3.028
barrag,3.028
gu,3.028
wallow,3.028
guru,3.028
muddi,3.025
handi,3.025
culprit,3.025
swiftli,3.025
needlessli,3.023
radar,3.023
autobiographi,3.023
classmat,3.023
crafti,3.023
gimmicki,3.023
counterpoint,3.021
solar,3.021
lair,3.021
thirteen,3.021
rabid,3.019
sitcom,3.019
grimi,3.019
gist,3.019
eponym,3.016
louder,3.016
wri,3.014
fearsom,3.012
idyl,3.012
enrag,3.012
forese,3.012
accommod,3.010
smuggler,3.010
tent,3.010
dictatorship,3.007
naturalist,3.007
jo,3.007
knit,3.007
dispens,3.005
reconsid,3.005
utilis,3.005
criteria,3.005
introvert,3.003
1963,3.003
duh,3.001
mantl,3.001
quo,3.001
veget,2.999
bs,2.999
teari,2.999
amalgam,2.997
plea,2.997
tighten,2.995
agon,2.995
traine,2.995
7th,2.992
bruis,2.992
hain,2.992
moviemak,2.992
700,2.992
carlo,2.992
bravura,2.992
plainli,2.992
commiss,2.990
mortim,2.990
oft,2.990
dupe,2.990
pub,2.990
breathtakingli,2.988
forbid,2.988
quip,2.988
empow,2.988
fore,2.988
whim,2.986
easiest,2.984
proverbi,2.982
nurtur,2.980
shun,2.980
lucid,2.980
cairo,2.980
soprano,2.980
concert,2.978
ck,2.978
cloak,2.978
yield,2.978
blvd,2.974
fixat,2.972
distrust,2.972
shelli,2.972
thwart,2.972
purest,2.970
slew,2.968
brawl,2.968
overdo,2.968
oblivion,2.968
salvag,2.966
dispar,2.964
prayer,2.962
plotlin,2.962
malici,2.962
griev,2.962
rigid,2.960
sordid,2.960
paralyz,2.958
refreshingli,2.958
shakespearean,2.958
herd,2.958
unsympathet,2.958
sheet,2.956
concis,2.956
excruci,2.956
chef,2.956
powerless,2.956
allegor,2.956
curious,2.956
broader,2.956
certainti,2.954
tribul,2.954
album,2.954
donat,2.952
distast,2.952
brighter,2.952
therein,2.952
42,2.950
orgi,2.950
mother,2.949
ram,2.948
smirk,2.948
restless,2.948
tingl,2.947
worldli,2.947
midway,2.947
transmit,2.947
panach,2.947
download,2.945
caesar,2.945
temporari,2.945
cathart,2.941
hyperbol,2.941
tyrant,2.941
ambival,2.941
hijack,2.939
criterion,2.939
rea,2.939
token,2.939
unthink,2.935
revis,2.935
offbeat,2.935
breez,2.935
learnt,2.933
dip,2.933
na,2.933
101,2.933
meter,2.933
ampl,2.932
tout,2.932
collid,2.930
synonym,2.928
contradictori,2.928
mash,2.928
strung,2.928
baron,2.928
vignett,2.926
tangl,2.926
championship,2.926
steadili,2.924
savvi,2.924
problemat,2.924
obey,2.924
majesti,2.923
seren,2.923
coloss,2.921
tho,2.921
wholesom,2.921
headquart,2.919
dismal,2.919
hometown,2.919
unrecogniz,2.917
templat,2.917
miniatur,2.917
hysteria,2.917
notwithstand,2.917
ditch,2.917
manhattan,2.917
bake,2.915
lore,2.915
pervas,2.915
lens,2.915
suburbia,2.915
ignit,2.914
resili,2.914
vu,2.912
cd,2.912
catalyst,2.912
fictiti,2.910
grisli,2.908
januari,2.908
bestow,2.908
oldest,2.907
consumm,2.907
overwhelmingli,2.905
ratio,2.905
hamlet,2.905
filthi,2.903
wari,2.903
indict,2.903
badg,2.903
fewer,2.903
lag,2.903
bait,2.902
firework,2.900
programm,2.900
brainless,2.898
beam,2.898
recip,2.898
selv,2.898
buildup,2.898
shocker,2.895
treacher,2.893
demograph,2.893
postur,2.891
faultless,2.891
gee,2.891
finer,2.890
inflat,2.890
hilar,2.888
snub,2.888
persuas,2.888
1946,2.886
rapist,2.886
asia,2.885
steril,2.885
lifelong,2.885
goon,2.885
yr,2.885
glamour,2.883
whack,2.883
rewind,2.881
galleri,2.881
dispatch,2.880
keeper,2.880
brash,2.880
hinder,2.880
underplay,2.878
environment,2.878
amplifi,2.878
incompar,2.877
refug,2.877
brute,2.875
lament,2.875
fortress,2.875
lane,2.875
1958,2.875
evad,2.873
fever,2.873
dom,2.873
misfit,2.872
ovat,2.872
intermiss,2.872
shaken,2.872
rot,2.870
intuit,2.870
til,2.870
belli,2.869
merchandis,2.869
spray,2.869
apprentic,2.867
outburst,2.867
incorrect,2.867
crank,2.867
retro,2.865
operat,2.865
novelti,2.865
appoint,2.865
blog,2.864
decidedli,2.864
intricaci,2.862
amateurish,2.862
lad,2.861
claustrophobia,2.859
barren,2.859
compound,2.859
competitor,2.859
misplac,2.856
guidanc,2.856
june,2.855
misfortun,2.853
pompou,2.853
maxim,2.852
cum,2.852
labour,2.850
renew,2.848
defiantli,2.847
probe,2.847
simplest,2.847
hopelessli,2.847
ruler,2.847
inter,2.845
taglin,2.845
approxim,2.845
astonishingli,2.845
earliest,2.845
concoct,2.845
hokey,2.844
anyhow,2.844
estim,2.844
falter,2.842
wardrob,2.841
wtf,2.841
puriti,2.841
interplay,2.839
lightheart,2.839
sewer,2.838
goodi,2.837
stabl,2.837
pic,2.837
irrat,2.837
1974,2.835
fluff,2.835
fredo,2.835
minnesota,2.835
eg,2.835
ralli,2.835
censor,2.834
overtli,2.832
rooftop,2.831
correspond,2.831
dial,2.831
murki,2.829
navig,2.828
magnolia,2.828
marlin,2.828
oneself,2.826
applic,2.826
extravaganza,2.825
scarc,2.825
mud,2.823
veng,2.823
commonli,2.823
duck,2.823
dug,2.823
railroad,2.819
adher,2.816
laps,2.816
sprinkl,2.816
breakfast,2.815
februari,2.814
ol,2.814
tin,2.812
yep,2.811
ninja,2.809
spars,2.809
scifi,2.808
replay,2.808
delay,2.808
razor,2.808
effortless,2.808
burnt,2.807
palm,2.807
meantim,2.805
signifi,2.805
adject,2.804
irresist,2.804
mi,2.804
superflu,2.804
swamp,2.804
drawback,2.803
havoc,2.801
borderlin,2.801
potato,2.800
overton,2.800
vintag,2.800
highway,2.798
trump,2.798
splatter,2.798
octob,2.797
ant,2.796
interfer,2.796
earnest,2.796
clearer,2.794
plate,2.794
rushmor,2.793
spectacularli,2.790
spice,2.790
parker,2.789
dreamer,2.789
handedli,2.788
financ,2.788
desk,2.788
likeabl,2.784
recollect,2.783
china,2.777
cater,2.776
somber,2.775
esteem,2.775
cooler,2.774
analog,2.774
tax,2.772
intoler,2.772
plethora,2.772
plead,2.771
coast,2.770
invok,2.770
randomli,2.769
claw,2.769
raini,2.769
arni,2.767
lighten,2.766
motorcycl,2.766
lightli,2.766
scum,2.766
allur,2.764
footstep,2.764
colin,2.762
corn,2.762
1983,2.761
knack,2.761
tarkovski,2.760
giggl,2.760
shelf,2.759
endeavor,2.759
emotionless,2.757
extern,2.757
fairytal,2.757
streak,2.756
shorten,2.755
impend,2.754
newest,2.754
drip,2.754
abyss,2.752
mega,2.752
accustom,2.752
stale,2.751
stalk,2.751
tricki,2.751
perplex,2.750
cliffhang,2.749
recit,2.749
gentlemen,2.746
grape,2.746
pessimist,2.745
atroci,2.745
immacul,2.744
hypocrit,2.743
jeunet,2.743
reinvent,2.743
vietnames,2.743
adversari,2.743
unclear,2.739
lace,2.739
merg,2.738
rewatch,2.738
fragment,2.738
dish,2.738
fruit,2.737
referenc,2.737
agoni,2.736
didnt,2.735
toll,2.733
bulk,2.733
journal,2.733
modest,2.732
phillip,2.732
ingenu,2.732
jam,2.730
improb,2.730
info,2.729
seed,2.729
moder,2.729
luc,2.729
invinc,2.729
bicycl,2.728
sniper,2.728
rural,2.727
fanboy,2.727
symphoni,2.725
downward,2.725
underestim,2.725
canva,2.724
carv,2.724
inaccur,2.723
collector,2.723
dire,2.723
hooker,2.722
basebal,2.722
stuf,2.721
dodg,2.721
muddl,2.721
filler,2.721
encapsul,2.720
diner,2.718
constitut,2.718
nightmarish,2.718
gush,2.718
sob,2.718
therebi,2.716
masculin,2.714
emul,2.714
newer,2.713
messi,2.712
sail,2.712
unnecessarili,2.710
mobil,2.709
farc,2.709
governor,2.708
formid,2.708
corridor,2.705
unquestion,2.704
kennedi,2.704
armor,2.703
exclud,2.703
penetr,2.702
wrestl,2.702
yard,2.702
richli,2.701
rude,2.701
aboard,2.700
powerhous,2.700
ceremoni,2.699
2011,2.698
sunris,2.698
craftsmanship,2.697
essay,2.697
disgrac,2.696
fellini,2.695
uncertainti,2.695
akin,2.695
larri,2.695
artwork,2.695
penni,2.693
downsid,2.690
inherit,2.690
scrap,2.689
iq,2.689
foil,2.688
collar,2.687
squeez,2.687
pat,2.687
guitar,2.683
reliv,2.683
troll,2.682
harbor,2.682
juvenil,2.679
meander,2.679
chord,2.679
fleet,2.679
deterior,2.678
badass,2.678
whine,2.677
downhil,2.676
sue,2.676
weep,2.676
everyman,2.675
affirm,2.674
chip,2.672
doc,2.672
hurri,2.671
inflict,2.670
loop,2.670
subdu,2.669
relish,2.668
uneven,2.668
1986,2.668
surrend,2.667
forg,2.667
onlin,2.667
regularli,2.667
pie,2.666
hater,2.665
imho,2.665
strategi,2.665
allianc,2.664
teas,2.664
sober,2.663
bubbl,2.663
bike,2.662
spellbind,2.662
advers,2.662
departur,2.661
refuge,2.661
riot,2.660
masterwork,2.660
standpoint,2.660
weaker,2.660
1996,2.657
imperfect,2.657
cocki,2.657
pierr,2.657
ie,2.656
eagerli,2.655
5th,2.653
ross,2.651
pepper,2.651
conjur,2.651
knee,2.650
guardian,2.650
ban,2.649
hunger,2.649
grandios,2.647
francisco,2.647
mediev,2.646
neatli,2.645
1941,2.645
cancer,2.644
reiner,2.644
outright,2.644
payoff,2.643
chees,2.643
overpow,2.642
nearbi,2.642
elder,2.641
nihilist,2.641
pin,2.641
pal,2.641
gender,2.641
strand,2.640
magnitud,2.639
triumphant,2.638
bum,2.638
mar,2.637
undermin,2.636
steer,2.635
sterl,2.634
horizon,2.633
cruis,2.632
fenc,2.632
darren,2.632
divin,2.631
chan,2.630
retard,2.630
22,2.629
equat,2.628
brick,2.628
dim,2.628
28,2.628
diari,2.627
prophet,2.626
harmoni,2.625
nemesi,2.624
sooner,2.623
macho,2.622
totalitarian,2.622
slower,2.620
lavish,2.620
porn,2.619
banter,2.619
profil,2.619
unconsci,2.617
significantli,2.614
disjoint,2.614
enterpris,2.614
decemb,2.614
flower,2.613
classifi,2.612
healthi,2.611
el,2.611
flavor,2.611
intellect,2.609
rendit,2.609
cardboard,2.607
nineti,2.607
righteou,2.607
delus,2.606
lethal,2.605
reliabl,2.605
mute,2.605
envelop,2.605
outfit,2.602
secretli,2.602
quintessenti,2.602
tea,2.601
estat,2.600
obnoxi,2.600
encompass,2.599
miscast,2.598
maid,2.596
michael,2.596
verg,2.593
turmoil,2.593
peculiar,2.593
sale,2.590
crave,2.588
rous,2.586
funer,2.585
resent,2.585
beer,2.580
recycl,2.580
jewel,2.580
undergo,2.579
unexplain,2.577
procedur,2.576
t2,2.576
seventh,2.576
spain,2.576
uneasi,2.576
servant,2.574
cement,2.574
upsid,2.573
unsatisfi,2.572
35,2.572
monoton,2.572
breakdown,2.570
vein,2.568
drove,2.568
shelter,2.566
wet,2.566
trauma,2.565
eleven,2.564
yearn,2.563
gambl,2.563
mario,2.562
1991,2.560
businessman,2.560
applaus,2.560
idealist,2.558
23,2.557
greet,2.557
montana,2.557
prospect,2.557
click,2.556
baddi,2.556
salesman,2.554
antic,2.554
whisper,2.554
strictli,2.554
awhil,2.554
muscl,2.552
injuri,2.552
braveri,2.552
afi,2.552
gloomi,2.550
disregard,2.549
1939,2.547
avatar,2.547
underdog,2.547
worship,2.547
stiff,2.546
bean,2.546
entireti,2.544
vulgar,2.542
limb,2.542
conduct,2.542
rotten,2.541
incident,2.541
vastli,2.541
inabl,2.541
interrupt,2.540
philip,2.538
prey,2.538
perman,2.538
foremost,2.538
cabl,2.537
propel,2.537
tunnel,2.536
frozen,2.536
toilet,2.535
yellow,2.535
2013,2.535
employe,2.535
conserv,2.534
implaus,2.534
flop,2.533
campaign,2.530
dispos,2.530
spotless,2.529
breakthrough,2.527
hardcor,2.527
midnight,2.525
health,2.522
qualifi,2.521
thrust,2.521
unawar,2.520
sarcast,2.520
moron,2.520
blogspot,2.520
superl,2.519
roof,2.517
foul,2.516
rug,2.516
wildli,2.515
ape,2.515
upcom,2.515
summar,2.514
lieuten,2.513
weari,2.512
declin,2.511
junki,2.510
billion,2.508
feast,2.508
heap,2.506
invad,2.505
prevail,2.504
hammer,2.503
quotabl,2.503
asham,2.502
grandeur,2.502
cheek,2.501
stimul,2.500
injur,2.499
sneak,2.498
vigilant,2.497
priceless,2.497
worn,2.495
suburban,2.495
despic,2.494
baffl,2.494
cook,2.493
cousin,2.493
blu,2.493
honour,2.492
saturday,2.491
suspici,2.488
mundan,2.488
approv,2.487
aronofski,2.487
hawk,2.485
strain,2.485
chuck,2.485
junk,2.485
extract,2.484
blur,2.484
literari,2.483
cliff,2.482
virtu,2.480
korean,2.480
likewis,2.480
swing,2.480
predat,2.477
ah,2.476
bash,2.476
speci,2.475
tick,2.474
gear,2.471
websit,2.471
signatur,2.470
coffe,2.470
britain,2.469
mock,2.466
effortlessli,2.466
diminish,2.465
item,2.465
sidekick,2.464
celluloid,2.462
pill,2.461
coin,2.460
pivot,2.457
2007,2.456
et,2.454
bibl,2.453
tap,2.450
firmli,2.448
drain,2.447
2015,2.447
button,2.444
legal,2.442
tactic,2.442
decor,2.441
threw,2.440
delici,2.439
2006,2.439
newcom,2.439
repli,2.439
outer,2.438
interrog,2.437
arrang,2.436
flawlessli,2.435
crawl,2.433
boast,2.432
fx,2.432
weakest,2.431
choreographi,2.431
dwarf,2.429
flame,2.426
gray,2.426
wreck,2.424
boil,2.423
rivalri,2.422
suffic,2.421
revisit,2.419
akira,2.418
shortli,2.418
california,2.415
insert,2.411
despis,2.409
pun,2.408
tonight,2.407
greedi,2.407
clown,2.407
penn,2.406
tall,2.404
cuckoo,2.403
flight,2.403
wheel,2.401
tongu,2.401
saint,2.400
teller,2.399
collaps,2.399
slapstick,2.398
musician,2.398
replic,2.396
elderli,2.395
dawn,2.395
hyster,2.394
vega,2.393
staff,2.389
michel,2.388
pregnant,2.387
fifteen,2.387
ameli,2.387
boredom,2.387
glanc,2.386
internet,2.386
toss,2.385
calcul,2.384
ingredi,2.382
accolad,2.382
darkest,2.381
absenc,2.380
fed,2.379
weather,2.376
butt,2.374
skeptic,2.372
chop,2.372
inconsist,2.371
conveni,2.371
defens,2.371
digniti,2.370
se7en,2.370
repeatedli,2.369
marti,2.368
nut,2.368
thief,2.367
washington,2.367
contempl,2.365
bend,2.364
minim,2.363
tip,2.362
analysi,2.361
mexican,2.361
strip,2.360
clock,2.360
deer,2.359
gotta,2.357
patienc,2.357
melodrama,2.356
pit,2.356
bourn,2.354
librari,2.354
toro,2.353
0,2.349
nostalg,2.348
1930,2.346
worthwhil,2.344
drown,2.344
torment,2.341
confirm,2.340
centr,2.338
nuclear,2.337
secondli,2.337
admittedli,2.336
irish,2.334
analyz,2.332
companion,2.331
yell,2.330
mentor,2.330
halfway,2.327
happili,2.325
purchas,2.324
paranoia,2.322
walken,2.320
asian,2.320
promin,2.320
restaur,2.318
fisher,2.318
useless,2.316
announc,2.314
wealthi,2.310
carl,2.310
revolut,2.309
linger,2.308
tank,2.307
furthermor,2.306
rid,2.305
flew,2.305
nerv,2.305
financi,2.302
recov,2.301
commend,2.300
pose,2.300
spider,2.299
oz,2.299
ark,2.299
realm,2.298
princ,2.294
polish,2.294
crisi,2.293
resolv,2.291
downright,2.291
landmark,2.290
simplic,2.290
underground,2.287
mystic,2.285
winter,2.284
plausibl,2.283
vertigo,2.282
mount,2.281
sink,2.281
confin,2.275
groundbreak,2.275
float,2.274
splendid,2.273
premier,2.272
preview,2.270
arrog,2.268
eccentr,2.266
screw,2.265
fallen,2.265
rose,2.263
di,2.261
firstli,2.261
dinner,2.260
nurs,2.259
suitabl,2.258
scientif,2.257
wander,2.251
silver,2.248
collabor,2.248
1994,2.247
backward,2.246
revolutionari,2.246
tribut,2.242
rabbit,2.241
fat,2.240
await,2.239
stumbl,2.239
artifici,2.239
smooth,2.238
fatal,2.236
program,2.235
insist,2.233
ralph,2.233
discoveri,2.230
min,2.229
march,2.226
church,2.225
fish,2.224
properli,2.224
victori,2.221
blond,2.221
bergman,2.220
block,2.218
orson,2.216
jason,2.214
volum,2.211
restor,2.208
broke,2.208
crusad,2.204
bird,2.203
jennif,2.202
jacket,2.202
trademark,2.199
lean,2.198
franci,2.192
duti,2.191
gross,2.191
awkward,2.190
asleep,2.186
dri,2.186
marin,2.186
bogart,2.185
elabor,2.185
holi,2.178
render,2.178
percept,2.171
chair,2.168
oliv,2.167
eeri,2.167
sincer,2.166
3d,2.165
stranger,2.161
persona,2.161
trial,2.160
ice,2.155
sea,2.154
hors,2.151
wilder,2.148
galaxi,2.146
lame,2.144
engin,2.144
lay,2.140
cheat,2.138
corpor,2.129
corleon,2.128
samurai,2.128
clark,2.127
1950,2.127
plant,2.126
leg,2.119
hall,2.112
casablanca,2.109
anderson,2.107
clockwork,2.104
sheen,2.103
smith,2.103
freak,2.102
jake,2.100
belov,2.096
sky,2.094
forgiv,2.092
foster,2.081
samuel,2.071
bed,2.069
russian,2.066
surreal,2.060
cameo,2.058
heroic,2.058
pair,2.058
controversi,2.056
crash,2.054
tommi,2.050
kidnap,2.048
holocaust,2.045
cat,2.035
ball,2.030
frankli,2.030
dent,2.026
suicid,2.023
rebel,2.017
sword,2.011
cameron,2.006
steve,2.006
neo,2.005
dad,1.996
fincher,1.989
gorgeou,1.985
cartoon,1.984
cheesi,1.976
satir,1.973
owner,1.972
teacher,1.969
bat,1.968
celebr,1.967
mediocr,1.958
bridg,1.947
dress,1.945
quest,1.938
cheer,1.937
desert,1.925
giant,1.916
cute,1.915
rescu,1.913
sing,1.905
johnni,1.899
male,1.898
rain,1.872
memento,1.871
hardi,1.870
marri,1.856
summer,1.853
burn,1.847
v,1.846
investig,1.842
mask,1.841
jim,1.839
niro,1.838
norton,1.821
park,1.821
remak,1.818
fellowship,1.814
wood,1.814
incept,1.814
silent,1.798
steven,1.789
stanley,1.788
willi,1.788
edward,1.780
luca,1.771
russel,1.771
detect,1.767
creatur,1.759
stone,1.754
femal,1.729
water,1.715
jone,1.706
heath,1.702
secret,1.697
sam,1.682
dicaprio,1.672
costum,1.671
ledger,1.669
comput,1.669
frank,1.658
ford,1.619
bill,1.577
scienc,1.575
joker,1.566
hilari,1.562
fantasi,1.470
knight,1.428
jame,1.410
sequel,1.387
christoph,1.314
trilog,1.310
