toy,7633.643
pixar,2043.322
andi,1809.154
woodi,1579.285
3,1389.513
stori,1202.869
buzz,1029.828
anim,911.986
lotso,910.905
daycar,760.363
colleg,735.185
they,616.534
kid,579.415
ken,579.034
sunnysid,572.754
up,500.047
barbi,488.041
attic,468.396
2,453.545
them,448.209
their,444.663
3d,430.753
wa,423.351
film,418.849
i,417.757
first,415.513
year,413.845
trilog,403.457
end,400.738
new,400.303
voic,399.019
my,388.976
go,376.325
as,372.364
children,367.419
cri,366.834
we,364.985
bear,362.522
old,359.652
adult,358.624
you,356.594
with,346.909
charact,344.667
when,344.152
now,342.450
are,341.622
emot,341.073
childhood,339.292
me,335.741
s,331.936
sequel,330.084
seri,328.622
love,328.491
two,328.118
third,327.637
movi,327.557
grown,327.290
all,316.222
t,315.281
were,314.380
be,312.870
will,309.367
at,309.270
donat,307.033
again,306.805
so,303.210
lightyear,301.459
there,299.018
tear,297.170
jessi,295.911
back,292.867
adventur,288.503
just,287.751
for,287.178
day,286.508
out,285.999
gang,285.661
have,283.308
potato,282.784
like,282.568
laugh,281.848
ha,281.657
disney,280.758
escap,278.298
age,276.988
beatti,274.380
get,273.242
care,272.206
owner,272.094
that,271.419
moment,270.721
had,270.548
unkrich,268.095
previou,267.785
realli,264.053
but,260.733
franchis,260.083
great,259.993
watch,254.659
our,253.082
other,251.769
feel,251.373
heart,250.787
how,249.879
or,249.761
not,249.491
more,246.886
littl,246.382
good,246.249
some,245.913
see,245.874
best,245.329
even,245.281
ned,242.775
still,242.043
make,240.301
one,239.549
which,238.359
from,237.966
last,237.023
becaus,236.086
these,235.985
on,235.931
allen,234.876
by,234.849
about,234.416
10,234.295
doll,233.610
say,233.609
would,233.100
friend,232.853
time,231.041
part,230.561
much,230.382
grow,228.754
head,227.622
way,227.133
play,226.843
hank,222.301
final,222.040
than,220.965
funni,219.036
come,218.102
been,217.989
bonni,217.557
leav,217.479
your,217.147
can,217.008
don,216.593
move,215.558
well,214.993
do,214.431
made,213.990
hi,213.440
away,213.266
what,213.214
off,212.670
instal,212.494
he,211.163
center,209.341
veri,209.109
an,207.071
most,205.047
if,204.747
think,201.741
in,200.592
sinc,199.374
grew,199.046
ve,198.900
scene,198.769
sad,198.385
into,196.971
to,196.150
onli,196.114
thing,195.497
while,195.479
lot,194.556
then,194.483
also,194.298
after,194.272
spanish,193.390
second,193.284
fun,192.569
perfect,191.813
alway,190.671
who,190.300
over,189.200
expect,189.076
enjoy,188.964
mr,188.777
know,188.020
1,187.939
hilari,187.391
audienc,186.145
m,185.444
us,184.661
babi,184.364
where,183.091
too,182.641
no,182.331
same,181.196
re,180.667
better,179.553
never,179.121
tim,175.867
seem,175.387
ll,175.022
put,174.673
origin,174.059
theater,173.661
mani,172.627
though,172.316
humor,171.427
befor,170.997
find,170.804
it,170.290
onc,169.357
theme,167.472
garbag,166.595
cusack,165.298
home,165.184
child,164.181
everi,163.676
keaton,163.055
excit,162.771
2010,162.513
slinki,162.283
both,162.280
did,162.063
trash,161.702
releas,161.464
plot,161.225
touch,160.797
hamm,160.733
actual,160.710
take,160.069
ani,160.028
ever,159.607
happi,158.808
tom,158.752
amaz,158.543
anoth,158.415
famili,158.286
give,158.042
return,157.939
let,157.669
want,157.377
belov,157.182
start,156.342
few,155.935
inciner,155.105
came,153.276
didn,152.309
wonder,152.294
11,152.286
could,151.338
such,151.255
review,150.908
got,150.318
everyon,148.616
decid,148.222
here,147.878
big,147.472
d,147.000
entertain,146.448
wait,146.388
someth,146.313
howev,146.194
is,145.803
favorit,145.399
thought,144.973
tri,144.593
whole,144.263
quit,144.150
saw,144.038
felt,143.787
manag,143.483
turn,143.397
right,143.024
look,142.481
went,142.116
1995,141.418
yet,141.272
seen,141.126
imagin,140.760
amp,140.630
bring,140.140
box,139.810
prison,139.311
rickl,139.237
those,138.426
place,138.246
rememb,137.643
thi,137.040
plastic,136.026
life,135.943
e,135.683
comedi,134.867
live,133.840
michael,133.699
am,133.013
hand,132.793
may,132.700
studio,132.283
high,132.167
young,131.927
might,131.340
found,131.201
bit,131.039
huggin,130.835
abandon,130.779
fantast,130.651
rex,130.242
rest,130.173
must,129.893
done,129.701
three,129.056
left,128.882
him,128.534
room,127.984
bag,127.181
doe,126.554
action,126.532
believ,126.512
evil,126.314
predecessor,125.245
keep,124.614
almost,124.436
peopl,124.404
point,124.180
face,124.142
disappoint,124.087
need,124.028
open,123.745
eye,123.392
toddler,123.242
goodby,122.570
definit,122.464
hope,122.210
centr,121.593
myself,121.269
includ,121.016
work,120.939
joan,120.180
ts3,120.125
doesn,119.991
mean,119.635
incred,119.265
wall,118.991
far,118.961
shrek,117.927
thank,117.925
wasn,117.804
happen,117.422
darker,117.076
teddi,116.069
lee,115.781
truli,115.184
through,114.599
behind,114.135
featur,114.023
begin,113.992
isn,113.455
memori,113.319
show,113.304
around,113.212
enough,113.132
fact,113.123
villain,113.064
alreadi,112.993
long,112.948
hit,112.884
should,112.526
along,112.433
mom,112.330
brilliant,112.286
magic,112.007
joke,111.649
of,111.603
gener,111.481
15,111.330
becom,111.292
without,110.797
fan,110.733
sure,110.728
cours,110.581
chang,110.060
tell,109.522
break,109.131
togeth,109.024
older,108.764
short,108.735
john,108.531
pretti,107.690
especi,107.147
girl,106.466
friendship,106.424
a,106.166
dark,106.148
ratzenberg,105.945
everyth,105.759
plan,105.493
beauti,104.783
own,104.696
whi,104.255
use,104.119
nostalgia,103.846
won,103.760
surpris,103.371
ye,103.116
shawn,103.095
fate,103.003
varney,102.939
deliv,102.859
nice,102.582
themselv,102.501
lasset,102.481
rate,102.161
each,101.949
real,101.938
pack,101.923
down,101.547
haven,101.447
soon,101.436
simpli,100.914
beyond,100.551
thrown,100.497
world,100.452
kind,100.274
estel,99.444
set,99.156
miss,99.113
hard,98.982
benson,98.853
bad,98.815
continu,98.772
experi,98.238
past,98.156
and,98.065
probabl,98.033
detail,97.994
idea,97.828
possibl,97.767
minut,97.364
save,97.147
creat,97.050
top,96.772
hold,96.660
17,96.563
run,96.548
worri,96.172
infin,96.169
differ,95.474
worth,95.188
goe,94.419
4,94.329
human,94.147
dalton,94.020
line,93.965
strawberri,93.929
talk,93.884
realiz,93.697
help,93.601
person,93.307
screen,93.028
anyth,92.764
doubt,92.621
sequenc,92.612
noth,92.487
close,92.153
addit,92.014
pass,91.643
ts2,91.170
pricklep,90.726
between,90.533
knew,90.484
introduc,90.239
fill,90.162
arndt,89.832
conclus,89.694
certainli,89.626
familiar,89.598
randi,89.387
hous,89.280
pictur,88.863
readi,88.807
write,88.590
nemo,88.566
level,88.490
bo,88.400
younger,88.352
rescu,88.020
true,87.945
cinema,87.406
classic,87.092
overal,87.039
sens,86.818
mode,86.434
excel,86.220
morri,86.195
cast,86.130
mistakenli,85.983
complet,85.528
next,85.509
absolut,85.369
abl,85.354
monkey,85.335
matur,85.210
anyon,85.143
usual,84.761
said,84.690
less,84.590
charm,84.586
recommend,84.517
meet,84.411
couldn,84.043
entir,83.675
creativ,83.560
thrill,83.512
stay,83.425
masterpiec,82.962
toward,82.909
throw,82.875
awesom,82.209
full,82.131
dure,82.040
dump,81.936
qualiti,81.916
scari,81.738
accident,81.647
o,81.559
delight,81.170
follow,80.905
pull,80.850
clever,80.800
futur,80.353
success,80.265
lost,80.233
learn,80.187
name,79.903
although,79.883
plenti,79.773
1999,79.464
blake,79.255
fear,79.158
reason,79.147
certain,78.959
bittersweet,78.917
stuff,78.621
night,78.540
dreamwork,78.488
5,78.434
opinion,78.271
relat,78.263
easili,77.743
welcom,77.596
dog,77.425
2d,77.367
later,77.312
prove,77.140
impress,77.108
visual,77.052
least,76.918
joy,76.781
her,76.312
import,76.243
lovabl,76.183
whether,76.107
cartoon,75.373
jess,75.132
ago,75.118
3rd,74.708
greatest,74.606
anymor,74.363
somehow,74.298
climax,73.898
throughout,73.801
loss,73.788
ratatouil,73.522
job,73.351
until,73.147
given,73.015
timothi,72.901
parent,72.783
effect,72.659
mind,72.439
call,72.209
perhap,72.198
act,72.170
replac,71.972
eleven,71.804
g,71.784
main,71.699
monster,71.489
star,71.432
itself,71.269
inc,71.156
note,71.151
light,70.983
remind,70.902
loyalti,70.844
except,70.827
wallac,70.713
glad,70.570
humour,70.432
similar,70.212
car,70.091
mayb,70.037
sound,70.009
9,69.961
wouldn,69.899
heartfelt,69.399
sever,69.221
fifteen,69.216
gag,69.138
peep,69.073
brought,68.987
aspect,68.829
instead,68.774
smile,68.441
favourit,68.185
fresh,68.014
stop,68.011
bunch,67.943
wow,67.846
heard,67.615
newman,67.506
interest,67.397
mix,67.380
gone,67.352
matter,67.329
fit,67.080
jodi,66.549
money,66.483
hug,66.377
oh,66.338
coupl,66.073
clark,65.931
huge,65.925
special,65.763
warm,65.731
half,65.595
ad,65.504
store,65.395
storytel,65.394
highli,65.298
attach,65.254
side,65.227
taken,65.209
comput,65.074
decad,65.018
univers,64.919
boy,64.870
strong,64.860
direct,64.830
rather,64.819
wrong,64.758
compani,64.582
drama,64.300
els,64.067
kept,63.928
connect,63.682
perfectli,63.496
prepar,63.344
element,63.277
near,63.179
remain,63.173
today,63.140
recent,63.095
summer,62.993
satisfi,62.872
extrem,62.831
longer,62.794
messag,62.651
genuin,62.627
stuf,62.580
provid,62.536
laughter,62.411
add,62.326
group,62.262
honestli,62.259
sid,62.201
heartwarm,62.072
speak,62.069
depth,62.007
trixi,61.954
involv,61.862
stand,61.558
easi,61.404
consid,61.363
co,61.315
deal,61.127
misunderstand,61.019
deserv,60.819
appear,60.662
tug,60.652
edg,60.570
alien,60.561
mother,60.446
mention,60.372
suspens,60.317
ten,60.220
surpass,60.149
20,60.106
anyway,59.998
truck,59.844
credit,59.833
fail,59.768
either,59.746
sentiment,59.659
hype,59.562
share,59.554
understand,59.500
cute,59.356
exactli,59.301
accept,59.278
reach,59.240
roll,59.212
aliv,59.135
sit,59.129
arriv,58.848
intens,58.616
gave,58.514
problem,58.470
written,58.379
took,58.365
chapter,58.332
express,58.299
school,58.083
rare,57.956
refer,57.909
present,57.860
seat,57.829
nurseri,57.580
sweet,57.525
entri,57.433
deep,57.392
product,57.267
attent,57.172
storylin,57.108
amount,57.055
admit,57.047
18,57.016
journey,56.952
unlik,56.729
shed,56.654
teenag,56.649
situat,56.452
despit,56.429
team,56.365
worthi,56.095
harri,56.056
suppos,56.050
asid,55.891
fall,55.851
convinc,55.764
heartstr,55.735
score,55.691
tale,55.568
viewer,55.409
number,55.383
writer,55.252
cowgirl,55.225
inevit,54.842
guess,54.809
bullsey,54.654
simpl,54.648
appreci,54.598
anticip,54.376
finish,54.267
relationship,54.239
valu,54.221
obvious,54.131
hour,54.059
forward,54.002
guy,53.979
respect,53.862
saga,53.836
treat,53.757
sister,53.683
cowboy,53.506
forc,53.496
poignant,53.467
becam,53.298
alon,53.196
sunni,53.175
scent,52.972
question,52.814
develop,52.702
cherish,52.306
stinki,52.172
she,52.161
aren,52.117
dvd,51.970
piec,51.913
lack,51.845
7,51.834
ador,51.766
nostalg,51.662
talent,51.650
mistak,51.617
technic,51.553
notic,51.466
basic,51.276
sometim,51.252
total,51.240
music,51.193
critic,51.168
quickli,51.028
friendli,50.730
collect,50.689
pink,50.564
forev,50.398
8,50.365
creepi,50.144
hell,50.067
neglect,49.990
ts1,49.923
script,49.869
allow,49.805
read,49.726
jim,49.662
scare,49.629
major,49.569
tortilla,49.563
histori,49.453
began,49.377
appeal,49.147
produc,49.105
belong,49.055
word,49.008
insid,48.888
wish,48.694
amazingli,48.657
hate,48.621
particular,48.560
playtim,48.445
cgi,48.281
obviou,48.251
pick,48.201
upon,48.153
forget,48.133
further,47.966
singl,47.893
standard,47.869
outgrown,47.618
liter,47.588
pure,47.585
cuddli,47.497
heartbreak,47.477
spoil,47.287
oscar,47.280
lesson,47.244
eventu,47.097
furnac,47.010
jump,46.923
chuckl,46.855
com,46.531
die,46.505
pleas,46.499
due,46.423
jerk,46.338
lead,46.125
predict,46.098
latest,46.097
join,46.094
reson,46.062
often,46.029
cymbal,45.961
hear,45.905
color,45.656
imax,45.605
captur,45.564
director,45.364
song,45.218
target,45.204
win,45.082
case,45.074
cannot,45.074
slightli,45.051
leader,45.043
ride,44.936
the,44.933
under,44.933
describ,44.912
damn,44.895
buy,44.758
tough,44.682
tone,44.676
choic,44.602
guarante,44.585
playth,44.583
flaw,44.554
death,44.392
extra,44.261
inde,44.247
send,43.845
gross,43.821
equal,43.794
fire,43.766
natur,43.720
truth,43.708
forgotten,43.583
dream,43.529
none,43.509
trailer,43.419
frighten,43.320
month,43.224
known,43.200
figur,43.192
aim,43.108
attempt,43.106
soul,43.096
compar,43.010
whoopi,42.871
technolog,42.858
walk,42.831
decis,42.810
discov,42.715
farewel,42.682
etc,42.567
wrap,42.541
somewhat,42.493
execut,42.197
form,42.101
6,42.075
exampl,42.053
view,41.964
realis,41.953
nearli,41.906
appropri,41.882
uniqu,41.732
balanc,41.590
man,41.508
spot,41.499
date,41.490
molli,41.461
small,41.430
ranger,41.323
catch,41.189
genr,41.129
engag,41.115
loud,40.950
clown,40.920
goldberg,40.915
fine,40.893
exist,40.886
mostli,40.856
ask,40.853
typic,40.802
local,40.801
power,40.769
fourth,40.726
late,40.691
screenplay,40.646
peril,40.639
focu,40.603
shown,40.601
flawless,40.597
enter,40.572
whatev,40.448
rank,40.283
spoiler,40.202
posit,40.199
lose,40.063
purpl,40.050
four,39.996
bye,39.964
choke,39.929
unfortun,39.924
hedgehog,39.841
intend,39.816
affect,39.775
member,39.690
safe,39.656
creator,39.652
lord,39.647
paradis,39.612
pal,39.612
actor,39.576
coaster,39.524
remark,39.393
earli,39.377
folk,39.263
ok,39.247
outing,39.242
schaal,39.169
reflect,39.094
imdb,39.080
motion,39.072
ring,39.055
bore,38.886
sinist,38.817
metcalf,38.750
tissu,38.742
funniest,38.696
serious,38.605
sent,38.576
role,38.531
difficult,38.427
geniu,38.354
god,38.344
totoro,38.269
curb,38.229
hero,38.217
ticket,38.139
larg,38.122
seventeen,38.112
purpos,38.110
earlier,38.102
superb,37.984
witti,37.962
cool,37.920
progress,37.869
necessari,37.869
100,37.803
mark,37.793
pete,37.762
adulthood,37.588
achiev,37.540
lauri,37.500
reset,37.496
craft,37.400
pay,37.349
fashion,37.323
caus,37.269
twist,37.234
weren,37.128
consist,37.089
teen,37.073
roller,37.014
explor,37.000
narr,36.932
someon,36.861
brilliantli,36.690
antagonist,36.687
immedi,36.649
notch,36.623
version,36.480
wheezi,36.460
introduct,36.456
yourself,36.403
separ,36.384
market,36.366
hasn,36.359
dare,36.308
video,36.266
plu,36.248
bitter,36.234
dialogu,36.222
combin,36.183
front,36.155
trust,36.058
game,36.053
preced,35.992
claw,35.991
teari,35.986
event,35.938
regret,35.898
explain,35.869
conflict,35.852
heaven,35.846
conclud,35.766
inspir,35.759
loyal,35.629
lie,35.619
dramat,35.534
doom,35.494
term,35.489
uncertain,35.431
fulli,35.401
complex,35.259
depress,35.248
stanton,35.227
wors,35.116
build,35.088
strength,34.900
stick,34.794
concern,34.785
improv,34.755
twenti,34.654
abov,34.651
highlight,34.608
childish,34.576
seemingli,34.519
godfath,34.495
chanc,34.470
flick,34.297
scenario,34.296
innov,34.262
sort,34.248
endear,34.203
met,34.172
amus,34.048
sadli,34.036
drop,33.942
receiv,33.903
offer,33.863
space,33.776
meant,33.770
seriou,33.729
fond,33.684
clearli,33.651
depart,33.631
sorri,33.619
wind,33.586
order,33.519
ruin,33.476
iron,33.446
darkest,33.335
section,33.326
told,33.305
worst,33.282
choos,33.178
garlin,33.148
subtl,33.144
genius,33.088
bedroom,33.077
focus,32.955
match,32.851
destin,32.831
answer,32.787
afraid,32.741
beat,32.738
unwant,32.691
pace,32.637
concept,32.461
thu,32.444
check,32.428
outdon,32.387
decent,32.382
list,32.328
grab,32.314
whom,32.236
bar,32.207
compel,32.170
normal,32.147
drag,32.142
base,32.086
self,32.047
epic,32.036
montag,32.004
establish,32.003
winner,31.910
andygaudion93,31.838
issu,31.786
wise,31.777
danger,31.717
teach,31.707
against,31.660
carri,31.651
rehash,31.645
suitabl,31.616
commerci,31.602
par,31.574
graphic,31.567
contain,31.544
popular,31.507
twice,31.464
revisit,31.444
faith,31.442
landfil,31.409
suggest,31.366
drive,31.226
crew,31.191
everybodi,31.150
bang,31.145
mermaid,31.077
middl,31.036
tortur,30.992
recycl,30.965
clich,30.832
broken,30.801
son,30.765
titl,30.747
clear,30.736
effort,30.726
terrif,30.719
chest,30.711
essenti,30.646
contend,30.634
suck,30.568
round,30.547
dragon,30.546
cinemat,30.545
prais,30.428
model,30.363
ultim,30.355
handl,30.277
andrew,30.274
nightmar,30.272
content,30.256
result,30.235
higher,30.227
arguabl,30.145
master,30.139
impact,30.108
stretch,30.090
wast,30.048
finest,29.993
realiti,29.967
formula,29.960
reminisc,29.959
alik,29.938
sob,29.893
drawn,29.881
emili,29.841
terribl,29.809
okay,29.716
stun,29.716
brother,29.706
struggl,29.621
reject,29.569
colour,29.557
burn,29.549
train,29.519
spend,29.510
five,29.462
bawl,29.456
within,29.351
sky,29.318
12,29.292
rule,29.252
comfort,29.241
particularli,29.226
transit,29.207
captiv,29.113
opportun,29.071
buster,29.028
wild,28.982
blow,28.981
prequel,28.952
rais,28.947
trap,28.903
crazi,28.857
blown,28.791
smell,28.768
record,28.766
preschool,28.716
importantli,28.691
somewher,28.686
theatr,28.633
risk,28.631
june,28.546
luckili,28.517
mistaken,28.505
current,28.447
imposs,28.372
free,28.359
pleasur,28.328
jeff,28.322
dinosaur,28.266
memor,28.245
grip,28.231
comed,28.213
innoc,28.178
highest,28.176
phenomen,28.151
gotten,27.978
reveal,27.956
biggest,27.956
abil,27.931
secur,27.881
1st,27.873
mishap,27.872
existenti,27.866
16,27.840
imag,27.829
dispos,27.826
type,27.823
art,27.812
signific,27.795
throat,27.781
announc,27.766
rich,27.745
fairli,27.718
4th,27.692
apart,27.686
rid,27.666
bond,27.619
suffer,27.598
pain,27.549
background,27.513
brillianc,27.491
repeat,27.462
earn,27.445
offic,27.430
mainli,27.417
discard,27.381
avoid,27.276
shame,27.208
caught,27.199
factor,27.128
led,27.119
item,27.115
yard,27.021
terrifi,26.967
whilst,26.943
empti,26.926
miyazaki,26.898
dislik,26.885
deepli,26.853
newcom,26.834
charg,26.769
breath,26.764
rough,26.735
among,26.601
honest,26.597
nor,26.589
90,26.575
transform,26.545
price,26.515
bin,26.468
offici,26.459
digit,26.426
tie,26.412
brand,26.386
sold,26.382
blend,26.375
hyster,26.330
tend,26.329
fabul,26.279
maker,26.197
neg,26.141
lassit,26.113
skeptic,26.096
onto,26.090
solid,26.051
born,26.030
shot,26.014
ahead,25.973
option,25.948
pg,25.905
sale,25.895
strang,25.888
backstori,25.878
romanc,25.878
troubl,25.822
string,25.779
cheesi,25.682
spectacular,25.668
kristen,25.648
mum,25.623
bug,25.615
sake,25.572
sniffl,25.572
closer,25.570
legaci,25.565
till,25.547
initi,25.514
week,25.509
design,25.504
tens,25.493
closur,25.444
demo,25.440
curs,25.399
etch,25.373
flashback,25.355
draw,25.337
filmmak,25.325
straight,25.325
maintain,25.312
kindergarten,25.307
mere,25.276
frame,25.274
wit,25.252
suddenli,25.247
19,25.239
advanc,25.231
process,25.139
sheer,25.130
across,25.090
billion,25.084
cg,25.077
otherwis,25.052
groundbreak,25.020
compactor,25.018
phone,24.911
door,24.895
core,24.887
homag,24.871
strongest,24.782
yesterday,24.769
retir,24.739
approach,24.701
trick,24.686
abus,24.669
piggi,24.647
promis,24.639
tradit,24.599
graduat,24.588
instanc,24.502
constant,24.472
style,24.447
interact,24.419
chariti,24.409
invent,24.381
push,24.270
step,24.270
glass,24.239
minor,24.196
youth,24.190
aw,24.174
2nd,24.105
gem,24.077
brave,24.061
yeah,24.058
slow,24.051
central,24.028
odd,24.016
warn,24.011
dad,23.953
intellig,23.941
youngest,23.940
lotsa,23.905
fell,23.888
tyrann,23.840
agre,23.829
exceed,23.805
appar,23.794
dolli,23.791
quel,23.784
relev,23.782
common,23.713
caterpillar,23.668
sophist,23.625
invest,23.621
fli,23.595
moral,23.590
held,23.578
steal,23.567
marvel,23.553
triumph,23.536
horror,23.534
eager,23.531
unfold,23.506
awe,23.458
rip,23.455
wipe,23.435
upset,23.404
experienc,23.403
manner,23.343
smart,23.301
hollywood,23.274
admir,23.245
cheer,23.243
surviv,23.229
flat,23.228
award,23.196
overwhelm,23.177
crowd,23.153
pop,23.137
spark,23.134
constantli,23.037
bodi,23.023
resolut,23.012
trip,23.006
class,22.999
giant,22.993
ensur,22.977
massiv,22.972
accomplish,22.958
accid,22.954
hurt,22.936
reli,22.928
avatar,22.927
novelti,22.924
student,22.893
grand,22.865
icon,22.858
sunshin,22.856
bother,22.822
strike,22.819
crack,22.801
six,22.792
male,22.773
consider,22.743
comic,22.740
support,22.733
amongst,22.713
preview,22.701
likabl,22.697
shouldn,22.681
measur,22.672
fast,22.638
triceratop,22.574
resembl,22.522
outsid,22.505
priceless,22.471
besid,22.454
intent,22.441
blu,22.435
burst,22.363
slip,22.337
insist,22.334
shock,22.249
26,22.240
whose,22.208
chatter,22.187
immens,22.172
ident,22.171
limit,22.156
quick,22.147
specif,22.127
cash,22.112
himself,22.106
unless,22.079
vivid,22.056
camp,21.958
lock,21.948
duti,21.914
comparison,21.911
bright,21.906
grade,21.894
vh,21.876
weakest,21.876
root,21.853
elabor,21.848
gorgeou,21.839
250,21.807
complic,21.800
copi,21.776
thespian,21.773
modern,21.761
madagascar,21.751
perform,21.736
hey,21.720
danc,21.672
era,21.642
cover,21.601
gold,21.494
wordpress,21.478
toss,21.467
portray,21.450
gift,21.435
betray,21.426
ton,21.408
cynic,21.403
facil,21.399
gay,21.392
cheap,21.352
unexpect,21.339
notabl,21.325
sat,21.321
environ,21.313
bravo,21.270
weird,21.263
retain,21.213
wrote,21.209
tremend,21.201
clap,21.194
feet,21.188
gonna,21.164
clean,21.156
stuck,21.156
dilemma,21.152
im,21.139
nomin,21.138
pidgeon,21.136
www,21.079
freak,21.022
prefer,21.014
complaint,21.010
kick,21.009
averag,20.996
assum,20.991
subject,20.990
spirit,20.982
companion,20.982
lucki,20.912
needless,20.884
reprogram,20.882
textur,20.818
thiz,20.801
camaraderi,20.789
preciou,20.761
meanwhil,20.751
thoroughli,20.687
2009,20.630
state,20.629
bigger,20.620
regular,20.616
rang,20.604
fantasi,20.583
previous,20.579
king,20.579
pair,20.576
melt,20.560
torch,20.547
black,20.504
surprisingli,20.491
joyou,20.483
applaus,20.478
sheriff,20.474
hundr,20.455
greet,20.453
nephew,20.433
garag,20.433
etern,20.432
termin,20.397
fulfil,20.392
optimist,20.380
recogn,20.377
stage,20.360
crush,20.328
menac,20.303
weak,20.288
funnier,20.284
grant,20.265
14,20.262
hahn,20.255
ranft,20.255
refus,20.228
refresh,20.203
tribut,20.174
planet,20.164
lump,20.136
nail,20.134
artist,20.128
character,20.064
profound,20.058
virtual,20.053
deeper,20.047
load,20.016
industri,20.013
occur,19.969
golden,19.946
challeng,19.936
repres,19.870
realist,19.843
commun,19.836
expand,19.786
saddest,19.715
materi,19.688
dri,19.675
reward,19.635
goal,19.604
p,19.592
concentr,19.586
dollar,19.584
astonish,19.580
strongli,19.575
law,19.553
sincer,19.493
determin,19.484
former,19.444
annoy,19.430
flame,19.409
fade,19.378
buddi,19.367
camera,19.333
losto,19.317
wide,19.300
30,19.274
manufactur,19.225
spell,19.225
consequ,19.222
meaning,19.188
fortun,19.186
ray,19.168
potenti,19.165
rush,19.149
indiana,19.128
argu,19.100
neighbor,19.075
select,19.057
fight,19.010
project,19.006
outstand,18.867
uncertainti,18.862
bust,18.848
grasp,18.847
blew,18.847
whao,18.817
story3,18.817
buck,18.813
103,18.811
squeez,18.811
kinda,18.805
peac,18.790
desper,18.763
below,18.755
minu,18.710
proud,18.683
secret,18.670
succeed,18.642
tender,18.640
induc,18.593
surround,18.592
cloth,18.588
scream,18.587
destruct,18.578
tackl,18.575
youngster,18.565
war,18.556
cameo,18.525
weekend,18.475
tearjerk,18.455
furthermor,18.447
territori,18.440
pile,18.440
stupid,18.439
floor,18.419
tabl,18.374
mood,18.363
manipul,18.362
exact,18.346
pizza,18.336
downright,18.325
buttercup,18.306
control,18.289
frankli,18.267
regardless,18.240
reliabl,18.233
astound,18.216
fart,18.207
greatli,18.205
extraordinari,18.186
increasingli,18.120
premis,18.114
maher,18.113
imprison,18.104
loos,18.079
dozen,18.077
regard,17.961
yearn,17.940
book,17.931
parodi,17.920
await,17.914
creation,17.908
hide,17.907
confid,17.880
land,17.858
episod,17.846
playroom,17.845
western,17.785
traumat,17.780
attend,17.766
toilet,17.748
kindli,17.737
alongsid,17.726
mission,17.718
academi,17.711
american,17.705
nevertheless,17.700
seven,17.692
circumst,17.682
repris,17.677
embark,17.677
silli,17.597
bare,17.591
daughter,17.583
mortal,17.549
99,17.515
gasp,17.515
men,17.500
slight,17.491
tini,17.452
evok,17.431
stereotyp,17.421
doubl,17.408
sight,17.404
distract,17.398
occas,17.393
desir,17.373
reunit,17.371
demograph,17.358
romant,17.349
luck,17.344
field,17.321
birthday,17.312
boot,17.304
numer,17.293
struck,17.267
shine,17.245
perspect,17.226
telephon,17.202
bid,17.193
claim,17.186
kudo,17.186
dimens,17.150
wherea,17.150
vibrant,17.139
serv,17.138
greater,17.104
ground,17.085
instant,17.047
period,17.043
passag,17.007
courag,16.983
famou,16.965
al,16.953
sell,16.924
threat,16.901
sole,16.901
display,16.888
henchmen,16.873
pre,16.868
built,16.852
ach,16.848
respons,16.830
mid,16.792
sum,16.789
slapstick,16.785
compet,16.779
lover,16.776
walt,16.774
fairi,16.768
ownership,16.761
thousand,16.755
non,16.752
glanc,16.704
unpreced,16.703
horribl,16.696
individu,16.648
cut,16.643
requir,16.632
bound,16.624
n,16.591
jeez,16.576
bed,16.554
contempl,16.554
streak,16.537
reaction,16.513
cliffhang,16.493
weight,16.493
cloud,16.465
ensu,16.448
lightn,16.443
vast,16.442
justic,16.427
ventur,16.415
metaphor,16.403
bank,16.399
debut,16.384
screenwrit,16.366
test,16.341
incept,16.324
object,16.321
comment,16.308
profit,16.294
convent,16.282
partner,16.265
taught,16.262
overcom,16.254
ball,16.239
awar,16.238
degre,16.199
altogeth,16.184
cruel,16.163
lend,16.157
evid,16.129
row,16.126
http,16.108
rival,16.104
pose,16.102
encount,16.099
wallop,16.082
tire,16.080
recal,16.065
crisi,16.049
ideal,16.034
threequel,16.021
breathtak,16.013
blockbust,15.998
rumor,15.995
seek,15.983
cross,15.966
ham,15.966
standout,15.942
senior,15.930
street,15.875
melancholi,15.873
precis,15.871
relief,15.857
hunt,15.853
cap,15.822
shi,15.803
simultan,15.789
sketch,15.789
million,15.789
sadden,15.783
practic,15.780
system,15.775
peak,15.751
guard,15.743
inclus,15.740
pitch,15.733
victim,15.675
latter,15.650
ingeni,15.649
subtext,15.613
categori,15.601
fist,15.570
board,15.569
toaster,15.566
competit,15.547
passion,15.545
stress,15.535
characterist,15.530
lazi,15.525
sappi,15.507
spaceman,15.500
vend,15.500
1990,15.486
array,15.444
wont,15.432
endlessli,15.415
variou,15.385
discuss,15.369
henc,15.326
arc,15.307
sourc,15.302
bold,15.294
disturb,15.284
listen,15.282
unbeliev,15.278
anybodi,15.278
player,15.271
brief,15.271
timeless,15.262
rotten,15.249
render,15.243
forgot,15.228
unnecessari,15.222
slowli,15.215
lol,15.200
hidden,15.181
circl,15.170
patho,15.165
ignor,15.162
crisp,15.143
spin,15.130
worldwid,15.122
gimmicki,15.115
shut,15.098
proper,15.096
candi,15.072
tv,15.069
medium,15.040
treasur,15.036
sunnydal,15.016
showbiz,15.000
plain,14.997
sneak,14.989
girlfriend,14.982
devot,14.977
despic,14.965
low,14.937
facial,14.932
plush,14.906
atmospher,14.905
angri,14.892
plight,14.874
size,14.868
ariel,14.861
capabl,14.841
jerker,14.839
prospector,14.830
websit,14.824
adolesc,14.801
cucumb,14.774
enforc,14.768
elev,14.706
briefli,14.705
crap,14.686
morn,14.680
childlik,14.667
button,14.665
tragedi,14.662
tangl,14.631
benefit,14.622
hurrah,14.613
nonetheless,14.562
somebodi,14.555
inher,14.550
wallpap,14.537
ship,14.536
structur,14.527
green,14.523
seamlessli,14.509
shortli,14.506
engross,14.494
machina,14.491
reald,14.488
luckey,14.488
stereoscop,14.488
ostens,14.449
fair,14.442
hilar,14.440
dynam,14.435
yr,14.424
contrast,14.405
cultur,14.333
distinct,14.326
wizard,14.314
trend,14.299
resid,14.286
tape,14.286
gap,14.255
newton,14.250
2003,14.216
unforgett,14.159
tomato,14.153
lifetim,14.147
satisfactori,14.146
gotta,14.145
neat,14.118
ts,14.084
sprinkl,14.082
heavi,14.079
00,14.075
ol,14.068
worthwhil,14.064
remov,14.063
stake,14.044
spent,14.035
news,14.025
enchant,14.010
dear,13.983
per,13.964
happili,13.950
convers,13.946
mixtur,13.936
tot,13.921
r,13.895
deu,13.894
ermey,13.874
dictat,13.870
subtitl,13.859
bottom,13.834
2008,13.833
shape,13.832
qual,13.822
daddi,13.799
shelf,13.793
endur,13.785
impend,13.768
accustom,13.762
cinematographi,13.761
wherev,13.756
resolv,13.748
overli,13.743
water,13.722
length,13.716
public,13.716
portion,13.716
testament,13.704
bought,13.686
95,13.685
referenc,13.685
shred,13.679
em,13.667
pleasant,13.662
recur,13.662
ingenu,13.662
applaud,13.657
embarrass,13.657
jone,13.647
surfac,13.646
destini,13.645
occasion,13.644
deni,13.618
fallen,13.590
toystori,13.585
wanna,13.524
gloriou,13.524
exclud,13.516
cleverli,13.508
blaze,13.505
revolutionari,13.478
destroy,13.472
feat,13.436
duplic,13.426
hesit,13.425
hang,13.415
bounc,13.410
roughli,13.405
metrosexu,13.384
limerick,13.384
rent,13.383
machin,13.367
humbl,13.344
2000,13.337
vocal,13.319
attitud,13.317
motiv,13.312
punch,13.309
lion,13.280
lenni,13.266
task,13.255
embrac,13.252
english,13.241
invit,13.230
robot,13.222
stronger,13.219
wrench,13.217
statu,13.214
albeit,13.213
potatohead,13.210
nearbi,13.209
thumb,13.199
untouch,13.190
sign,13.168
arm,13.167
press,13.152
household,13.144
22,13.144
brick,13.139
awkward,13.138
key,13.129
fellow,13.123
settl,13.113
nitpick,13.094
subplot,13.089
someday,13.085
belt,13.068
complain,13.064
assur,13.043
anytim,13.041
despair,13.023
frantic,12.998
utterli,12.984
verg,12.964
sweep,12.926
v,12.924
slide,12.923
wave,12.921
woddi,12.919
liner,12.917
driven,12.916
profoundli,12.910
count,12.898
mold,12.866
opposit,12.857
sleep,12.854
career,12.845
queue,12.838
edit,12.821
finger,12.809
advantag,12.795
anxieti,12.795
switch,12.794
enthral,12.787
prospect,12.783
avail,12.780
scale,12.758
superior,12.750
subsequ,12.747
mastermind,12.737
appli,12.737
intrigu,12.713
immers,12.710
ratzenburg,12.682
frozen,12.681
000,12.681
utopia,12.666
instantli,12.664
scariest,12.641
smoothli,12.637
fluffi,12.616
warmth,12.616
mileston,12.609
argument,12.608
therefor,12.607
qualifi,12.605
flesh,12.604
superl,12.594
endless,12.557
prior,12.554
father,12.554
summari,12.547
judg,12.537
asham,12.511
cheek,12.504
chase,12.492
directli,12.489
sympathet,12.466
cousin,12.464
frequent,12.458
200,12.457
luke,12.438
tension,12.436
anywher,12.436
flash,12.428
junk,12.424
tight,12.414
realism,12.403
integr,12.367
dull,12.360
thin,12.356
effortlessli,12.328
2017,12.314
redeem,12.296
consecut,12.293
countless,12.289
imaginari,12.279
betti,12.273
50,12.263
air,12.254
loft,12.228
sub,12.222
educ,12.217
hardli,12.214
patriarch,12.214
divulg,12.176
vs,12.170
ourselv,12.132
infant,12.129
suit,12.121
cope,12.102
jailbreak,12.083
obstacl,12.082
enhanc,12.066
imageri,12.054
report,12.054
gripe,12.052
minion,12.048
preserv,12.035
dictatorship,12.030
output,12.030
accord,12.024
favor,12.000
defin,11.995
brain,11.991
themat,11.957
hook,11.955
sharp,11.952
ex,11.946
sacrific,11.930
internet,11.929
whenev,11.901
acclaim,11.892
smash,11.852
depict,11.817
authent,11.803
42,11.801
presum,11.785
pit,11.780
forefront,11.778
possess,11.767
veteran,11.767
proceed,11.761
mediocr,11.751
hellish,11.749
search,11.733
valuabl,11.729
immort,11.725
expertli,11.713
resort,11.703
red,11.701
justifi,11.694
iii,11.689
understood,11.673
reluct,11.671
halfway,11.634
energi,11.614
wari,11.613
lag,11.613
incorpor,11.598
depend,11.587
coincid,11.587
rubbish,11.580
landslid,11.578
trait,11.560
dismay,11.552
closest,11.551
carl,11.549
unravel,11.543
pump,11.538
reassur,11.506
spider,11.497
mass,11.491
yadda,11.488
misfit,11.487
enact,11.487
apprehens,11.487
resourc,11.470
segment,11.465
hatch,11.462
via,11.449
format,11.442
mount,11.405
rat,11.401
page,11.399
redempt,11.399
renew,11.394
mine,11.390
defi,11.389
exquisit,11.385
wardrob,11.364
construct,11.361
premier,11.359
hole,11.339
prop,11.339
dust,11.335
window,11.325
resign,11.323
detract,11.319
superfici,11.301
40,11.299
blast,11.295
languag,11.294
soundtrack,11.280
profession,11.277
prime,11.253
protagonist,11.253
bookworm,11.250
cold,11.249
layer,11.249
blue,11.248
collabor,11.238
knowledg,11.231
jaw,11.231
phrase,11.226
revers,11.217
untam,11.214
ladi,11.213
physic,11.208
stitch,11.205
function,11.200
bumbl,11.194
kiddi,11.194
underli,11.193
allus,11.189
shall,11.185
laid,11.183
fascin,11.162
movement,11.162
happier,11.151
dialog,11.149
pander,11.141
quirk,11.130
varieti,11.123
channel,11.114
china,11.110
busi,11.099
pressur,11.091
shadow,11.084
slink,11.081
compliment,11.079
infatu,11.074
80,11.074
paint,11.055
chunk,11.039
bill,11.036
exce,11.034
disbelief,11.030
rariti,11.029
shoe,11.028
repetit,11.009
stale,11.005
loom,10.995
wondrou,10.995
consign,10.989
descript,10.957
popcorn,10.940
basi,10.935
ghibli,10.934
entr,10.931
touchingli,10.931
wonderland,10.911
bob,10.909
mess,10.894
poor,10.893
collector,10.893
dire,10.893
expens,10.870
nightmarish,10.870
shockingli,10.861
gain,10.849
ebay,10.848
bliss,10.843
kill,10.835
junkyard,10.822
nod,10.818
urg,10.814
rude,10.804
encourag,10.798
curtain,10.796
2011,10.791
artwork,10.779
road,10.777
ice,10.776
flow,10.765
downsid,10.762
advic,10.740
address,10.734
tragic,10.722
enrich,10.712
sibl,10.704
weep,10.704
appl,10.700
nuanc,10.682
christma,10.679
heck,10.675
er,10.671
reluctantli,10.667
onlin,10.667
season,10.659
north,10.657
disconnect,10.656
bet,10.647
departur,10.644
puls,10.632
provok,10.620
sieri,10.613
andyyyy,10.613
idfilm,10.613
bullsy,10.613
beyblad,10.613
chartist,10.613
rave,10.608
foe,10.605
transcend,10.603
overr,10.597
bull,10.589
handkerchief,10.585
enemi,10.571
supposedli,10.563
fret,10.563
substitut,10.559
triumphant,10.552
jail,10.549
opu,10.548
chill,10.538
theatric,10.532
stone,10.526
inappropri,10.522
eight,10.522
nd,10.521
au,10.521
28,10.511
75,10.497
mislead,10.486
quot,10.484
accessori,10.480
anxiou,10.472
btw,10.465
clariti,10.461
pinnacl,10.458
gradual,10.456
healthi,10.443
pint,10.441
split,10.438
dread,10.435
oppos,10.418
outfit,10.409
secretli,10.409
12th,10.403
stood,10.391
angl,10.386
iffi,10.384
miracul,10.378
inanim,10.365
growth,10.365
crave,10.351
stagger,10.345
candid,10.322
panic,10.322
sensit,10.322
afterward,10.315
emerg,10.309
specul,10.309
societi,10.308
necessarili,10.304
reput,10.283
elit,10.280
grin,10.277
likelihood,10.277
puzzl,10.272
expos,10.269
b,10.266
studi,10.262
race,10.250
philosophi,10.247
accompani,10.235
holocaust,10.225
metal,10.225
undoubtedli,10.221
92,10.194
raw,10.171
pan,10.167
excus,10.166
bla,10.162
disagre,10.155
2001,10.153
exploit,10.152
darn,10.148
behavior,10.147
devic,10.141
chucki,10.131
hat,10.103
knock,10.103
latino,10.100
signal,10.096
newli,10.090
solidar,10.086
sarcast,10.081
violent,10.063
fool,10.058
forth,10.057
storag,10.056
counterpart,10.047
touchston,10.042
gimmick,10.039
octopu,10.028
cant,10.019
cost,10.017
20overal,10.011
dz,10.011
weezi,10.011
ts4,10.011
disch,10.011
conchord,10.011
chosen,9.992
overlook,9.957
commentari,9.945
unusu,9.944
strain,9.939
kleenex,9.932
inform,9.926
reign,9.924
excess,9.913
host,9.908
demonstr,9.906
sentenc,9.900
heighten,9.888
unpleas,9.880
slightest,9.873
misadventur,9.868
diminish,9.860
hadn,9.849
automat,9.845
forgett,9.838
sadder,9.831
et,9.815
milk,9.803
tap,9.801
inferno,9.795
seal,9.789
drain,9.789
mate,9.782
thriller,9.768
threw,9.760
identifi,9.757
default,9.748
arrang,9.744
flawlessli,9.741
statement,9.737
demis,9.737
spring,9.732
boast,9.727
observ,9.726
collag,9.726
revel,9.724
satisfact,9.714
strive,9.709
tag,9.709
conquer,9.695
factori,9.686
suffic,9.684
panda,9.682
infinit,9.679
woman,9.677
fittingli,9.671
magnific,9.666
story1,9.658
unadjust,9.658
tottoro,9.658
hoarder,9.658
063,9.658
childcar,9.658
sorrow,9.657
insert,9.646
boyfriend,9.646
elsewher,9.635
vision,9.634
bambi,9.628
tonight,9.628
sexual,9.627
travel,9.614
boyhood,9.577
newbi,9.567
moreov,9.562
enthusiast,9.560
sticki,9.557
dose,9.553
heartbroken,9.547
creepiest,9.547
declar,9.547
contribut,9.540
extend,9.520
overrid,9.509
emphasi,9.496
climact,9.487
decept,9.487
intim,9.481
paus,9.481
harm,9.479
repeatedli,9.475
culmin,9.453
gentl,9.442
san,9.438
plagu,9.428
niec,9.426
wisdom,9.420
bourn,9.416
primari,9.410
scratch,9.410
cusak,9.409
rickel,9.409
story2,9.409
fur,9.408
wist,9.408
maneuv,9.408
shriek,9.408
compos,9.408
overdon,9.407
empathi,9.403
clutter,9.399
mpaa,9.391
bundl,9.391
harrow,9.384
beep,9.382
slap,9.380
tarnish,9.374
feedback,9.374
suppli,9.350
facebook,9.348
ala,9.337
fanci,9.335
evolut,9.333
grate,9.331
util,9.331
alright,9.327
recap,9.323
parti,9.314
condit,9.297
purchas,9.295
poss,9.291
promin,9.278
fisher,9.271
furri,9.267
spread,9.259
fault,9.255
logic,9.248
vcr,9.243
poker,9.243
shelv,9.235
vote,9.233
huggi,9.215
commend,9.201
label,9.189
offens,9.174
polish,9.174
simplist,9.172
intrins,9.168
ordinari,9.161
butterfli,9.153
yo,9.153
gratifi,9.153
rel,9.153
warden,9.152
miracl,9.149
ecstat,9.139
gloom,9.139
attract,9.129
southern,9.118
jolli,9.118
banish,9.118
lofti,9.111
park,9.103
ploy,9.097
actress,9.091
splendid,9.090
haha,9.083
grandma,9.076
handi,9.076
c,9.067
chemistri,9.065
splendidli,9.062
45,9.060
advertis,9.060
outloud,9.056
lederhosen,9.056
rose,9.052
firstli,9.043
prototyp,9.042
miser,9.039
shop,9.035
shameless,9.022
iv,9.018
ponder,9.005
eas,9.004
torn,9.001
veget,8.997
resound,8.997
silver,8.992
grim,8.975
earth,8.973
neither,8.968
dub,8.953
selfish,8.948
wizardri,8.946
wisecrack,8.940
toybox,8.923
flamenco,8.923
bite,8.901
undeni,8.899
nonstop,8.880
shakespearean,8.874
refrain,8.874
pound,8.859
tripl,8.857
freedom,8.855
beg,8.852
compass,8.848
teaser,8.845
gather,8.836
vigor,8.834
super,8.827
mistreat,8.823
grave,8.818
logo,8.811
scuff,8.807
sir,8.797
fiction,8.789
obsess,8.789
32,8.784
swear,8.779
sync,8.773
mechan,8.767
wholesom,8.762
expert,8.751
armi,8.747
multi,8.739
globe,8.734
rainbow,8.715
incid,8.699
underus,8.694
selv,8.694
shawshank,8.691
ran,8.690
thou,8.679
presenc,8.676
faultless,8.674
tide,8.669
lift,8.651
proof,8.647
plane,8.643
exuber,8.640
dazzl,8.631
lane,8.625
lament,8.625
rocki,8.619
dot,8.615
dusti,8.615
curiou,8.615
taiwanes,8.613
cruella,8.613
merchandis,8.606
fieri,8.606
hors,8.604
notion,8.602
bleak,8.592
blog,8.592
competitor,8.578
engin,8.576
evolv,8.572
skip,8.569
misplac,8.568
locat,8.566
scheme,8.561
outshin,8.559
distanc,8.547
caper,8.545
rambo,8.545
ruler,8.541
budget,8.533
chitti,8.530
revoir,8.530
superbowl,8.530
outro,8.530
van,8.522
lightheart,8.518
stabl,8.510
merit,8.501
bread,8.501
cream,8.483
applic,8.479
upbeat,8.470
wink,8.470
goer,8.470
jame,8.461
post,8.459
band,8.458
larger,8.431
potter,8.426
delay,8.424
extravag,8.424
burnt,8.420
buff,8.414
borderlin,8.404
stare,8.397
recept,8.395
uh,8.387
wounder,8.385
rc,8.385
stealer,8.383
social,8.381
clutch,8.375
ear,8.375
stupend,8.367
youtub,8.367
paper,8.355
link,8.355
cane,8.352
dedic,8.350
recollect,8.348
deliber,8.333
prevent,8.330
somber,8.325
outmod,8.320
crier,8.320
porcupin,8.320
romp,8.317
invok,8.309
superbl,8.299
nowaday,8.295
stack,8.287
giggl,8.279
mirror,8.273
heavili,8.268
nutshel,8.265
newest,8.261
canon,8.261
moreau,8.261
huggabl,8.261
pathet,8.255
tricki,8.254
hallmark,8.247
gentlemen,8.239
intact,8.236
predica,8.236
absorb,8.225
storm,8.216
dement,8.214
dish,8.214
hex,8.204
obsolesc,8.204
dropper,8.204
toll,8.200
forebod,8.193
site,8.170
regist,8.169
unabl,8.169
abound,8.159
ridicul,8.158
openli,8.153
trashcan,8.152
manic,8.139
newer,8.139
abruptli,8.139
id,8.136
flourish,8.136
theori,8.125
outdo,8.123
succe,8.117
171,8.102
facepalm,8.102
manageri,8.102
mental,8.097
everyday,8.091
salut,8.090
opt,8.081
penni,8.078
inner,8.071
speed,8.064
vain,8.059
sympathi,8.057
brainwash,8.052
deceiv,8.052
cram,8.043
parallel,8.033
lighter,8.019
chip,8.016
revolv,8.015
intro,8.013
jade,8.013
haw,8.011
overcompens,8.011
extent,8.007
dori,8.004
relish,8.004
america,7.987
advers,7.986
weaker,7.980
bud,7.977
white,7.976
paid,7.971
eagerli,7.965
pervers,7.965
skill,7.964
slam,7.954
idiot,7.943
context,7.931
payoff,7.928
diaper,7.928
renown,7.925
elder,7.922
sigh,7.914
assumpt,7.911
redund,7.908
acquaint,7.883
dimension,7.877
pant,7.859
banter,7.856
coralin,7.852
hygien,7.852
significantli,7.843
slave,7.838
longest,7.822
rise,7.819
batman,7.818
envelop,7.814
correct,7.813
unsur,7.812
ward,7.799
ridden,7.796
sheep,7.789
hardest,7.789
21,7.789
fabric,7.779
bonu,7.776
dumb,7.770
rous,7.759
quest,7.754
resent,7.754
paragraph,7.751
outgrow,7.750
bart,7.750
kite,7.750
island,7.746
unorigin,7.746
belief,7.738
facet,7.724
cement,7.722
disgust,7.720
tyke,7.718
unentertain,7.718
metascor,7.718
synchronis,7.718
dash,7.717
entitl,7.717
philosoph,7.710
vein,7.703
account,7.698
trauma,7.696
gurgl,7.688
explan,7.687
hayao,7.679
23,7.672
squar,7.668
baddi,7.668
ass,7.666
weav,7.664
antic,7.663
quiet,7.662
substanti,7.661
sarg,7.658
flagship,7.658
ceas,7.654
gloomi,7.651
masteri,7.638
legitim,7.636
outlook,7.633
friday,7.633
maximum,7.633
rambuncti,7.630
momentum,7.629
snake,7.620
sing,7.619
spiderman,7.609
2013,7.604
honor,7.597
domin,7.594
amidst,7.587
y,7.585
stream,7.585
stat,7.576
unit,7.575
midnight,7.574
astronaut,7.567
thrust,7.563
bastard,7.563
blogspot,7.559
upcom,7.546
command,7.546
enthusiasm,7.540
area,7.530
eleventh,7.525
bump,7.521
heap,7.519
styliz,7.513
grandeur,7.505
lark,7.500
callback,7.500
thunderstorm,7.500
ya,7.496
crop,7.490
effici,7.468
glow,7.466
battl,7.455
aforement,7.455
chuck,7.455
unruli,7.453
cliff,7.447
audio,7.447
aris,7.447
characteris,7.439
ugli,7.437
unhappi,7.433
counter,7.433
chimp,7.431
foreseen,7.431
conveyor,7.431
folksi,7.431
descent,7.418
grace,7.418
poetri,7.403
merci,7.403
sidekick,7.393
terror,7.393
omin,7.389
equival,7.389
valid,7.382
inferior,7.374
2007,7.367
swept,7.362
suffici,7.351
foundat,7.351
implic,7.349
wear,7.344
exhibit,7.343
pen,7.318
x,7.317
creep,7.317
dun,7.306
riotou,7.306
specter,7.306
yearli,7.306
sunday,7.299
rock,7.294
congratul,7.289
undecid,7.287
belat,7.287
wreck,7.271
boil,7.270
photo,7.265
irrelev,7.261
pleasantli,7.261
despis,7.228
elli,7.226
pun,7.223
spoke,7.220
whet,7.215
blip,7.215
pea,7.215
flight,7.210
tongu,7.202
proport,7.200
consciou,7.192
dawn,7.186
speechless,7.186
adequ,7.182
yike,7.181
shell,7.178
climb,7.174
violenc,7.173
staff,7.167
skimp,7.164
nobodi,7.161
jungl,7.154
flee,7.151
gauntlet,7.148
ingredi,7.145
knight,7.142
behold,7.142
confus,7.135
comfi,7.132
coldest,7.132
fanat,7.122
nervou,7.120
voluntari,7.116
thread,7.116
inconsist,7.114
novel,7.109
phantom,7.108
bulli,7.103
triumphantli,7.101
tad,7.098
befriend,7.098
keen,7.096
shade,7.092
conscious,7.087
rove,7.086
analysi,7.083
strip,7.081
network,7.078
supernatur,7.072
picasso,7.056
joyless,7.056
dealt,7.046
pale,7.043
sweetli,7.042
neck,7.040
wealth,7.036
hassl,7.028
mindlessli,7.028
moist,7.028
nose,7.028
deriv,7.026
playmat,7.014
911,7.014
secondli,7.011
whoever,7.007
oven,7.000
squeak,7.000
verbal,6.997
devil,6.996
analyz,6.996
relentless,6.990
verdict,6.986
presumpt,6.974
dole,6.974
59,6.961
orphanag,6.961
doubli,6.961
explos,6.960
asian,6.959
perceiv,6.952
psych,6.937
thug,6.936
hypothet,6.935
carelessli,6.935
downgrad,6.935
hopeless,6.927
revolut,6.927
dead,6.923
metacrit,6.923
junctur,6.923
harder,6.910
beneath,6.904
paso,6.898
repay,6.898
monument,6.897
oz,6.896
commit,6.890
sympath,6.889
warmli,6.886
afterword,6.886
mysteri,6.886
principl,6.881
divers,6.878
oppress,6.865
smaller,6.863
subsid,6.863
suspect,6.856
syrupi,6.851
unus,6.851
plausibl,6.848
transplant,6.840
influenc,6.836
chain,6.830
weepi,6.829
unashamedli,6.829
tediou,6.819
unlov,6.817
predic,6.817
spare,6.808
emphas,6.807
reintroduc,6.807
fickl,6.807
disast,6.806
symbol,6.802
eccentr,6.797
unriv,6.796
sublim,6.795
teamwork,6.785
girli,6.764
twelv,6.756
soft,6.753
portugues,6.744
duct,6.744
binocular,6.744
91,6.734
alert,6.731
leagu,6.727
fat,6.721
smooth,6.714
rejuven,6.714
delicaci,6.714
outrag,6.709
beatric,6.704
threshold,6.704
whimper,6.704
acknowledg,6.701
insan,6.695
jar,6.695
bell,6.688
waterfal,6.685
scar,6.678
recreat,6.677
proxim,6.676
engrav,6.676
track,6.675
sun,6.673
fish,6.672
properli,6.671
51,6.666
indefinit,6.666
divid,6.665
overjoy,6.657
ink,6.648
remembr,6.648
uplift,6.642
boomer,6.639
borrow,6.637
reconnect,6.630
geez,6.630
adorn,6.630
hearken,6.630
fluke,6.630
directori,6.629
confess,6.628
promot,6.627
zero,6.625
didact,6.613
prize,6.605
rend,6.604
unicorn,6.604
subtleti,6.604
assign,6.599
reveng,6.598
unwav,6.587
customari,6.587
panther,6.587
sandler,6.579
inhabit,6.578
undesir,6.570
laptop,6.570
fawn,6.570
impecc,6.565
overhear,6.562
hd,6.554
fix,6.551
innocu,6.546
slump,6.538
cozi,6.530
auditorium,6.514
nazi,6.514
soldier,6.513
centuri,6.512
percept,6.512
indic,6.507
chair,6.505
embodi,6.503
cloy,6.484
certifi,6.484
persona,6.483
corner,6.477
jeopardi,6.469
contriv,6.461
unpredict,6.460
rite,6.454
generos,6.454
height,6.448
hunk,6.447
weighti,6.447
idiosyncrasi,6.447
beast,6.446
thirti,6.438
gleam,6.433
cavalri,6.433
upstair,6.426
thee,6.426
shenanigan,6.419
lay,6.419
whatnot,6.412
sizzl,6.398
matrix,6.394
contemporari,6.388
demon,6.381
unsurprisingli,6.378
25,6.376
dart,6.365
voiceov,6.358
santa,6.358
fame,6.358
gun,6.354
scope,6.351
shake,6.345
ramp,6.339
cylind,6.339
mainstream,6.339
comeupp,6.333
glitch,6.333
52,6.333
sport,6.328
48,6.327
rake,6.320
exclaim,6.320
vehicl,6.315
freakin,6.314
introductori,6.314
rusti,6.314
exam,6.314
standalon,6.314
tune,6.314
enorm,6.312
pretenti,6.308
sag,6.308
chose,6.303
elementari,6.302
sadist,6.302
guilti,6.300
whisk,6.278
fondli,6.278
shabbi,6.278
forgiv,6.275
trunk,6.272
cutesi,6.266
frivol,6.261
shift,6.260
stall,6.255
anxious,6.232
soooo,6.232
mister,6.226
55,6.226
recess,6.226
illustri,6.226
escapad,6.226
stellar,6.223
empathet,6.221
masterstrok,6.221
rosi,6.215
shallow,6.213
repercuss,6.210
davi,6.209
bloom,6.205
valentin,6.199
everywher,6.196
sorta,6.194
hierarchi,6.194
sneaki,6.194
hone,6.188
unrealist,6.187
cuz,6.183
log,6.178
immun,6.172
worker,6.171
94,6.167
grandpa,6.167
outdid,6.162
thirdli,6.162
crash,6.161
hybrid,6.147
troup,6.147
sidelin,6.147
fav,6.142
uniti,6.142
slot,6.142
patrol,6.137
altern,6.135
playground,6.132
unfunni,6.132
unbreak,6.132
overthrow,6.127
condescend,6.122
solv,6.121
flinch,6.117
disneyland,6.117
65,6.107
karat,6.107
scrambl,6.107
pirat,6.103
rein,6.102
saccharin,6.097
rejoic,6.093
thereof,6.093
oper,6.089
stride,6.088
tickl,6.088
uncondit,6.088
failur,6.083
85,6.083
undercurr,6.083
yea,6.078
shamelessli,6.078
threaten,6.066
substanc,6.065
stroll,6.060
permiss,6.060
13,6.059
chao,6.058
unbeat,6.055
snippet,6.055
glossi,6.051
tilt,6.037
conniv,6.033
hoot,6.033
forese,6.024
downer,6.019
zani,6.019
steve,6.017
innuendo,6.015
dispens,6.011
utilis,6.011
reconsid,6.011
unheard,6.006
verit,6.006
everlast,6.002
grandpar,5.989
pantheon,5.985
unsurpass,5.985
releg,5.985
breakout,5.985
dud,5.981
ed,5.981
muster,5.964
proverbi,5.964
nurtur,5.960
escapist,5.960
baggag,5.952
river,5.949
fixat,5.944
utter,5.941
henchman,5.940
appetit,5.936
slew,5.936
oblivion,5.936
strikingli,5.924
flirt,5.924
vaniti,5.920
frankenstein,5.920
refreshingli,5.916
wife,5.910
distast,5.904
brighter,5.904
therein,5.904
celebr,5.901
organ,5.898
smartli,5.897
restless,5.897
hair,5.896
feather,5.893
booth,5.893
panach,5.893
download,5.889
canada,5.889
unsuspect,5.889
nowher,5.888
recaptur,5.885
wiser,5.874
clan,5.874
lincoln,5.871
veil,5.867
heavenli,5.867
tout,5.863
sacr,5.856
passabl,5.852
vignett,5.852
unimport,5.852
defect,5.849
jumbl,5.845
carefre,5.845
nag,5.845
latin,5.841
tho,5.841
landscap,5.841
unrecogniz,5.834
ditch,5.834
frighteningli,5.827
assort,5.824
brow,5.817
disappear,5.816
sampl,5.813
oldest,5.813
schindler,5.812
ounc,5.810
overwhelmingli,5.810
debbi,5.806
fewer,5.806
blossom,5.800
recip,5.796
sleev,5.789
limp,5.776
proudli,5.776
desert,5.774
demand,5.770
overplay,5.769
west,5.769
fox,5.767
gravita,5.763
galleri,5.763
hinder,5.760
branch,5.760
jedi,5.758
weapon,5.757
reunion,5.756
unknown,5.756
refug,5.753
18th,5.753
picki,5.750
august,5.747
famous,5.747
tyranni,5.747
poignanc,5.744
ovat,5.744
strap,5.744
shadowi,5.740
rot,5.740
belli,5.737
timer,5.731
fake,5.726
veer,5.725
z,5.725
glove,5.725
compound,5.718
fuzzi,5.709
pod,5.709
slang,5.703
disrupt,5.700
flare,5.700
bafta,5.697
legendari,5.695
defiantli,5.694
headach,5.694
rage,5.694
earliest,5.691
hokey,5.688
anyhow,5.688
delusion,5.685
rampag,5.685
exemplari,5.682
puriti,5.682
squirm,5.679
interplay,5.679
overtli,5.664
amid,5.664
insight,5.664
feminin,5.661
consumer,5.658
th,5.656
deftli,5.653
tread,5.653
extravaganza,5.650
ing,5.650
erupt,5.647
disput,5.641
adher,5.633
laps,5.633
legion,5.627
tin,5.624
outset,5.624
underdevelop,5.624
willing,5.616
effortless,5.616
psycho,5.613
imper,5.608
grumpi,5.608
reckless,5.602
vintag,5.600
detest,5.594
octob,5.594
prioriti,5.594
voyag,5.589
retel,5.589
speech,5.588
caution,5.584
outlandish,5.573
distribut,5.568
mouth,5.559
devis,5.555
placement,5.547
implement,5.547
violat,5.547
unnatur,5.545
remaind,5.545
dubiou,5.545
cling,5.540
denouement,5.540
randomli,5.537
fullest,5.537
successor,5.537
brim,5.537
lighten,5.532
schedul,5.532
bewar,5.522
mourn,5.517
comrad,5.515
airplan,5.512
indel,5.510
cow,5.510
visit,5.509
dual,5.507
mega,5.505
brink,5.500
sway,5.498
exil,5.498
adversari,5.486
wacki,5.483
occurr,5.481
versa,5.481
negoti,5.481
multipl,5.477
merg,5.476
govern,5.476
sarcasm,5.474
usag,5.474
whimsic,5.474
agoni,5.472
omit,5.472
extraordinarili,5.462
travesti,5.462
chicken,5.460
jam,5.460
dissect,5.460
candl,5.458
seed,5.458
u,5.454
remak,5.454
stem,5.453
illumin,5.451
stanc,5.451
richard,5.450
session,5.444
sour,5.442
dodg,5.442
stapl,5.440
author,5.430
conceal,5.426
percent,5.424
sparkl,5.422
lush,5.422
filmographi,5.420
farc,5.417
mobil,5.417
denial,5.415
unparallel,5.411
scatter,5.411
brush,5.411
powerhous,5.400
lobbi,5.398
refin,5.398
ceremoni,5.398
preval,5.387
convey,5.385
freed,5.385
iq,5.379
citi,5.378
closet,5.375
unnerv,5.375
boost,5.372
benchmark,5.372
optim,5.368
steven,5.367
reliv,5.366
f,5.364
rag,5.362
comeback,5.362
phase,5.362
blunt,5.360
skull,5.360
infus,5.358
juvenil,5.358
goof,5.356
whine,5.354
downhil,5.352
uncanni,5.350
disord,5.346
rapidli,5.344
reform,5.344
deceas,5.342
loop,5.340
forgiven,5.340
uneven,5.336
personifi,5.334
regularli,5.334
joe,5.328
asset,5.328
heartless,5.326
salvat,5.324
bloat,5.318
soar,5.318
1996,5.314
unexpectedli,5.314
tower,5.312
escatholog,5.306
unkrinch,5.306
closeti,5.306
anitmat,5.306
chuckili,5.306
googley,5.306
kiden,5.306
manso,5.306
storymyself,5.306
insipir,5.306
moiveolog,5.306
2138123413713471035,5.306
wheezey,5.306
predacesor,5.306
cgimi,5.306
softbaer,5.306
soulsso,5.306
starsin,5.306
1pih0k7dsem,5.306
funfil,5.306
echidna,5.306
kem,5.306
daycentr,5.306
baloo,5.306
stadiou,5.306
ranchman,5.306
waitesian,5.306
approri,5.306
claaaaw,5.306
claaaaaaaw,5.306
lotzo,5.306
beholdeverybodi,5.306
nietzscheism,5.306
heartli,5.306
coyboy,5.306
smitther,5.306
3script,5.306
toysystem,5.306
disneyz,5.306
dreamworrk,5.306
toylet,5.306
20act,5.306
huggybear,5.306
onwha,5.306
colum,5.306
jailbreakish,5.306
ascot,5.306
claaawwww,5.306
prinklep,5.306
aesom,5.306
5pound,5.306
rybw,5.306
immedietli,5.306
essentail,5.306
bobeep,5.306
littlun,5.306
andychildhood,5.306
ratenzenb,5.306
mcwhiggin,5.306
woodynt,5.306
heartworm,5.306
poetici,5.306
negatori,5.306
talkingdan,5.306
onso,5.306
3bob,5.306
shanghavi,5.306
trilolog,5.306
unbreach,5.306
scootch,5.306
songsfor,5.306
quintillion,5.306
behond,5.306
herehttp,5.306
lionheart490,5.306
stanto,5.306
childli,5.306
dateact,5.306
latso,5.306
buzzo,5.306
trie,5.306
claaaaawwww,5.306
o0o,5.306
squishabl,5.306
heliocentr,5.306
inanimaci,5.306
tonightand,5.306
hispanio,5.306
boundaryless,5.306
debilitatingli,5.306
metorsexu,5.306
307,5.306
unburi,5.306
drawstr,5.306
cussack,5.306
sandwhich,5.306
espanola,5.306
lottso,5.306
3in,5.306
knowso,5.306
jagmarkyreview,5.306
skosh,5.306
flubb,5.306
incuri,5.306
puntatohead,5.306
afric,5.306
disllus,5.306
horsei,5.306
19ish,5.306
storymus,5.306
ozufso,5.306
sunnsyid,5.306
toydom,5.306
giacinto,5.306
scarpin,5.306
weirdodan,5.306
ratatouilli,5.306
rexx,5.306
releat,5.306
flameson,5.306
1082374128410924,5.306
unventur,5.306
cwi,5.306
tonightfight,5.306
jonesqu,5.306
ravikumar,5.306
bulley,5.306
shie,5.306
yourmoviesuck,5.306
sagafor,5.306
toytopia,5.306
curtest,5.306
sunnyvil,5.306
ruxpin,5.306
ts3bob,5.306
dvdisdead,5.306
crybarbi,5.306
whilebob,5.306
1m05,5.306
jarjaryoualmostruinedstarwarsbink,5.306
foursi,5.306
lattso,5.306
cowboydan,5.306
kidsdan,5.306
2technic,5.306
zerg,5.306
3stori,5.306
begun,5.306
regain,5.306
conjur,5.302
knee,5.301
guardian,5.301
chart,5.297
french,5.295
shove,5.295
circu,5.295
mindset,5.293
techniqu,5.290
noteworthi,5.289
cancer,5.287
outright,5.287
pin,5.282
anguish,5.278
unseen,5.276
creatur,5.276
churn,5.274
mar,5.274
flood,5.270
retrospect,5.269
pioneer,5.267
polar,5.267
fenc,5.265
underwhelm,5.257
reckon,5.257
dim,5.256
ps,5.247
sooner,5.247
roar,5.245
totalitarian,5.243
dan,5.234
reliev,5.232
alic,5.231
jealousi,5.227
oblig,5.225
eloqu,5.225
classifi,5.223
howl,5.223
rendit,5.218
rapid,5.218
mini,5.216
artistri,5.215
cardboard,5.213
delus,5.211
lethal,5.210
micheal,5.204
glare,5.201
obnoxi,5.199
avid,5.198
encompass,5.198
overblown,5.191
exclus,5.189
femal,5.187
unforgiv,5.186
catchi,5.182
scout,5.179
deepest,5.177
puppet,5.163
jewel,5.161
gigant,5.159
underton,5.158
unexplain,5.154
corrupt,5.153
capac,5.153
abund,5.151
spain,5.151
servant,5.148
crappi,5.146
upsid,5.146
unsatisfi,5.145
35,5.145
compon,5.145
jealou,5.145
angst,5.138
bent,5.137
admiss,5.137
rambl,5.135
drove,5.135
grief,5.132
wet,5.132
woven,5.123
sand,5.123
tightli,5.121
halloween,5.119
spade,5.119
recogniz,5.118
neighbour,5.115
click,5.112
petti,5.107
awhil,5.107
seamless,5.104
overus,5.102
temptat,5.098
norm,5.095
articl,5.093
worship,5.093
incarn,5.093
comedian,5.089
blatant,5.083
vastli,5.081
foreshadow,5.081
protest,5.080
chicago,5.078
absent,5.078
foremost,5.077
narrow,5.075
warrant,5.074
jonah,5.072
lyric,5.068
steel,5.068
synopsi,5.065
fluid,5.062
drift,5.046
evalu,5.045
envi,5.042
runtim,5.041
unawar,5.041
freez,5.035
wildli,5.031
wayn,5.030
labor,5.028
summar,5.028
allegori,5.027
ought,5.025
minimum,5.025
deservedli,5.024
declin,5.022
versatil,5.022
crude,5.020
feast,5.015
publish,5.013
phenomenon,5.013
reinforc,5.013
deem,5.009
sacrif,5.009
prevail,5.007
piggybank,5.005
disempower,5.005
smelter,5.005
colewebbhart,5.005
spackl,5.005
inver,5.005
pleeas,5.005
jalapeno,5.005
flicksworthwatch,5.005
pixaar,5.005
balamori,5.005
dthi,5.005
consumingli,5.005
253,5.005
hesitatingli,5.005
querul,5.005
panopticon,5.005
oll,5.005
neva,5.005
dustier,5.005
kiel,5.005
ambrosia,5.005
hiccough,5.005
2022,5.005
thrid,5.005
roudi,5.005
431,5.005
540,5.005
lassest,5.005
pixa,5.005
tym,5.005
marshmallowi,5.005
buzzlightyear,5.005
darnest,5.005
anymorethi,5.005
proboard,5.005
downsw,5.005
meltingli,5.005
heartwarmingli,5.005
senorita,5.005
calib,4.998
resurrect,4.995
cook,4.987
honour,4.984
stroke,4.984
colleagu,4.982
cup,4.982
privileg,4.978
hardship,4.976
le,4.974
mild,4.974
fierc,4.968
indiffer,4.967
motif,4.966
chew,4.964
wholli,4.963
swing,4.959
chines,4.957
reviv,4.955
guest,4.954
ah,4.953
bow,4.950
tick,4.949
whip,4.948
inject,4.944
tech,4.941
hollow,4.941
reel,4.940
signatur,4.940
peer,4.934
mock,4.932
barrel,4.926
pill,4.921
safeti,4.921
broad,4.918
watcher,4.916
partial,4.914
pivot,4.914
startl,4.911
overlong,4.908
attack,4.905
hungri,4.904
diamond,4.890
clip,4.887
duo,4.886
rout,4.880
2006,4.879
vice,4.877
crown,4.875
uk,4.872
detach,4.872
elimin,4.871
blank,4.867
accuraci,4.867
slice,4.867
crawl,4.866
grotesqu,4.861
numb,4.861
juli,4.861
coat,4.853
gray,4.851
gestur,4.845
rivalri,4.844
contradict,4.841
bate,4.841
secondari,4.836
trail,4.835
complement,4.835
shore,4.830
orient,4.830
oscarbuzz,4.829
10must,4.829
ps4,4.829
ballsier,4.829
toooooooo,4.829
mccann,4.829
stoy,4.829
magenta,4.829
laff,4.829
lassett,4.829
dade,4.829
miyuzaki,4.829
pena,4.829
evidenti,4.829
stevenspielblog,4.829
suppost,4.829
monogamist,4.829
triag,4.829
thelimerickreview,4.829
noell,4.829
cryer,4.829
sickb,4.829
langdon,4.829
filmsth,4.829
bustin,4.829
crick,4.829
movieman,4.829
pita,4.829
hawaiin,4.829
gladder,4.829
playskool,4.829
reoccurr,4.829
mclachlan,4.829
comiti,4.829
nester,4.829
thise,4.829
lasett,4.829
teeth,4.822
map,4.822
critiqu,4.816
suspend,4.816
notori,4.815
fetch,4.812
wheel,4.802
teller,4.799
thick,4.798
descend,4.798
collaps,4.798
24,4.796
boundari,4.794
wick,4.793
attribut,4.785
helpless,4.781
recognis,4.778
tendenc,4.778
fuel,4.776
spotlight,4.775
boredom,4.773
2005,4.772
1997,4.771
calcul,4.768
exit,4.767
daisi,4.766
behav,4.764
absenc,4.760
eleg,4.760
fed,4.759
semi,4.758
weather,4.753
reboot,4.752
uninterest,4.749
21st,4.749
sustain,4.748
subtli,4.747
kung,4.743
conveni,4.742
digniti,4.740
favour,4.737
loneli,4.732
extens,4.731
gene,4.729
apocalypt,4.726
enlighten,4.726
minim,4.726
tip,4.724
unfair,4.712
buri,4.705
headrush,4.704
branson,4.704
sunniest,4.704
mattel,4.704
sternest,4.704
mixup,4.704
poxi,4.704
fertilis,4.704
hoy,4.704
cark,4.704
unintrus,4.704
jaffar,4.704
zurg,4.704
perfekt,4.704
gmi,4.704
prepaid,4.704
velveteen,4.704
rotfl,4.704
subthem,4.704
nipper,4.704
ottawa,4.704
spotter,4.704
pule,4.704
serena,4.704
aka,4.695
drown,4.688
leap,4.685
zone,4.683
launch,4.682
torment,4.681
fare,4.681
similarli,4.681
confirm,4.679
nest,4.675
toler,4.674
overshadow,4.674
admittedli,4.673
afternoon,4.673
caricatur,4.672
dismiss,4.668
cring,4.664
fu,4.664
glu,4.662
adopt,4.662
intimid,4.661
yell,4.660
ain,4.654
instinct,4.653
occupi,4.643
delv,4.642
assembl,4.641
exhaust,4.639
useless,4.633
vari,4.632
difficulti,4.631
spaceship,4.621
linger,4.615
text,4.614
packag,4.613
exhilar,4.612
nerv,4.609
moviego,4.608
1the,4.607
deuteragonist,4.607
oligarchi,4.607
sotri,4.607
286,4.607
enchantingli,4.607
lotto,4.607
returne,4.607
enduringli,4.607
ratatoil,4.607
overflown,4.607
smither,4.607
sterner,4.607
extrins,4.607
featheri,4.607
financi,4.605
contrari,4.602
recov,4.602
lt,4.596
reserv,4.596
solut,4.595
viciou,4.579
landmark,4.579
exercis,4.577
border,4.577
relax,4.575
choreograph,4.563
sink,4.562
echo,4.560
offend,4.559
stir,4.532
imperman,4.528
fernandez,4.528
centerstag,4.528
pixer,4.528
matador,4.528
189,4.528
waterwork,4.528
limbless,4.528
underserv,4.528
salsa,4.528
hench,4.528
msn,4.528
hairlin,4.528
likeli,4.528
slugger,4.528
comon,4.528
epicli,4.528
nesbitt,4.528
itz,4.528
defient,4.528
unplay,4.528
access,4.520
japan,4.516
distant,4.513
nine,4.513
error,4.510
shoulder,4.510
pro,4.499
laughabl,4.497
owe,4.497
un,4.492
impli,4.492
snow,4.491
castl,4.486
rabbit,4.482
advis,4.482
stumbl,4.479
ego,4.474
fatal,4.473
program,4.470
sci,4.468
fi,4.468
sputnik,4.461
ps3,4.461
optimu,4.461
safekeep,4.461
odour,4.461
corinthian,4.461
keaten,4.461
convivi,4.461
lothario,4.461
thisi,4.461
morani,4.461
emeryvil,4.461
armond,4.461
min,4.457
reduc,4.456
march,4.451
birth,4.450
tour,4.449
aspir,4.449
cell,4.448
pride,4.448
mike,4.446
lesser,4.446
victori,4.441
block,4.436
intric,4.433
deliveri,4.425
exchang,4.425
volum,4.422
broke,4.416
crusad,4.409
reader,4.405
2018,4.403
animat,4.403
demographi,4.403
watchtow,4.403
glitteri,4.403
zombieland,4.403
boe,4.403
huger,4.403
striven,4.403
shredder,4.403
staffer,4.403
reindeer,4.403
gatl,4.403
tipsi,4.403
cleanest,4.403
fiona,4.403
wheelhous,4.403
dickinson,4.403
hahahahaha,4.403
racist,4.396
nasti,4.390
explod,4.384
asleep,4.372
liber,4.368
crucial,4.368
showcas,4.365
uncomfort,4.365
transport,4.358
holi,4.357
imit,4.356
research,4.355
jackson,4.353
roundup,4.352
dogg,4.352
tk,4.352
redden,4.352
tellin,4.352
rofl,4.352
corniest,4.352
incontin,4.352
ehhh,4.352
wah,4.352
auckland,4.352
overexcit,4.352
tree,4.351
presid,4.342
remot,4.342
spite,4.340
user,4.338
footag,4.330
stranger,4.323
trial,4.320
sudden,4.308
sea,4.308
paisa,4.306
photorealist,4.306
shush,4.306
indepth,4.306
gradient,4.306
sundown,4.306
customarili,4.306
berger,4.306
keynot,4.306
pvr,4.306
increas,4.294
foot,4.292
lame,4.288
outcom,4.285
indulg,4.281
cheat,4.276
dude,4.275
illustr,4.271
glossari,4.265
intermediari,4.265
maven,4.265
tx,4.265
moisten,4.265
unenthusiast,4.265
cheif,4.265
herbi,4.265
dozer,4.265
10imdb,4.265
tertiari,4.265
wop,4.265
bandera,4.265
prickl,4.265
espa,4.265
boni,4.265
unwaveringli,4.265
wellspr,4.265
roger,4.265
professor,4.261
glimps,4.259
horrifi,4.259
skin,4.246
helm,4.243
adam,4.240
leg,4.238
tool,4.235
dither,4.227
swishi,4.227
ea,4.227
strech,4.227
dw,4.227
628,4.227
adventuresom,4.227
zooland,4.227
jonnyfendi,4.227
ratti,4.227
unfussi,4.227
hooch,4.227
enviro,4.227
debat,4.221
miller,4.220
letter,4.216
contact,4.214
apocalyps,4.212
wound,4.199
interview,4.195
a1,4.192
polyest,4.192
voicework,4.192
hiyao,4.192
yodel,4.192
thinnest,4.192
twinki,4.192
sisyphu,4.192
outr,4.192
lessor,4.192
woofer,4.192
backbreak,4.192
overburden,4.192
luminesc,4.192
croon,4.192
isol,4.173
defend,4.164
factoid,4.160
undertow,4.160
slipshod,4.160
dubai,4.160
watership,4.160
wireless,4.160
gibraltar,4.160
bruiser,4.160
espn,4.160
nacho,4.160
wussi,4.160
constanc,4.160
manhandl,4.160
evermor,4.160
sixth,4.158
mountain,4.158
alter,4.150
employ,4.150
exagger,4.148
mesmer,4.144
marriag,4.141
chief,4.133
viabil,4.130
disarmingli,4.130
schoolyard,4.130
gad,4.130
gulag,4.130
ick,4.130
205,4.130
hugest,4.130
lifeblood,4.130
gushi,4.130
compadr,4.130
taster,4.130
ona,4.130
taco,4.130
ensembl,4.129
surreal,4.119
associ,4.107
credibl,4.105
addendum,4.102
bieber,4.102
floppi,4.102
lovin,4.102
tiffani,4.102
persia,4.102
forbear,4.102
tori,4.102
twa,4.102
entrant,4.102
chortl,4.102
patient,4.099
activ,4.095
charli,4.090
insult,4.088
sheperd,4.076
wordlessli,4.076
jnatsi,4.076
sayin,4.076
109,4.076
handbag,4.076
unfailingli,4.076
wiper,4.076
chaplinesqu,4.076
maw,4.076
7ey,4.076
cat,4.070
glori,4.057
wha,4.051
30am,4.051
rooster,4.051
funnest,4.051
befallen,4.051
iprimu,4.051
friendlier,4.051
mantel,4.051
ps2,4.051
transienc,4.051
misc,4.051
unimpeach,4.051
capston,4.051
badli,4.051
topic,4.048
harsh,4.038
pinki,4.028
leicest,4.028
luthor,4.028
ember,4.028
rosa,4.028
portend,4.028
flour,4.028
volumin,4.028
flashforward,4.028
residenti,4.028
outrank,4.028
riotous,4.028
station,4.023
greed,4.019
crime,4.013
piti,4.013
gut,4.008
scatterbrain,4.005
warmheart,4.005
che,4.005
transitori,4.005
supermen,4.005
enerv,4.005
wot,4.005
darla,4.005
rankin,4.005
adi,4.005
essenc,4.003
bullet,3.994
militari,3.988
droopi,3.984
seabiscuit,3.984
exhiler,3.984
tomatomet,3.984
clasp,3.984
food,3.977
k,3.970
bizarr,3.965
clapton,3.964
purvey,3.964
recharg,3.964
lovestruck,3.964
rebuf,3.964
gala,3.964
foppish,3.964
singapor,3.964
outa,3.964
south,3.963
cult,3.959
method,3.951
smudg,3.945
puss,3.945
sparkli,3.945
ditti,3.945
underprivileg,3.945
trove,3.945
rif,3.945
droop,3.945
resist,3.944
teacher,3.939
60,3.928
bulgarian,3.926
nintendo,3.926
roundabout,3.926
loveli,3.926
voodoo,3.926
meatbal,3.926
typo,3.926
enfold,3.926
ravi,3.926
genu,3.926
clam,3.926
spake,3.926
steelmonst,3.926
ignomini,3.926
vcd,3.926
addict,3.925
gladiat,3.917
ceaselessli,3.908
peal,3.908
appendag,3.908
parod,3.908
doldrum,3.908
preemin,3.908
taiwan,3.908
pear,3.908
pandemonium,3.908
heaviest,3.908
unfilt,3.908
affair,3.900
ill,3.897
bridg,3.895
recapitul,3.891
beak,3.891
mariachi,3.891
vainli,3.891
exept,3.891
smelt,3.891
adamantli,3.891
prozac,3.891
faintest,3.891
restructur,3.891
xd,3.891
inattent,3.891
clue,3.890
pointless,3.878
clank,3.875
unclutt,3.875
redesign,3.875
mascot,3.875
goldmin,3.875
os,3.875
wake,3.874
everest,3.859
gravelli,3.859
fidgeti,3.859
knick,3.859
cauldron,3.859
hint,3.857
hurray,3.844
facto,3.844
crisper,3.844
frolick,3.844
unenjoy,3.844
falsiti,3.844
gaga,3.844
algorithm,3.844
comraderi,3.844
complianc,3.844
peed,3.844
libertarian,3.844
dossier,3.844
daringli,3.844
carton,3.829
watermark,3.829
nibbl,3.829
qualit,3.829
ciaran,3.829
unbound,3.829
mistook,3.829
booster,3.829
hill,3.829
frustrat,3.823
princess,3.816
dredg,3.815
clamp,3.815
punter,3.815
beckett,3.815
mishandl,3.815
pickl,3.815
thorp,3.815
dissert,3.815
outpour,3.815
evildo,3.815
popey,3.815
rummag,3.815
bogglingli,3.815
cremat,3.815
thickli,3.815
adroit,3.815
materialis,3.815
gawd,3.815
tween,3.815
raspberri,3.815
bomb,3.814
nehru,3.801
applianc,3.801
vertigin,3.801
scatolog,3.801
autograph,3.801
crybabi,3.801
whereupon,3.801
glut,3.801
twing,3.801
greener,3.801
outlast,3.801
toon,3.788
crazili,3.788
ensconc,3.788
assemblag,3.788
bumper,3.788
overhaul,3.788
102,3.775
wheez,3.775
handwrit,3.775
transvestit,3.775
spidey,3.775
figurin,3.775
rudolph,3.762
20min,3.762
pork,3.762
cher,3.762
wellb,3.762
podium,3.762
blowingli,3.762
cranni,3.762
gobsmack,3.762
bereav,3.762
purposeless,3.762
marque,3.762
unconvincingli,3.762
japanes,3.762
cvisit,3.750
slag,3.750
tenderli,3.750
rt,3.750
viewabl,3.750
reopen,3.750
minus,3.750
unti,3.750
blather,3.750
menageri,3.750
dumpster,3.750
monochromat,3.738
jig,3.738
entrepreneuri,3.738
blindsid,3.727
martyrdom,3.727
reestablish,3.727
biggi,3.727
ascrib,3.727
sentimentalist,3.727
yore,3.727
ohhh,3.727
hotter,3.715
pastur,3.715
cutaway,3.715
10x,3.715
lotta,3.715
angelina,3.715
reissu,3.715
vamp,3.715
craftili,3.715
hunki,3.715
staccato,3.715
marri,3.713
reassembl,3.704
dollop,3.704
effervesc,3.704
litani,3.704
beati,3.704
bequeath,3.704
luggag,3.704
dearth,3.704
filmnomenon,3.694
spastic,3.694
kristin,3.694
meme,3.694
trickl,3.694
piranha,3.694
eviscer,3.694
bloodi,3.690
bedazzl,3.683
adeptli,3.683
perturb,3.683
idli,3.683
boldest,3.673
camcord,3.673
strenuou,3.673
writ,3.673
minuet,3.673
fledgl,3.673
cacophoni,3.663
biter,3.663
aww,3.663
kindl,3.663
liveli,3.663
blackest,3.663
abridg,3.663
chug,3.663
confront,3.659
gimmickri,3.653
booti,3.653
bootleg,3.653
combust,3.653
bevi,3.653
crest,3.653
jobless,3.653
regroup,3.653
glum,3.644
polarisdib,3.644
emotion,3.644
quadrilog,3.644
tightrop,3.644
greec,3.644
slicker,3.644
makeov,3.644
ironman,3.644
brethren,3.634
roster,3.634
joli,3.634
induct,3.634
encor,3.634
pratfal,3.634
entendr,3.634
cineplex,3.634
churlish,3.634
potti,3.634
accur,3.634
presto,3.625
currenc,3.625
infanc,3.625
mile,3.618
shoo,3.616
variant,3.607
groovi,3.607
purveyor,3.607
sticker,3.607
quicken,3.607
penal,3.607
gracious,3.607
backpack,3.607
neuros,3.607
superhero,3.600
scribe,3.599
gawk,3.599
overgrown,3.599
tyrannosauru,3.599
hanki,3.599
brunt,3.599
pud,3.599
supplant,3.599
demot,3.599
silent,3.595
moviemusereview,3.590
blubber,3.590
jackpot,3.590
eugen,3.590
preteen,3.590
soni,3.590
avaric,3.590
dethron,3.590
afor,3.590
forsak,3.590
honcho,3.590
flung,3.590
rottentomato,3.582
provinci,3.582
gulp,3.582
desperado,3.582
premium,3.574
runt,3.574
scrupul,3.574
pep,3.574
plateau,3.574
substant,3.574
x2,3.574
excitedli,3.574
atleast,3.566
appet,3.566
clamor,3.566
unselfish,3.566
overcrowd,3.566
hubbi,3.566
nook,3.566
outliv,3.566
overreact,3.566
unceremoni,3.566
ragtag,3.566
daresay,3.566
fussi,3.566
machiavellian,3.566
placid,3.558
fantasia,3.558
delect,3.558
shrift,3.558
smolder,3.558
beau,3.558
va,3.558
chomp,3.558
protect,3.554
telli,3.550
64,3.550
spunk,3.550
vernacular,3.550
ipod,3.550
cluster,3.543
wool,3.543
cartel,3.543
ahhh,3.543
spacebal,3.543
confect,3.543
receipt,3.543
purgatori,3.543
la,3.540
citizen,3.538
mainstay,3.535
lego,3.535
houston,3.535
pusher,3.535
kicker,3.535
grandkid,3.535
ado,3.535
autopilot,3.535
sewn,3.535
interpret,3.530
ii,3.529
glaringli,3.528
heav,3.528
bombshel,3.528
sidestep,3.528
funnili,3.521
queri,3.521
critter,3.521
prude,3.521
shoehorn,3.521
charter,3.521
snare,3.514
dosag,3.514
mainten,3.514
peanut,3.514
lagsreview,3.514
schooler,3.514
xxx,3.514
pastel,3.514
wiggl,3.507
org,3.507
ballsi,3.507
freakish,3.507
gentler,3.500
forgo,3.500
sonic,3.500
discontinu,3.500
beginn,3.500
sleuth,3.500
stunner,3.500
valiantli,3.500
acquisit,3.500
crossov,3.493
cereal,3.493
deject,3.493
leverag,3.493
cellphon,3.493
supermarket,3.493
harsher,3.493
67,3.493
adrift,3.493
deplet,3.493
frill,3.487
lister,3.487
downstair,3.487
jock,3.487
immediaci,3.487
poltergeist,3.487
hoard,3.487
nauseum,3.480
acerb,3.480
counteract,3.480
tatter,3.480
claus,3.480
forsaken,3.480
satisfyingli,3.480
storybook,3.480
hart,3.480
minutia,3.480
hmmmm,3.480
spurn,3.480
harshest,3.474
exacerb,3.474
fanatic,3.474
personag,3.474
satisfactorili,3.468
narciss,3.468
aros,3.468
transmiss,3.468
soppi,3.468
dr,3.467
someway,3.461
grownup,3.461
schoolteach,3.461
wateri,3.461
hurtl,3.455
heft,3.455
dammit,3.455
outtak,3.455
cunningli,3.455
metro,3.455
tutor,3.455
dishonesti,3.455
vivaci,3.455
postpon,3.455
nirvana,3.455
splendour,3.449
stoke,3.449
invert,3.449
kaleidoscop,3.449
homophobia,3.449
j,3.445
spatial,3.443
stead,3.443
defer,3.443
necklac,3.443
honeymoon,3.443
implicitli,3.443
bode,3.443
fallibl,3.443
vehement,3.443
unyield,3.437
carbonit,3.437
catcher,3.437
grievanc,3.437
wicked,3.437
pact,3.437
caustic,3.437
skateboard,3.431
overtim,3.431
nun,3.431
unwilling,3.431
sank,3.431
surmis,3.431
forcibl,3.431
dimwit,3.431
shtick,3.426
lacklustr,3.426
rowdi,3.426
sniff,3.426
nugget,3.426
unflinchingli,3.426
cr,3.426
unforeseen,3.420
optic,3.420
rudimentari,3.414
epitomis,3.414
marley,3.414
hoo,3.414
diss,3.414
fratern,3.414
imbecil,3.414
unprofession,3.414
showmanship,3.414
attir,3.409
loosen,3.409
stagnant,3.409
workshop,3.409
uproari,3.409
unfound,3.409
adag,3.409
tast,3.408
club,3.407
amiss,3.403
nuisanc,3.403
thrash,3.403
tango,3.403
swore,3.398
ageless,3.398
snore,3.398
007,3.398
intrepid,3.398
despond,3.393
puff,3.393
laudabl,3.393
slouch,3.387
tore,3.387
fallout,3.387
relent,3.387
dandi,3.387
incessantli,3.387
outclass,3.387
perk,3.387
crossroad,3.387
fling,3.387
inkl,3.382
cornerston,3.382
hideous,3.382
teem,3.382
entourag,3.382
sleepless,3.382
motley,3.382
irrespect,3.382
alcatraz,3.377
squint,3.377
unsavori,3.377
hologram,3.377
naval,3.377
expir,3.377
snif,3.377
prod,3.372
stormi,3.372
blizzard,3.372
aisl,3.372
centric,3.372
daytim,3.372
recurr,3.372
weld,3.372
iota,3.367
bravest,3.367
longev,3.367
relinquish,3.367
debri,3.367
allevi,3.367
jovial,3.367
wept,3.367
breviti,3.362
unfit,3.362
retort,3.362
unappreci,3.362
unoffici,3.362
amen,3.362
inact,3.362
moros,3.362
cloudi,3.357
squash,3.357
pedigre,3.357
hatchet,3.357
nicest,3.357
trusti,3.357
newlyw,3.357
needi,3.357
grumbl,3.357
insepar,3.352
puberti,3.352
ledg,3.352
reenact,3.352
monetari,3.347
lingo,3.347
administ,3.347
charmingli,3.347
eighteen,3.347
11th,3.347
cognit,3.347
amass,3.347
transpos,3.347
marker,3.343
rust,3.343
tuck,3.343
embitt,3.343
cheaper,3.343
obtus,3.343
costum,3.342
hitchcock,3.339
laurel,3.338
consent,3.338
stash,3.338
op,3.338
braindead,3.333
hastili,3.333
dove,3.333
friggin,3.333
throughli,3.333
overcam,3.333
mustn,3.333
demeanour,3.333
smarmi,3.329
purs,3.329
trampl,3.329
yahoo,3.329
squeal,3.329
disson,3.329
imparti,3.329
reproach,3.324
vigil,3.324
sage,3.324
poop,3.324
histor,3.323
fortitud,3.320
tiniest,3.320
thursday,3.320
pm,3.320
coda,3.320
luster,3.315
stalag,3.315
discord,3.315
earthli,3.315
backyard,3.315
sharper,3.315
muffl,3.315
debacl,3.315
assuredli,3.315
psycholog,3.311
77,3.311
spunki,3.311
unsatisfactori,3.311
headi,3.311
senil,3.311
composur,3.311
01,3.311
exponenti,3.311
crise,3.306
freshman,3.306
16th,3.306
breach,3.306
nicer,3.306
hog,3.306
rib,3.306
bachelor,3.306
lampoon,3.302
43,3.302
brows,3.302
constrain,3.298
troublesom,3.298
pigeon,3.298
circul,3.294
soccer,3.294
zest,3.294
revamp,3.289
apex,3.289
impenetr,3.289
ahem,3.289
onset,3.289
verbos,3.289
revenu,3.289
gospel,3.289
rumin,3.285
disco,3.285
46,3.285
haunt,3.283
deflat,3.281
eighth,3.281
utopian,3.281
lex,3.281
nah,3.281
variabl,3.281
fad,3.277
squeaki,3.277
canyon,3.277
plummet,3.277
cellar,3.277
figment,3.277
sluggish,3.273
patern,3.273
promo,3.273
subtract,3.273
shrill,3.273
tamper,3.273
microphon,3.273
expositori,3.273
repertoir,3.269
alloc,3.269
strut,3.269
amok,3.269
bona,3.269
fiasco,3.269
fide,3.269
throttl,3.265
fluiditi,3.265
preoccupi,3.265
indispens,3.261
nigh,3.257
barb,3.257
crunch,3.257
sorcer,3.257
dispel,3.257
insinu,3.257
town,3.254
quotat,3.253
achingli,3.253
overse,3.253
antidot,3.253
17th,3.249
flabbergast,3.249
regurgit,3.249
happiest,3.249
amiabl,3.249
mutini,3.246
domino,3.246
coax,3.246
mawkish,3.246
riff,3.246
penultim,3.246
nutti,3.242
manhood,3.242
summat,3.242
crusti,3.238
perenni,3.238
lamp,3.238
untold,3.238
helplessli,3.238
drawl,3.234
es,3.234
25th,3.234
forewarn,3.234
jingl,3.231
undevelop,3.231
referenti,3.231
startlingli,3.231
regal,3.231
simpleton,3.227
bemus,3.227
trot,3.227
antagon,3.227
fatherli,3.227
insuffici,3.227
connoisseur,3.227
obedi,3.227
prank,3.227
deplor,3.224
verisimilitud,3.224
muck,3.224
copiou,3.224
smitten,3.224
untru,3.224
parisian,3.224
obsolet,3.220
exert,3.220
mona,3.220
whirl,3.220
emo,3.220
inexor,3.216
plaster,3.216
insurmount,3.216
nineteen,3.216
piss,3.213
locker,3.213
disinterest,3.213
softer,3.213
flexibl,3.213
lowli,3.209
emit,3.209
mutat,3.209
cop,3.208
women,3.207
tonal,3.206
ingrain,3.206
dwindl,3.206
fastest,3.206
oldi,3.206
intergalact,3.203
reus,3.203
yup,3.203
miner,3.199
sideway,3.199
coop,3.199
misus,3.199
muppet,3.196
reloc,3.196
deliver,3.196
wickedli,3.192
scoop,3.192
spielberg,3.191
mytho,3.189
catchphras,3.189
embarrassingli,3.189
rekindl,3.189
percentag,3.186
grammar,3.186
47,3.186
hefti,3.186
hut,3.186
bluntli,3.186
soo,3.186
hazard,3.186
delin,3.182
anthropomorph,3.182
manual,3.182
unhealthi,3.182
malfunct,3.182
cocktail,3.182
oop,3.179
seeth,3.179
cohort,3.179
skit,3.179
mantra,3.179
advert,3.179
cuss,3.176
110,3.173
authoritarian,3.173
softli,3.173
novic,3.173
hamper,3.173
cower,3.170
searcher,3.170
malign,3.170
painstak,3.170
frog,3.170
afterlif,3.170
overtak,3.170
gel,3.170
ceo,3.170
relic,3.170
gorgeous,3.166
scoundrel,3.166
predominantli,3.166
nippl,3.166
dam,3.163
truer,3.163
wallet,3.160
tuesday,3.160
blasphemi,3.160
muntz,3.160
gamut,3.157
drawer,3.157
precursor,3.157
bitten,3.157
39,3.157
copyright,3.154
devolv,3.154
discredit,3.154
justin,3.154
uncar,3.154
segreg,3.154
skim,3.151
sickli,3.151
emphat,3.151
fruition,3.151
disconcert,3.148
peg,3.148
conscienti,3.148
sunk,3.145
ca,3.145
anarch,3.145
velvet,3.145
decreas,3.145
reliant,3.145
rework,3.142
hid,3.142
lifelik,3.142
ilk,3.142
misdirect,3.142
meh,3.142
brake,3.142
buyer,3.142
demean,3.139
narrowli,3.139
dolbi,3.139
tidi,3.136
softwar,3.136
frailti,3.136
reborn,3.136
lunaci,3.136
loophol,3.136
maudlin,3.136
replet,3.136
reflex,3.130
glitter,3.130
har,3.130
exec,3.130
apathet,3.130
uphold,3.130
retread,3.130
polit,3.127
synthes,3.127
anomali,3.127
endang,3.127
confer,3.127
misti,3.125
bail,3.125
undi,3.125
slacker,3.125
indign,3.125
sang,3.122
regrett,3.122
tier,3.119
buffoon,3.119
manli,3.116
capsul,3.116
dodgi,3.116
sparingli,3.116
36,3.113
afterthought,3.113
soda,3.113
dishonest,3.113
fetish,3.113
absurdli,3.113
disadvantag,3.113
looni,3.113
outsmart,3.113
dessert,3.113
profici,3.110
2hr,3.110
tranc,3.110
naiveti,3.108
matin,3.108
stinker,3.108
heartbeat,3.108
befit,3.108
bearabl,3.108
ruthlessli,3.105
avenu,3.105
microcosm,3.105
sombr,3.105
itch,3.105
affection,3.105
solidli,3.105
upstag,3.102
grappl,3.102
privaci,3.102
overflow,3.102
massag,3.102
pitfal,3.102
seam,3.102
waver,3.100
mammoth,3.100
goddamn,3.097
sporad,3.097
twitch,3.097
quicker,3.097
david,3.096
veronica,3.094
classroom,3.094
ghastli,3.094
farcic,3.094
bookend,3.094
juici,3.092
abnorm,3.092
milieu,3.092
inspect,3.089
sumptuou,3.089
monday,3.089
madden,3.089
parasit,3.089
impart,3.086
toxic,3.086
hash,3.086
slant,3.086
annoyingli,3.086
sixteen,3.086
den,3.084
porch,3.084
brisk,3.084
feroc,3.084
thesi,3.084
dissatisfi,3.084
misstep,3.084
commod,3.084
mac,3.081
mad,3.079
esquir,3.078
batteri,3.078
counti,3.076
clad,3.073
cosmic,3.073
kingpin,3.073
sandwich,3.073
reiter,3.071
domain,3.071
fourteen,3.068
dime,3.068
consumpt,3.068
equilibrium,3.068
giddi,3.068
rebuild,3.066
email,3.066
invari,3.066
mcdonald,3.066
winc,3.066
pristin,3.063
cheeki,3.063
trembl,3.061
commenc,3.061
soup,3.061
impass,3.061
fuell,3.061
valiant,3.061
usher,3.058
trough,3.058
crux,3.058
shortag,3.058
magnifi,3.058
hound,3.058
ireland,3.056
multiplex,3.056
villaini,3.056
uber,3.056
widespread,3.053
glorious,3.053
rumour,3.053
chore,3.053
committe,3.051
austin,3.051
wee,3.051
ripe,3.051
de,3.051
penguin,3.049
pillar,3.046
renaiss,3.044
rethink,3.044
downbeat,3.044
jigsaw,3.044
tint,3.044
pinpoint,3.042
whale,3.042
cautiou,3.042
champ,3.042
crass,3.042
unknowingli,3.039
straw,3.039
vault,3.039
shuffl,3.039
purport,3.039
awestruck,3.037
cherri,3.037
swirl,3.037
polic,3.035
mist,3.035
chemic,3.035
grizzl,3.035
egotist,3.032
commonplac,3.032
tenth,3.030
mystifi,3.030
gratitud,3.030
revert,3.030
shrewd,3.028
wallow,3.028
yank,3.028
guru,3.028
jonni,3.025
boldli,3.025
bodyguard,3.025
superhuman,3.025
curv,3.025
swiftli,3.025
interv,3.025
distraught,3.025
needlessli,3.023
radar,3.023
rediscov,3.023
31,3.023
classmat,3.023
deter,3.021
upbring,3.021
mercilessli,3.021
unavoid,3.019
epiphani,3.019
glee,3.019
compact,3.019
lick,3.019
33,3.016
infer,3.016
bethani,3.014
imprint,3.012
temporarili,3.012
shudder,3.012
trickeri,3.012
rhyme,3.012
idyl,3.012
bench,3.010
accommod,3.010
tow,3.010
nazism,3.010
ghostli,3.007
reek,3.007
jo,3.007
nihil,3.007
knit,3.007
noon,3.005
tacki,3.005
criteria,3.005
crackl,3.005
eagl,3.003
smuggl,3.001
mantl,3.001
aerial,3.001
palat,2.999
glorif,2.999
entangl,2.997
watson,2.997
barbarian,2.997
bullshit,2.997
gypsi,2.997
conner,2.995
agon,2.995
sack,2.995
sharpli,2.992
700,2.992
personif,2.992
soil,2.992
acut,2.992
wand,2.992
plainli,2.992
vocabulari,2.990
mama,2.990
dupe,2.990
consensu,2.990
spous,2.990
breathtakingli,2.988
myer,2.988
quip,2.988
fore,2.988
opportunist,2.988
desensit,2.988
whim,2.986
accumul,2.986
pervad,2.986
qualm,2.986
vacuum,2.984
overkil,2.984
masquerad,2.984
easiest,2.984
solemn,2.984
sepia,2.980
puppi,2.980
mufasa,2.978
consol,2.978
feisti,2.978
blanket,2.978
yield,2.978
impression,2.978
pedestrian,2.976
burger,2.976
aficionado,2.976
ting,2.974
distrust,2.972
intervent,2.972
unmiss,2.972
thwart,2.972
loudli,2.970
quantiti,2.970
thereaft,2.970
tar,2.968
embellish,2.968
brawl,2.968
dialoug,2.968
unimpress,2.966
omg,2.966
interspers,2.966
homework,2.966
longtim,2.964
carpet,2.964
arbitrari,2.962
1967,2.960
trophi,2.960
rigid,2.960
hord,2.960
rowl,2.960
strateg,2.958
excruci,2.956
lest,2.956
galor,2.956
allegor,2.956
concis,2.956
flock,2.956
powerless,2.956
broader,2.956
willingli,2.954
certainti,2.954
moan,2.954
album,2.954
mummi,2.954
imbu,2.954
lull,2.952
focal,2.952
sleek,2.952
orgi,2.950
hackney,2.950
adapt,2.947
midway,2.947
tingl,2.947
allegedli,2.947
turtl,2.947
ode,2.947
drool,2.945
devour,2.945
temporari,2.945
ate,2.945
rack,2.943
modifi,2.943
abli,2.943
chock,2.943
navi,2.943
sulli,2.941
cathart,2.941
deft,2.941
tyrant,2.941
fianc,2.941
ambival,2.941
darken,2.939
idl,2.939
token,2.939
abid,2.937
revis,2.935
amazon,2.935
unthink,2.935
breez,2.935
heritag,2.935
careless,2.933
learnt,2.933
dip,2.933
platform,2.933
meter,2.933
swift,2.932
deputi,2.932
halt,2.930
unspeak,2.930
synonym,2.928
mash,2.928
fodder,2.928
leisur,2.926
nt,2.926
steadili,2.924
guis,2.924
seren,2.923
conceit,2.923
coloss,2.921
peek,2.919
hometown,2.919
rubber,2.917
miniatur,2.917
notwithstand,2.917
feebl,2.917
bake,2.915
hay,2.915
brace,2.914
herald,2.914
ignit,2.914
sympathis,2.912
novelist,2.912
vu,2.912
catapult,2.912
catalyst,2.912
intrud,2.912
fictiti,2.910
mesh,2.910
grisli,2.908
esp,2.908
conceptu,2.908
moonlight,2.908
arizona,2.903
homeless,2.902
bait,2.902
scrutini,2.902
nobil,2.902
hmm,2.900
revolution,2.900
deviou,2.900
beam,2.898
farther,2.898
swell,2.896
eclips,2.896
vers,2.896
shocker,2.895
randal,2.895
whereabout,2.895
vampir,2.893
omiss,2.893
solidifi,2.893
hapless,2.893
textbook,2.891
swan,2.891
finer,2.890
inflat,2.890
conspir,2.890
stilt,2.890
persuas,2.888
parabl,2.888
lifelong,2.885
goon,2.885
dir,2.885
discourag,2.883
whack,2.883
monitor,2.883
eh,2.883
keeper,2.880
netflix,2.880
environment,2.878
ravag,2.877
differenti,2.877
elud,2.877
surveil,2.877
gentli,2.877
lap,2.875
catharsi,2.875
perci,2.875
batter,2.873
evad,2.873
shaken,2.872
interven,2.872
intuit,2.870
machineri,2.869
humanist,2.869
daunt,2.869
cox,2.867
disturbingli,2.867
bass,2.867
crank,2.867
retro,2.865
freaki,2.865
auto,2.865
decidedli,2.864
intricaci,2.862
coincident,2.862
outweigh,2.861
explicitli,2.861
northern,2.858
richer,2.858
twentieth,2.858
selfless,2.856
solitari,2.855
stud,2.855
harmonica,2.853
pompou,2.853
expertis,2.852
distinctli,2.850
intrus,2.850
labour,2.850
splash,2.848
museum,2.847
perfectionist,2.847
cannib,2.847
approxim,2.845
astonishingli,2.845
sock,2.845
courtesi,2.845
estim,2.844
soulless,2.844
goos,2.844
jolt,2.842
horrid,2.842
trope,2.842
malevol,2.842
falter,2.842
finess,2.842
27,2.841
wtf,2.841
thorough,2.839
400,2.839
pic,2.837
strangl,2.835
readili,2.835
allud,2.835
blood,2.834
cooki,2.832
shadi,2.832
marlin,2.828
oneself,2.826
litter,2.826
kwai,2.826
freeli,2.825
scarc,2.825
clerk,2.825
canadian,2.823
duck,2.823
palett,2.822
daylight,2.822
uncontrol,2.821
railroad,2.819
magnum,2.818
robert,2.817
whini,2.816
unflinch,2.815
breakfast,2.815
antonio,2.814
februari,2.814
sf,2.812
forbidden,2.812
zombi,2.812
paramount,2.812
exorcist,2.811
yep,2.811
inadvert,2.811
disastr,2.811
spars,2.809
ninja,2.809
razor,2.808
meantim,2.805
purist,2.805
nope,2.805
irresist,2.804
swamp,2.804
drawback,2.803
satur,2.801
ridg,2.801
barn,2.800
overton,2.800
highway,2.798
trump,2.798
snappi,2.797
beard,2.797
simul,2.796
overbear,2.796
justif,2.796
ant,2.796
muse,2.796
clearer,2.794
persever,2.793
vacat,2.792
knockout,2.792
ambianc,2.792
spectacularli,2.790
concret,2.789
joint,2.789
clueless,2.788
desk,2.788
pad,2.787
bombast,2.785
worm,2.785
mon,2.784
flamboy,2.784
submiss,2.784
impati,2.781
lifeless,2.780
cotton,2.780
bucket,2.779
tack,2.777
cater,2.776
ici,2.775
barbar,2.775
patron,2.775
instil,2.775
math,2.775
analog,2.774
1987,2.772
19th,2.772
hiccup,2.772
ongo,2.771
coast,2.770
hopper,2.770
raini,2.769
pronounc,2.769
frenet,2.767
arni,2.767
yourselv,2.767
patch,2.766
lightli,2.766
creed,2.766
cannon,2.762
corn,2.762
peel,2.761
1983,2.761
underlin,2.761
knack,2.761
junior,2.760
hideou,2.760
endeavor,2.759
extinct,2.757
extern,2.757
neutral,2.756
zootopia,2.756
shorten,2.755
recount,2.752
valley,2.752
tame,2.751
starter,2.751
isaac,2.750
couch,2.750
drone,2.749
loan,2.748
st,2.748
largest,2.748
dystopian,2.748
elicit,2.746
chat,2.745
atroci,2.745
alarm,2.745
tempo,2.745
pessimist,2.745
immacul,2.744
mail,2.744
reinvent,2.743
fright,2.743
pervert,2.742
letdown,2.741
digress,2.738
rewatch,2.738
trivia,2.737
fruit,2.737
1988,2.737
cia,2.737
bulk,2.733
thunder,2.733
fold,2.732
spoon,2.731
info,2.729
exposur,2.729
invinc,2.729
testimoni,2.727
fanboy,2.727
underestim,2.725
phil,2.725
miami,2.725
savior,2.724
timelin,2.724
starv,2.723
artsi,2.723
hop,2.723
hooker,2.722
basebal,2.722
resum,2.721
jacob,2.721
prompt,2.721
scarier,2.721
filler,2.721
punctuat,2.720
gush,2.718
stink,2.718
therebi,2.716
speaker,2.716
monstrou,2.715
twilight,2.715
polici,2.714
sylvest,2.713
sail,2.712
ordeal,2.712
mutant,2.711
medit,2.710
laser,2.710
unnecessarili,2.710
spontan,2.709
governor,2.708
vow,2.708
jabba,2.708
lisa,2.708
exemplifi,2.706
juxtapos,2.706
aunt,2.706
unquestion,2.704
armor,2.703
gloss,2.703
compris,2.702
wage,2.702
pretens,2.702
penetr,2.702
richli,2.701
arch,2.701
barrier,2.700
prologu,2.699
mesmeris,2.698
craftsmanship,2.697
relentlessli,2.697
blatantli,2.697
disgrac,2.696
hannah,2.694
unfamiliar,2.694
wrongli,2.694
fearless,2.694
undertak,2.694
deceit,2.691
inherit,2.690
wilson,2.690
wasteland,2.689
sought,2.689
scrap,2.689
pat,2.687
contest,2.686
deathli,2.685
variat,2.685
submit,2.683
troll,2.682
chord,2.679
fleet,2.679
deterior,2.678
alley,2.675
rebecca,2.675
poke,2.672
steam,2.672
ish,2.671
utmost,2.671
whistl,2.670
succumb,2.670
ultimatum,2.669
smack,2.669
classi,2.668
expans,2.667
surrend,2.667
forg,2.667
quibbl,2.665
hater,2.665
teas,2.664
immatur,2.664
unintent,2.663
demeanor,2.663
sober,2.663
bubbl,2.663
bia,2.662
sh,2.662
disciplin,2.662
spellbind,2.662
greek,2.661
riot,2.660
masterwork,2.660
standpoint,2.660
thru,2.658
incomprehens,2.657
300,2.656
orphan,2.655
uninspir,2.655
spoof,2.654
nerd,2.654
disrespect,2.654
novemb,2.653
smallest,2.652
pepper,2.651
unstopp,2.651
africa,2.649
grandios,2.647
francisco,2.647
dirt,2.646
sociopath,2.646
neatli,2.645
remors,2.645
butcher,2.644
occup,2.644
ash,2.644
basement,2.644
palpabl,2.644
chees,2.643
esqu,2.643
stubborn,2.641
gender,2.641
strand,2.640
file,2.639
therapi,2.638
tiresom,2.636
seduc,2.633
horizon,2.633
cruis,2.632
imperson,2.631
lurk,2.631
fabl,2.631
attain,2.630
retard,2.630
divis,2.628
sucker,2.628
lure,2.625
empath,2.623
evoc,2.623
redefin,2.623
dysfunct,2.622
hyper,2.622
derang,2.622
tdk,2.622
footbal,2.622
bitch,2.622
profil,2.619
peck,2.618
global,2.617
hr,2.617
eighti,2.614
vet,2.614
enterpris,2.614
el,2.611
shirt,2.611
strict,2.610
intellect,2.609
gt,2.608
inch,2.607
instruct,2.607
escal,2.607
foolish,2.605
mute,2.605
vibe,2.604
mildli,2.603
degrad,2.603
quintessenti,2.602
vi,2.602
bottl,2.601
tea,2.601
shiver,2.600
shortcom,2.599
retriev,2.595
luxuri,2.594
turmoil,2.593
wire,2.590
convert,2.590
propos,2.590
tiger,2.588
goosebump,2.587
drastic,2.585
aura,2.583
cartoonish,2.583
immigr,2.583
persist,2.581
edgi,2.581
interestingli,2.579
cycl,2.577
imo,2.576
energet,2.576
grandfath,2.576
outlin,2.576
preachi,2.576
seventh,2.576
stray,2.574
snap,2.573
monoton,2.572
robinson,2.568
hip,2.567
shelter,2.566
hostil,2.564
moodi,2.564
gambl,2.563
properti,2.563
stunningli,2.563
dwell,2.562
sli,2.561
perpetu,2.560
boggl,2.560
mexico,2.559
compens,2.559
psychologist,2.558
repuls,2.557
montana,2.557
unconvent,2.556
riddl,2.555
gabl,2.553
muscl,2.552
rever,2.550
updat,2.548
boo,2.547
stiff,2.546
flag,2.545
request,2.544
vulgar,2.542
conduct,2.542
incident,2.541
enlist,2.541
rocket,2.541
interrupt,2.540
turner,2.539
corps,2.539
trite,2.538
philip,2.538
perman,2.538
persuad,2.538
cabl,2.537
propel,2.537
tunnel,2.536
unrel,2.535
radic,2.534
brazil,2.531
viewpoint,2.531
furiou,2.530
geek,2.530
trivial,2.530
spotless,2.529
adjust,2.529
eleph,2.528
apolog,2.527
equip,2.525
explicit,2.525
pig,2.520
hitch,2.520
garden,2.518
fragil,2.517
foul,2.516
rug,2.516
ape,2.515
pray,2.515
weari,2.512
tempt,2.512
vol,2.510
junki,2.510
itali,2.509
zealand,2.507
2012,2.507
document,2.507
preach,2.506
invad,2.505
chronicl,2.505
coloni,2.504
hammer,2.503
firm,2.501
stimul,2.500
afford,2.500
dive,2.499
archetyp,2.499
mcqueen,2.499
1989,2.497
tomorrow,2.497
roulett,2.497
pool,2.497
worn,2.495
suburban,2.495
coolest,2.495
baffl,2.494
2014,2.494
judgement,2.493
sweat,2.493
bro,2.492
saturday,2.491
marshal,2.491
lip,2.489
eric,2.489
abstract,2.489
epitom,2.489
rhythm,2.485
ebert,2.485
meat,2.484
extract,2.484
blur,2.484
ted,2.483
faint,2.483
craze,2.480
fest,2.476
bash,2.476
speci,2.475
pour,2.474
web,2.472
flashi,2.471
gear,2.471
ideolog,2.468
ace,2.466
acquir,2.462
sith,2.462
cun,2.462
spawn,2.462
trace,2.462
midst,2.461
ludicr,2.458
faster,2.458
bibl,2.453
visibl,2.453
festiv,2.451
poison,2.450
nake,2.450
hood,2.449
mayhem,2.448
javier,2.448
magazin,2.448
goofi,2.445
bathroom,2.444
simmon,2.444
oddli,2.444
tactic,2.442
clash,2.441
decor,2.441
outer,2.438
delic,2.438
habit,2.431
stylist,2.431
intertwin,2.430
trigger,2.429
superman,2.428
miseri,2.427
pattern,2.424
temper,2.424
unreal,2.423
kingdom,2.423
2004,2.422
unbear,2.418
caribbean,2.415
obscur,2.413
straightforward,2.413
lastli,2.410
moor,2.410
champion,2.410
1998,2.409
trio,2.409
fascist,2.408
greedi,2.407
fifth,2.406
uncov,2.405
tall,2.404
transfer,2.404
crystal,2.402
stab,2.400
rick,2.400
grey,2.398
grail,2.396
elderli,2.395
vega,2.393
brood,2.392
comprehend,2.391
distinguish,2.390
pregnant,2.387
spine,2.384
fundament,2.383
india,2.381
cake,2.381
liberti,2.380
distress,2.374
butt,2.374
chop,2.372
forti,2.372
chronolog,2.372
cave,2.372
fifti,2.372
quarter,2.372
myth,2.372
climat,2.370
drew,2.370
neighborhood,2.369
print,2.366
entranc,2.365
bend,2.364
shorter,2.360
recruit,2.358
patienc,2.357
melodrama,2.356
troop,2.354
uncl,2.354
princip,2.353
clone,2.350
0,2.349
disguis,2.347
conscienc,2.342
2002,2.341
kyle,2.339
yoda,2.339
shutter,2.338
robberi,2.338
mill,2.337
sensibl,2.337
nuclear,2.337
medic,2.336
wooden,2.334
1977,2.332
stark,2.330
wash,2.329
bounti,2.327
meticul,2.325
downfal,2.324
honesti,2.324
newspap,2.321
restaur,2.318
capit,2.313
vital,2.312
1940,2.311
adrenalin,2.309
primarili,2.306
flew,2.305
sarah,2.305
trade,2.304
glorifi,2.303
prejudic,2.302
ark,2.299
composit,2.296
heist,2.296
princ,2.294
moon,2.293
ocean,2.292
judgment,2.291
casual,2.289
underground,2.287
particip,2.286
winter,2.284
indi,2.282
bland,2.282
patriot,2.278
represent,2.278
conceiv,2.277
exposit,2.277
confin,2.275
nobl,2.275
futurist,2.274
float,2.274
jurass,2.274
inmat,2.273
suprem,2.272
drunk,2.271
wachowski,2.270
screw,2.265
poetic,2.263
di,2.261
cruelti,2.260
mindless,2.260
monologu,2.260
linear,2.257
wolf,2.257
jerri,2.257
stolen,2.254
wander,2.251
weaver,2.251
lawyer,2.248
daili,2.240
lifestyl,2.239
artifici,2.239
code,2.237
pari,2.236
london,2.233
stole,2.233
ralph,2.233
influenti,2.231
casino,2.229
infam,2.221
slaveri,2.220
easier,2.217
orson,2.216
jason,2.214
alli,2.214
consum,2.214
beaten,2.213
vito,2.212
fought,2.212
gruesom,2.211
restor,2.208
gori,2.206
kiss,2.203
bird,2.203
jacket,2.202
arnold,2.202
bride,2.200
backdrop,2.198
lean,2.198
opera,2.195
watchabl,2.195
prestig,2.195
routin,2.194
span,2.191
graviti,2.187
ambit,2.186
trek,2.185
arrest,2.184
whatsoev,2.184
bone,2.183
guilt,2.183
card,2.182
shark,2.181
witch,2.178
popul,2.176
cooper,2.175
spoken,2.174
punish,2.170
damag,2.167
eeri,2.167
con,2.165
guid,2.164
underr,2.161
irrit,2.159
pursu,2.155
wing,2.153
mankind,2.151
quirki,2.151
wilder,2.148
galaxi,2.146
ironi,2.142
lower,2.135
religion,2.132
examin,2.132
corpor,2.129
corleon,2.128
hatr,2.128
liam,2.126
sin,2.120
aid,2.116
ambiti,2.115
vulner,2.110
lewi,2.109
casablanca,2.109
anderson,2.107
heat,2.106
clockwork,2.104
calm,2.104
horrif,2.103
sheen,2.103
stock,2.102
pretend,2.097
beach,2.094
spectacl,2.092
random,2.090
emperor,2.089
ambigu,2.084
assist,2.080
mel,2.075
boat,2.073
heroin,2.070
fals,2.068
poorli,2.067
thoma,2.059
heroic,2.058
runner,2.055
blind,2.054
stunt,2.052
brown,2.050
kidnap,2.048
nonsens,2.048
gump,2.046
jewish,2.045
absurd,2.045
convict,2.044
ghost,2.042
treatment,2.040
forrest,2.037
mafia,2.033
translat,2.027
rivet,2.025
suicid,2.023
blame,2.020
odyssey,2.019
dirti,2.018
hitler,2.010
hospit,2.008
ruthless,2.008
cameron,2.006
blade,2.005
defeat,1.993
intern,1.992
intellectu,1.979
documentari,1.969
bat,1.968
lone,1.967
darth,1.965
robin,1.947
mob,1.939
legend,1.920
televis,1.919
silenc,1.913
gritti,1.907
johnni,1.899
vader,1.896
solo,1.886
70,1.883
nation,1.879
memento,1.871
hardi,1.870
anger,1.868
max,1.866
matt,1.864
herself,1.849
kane,1.848
sick,1.844
mask,1.841
clint,1.841
photographi,1.841
path,1.833
boss,1.832
wood,1.814
driver,1.808
husband,1.808
accent,1.804
eastwood,1.797
british,1.789
ryan,1.781
captain,1.779
ben,1.774
russel,1.771
gangster,1.755
quentin,1.753
sex,1.752
alfr,1.727
empir,1.710
brad,1.675
frank,1.658
narrat,1.657
martin,1.629
pulp,1.625
scienc,1.575
joker,1.566
drug,1.513
shoot,1.495
brutal,1.488
tarantino,1.486
peter,1.422
christoph,1.314
