mari,886.944
max,817.132
anim,381.910
asperg,259.519
letter,225.582
elliot,189.306
friendship,187.100
claymat,155.580
australia,148.051
syndrom,145.243
clay,141.198
her,134.342
pen,134.171
depress,127.564
she,119.352
obes,118.013
pal,113.553
hoffman,112.960
york,112.889
live,112.226
voic,107.119
girl,106.466
write,105.626
australian,101.419
adam,99.651
seymour,97.494
friend,97.109
dinkl,93.175
lone,92.463
chocol,90.741
charact,89.152
adult,86.510
humphri,85.584
film,84.605
narrat,84.523
life,82.720
their,81.822
two,79.996
an,78.842
year,77.989
collett,77.198
veri,76.688
alcohol,75.924
loneli,75.707
humor,74.999
s,74.492
each,73.521
krumpet,71.862
melbourn,70.178
world,69.780
are,69.525
philip,68.538
new,68.505
motion,68.377
they,67.769
stori,67.577
sad,66.128
feel,66.017
you,65.682
with,65.156
i,64.819
old,63.838
watch,62.204
about,61.928
funni,61.926
love,61.666
emot,61.595
from,61.493
both,60.855
stop,60.592
other,60.405
noblet,60.289
mental,59.916
by,59.876
as,59.007
gromit,58.626
harvi,58.371
mother,57.497
so,57.463
theme,57.419
or,57.322
beauti,57.154
between,57.036
these,56.826
barri,56.532
peopl,56.345
birthmark,56.074
ha,56.058
becaus,55.782
touch,55.236
be,54.412
like,54.011
which,53.903
detail,53.897
who,53.637
horowitz,53.329
children,52.876
littl,52.356
not,52.180
can,51.757
we,51.256
on,50.919
aardman,50.726
differ,49.968
kid,49.868
dark,49.665
how,49.450
whitmor,49.413
there,49.285
thing,49.170
way,49.010
2009,48.997
one,48.824
for,48.688
bethani,48.226
man,48.179
movi,47.944
at,47.796
phone,47.746
find,47.702
have,47.668
horovitz,47.370
bulli,47.357
end,47.323
but,47.105
some,46.710
toni,46.685
that,46.678
t,46.674
wa,46.644
them,46.567
even,46.352
more,45.942
black,45.832
my,45.519
featur,45.335
social,45.255
much,45.132
most,44.949
onli,44.840
uniqu,44.514
just,44.381
such,44.270
laugh,44.236
our,44.142
never,44.131
amp,44.119
me,44.115
hi,44.107
will,43.934
think,43.834
through,43.657
would,43.612
anxieti,43.502
44,43.207
also,43.177
mani,43.157
understand,42.918
well,42.905
happi,42.705
wonder,42.161
realli,41.881
book,41.839
random,41.809
in,41.797
age,41.787
when,41.741
make,41.524
aspi,41.466
us,41.219
use,41.182
move,40.671
humour,40.498
suicid,40.461
someth,40.255
he,39.968
matur,39.765
8,39.762
unlik,39.710
work,39.652
correspond,39.630
colour,39.410
moment,39.083
give,38.852
daisi,38.130
day,38.086
form,38.026
if,37.902
style,37.893
made,37.763
young,37.694
sweet,37.113
person,36.809
suburb,36.705
heart,36.458
real,36.406
up,36.249
time,36.236
than,36.206
subject,35.983
creat,35.755
is,35.730
cri,35.684
experi,35.625
relationship,35.256
send,35.076
short,34.995
choos,34.924
tale,34.730
it,34.650
no,34.563
sera,34.451
babi,34.342
all,34.168
parent,34.069
jerri,33.851
share,33.801
quit,33.697
simpl,33.534
issu,33.299
too,33.267
10,33.255
often,33.243
randomli,33.222
name,33.206
wallac,33.147
while,32.963
get,32.846
brown,32.806
out,32.795
becom,32.681
review,32.629
don,32.548
relat,32.487
rather,32.409
child,32.275
know,32.267
found,32.262
deepli,32.224
want,32.160
own,32.014
present,32.008
teas,31.967
color,31.959
tone,31.911
see,31.737
eight,31.566
ill,31.175
human,31.059
first,30.721
recommend,30.638
tear,30.479
almost,30.418
yet,30.400
father,30.128
matter,30.058
do,29.945
audienc,29.899
what,29.857
cartoon,29.753
comedi,29.695
though,29.681
into,29.658
perfect,29.510
despit,29.497
over,29.477
meet,29.416
charm,29.280
music,29.253
deal,29.235
decid,29.138
idea,29.026
thought,28.995
eye,28.970
to,28.931
hope,28.814
tell,28.727
heartfelt,28.717
where,28.652
few,28.588
take,28.514
rooster,28.358
lot,28.138
good,28.107
thi,28.027
poo,27.947
white,27.917
address,27.908
need,27.861
viewer,27.704
word,27.700
autism,27.612
rare,27.529
seem,27.497
coralin,27.483
your,27.421
main,27.414
ani,27.322
everyth,27.321
surpris,27.263
incred,27.260
penpal,27.169
genuin,27.082
full,27.002
forehead,26.970
nice,26.928
those,26.916
middl,26.803
true,26.766
due,26.728
show,26.702
overweight,26.675
whi,26.670
come,26.614
jewish,26.586
societi,26.507
same,26.476
doesn,25.897
strang,25.888
howev,25.851
plasticin,25.838
been,25.747
him,25.707
around,25.687
befor,25.451
seen,25.449
common,25.407
art,25.394
fact,25.340
question,25.207
sever,25.171
aspect,25.149
red,25.074
long,25.010
a,25.005
had,24.999
might,24.966
honest,24.935
part,24.783
begin,24.743
receiv,24.657
extrem,24.639
great,24.600
element,24.536
suffer,24.532
should,24.495
then,24.476
doe,24.472
ever,24.465
chanc,24.416
start,24.376
here,24.375
go,24.313
disord,24.056
bore,24.018
although,23.861
sepia,23.840
melancholi,23.809
yourself,23.802
bizarr,23.792
of,23.787
someon,23.782
mean,23.737
bittersweet,23.675
along,23.611
felt,23.590
bana,23.557
p,23.511
messag,23.494
innoc,23.482
were,23.461
rate,23.412
accept,23.399
minut,23.327
sens,23.219
imdb,23.158
and,23.123
written,23.108
off,23.099
top,23.041
perpetuum,23.037
look,22.981
citi,22.858
am,22.802
witti,22.777
down,22.761
persepoli,22.641
anyon,22.568
everi,22.551
bad,22.537
explor,22.522
neglect,22.495
origin,22.459
light,22.416
alon,22.399
script,22.282
say,22.221
problem,22.219
pretti,22.204
exchang,22.126
may,22.117
visual,22.015
bit,21.999
learn,21.987
hilari,21.862
250,21.807
factori,21.794
expect,21.744
commun,21.639
heartbreak,21.581
sometim,21.580
best,21.489
screen,21.397
away,21.327
provid,21.319
call,21.238
ve,21.227
goe,21.218
m,21.147
pixar,21.101
develop,21.081
thank,20.964
re,20.919
face,20.864
filmmak,20.856
disabl,20.723
40,20.714
still,20.687
base,20.626
gener,20.564
poignant,20.564
20,20.563
appreci,20.474
kind,20.464
apart,20.400
worth,20.397
either,20.339
piec,20.314
half,20.275
remind,20.258
truli,20.208
after,20.200
elliott,20.193
connect,20.192
got,20.106
pet,20.095
gem,20.064
right,20.058
sure,20.046
could,19.929
pain,19.897
read,19.890
especi,19.842
grow,19.825
includ,19.781
certain,19.740
exist,19.738
plot,19.713
similar,19.659
throughout,19.603
definit,19.553
self,19.507
design,19.503
burton,19.414
appear,19.412
bring,19.404
scene,19.367
quirki,19.362
medium,19.337
side,19.327
whole,19.296
condom,19.296
distanc,19.230
highli,19.205
seriou,19.064
without,19.043
favourit,19.028
view,18.984
forti,18.975
care,18.965
perspect,18.948
far,18.883
mention,18.866
better,18.824
teabag,18.817
mation,18.817
yorker,18.817
american,18.811
limit,18.747
strong,18.710
amaz,18.600
imperfect,18.599
herself,18.491
enjoy,18.476
gag,18.437
effort,18.436
kleptomaniac,18.430
impress,18.414
let,18.379
excel,18.345
pleas,18.318
tri,18.273
endear,18.242
fall,18.212
attent,18.191
mostli,18.158
delight,18.038
pass,18.028
appeal,18.021
until,18.005
hard,17.997
attack,17.986
mix,17.968
unusu,17.898
big,17.847
waverley,17.845
joke,17.799
difficult,17.735
depict,17.726
across,17.711
isn,17.695
simpli,17.686
childhood,17.671
routin,17.555
comfort,17.544
fascin,17.541
pick,17.528
insecur,17.449
lovabl,17.413
sherri,17.408
describ,17.385
done,17.354
deep,17.351
balanc,17.329
rememb,17.205
odd,17.154
everyon,17.148
poor,17.118
clever,17.092
death,17.074
morbidli,17.071
pom,17.060
now,17.048
god,17.042
outcast,17.028
univers,17.003
overal,16.956
constant,16.942
didn,16.923
second,16.850
normal,16.839
list,16.811
grey,16.785
help,16.750
win,16.745
final,16.741
ugli,16.734
complet,16.712
mood,16.694
manner,16.674
interest,16.631
cover,16.616
dead,16.616
ask,16.596
affect,16.573
keep,16.550
friendless,16.521
upon,16.510
ll,16.473
ethel,16.409
typewrit,16.405
follow,16.386
drama,16.367
anoth,16.331
pace,16.319
mind,16.299
struggl,16.292
craft,16.261
mobil,16.252
set,16.241
natur,16.239
did,16.206
topic,16.193
trait,16.184
line,16.135
last,16.100
oscar,16.095
exampl,16.079
outsid,16.075
point,16.050
content,16.018
deserv,16.005
myself,15.991
place,15.988
drunk,15.896
depth,15.862
abl,15.852
flaw,15.810
least,15.805
shi,15.803
chang,15.723
realiti,15.635
put,15.629
hand,15.623
back,15.578
maintain,15.577
noth,15.567
enough,15.471
warm,15.466
produc,15.433
contin,15.380
possibl,15.379
happen,15.355
tast,15.336
given,15.310
gloomi,15.303
reflect,15.298
success,15.289
school,15.285
boy,15.264
fill,15.258
toward,15.200
display,15.199
eventu,15.192
favorit,15.191
bashir,15.151
warmth,15.139
stranger,15.130
insight,15.103
equal,15.101
figurin,15.099
curiou,15.076
fit,15.059
bleak,15.036
suburban,14.973
que,14.953
express,14.948
itself,14.943
eric,14.937
fantast,14.899
posit,14.889
wasn,14.868
choic,14.867
marri,14.850
mainstream,14.791
rel,14.644
therapist,14.622
edna,14.574
separ,14.554
gray,14.553
usual,14.530
9,14.520
instead,14.479
cours,14.469
narr,14.452
ceil,14.440
cure,14.378
america,14.377
believ,14.338
alway,14.323
intrigu,14.303
tragic,14.296
continu,14.296
confus,14.270
impact,14.262
shade,14.183
masterpiec,14.164
unforgett,14.159
actual,14.128
entir,14.127
open,14.111
told,14.091
smile,14.039
reach,14.030
sex,14.017
collect,13.983
portray,13.942
artist,13.934
except,13.933
food,13.918
turn,13.877
director,13.840
homophobia,13.796
via,13.738
lotteri,13.702
phillip,13.662
somewhat,13.659
product,13.635
older,13.595
pictur,13.591
overeat,13.585
combin,13.569
miser,13.559
suitabl,13.550
must,13.495
pitch,13.485
sinc,13.484
twenti,13.477
grim,13.463
honestli,13.461
televis,13.435
easili,13.404
ravioli,13.384
hot,13.380
mayb,13.340
high,13.328
admir,13.283
offer,13.251
finish,13.200
unstabl,13.194
quickli,13.168
diagnos,13.141
invent,13.128
direct,13.120
everybodi,13.116
truth,13.112
less,13.105
stuff,13.104
tini,13.089
mark,13.082
agoraphob,13.056
rich,13.056
titular,13.037
loud,13.030
condit,13.015
saw,13.010
clich,12.982
eat,12.970
small,12.947
shoplift,12.919
import,12.903
string,12.890
bond,12.889
advic,12.888
fulli,12.873
reason,12.861
won,12.836
tragedi,12.829
ordinari,12.825
hour,12.778
ago,12.756
wrong,12.720
add,12.720
1976,12.718
select,12.705
atheist,12.704
complex,12.693
soundtrack,12.690
colourless,12.682
treat,12.649
lack,12.645
themselv,12.637
attach,12.630
health,12.612
past,12.584
wouldn,12.582
forgiv,12.549
figur,12.540
particular,12.532
knew,12.529
fail,12.510
taxidermi,12.481
captur,12.427
valu,12.393
situat,12.392
sensit,12.386
sit,12.376
close,12.362
dull,12.360
wise,12.358
studio,12.346
dame,12.324
heavi,12.320
entertain,12.289
imaginari,12.279
certainli,12.277
unabl,12.253
clip,12.218
next,12.216
absolut,12.196
penguin,12.195
gloom,12.185
jew,12.175
grotesqu,12.154
talk,12.150
model,12.145
leav,12.138
fart,12.138
refresh,12.122
project,12.095
sympathi,12.086
recal,12.049
length,12.002
d,11.978
effect,11.977
tim,11.952
precis,11.904
later,11.894
drag,11.842
unfortun,11.829
storylin,11.714
occasion,11.695
sound,11.668
nyc,11.662
lovingli,11.648
onc,11.613
psycholog,11.589
adulthood,11.566
spend,11.476
creativ,11.469
notic,11.437
perfectli,11.429
manag,11.428
disney,11.426
condens,11.406
mount,11.405
beyond,11.330
somehow,11.306
troubl,11.297
wall,11.256
rang,11.238
sorri,11.206
further,11.192
smooth,11.191
2,11.186
titl,11.181
colett,11.180
soul,11.173
3,11.170
thrown,11.166
score,11.138
involv,11.135
said,11.090
engag,11.069
allow,11.068
dog,11.061
accident,11.033
left,11.016
creator,11.014
path,10.998
sort,10.959
refer,10.956
awkward,10.949
slight,10.932
save,10.929
song,10.915
extraordinari,10.912
serv,10.906
structur,10.895
evok,10.895
copi,10.888
talent,10.874
5,10.860
intend,10.859
decad,10.836
dreamwork,10.826
younger,10.819
experienc,10.802
attempt,10.777
respect,10.772
sudden,10.770
sea,10.769
encount,10.733
mime,10.722
autist,10.722
forget,10.696
slow,10.689
anonym,10.683
countri,10.681
7,10.672
bitter,10.657
90,10.630
jambareeqi,10.613
consist,10.597
alreadi,10.593
iron,10.562
damien,10.504
hit,10.501
dysfunct,10.490
isol,10.433
romant,10.409
tea,10.405
frequent,10.382
peculiar,10.371
cigarett,10.365
whose,10.364
opinion,10.359
disappoint,10.341
vera,10.328
panic,10.322
aim,10.264
neighbour,10.230
unconvent,10.223
initi,10.206
optimist,10.190
unbeliev,10.186
smurf,10.178
outstand,10.159
play,10.157
roll,10.151
enter,10.143
superb,10.129
wrap,10.129
everyday,10.114
probabl,10.107
respons,10.098
home,10.088
fragil,10.070
smoke,10.066
profound,10.029
ideal,10.021
case,10.016
penfriend,10.011
selick,10.011
kleptomania,10.011
immedi,9.995
chosen,9.992
anyth,9.975
cousin,9.971
challeng,9.968
hook,9.962
famili,9.962
note,9.961
spot,9.960
repres,9.935
inform,9.926
darker,9.922
exactli,9.883
cola,9.868
puddl,9.868
nomin,9.865
effortlessli,9.862
recipi,9.855
materi,9.844
special,9.815
togeth,9.812
milk,9.803
solid,9.769
known,9.755
wish,9.739
achiev,9.733
observ,9.726
woman,9.677
confuzzl,9.658
pompom,9.658
ultim,9.658
protagonist,9.645
prove,9.642
state,9.627
remain,9.613
etc,9.612
dislik,9.602
support,9.572
curios,9.557
skill,9.557
contribut,9.540
came,9.505
weirdo,9.499
abus,9.488
screenplay,9.484
2003,9.477
aren,9.476
imagin,9.463
higher,9.446
basic,9.446
consid,9.440
shine,9.406
japanes,9.405
empathi,9.403
qualiti,9.400
dealt,9.395
interact,9.392
answer,9.368
head,9.338
stark,9.322
aussi,9.307
painstakingli,9.307
tackl,9.287
fault,9.255
under,9.251
vote,9.233
four,9.230
preciou,9.227
touchi,9.190
inde,9.154
seri,9.128
prais,9.128
muddi,9.076
drug,9.076
tourett,9.056
unfold,9.041
ten,9.033
actor,9.026
brilliant,9.023
award,9.021
deliv,9.000
solitud,8.997
action,8.985
process,8.978
solac,8.971
stumbl,8.957
bar,8.946
atmospher,8.943
consol,8.934
everag,8.923
wit,8.913
fish,8.896
dramat,8.884
seek,8.879
cafe,8.863
constantli,8.860
weird,8.860
provok,8.850
reveal,8.828
friendli,8.823
mom,8.810
drawn,8.789
clear,8.782
reson,8.774
wide,8.773
inhabit,8.771
sent,8.767
span,8.766
air,8.753
earli,8.750
basi,8.748
cinemat,8.727
born,8.677
abov,8.663
lost,8.641
netflix,8.640
result,8.639
misfit,8.615
poignanc,8.615
telephon,8.601
caus,8.601
claim,8.593
act,8.592
evolv,8.572
scheme,8.561
studi,8.552
intrus,8.550
christma,8.543
newyork,8.530
desper,8.529
meaning,8.528
avoid,8.524
week,8.503
orchestra,8.501
plenti,8.486
neighbor,8.478
post,8.459
meant,8.443
pre,8.434
morbid,8.432
contact,8.429
mere,8.425
frame,8.425
himself,8.421
recent,8.413
marvel,8.412
satur,8.404
mr,8.390
clifford,8.385
inept,8.383
gradual,8.365
wors,8.361
link,8.355
type,8.347
shock,8.343
comput,8.343
prevent,8.330
esteem,8.325
misunderstand,8.321
somebodi,8.317
tissu,8.302
low,8.298
walk,8.290
writer,8.288
concern,8.282
waltz,8.270
amongst,8.259
introspect,8.243
mail,8.232
pair,8.231
worker,8.228
whimsic,8.211
importantli,8.198
fold,8.197
accompani,8.188
altern,8.180
dialogu,8.179
fine,8.179
absurd,8.178
undoubtedli,8.177
etern,8.173
fulfil,8.157
hollywood,8.146
raw,8.137
cast,8.125
build,8.097
greatli,8.091
cruel,8.081
exud,8.078
harsh,8.075
inner,8.071
comed,8.061
dumpi,8.055
fear,8.050
insignific,8.046
compel,8.043
margin,8.040
drink,8.040
chord,8.037
accord,8.016
muriel,8.011
els,8.008
daughter,7.992
vocal,7.992
standard,7.978
ador,7.964
dialog,7.963
took,7.959
invis,7.957
inspir,7.946
purpos,7.940
realist,7.937
shape,7.904
satir,7.892
noel,7.889
imposs,7.881
remark,7.879
nevertheless,7.867
guy,7.851
decay,7.851
addict,7.849
triumph,7.845
goal,7.842
suggest,7.841
strongli,7.830
job,7.824
artistri,7.822
mute,7.814
landscap,7.788
verg,7.779
growth,7.774
power,7.766
unexpect,7.760
couldn,7.758
five,7.753
tragicomedi,7.750
puppet,7.744
len,7.734
outlin,7.729
concept,7.729
seventi,7.717
tremend,7.710
again,7.709
event,7.701
grown,7.701
compens,7.677
fortun,7.674
cute,7.659
improp,7.658
dure,7.657
clearli,7.648
electroshock,7.630
rotten,7.624
e,7.623
appropri,7.615
non,7.615
kept,7.610
scatolog,7.602
radic,7.602
existenti,7.600
page,7.599
synopsi,7.598
distort,7.593
male,7.591
stream,7.585
unit,7.575
explicit,7.574
blogspot,7.559
regret,7.558
pleasur,7.554
instanc,7.539
late,7.535
tv,7.534
70,7.532
thoroughli,7.523
contain,7.510
diseas,7.503
total,7.498
nearli,7.483
monochromat,7.476
lip,7.468
sentiment,7.457
succeed,7.457
heartwarm,7.449
ad,7.444
virtu,7.441
unhappi,7.433
eliot,7.409
mock,7.399
realiz,7.397
term,7.394
80,7.382
forgett,7.378
ye,7.365
wear,7.344
schoolmat,7.326
imag,7.323
confront,7.318
delic,7.315
mainli,7.311
particularli,7.307
realis,7.296
watt,7.287
highlight,7.286
miseri,7.280
lesson,7.268
pleasantli,7.261
cope,7.261
wait,7.259
secondari,7.255
object,7.254
shown,7.250
plump,7.250
husband,7.231
perhap,7.220
pubesc,7.215
pure,7.210
therefor,7.204
tongu,7.202
the,7.193
brought,7.186
damn,7.183
partli,7.182
hyster,7.181
goldfish,7.181
convey,7.181
flow,7.177
compani,7.176
neither,7.175
hear,7.173
distinguish,7.170
evid,7.168
went,7.165
internet,7.157
lose,7.154
rift,7.148
tire,7.147
anyway,7.143
gay,7.131
butt,7.122
pop,7.119
favour,7.105
befriend,7.098
cross,7.096
1,7.092
patienc,7.071
whether,7.047
soon,7.044
intellig,7.041
bare,7.036
sequenc,7.034
drown,7.032
spent,7.018
newborn,7.014
freakish,7.014
enchant,7.005
usa,7.004
piano,6.997
wash,6.987
maker,6.986
halfway,6.980
reciproc,6.961
perceiv,6.952
antisoci,6.948
difficulti,6.947
childish,6.915
prejudic,6.906
resolut,6.904
commit,6.890
chubbi,6.886
progress,6.885
storytel,6.884
coupl,6.883
mistak,6.882
carri,6.881
trust,6.868
warn,6.860
public,6.858
testament,6.852
singl,6.842
offend,6.838
discuss,6.831
thu,6.830
joy,6.825
reject,6.824
splendid,6.818
noirish,6.817
rais,6.811
vagu,6.806
symbol,6.802
shed,6.798
92,6.796
asid,6.775
distant,6.770
nine,6.769
miss,6.758
spoil,6.755
unrecognis,6.744
ignor,6.739
awesom,6.738
handl,6.728
compar,6.720
underli,6.716
major,6.698
1970,6.694
comic,6.688
footnot,6.685
guess,6.684
birth,6.675
slightli,6.674
finest,6.665
individu,6.659
84,6.657
overjoy,6.657
requir,6.653
grip,6.643
uplift,6.642
poster,6.638
earlier,6.627
naiv,6.612
glass,6.611
bird,6.609
repetit,6.606
approach,6.587
press,6.576
2nd,6.574
match,6.570
key,6.565
behind,6.560
befal,6.554
uncomfort,6.547
night,6.545
regard,6.531
strike,6.520
unattract,6.514
indic,6.507
gave,6.502
heartach,6.499
sincer,6.498
corner,6.477
chronic,6.476
averag,6.460
liner,6.459
notion,6.451
team,6.442
cannot,6.439
lead,6.436
ironi,6.426
vision,6.423
worthi,6.411
spell,6.408
cinema,6.396
amend,6.392
upset,6.383
demon,6.381
brilliantli,6.381
odditi,6.372
grammar,6.372
bag,6.359
goer,6.352
liter,6.345
haven,6.340
painstak,6.339
predominantli,6.333
vulner,6.331
exam,6.314
benni,6.296
grasp,6.282
ear,6.281
typic,6.277
lucki,6.274
paper,6.267
execut,6.251
recess,6.226
meanwhil,6.225
empathet,6.221
fun,6.212
alien,6.211
abil,6.207
seam,6.204
consider,6.203
choru,6.199
period,6.197
lie,6.195
unlucki,6.194
pathet,6.191
afterward,6.189
oddbal,6.188
teen,6.179
previous,6.174
dissatisfi,6.167
mould,6.167
insensit,6.157
nick,6.155
sandwich,6.147
countless,6.145
unfunni,6.132
pee,6.132
surgeri,6.117
disturb,6.114
convent,6.106
discov,6.102
larg,6.100
control,6.096
overcom,6.095
theori,6.094
frankli,6.089
failur,6.083
degre,6.075
odyssey,6.058
wallow,6.055
nightmar,6.054
immens,6.047
upbring,6.042
highest,6.038
forth,6.034
eponym,6.033
imprint,6.024
piti,6.020
character,6.019
news,6.011
wast,6.010
hobbi,6.006
afflict,6.006
twist,6.006
essenc,6.004
bullshit,5.993
entangl,5.993
sharp,5.976
bright,5.974
whim,5.972
melanchol,5.972
creation,5.969
flick,5.965
distrust,5.944
gosh,5.936
fan,5.932
bottom,5.929
dispar,5.928
method,5.927
insid,5.926
stain,5.920
among,5.911
endur,5.908
academi,5.904
reward,5.891
fantasi,5.881
astonish,5.874
latter,5.869
rip,5.864
role,5.863
correct,5.860
identifi,5.854
previou,5.853
defect,5.849
surfac,5.848
revel,5.834
manhattan,5.834
sympathis,5.824
com,5.816
cheer,5.811
flat,5.807
distract,5.799
recip,5.796
overwhelm,5.794
hint,5.785
sexual,5.776
offic,5.775
gonna,5.772
deadpan,5.769
lifelong,5.769
oh,5.769
henri,5.747
quiet,5.746
near,5.744
core,5.743
frustrat,5.735
disturbingli,5.734
reli,5.732
clunki,5.731
complaint,5.730
anybodi,5.729
brief,5.727
assum,5.725
reclus,5.725
coincident,5.725
convinc,5.719
tailor,5.715
easi,5.712
grab,5.702
met,5.695
mine,5.695
hidden,5.693
drab,5.691
courtesi,5.691
geniu,5.682
myriad,5.682
amus,5.675
likabl,5.674
grind,5.673
bread,5.667
cooki,5.664
turkey,5.661
tomato,5.661
cream,5.656
th,5.656
blend,5.652
palett,5.644
tend,5.642
saddest,5.633
layer,5.624
outset,5.624
fellow,5.624
blue,5.624
bigger,5.624
teach,5.595
within,5.591
speech,5.588
cutter,5.586
thousand,5.585
diet,5.584
movement,5.581
stupend,5.578
pull,5.576
capabl,5.566
quirk,5.565
utterli,5.565
harvey,5.563
stay,5.562
signific,5.559
recogn,5.557
readi,5.550
patron,5.550
central,5.545
lighten,5.532
bewild,5.532
sick,5.532
count,5.528
paint,5.527
chunk,5.520
opposit,5.510
visit,5.509
tricki,5.503
lorrain,5.498
improv,5.488
shred,5.472
dvd,5.471
tortur,5.469
suppos,5.468
park,5.462
chicken,5.460
dissect,5.460
industri,5.458
afraid,5.457
incap,5.455
intens,5.453
accur,5.451
juxtaposit,5.446
prompt,5.442
stuf,5.442
punctuat,5.440
stink,5.435
taken,5.434
mile,5.427
loos,5.424
juxtapos,5.413
spectrum,5.409
compris,5.404
richli,5.402
wider,5.402
blown,5.398
craftsmanship,5.394
sundanc,5.391
road,5.389
contract,5.387
toy,5.376
optim,5.368
spoiler,5.360
blunt,5.360
intro,5.342
hum,5.340
establish,5.334
regularli,5.334
bubbl,5.326
local,5.322
greek,5.322
departur,5.322
soar,5.318
extra,5.311
pervers,5.310
scotland,5.310
soundtrackexcel,5.306
ardman,5.306
amizad,5.306
despereaux,5.306
plotlov,5.306
liquoric,5.306
heslop,5.306
mouskouri,5.306
horovitzen,5.306
harvie,5.306
worldchang,5.306
wolli,5.306
humphrei,5.306
airbal,5.306
halil,5.306
isolationth,5.306
disabilit,5.306
andgeographi,5.306
claymot,5.306
agrophobia,5.306
diferent,5.306
whatsapp,5.306
geyer,5.306
krumpt,5.306
282,5.306
untrodden,5.306
coomb,5.306
aspergerian,5.306
apserg,5.306
laika,5.306
clamat,5.306
sometimesw,5.306
babycak,5.306
contesser,5.306
hislop,5.306
hazelhof,5.306
huriy,5.306
foreshor,5.306
monash,5.306
worldcreat,5.306
animationcon,5.306
actressesorigin,5.306
needlework,5.306
ramdomli,5.306
charactersamaz,5.306
twinklingli,5.306
658,5.306
cegavsk,5.306
clayographi,5.306
gaze,5.301
knee,5.301
misunderstood,5.299
mutual,5.285
silli,5.279
sigh,5.276
therapi,5.276
creatur,5.276
obsess,5.273
retrospect,5.269
lurk,5.263
sadden,5.261
harmoni,5.250
shrek,5.241
profil,5.238
hardli,5.235
notch,5.232
convers,5.230
flavor,5.222
stick,5.219
presenc,5.205
subtext,5.204
push,5.201
obnoxi,5.199
retriev,5.189
month,5.187
besid,5.182
plu,5.178
sugar,5.176
excit,5.167
necessari,5.164
beer,5.161
order,5.157
abund,5.151
repeat,5.149
spectat,5.148
defin,5.141
decis,5.137
grief,5.132
hostil,5.129
ground,5.126
cut,5.121
budget,5.120
hate,5.118
prospect,5.113
essenti,5.108
incarn,5.093
secret,5.092
friday,5.089
vulgar,5.084
interrupt,5.080
corps,5.078
draw,5.067
eleph,5.056
planet,5.041
runtim,5.041
earl,5.031
crude,5.020
money,5.018
publish,5.013
heap,5.013
otherwis,5.010
lamington,5.005
grommit,5.005
austalian,5.005
driveinzeppelin,5.005
waverli,5.005
asberg,5.005
chare,5.005
wombat,5.005
nobbl,5.005
blink,5.003
cheek,5.002
dive,4.998
homosexu,4.991
level,4.985
graphic,4.984
cherish,4.982
hardship,4.976
video,4.945
unpleas,4.940
poetri,4.935
100,4.931
watcher,4.916
festiv,4.903
ridicul,4.895
drain,4.894
mate,4.891
button,4.888
town,4.881
repli,4.878
forev,4.877
critic,4.873
slice,4.867
episod,4.867
habit,4.863
stylist,4.863
numb,4.861
psychiatrist,4.860
annoy,4.858
today,4.857
satisfact,4.857
step,4.854
whatev,4.854
durat,4.851
terrif,4.850
2004,4.844
languag,4.840
infinit,4.840
complement,4.835
chomet,4.829
blessed,4.829
barrett,4.829
outbound,4.829
abig,4.829
austrailia,4.829
kuni,4.829
obscur,4.826
30,4.818
spectacular,4.813
24,4.796
slapstick,4.796
walt,4.793
elderli,4.790
respond,4.786
releas,4.784
urban,4.779
cultur,4.778
pregnant,4.775
ameli,4.773
nuditi,4.770
predict,4.769
trend,4.766
member,4.763
street,4.763
resid,4.762
absenc,4.760
eleg,4.760
uninterest,4.749
distress,4.749
emphasi,4.748
intim,4.741
paus,4.741
keen,4.731
contempl,4.730
chest,4.725
gentl,4.721
ok,4.710
mumford,4.704
svankmaj,4.704
grayscal,4.704
prostat,4.704
tino,4.704
athiest,4.704
taxidermist,4.704
apost,4.704
bestfriend,4.704
quay,4.704
ottawa,4.704
lacan,4.704
stopmot,4.704
mainsteam,4.704
silvain,4.704
tepidli,4.704
ensu,4.699
0,4.698
nostalg,4.697
slap,4.690
worthwhil,4.688
weak,4.682
fare,4.681
confirm,4.679
6,4.675
suppli,4.675
nest,4.675
sensibl,4.674
evolut,4.666
lengthi,4.666
grate,4.666
verbal,4.665
die,4.650
honesti,4.648
purchas,4.647
mixtur,4.645
african,4.645
occupi,4.643
incorpor,4.639
serious,4.633
vari,4.632
forward,4.629
amount,4.626
closest,4.621
hopeless,4.618
packag,4.613
stupid,4.610
pss,4.607
mila,4.607
booni,4.607
bodi,4.605
solut,4.595
composit,4.592
polish,4.587
offens,4.587
background,4.585
divers,4.585
moon,4.585
ocean,4.584
simplic,4.579
prostitut,4.578
format,4.577
smaller,4.575
sunshin,4.571
becam,4.568
aesthet,4.565
exposit,4.554
chain,4.553
spare,4.539
prop,4.535
illus,4.532
eccentr,4.531
sublim,4.530
puccini,4.528
absinth,4.528
cheesili,4.528
diorama,4.528
nana,4.528
minuta,4.528
superfici,4.520
access,4.520
crush,4.517
gloriou,4.508
14,4.503
eas,4.502
pro,4.499
journey,4.496
impli,4.492
run,4.491
phrase,4.491
function,4.480
daili,4.480
hesit,4.475
laid,4.473
burst,4.473
hous,4.464
austrailian,4.461
suberbl,4.461
portmanteau,4.461
hypersensit,4.461
gloomili,4.461
gs,4.461
berlinal,4.461
hotdog,4.461
bite,4.451
properli,4.447
channel,4.446
characterist,4.437
pressur,4.436
borrow,4.424
compass,4.424
moral,4.423
confess,4.419
promot,4.418
hell,4.418
memori,4.415
vivid,4.411
invit,4.410
digit,4.404
agoraphobia,4.403
styrofoam,4.403
bellevil,4.403
reindeer,4.403
domicil,4.403
prize,4.403
bride,4.401
expand,4.397
devast,4.392
coaster,4.392
watchabl,4.390
swear,4.390
descript,4.383
dri,4.372
multi,4.370
fix,4.368
globe,4.367
bone,4.366
guilt,4.366
showcas,4.365
room,4.363
portrait,4.358
institut,4.358
render,4.355
roller,4.355
multicolor,4.352
parenthet,4.352
nuthin,4.352
hoffmann,4.352
hobbyist,4.352
idiomat,4.352
lumi,4.352
forgot,4.351
ran,4.345
remot,4.342
despair,4.341
con,4.329
lift,4.325
urg,4.325
shut,4.314
proper,4.313
ice,4.311
sweep,4.309
wave,4.307
soundless,4.306
condition,4.306
edict,4.306
transatlant,4.306
skype,4.306
salv,4.306
gone,4.299
kudo,4.297
treasur,4.296
lame,4.288
wherea,4.288
skip,4.285
career,4.282
ton,4.282
indulg,4.281
reminisc,4.280
lay,4.279
alik,4.277
nuanc,4.273
illustr,4.271
facial,4.266
novel,4.265
psychoanalyst,4.265
asymmetr,4.265
raouldukeatthemovi,4.265
switch,4.265
greatest,4.263
enthral,4.262
instant,4.262
number,4.260
glimps,4.259
guarante,4.246
stun,4.245
scope,4.234
speak,4.232
three,4.231
ambiti,4.230
narat,4.227
harridan,4.227
providenti,4.227
sole,4.225
instantli,4.221
escap,4.217
freak,4.204
guilti,4.200
wound,4.199
mid,4.198
jackman,4.197
compet,4.195
hoper,4.192
teeve,4.192
cringi,4.192
lumpi,4.192
hamfist,4.192
maladjust,4.192
fairi,4.192
split,4.175
accid,4.174
deliber,4.167
shot,4.162
grayish,4.160
bound,4.156
sympathet,4.155
exagger,4.148
nowaday,4.148
trash,4.146
anywher,4.145
flash,4.143
marriag,4.141
engross,4.141
explain,4.139
bed,4.139
fals,4.136
poorli,4.135
schoolyard,4.130
disarmingli,4.130
emerg,4.124
regular,4.123
weight,4.123
surreal,4.119
independ,4.114
controversi,4.113
absorb,4.112
target,4.109
expos,4.107
blind,4.107
tatum,4.102
oversel,4.102
asp,4.102
atheism,4.102
unsightli,4.102
metaphor,4.101
debut,4.096
gump,4.092
abandon,4.087
site,4.085
modern,4.080
comment,4.077
totter,4.076
forrest,4.073
educ,4.072
ball,4.060
behavior,4.059
succe,4.058
heard,4.057
glori,4.057
amazingli,4.055
hypochondriac,4.051
curvebal,4.051
portli,4.051
brother,4.051
13,4.039
huge,4.036
memor,4.035
hermet,4.028
nicotin,4.028
siphon,4.028
enhanc,4.022
grew,4.021
arguabl,4.019
remov,4.018
virtual,4.011
brave,4.010
latest,4.008
unliv,4.005
flatul,4.005
defeat,3.987
solondz,3.984
unreservedli,3.984
droopi,3.984
tomatomet,3.984
acm,3.984
media,3.984
grade,3.981
commentari,3.978
confid,3.973
idiot,3.972
gorgeou,3.971
doctor,3.967
acclaim,3.964
lethargi,3.964
triplet,3.964
xxi,3.964
unremittingli,3.964
stymi,3.964
fatter,3.964
wonki,3.964
futur,3.952
whoosh,3.945
depreci,3.945
chunki,3.945
hadn,3.940
teacher,3.939
celebr,3.934
closer,3.934
master,3.931
hair,3.931
circumst,3.929
overli,3.927
waddl,3.926
mic,3.926
rotund,3.926
facsimil,3.926
clam,3.926
179,3.926
nowher,3.925
hold,3.919
mediocr,3.917
sweeten,3.908
scruff,3.891
smelt,3.891
grammat,3.891
inattent,3.891
understood,3.891
replac,3.890
pointless,3.878
sat,3.876
environ,3.875
stereotyp,3.871
belief,3.869
depend,3.862
disgust,3.860
doubt,3.859
unglamor,3.859
cauldron,3.859
crowd,3.859
genr,3.856
broken,3.850
account,3.849
consequ,3.844
childbirth,3.844
judaism,3.844
potion,3.844
enshrin,3.844
enumer,3.844
legend,3.840
record,3.835
hang,3.833
mass,3.830
prepubesc,3.829
somewher,3.825
listless,3.815
carcass,3.815
scarciti,3.815
corpul,3.815
elegi,3.815
tween,3.815
dissert,3.815
extend,3.808
11,3.807
attitud,3.805
punch,3.803
dirg,3.801
cornucopia,3.801
pointedli,3.801
began,3.798
forgotten,3.790
unexcept,3.788
construct,3.787
classic,3.787
shouldn,3.780
window,3.775
capot,3.775
bespectacl,3.775
serendip,3.775
04,3.775
happenst,3.762
rudolph,3.762
malleabl,3.762
bereav,3.762
purposeless,3.762
serendipit,3.762
peac,3.758
winner,3.754
pleasingli,3.750
lark,3.750
built,3.745
knowledg,3.744
memento,3.743
psycho,3.742
diagnosi,3.738
involuntari,3.738
hoist,3.738
anger,3.735
liabl,3.727
stinki,3.727
surprisingli,3.726
lollipop,3.715
humourless,3.715
creepi,3.714
weren,3.713
grace,3.709
mouth,3.706
logic,3.699
filmnomenon,3.694
jut,3.694
presumptu,3.694
stool,3.694
piranha,3.694
quick,3.691
driven,3.690
loss,3.689
socket,3.683
unless,3.680
fell,3.675
packet,3.673
mailbox,3.673
manipul,3.672
sleep,3.672
crap,3.672
reaction,3.670
forthright,3.663
disproportion,3.663
unmotiv,3.653
hag,3.653
manslaught,3.653
bootleg,3.653
transient,3.653
against,3.653
comparison,3.652
scale,3.645
deeper,3.645
rounder,3.644
continent,3.644
oscil,3.634
reced,3.634
smithereen,3.634
ship,3.634
complic,3.633
test,3.631
occur,3.631
peripheri,3.625
premis,3.623
gain,3.616
turnaround,3.616
led,3.616
fate,3.614
frighten,3.610
accent,3.608
hump,3.607
puf,3.607
neuros,3.607
cosmet,3.607
suddenli,3.607
superhero,3.600
unrelentingli,3.599
liven,3.599
round,3.594
workahol,3.590
malais,3.590
timefram,3.590
sheer,3.590
parcel,3.582
jest,3.582
eulog,3.582
inaccess,3.582
provinci,3.582
complementari,3.582
judg,3.582
ergo,3.574
diabet,3.574
underw,3.574
unengag,3.574
whiff,3.566
door,3.556
current,3.556
blockbust,3.555
fortuit,3.550
pamper,3.550
approx,3.550
elig,3.550
stupor,3.550
uncannili,3.550
manuscript,3.550
tsunami,3.550
peach,3.550
realism,3.544
determin,3.543
oasi,3.535
former,3.535
overr,3.532
accomplish,3.532
super,3.531
interpret,3.530
charit,3.528
techniqu,3.527
lookalik,3.521
charter,3.521
prepar,3.519
extrapol,3.514
unsentiment,3.514
moist,3.514
crumb,3.514
tenenbaum,3.507
prefer,3.502
twice,3.496
faith,3.494
accessori,3.493
madcap,3.493
curmudgeon,3.493
deplet,3.493
deject,3.493
cataton,3.493
potenti,3.485
stand,3.484
shifti,3.480
ungrat,3.480
cadenc,3.480
doubli,3.480
rim,3.480
storybook,3.480
desir,3.475
wile,3.474
succinct,3.474
oooh,3.474
deprec,3.474
complimentari,3.474
ivi,3.468
ascent,3.468
calam,3.468
pend,3.468
scant,3.468
satisfactorili,3.468
arriv,3.462
schmidt,3.461
crummi,3.461
foibl,3.455
overstat,3.455
passion,3.455
intang,3.449
duli,3.449
familiar,3.446
12,3.446
char,3.443
subtler,3.443
star,3.442
scribbl,3.437
fluctuat,3.437
54,3.437
straddl,3.431
kooki,3.431
melod,3.431
physiolog,3.431
water,3.431
locat,3.426
brain,3.426
individualist,3.426
lacklustr,3.426
captiv,3.425
dribbl,3.420
kafka,3.420
scissor,3.420
variou,3.419
influenc,3.418
forc,3.415
lonesom,3.414
hymn,3.414
irreplac,3.414
fro,3.409
compat,3.409
inquiri,3.409
amiss,3.403
shame,3.401
si,3.393
poorer,3.393
abras,3.393
unaffect,3.393
despond,3.393
womb,3.387
flawless,3.383
hideous,3.382
posh,3.382
deviant,3.382
slowli,3.381
surround,3.380
aliv,3.379
sweetest,3.377
dweller,3.377
pueril,3.377
pedophilia,3.377
parlor,3.377
oftentim,3.377
blizzard,3.372
recurr,3.372
wept,3.367
misgiv,3.362
delicaci,3.357
rank,3.357
lover,3.355
search,3.352
disk,3.352
dissuad,3.352
storag,3.352
insan,3.347
addit,3.346
rent,3.346
garish,3.343
horribl,3.339
track,3.338
autumn,3.333
unsubtl,3.333
era,3.330
o,3.329
smart,3.329
revuls,3.329
disson,3.329
fring,3.324
pm,3.320
rarest,3.320
lithuania,3.320
fluke,3.315
throw,3.315
unabash,3.311
chime,3.311
groundwork,3.311
wow,3.310
scare,3.309
apprais,3.306
pessim,3.306
metamorphosi,3.298
facilit,3.298
practis,3.298
troublesom,3.298
nonlinear,3.294
notebook,3.294
raspi,3.294
withdrawn,3.294
whimsi,3.289
devastatingli,3.289
biggest,3.289
front,3.287
justic,3.285
laptop,3.285
inquisit,3.277
sadder,3.277
frontal,3.277
sluggish,3.273
innocu,3.273
deduc,3.273
microphon,3.273
evenli,3.269
earthi,3.269
sculpt,3.265
indispens,3.261
beggar,3.261
redempt,3.257
centuri,3.256
quotat,3.253
fray,3.249
focu,3.248
land,3.247
check,3.243
implicit,3.238
benefici,3.238
cheeri,3.234
tidbit,3.234
sidewalk,3.234
sculptur,3.234
startlingli,3.231
unchang,3.231
aggrav,3.227
idiosyncrasi,3.224
fittingli,3.224
smitten,3.224
technic,3.222
magnific,3.222
geograph,3.220
exert,3.220
seclud,3.220
emo,3.220
jumpi,3.206
weirdli,3.206
travel,3.205
beli,3.203
trepid,3.203
nonexist,3.199
perform,3.196
outpost,3.196
urin,3.192
englishman,3.192
newbi,3.189
pacifist,3.186
bluntli,3.186
elat,3.182
manual,3.182
misconcept,3.182
misfir,3.182
advert,3.179
extraterrestri,3.179
96,3.179
cityscap,3.176
appar,3.173
busi,3.171
dishearten,3.170
skil,3.170
sensori,3.166
astoundingli,3.166
introduc,3.166
cartooni,3.163
physiqu,3.163
neglig,3.163
disposit,3.160
million,3.158
stutter,3.157
uncar,3.154
masterli,3.154
emphat,3.151
todd,3.151
quarrel,3.148
peg,3.148
companionship,3.148
spur,3.145
combo,3.145
maim,3.139
terribl,3.138
frown,3.136
frailti,3.136
cutesi,3.133
apathet,3.130
defici,3.130
aback,3.130
polit,3.127
pond,3.127
outlet,3.125
feedback,3.125
drive,3.123
eman,3.122
stint,3.119
beat,3.118
scent,3.116
picturesqu,3.116
facebook,3.116
fetish,3.113
dessert,3.113
thicken,3.110
dora,3.108
naiveti,3.108
sombr,3.105
microcosm,3.105
cultiv,3.102
mimick,3.102
surviv,3.097
jacqu,3.094
symptom,3.094
conclus,3.093
punchlin,3.092
appeas,3.092
milieu,3.092
defianc,3.092
log,3.089
unapologet,3.089
buy,3.087
hue,3.086
famou,3.084
94,3.084
admit,3.084
mad,3.079
tearjerk,3.076
formerli,3.071
antiqu,3.071
betti,3.068
class,3.067
pluck,3.066
playground,3.066
email,3.066
preconceiv,3.063
pertin,3.063
institution,3.061
sant,3.061
intrins,3.056
brag,3.053
glorious,3.053
65,3.053
butterfli,3.051
saccharin,3.049
tickl,3.044
jan,3.044
downbeat,3.044
uncondit,3.044
tint,3.044
85,3.042
psychiatr,3.042
undercurr,3.042
jolli,3.039
atom,3.037
noisi,3.035
untim,3.032
edg,3.028
prolif,3.028
gu,3.028
worst,3.026
glossi,3.025
handi,3.025
classmat,3.023
vent,3.023
31,3.023
deter,3.021
splendidli,3.021
fast,3.018
obviou,3.016
downer,3.010
zani,3.010
nerdi,3.007
innuendo,3.007
obvious,3.007
reconsid,3.005
game,3.004
introvert,3.003
fight,3.002
57,3.001
none,3.001
pj,2.999
mischiev,2.997
ride,2.996
agon,2.995
breakout,2.992
earth,2.991
pay,2.988
savor,2.984
daze,2.982
sooth,2.980
lucid,2.980
agre,2.979
yield,2.978
detractor,2.976
pedestrian,2.976
burger,2.976
ting,2.974
fixat,2.972
purest,2.970
overwrought,2.970
embellish,2.968
slew,2.968
overdo,2.968
volatil,2.966
arbitrari,2.962
unsympathet,2.958
victorian,2.958
curious,2.956
excruci,2.956
concis,2.956
powerless,2.956
transpar,2.956
donat,2.952
suffoc,2.952
train,2.952
smartli,2.948
adapt,2.947
forefront,2.945
adept,2.945
devour,2.945
chock,2.943
cathart,2.941
mistreat,2.941
mug,2.939
hellish,2.937
heavenli,2.933
careless,2.933
childlik,2.933
na,2.933
wherein,2.930
halt,2.930
contradictori,2.928
leisur,2.926
overt,2.926
problemat,2.924
infuri,2.924
unmistak,2.923
conceit,2.923
tho,2.921
garag,2.919
notwithstand,2.917
unwatch,2.917
miniatur,2.917
suburbia,2.915
taboo,2.915
brace,2.914
timid,2.912
catalyst,2.912
cd,2.912
conceptu,2.908
grisli,2.908
ounc,2.905
rainbow,2.905
eyebrow,2.905
fewer,2.903
prone,2.902
homeless,2.902
carrol,2.900
blossom,2.900
beam,2.898
farther,2.898
overload,2.896
caf,2.895
solidifi,2.893
swan,2.891
dissolv,2.891
finer,2.890
hilar,2.888
framework,2.888
persuas,2.888
proudli,2.888
clarifi,2.886
cleaner,2.883
yarn,2.880
hinder,2.880
reassur,2.877
differenti,2.877
picki,2.875
lament,2.875
dusti,2.872
apprentic,2.867
cox,2.867
2d,2.865
strengthen,2.865
ransom,2.862
purpl,2.861
explicitli,2.861
kinet,2.858
guidanc,2.856
compuls,2.855
fuzzi,2.855
misfortun,2.853
third,2.849
splash,2.848
museum,2.847
molest,2.847
analys,2.847
hopelessli,2.847
simplest,2.847
approxim,2.845
concoct,2.845
alaska,2.845
anyhow,2.844
puriti,2.841
lightheart,2.839
squirm,2.839
pole,2.838
hauntingli,2.831
dial,2.831
murki,2.829
deftli,2.826
litter,2.826
oneself,2.826
tread,2.826
upbeat,2.823
wink,2.823
commonli,2.823
duck,2.823
pollut,2.822
uncontrol,2.821
etch,2.819
tangibl,2.819
harmless,2.818
plod,2.818
sprinkl,2.816
unflinch,2.815
space,2.815
violin,2.811
disastr,2.811
boyl,2.809
obscen,2.809
simpler,2.808
willing,2.808
signifi,2.805
skyscrap,2.804
sublimin,2.801
adventur,2.801
muse,2.796
lunch,2.793
ambianc,2.792
thriller,2.791
backbon,2.790
youtub,2.789
financ,2.788
disillus,2.787
bargain,2.784
recollect,2.783
lifeless,2.780
bucket,2.779
pawn,2.775
implement,2.774
ongo,2.771
prowess,2.770
denouement,2.770
invok,2.770
raini,2.769
brim,2.769
patch,2.766
lightli,2.766
footstep,2.764
bind,2.764
underlin,2.761
hideou,2.760
mourn,2.759
extinct,2.757
nutshel,2.755
canon,2.754
couch,2.750
perplex,2.750
wondrou,2.749
recit,2.749
elicit,2.746
chat,2.745
predica,2.745
tempo,2.745
pessimist,2.745
immacul,2.744
wacki,2.742
occurr,2.741
letdown,2.741
merg,2.738
hung,2.737
bolt,2.735
ghibli,2.733
recur,2.732
break,2.728
hypocrisi,2.727
rural,2.727
uncertain,2.725
underestim,2.725
stanc,2.725
sydney,2.725
carv,2.724
artsi,2.723
hop,2.723
sour,2.721
singular,2.721
melani,2.721
filler,2.721
encapsul,2.720
credit,2.720
constitut,2.718
sob,2.718
nightmarish,2.718
monstrou,2.715
id,2.712
messi,2.712
unnecessarili,2.710
unparallel,2.705
phoni,2.703
gloss,2.703
version,2.702
rude,2.701
barrier,2.700
2011,2.698
blatantli,2.697
worthless,2.696
opt,2.694
undertak,2.694
collar,2.687
squeez,2.687
dreari,2.686
mathemat,2.683
reliv,2.683
bounc,2.682
harbor,2.682
juvenil,2.679
infus,2.679
enrich,2.678
affirm,2.674
helmet,2.674
rapidli,2.672
steam,2.672
ish,2.671
onlin,2.667
reluctantli,2.667
strategi,2.665
asset,2.664
immatur,2.664
disconnect,2.664
unintent,2.663
bia,2.662
choke,2.662
disciplin,2.662
riot,2.660
bloat,2.659
potent,2.659
thru,2.658
inclin,2.655
eagerli,2.655
hug,2.655
huh,2.653
ross,2.651
seduct,2.651
conjur,2.651
1992,2.650
hunger,2.649
chart,2.648
grandios,2.647
sane,2.647
neatli,2.645
revolt,2.645
palpabl,2.644
outright,2.644
esqu,2.643
payoff,2.643
strand,2.640
unseen,2.638
mar,2.637
opu,2.637
sketch,2.631
fabl,2.631
anniversari,2.631
val,2.631
attain,2.630
retard,2.630
chan,2.630
22,2.629
sucker,2.628
equat,2.628
acquaint,2.628
empath,2.623
sooner,2.623
evoc,2.623
inclus,2.623
ps,2.623
derang,2.622
drunken,2.622
mislead,2.622
slower,2.620
someday,2.617
horror,2.615
flower,2.613
howl,2.612
eastern,2.606
envelop,2.605
degrad,2.603
chuckl,2.603
mildli,2.603
textur,2.602
clumsi,2.600
ridden,2.599
shortcom,2.599
avid,2.599
sheep,2.596
exclus,2.595
comprehens,2.595
luxuri,2.594
fabric,2.593
catchi,2.591
wire,2.590
asylum,2.590
convert,2.590
stagger,2.586
drastic,2.585
funer,2.585
resent,2.585
profoundli,2.582
persist,2.581
jewel,2.580
undergo,2.579
grandfath,2.576
preachi,2.576
banal,2.575
breathless,2.575
array,2.574
stray,2.574
mold,2.573
upsid,2.573
communist,2.572
compon,2.572
unsatisfi,2.572
dash,2.572
biographi,2.572
monoton,2.572
melt,2.570
breakdown,2.570
endlessli,2.569
grin,2.569
angst,2.569
provoc,2.569
berlin,2.568
drove,2.568
hip,2.567
edit,2.564
dwell,2.562
sli,2.561
dream,2.561
dump,2.560
perpetu,2.560
cue,2.558
repuls,2.557
greet,2.557
riddl,2.555
overus,2.551
hello,2.550
rever,2.550
updat,2.548
masteri,2.546
closur,2.544
maximum,2.544
momentum,2.543
futil,2.542
vastli,2.541
inabl,2.541
traumat,2.540
flair,2.540
absent,2.539
foremost,2.538
propel,2.537
toilet,2.535
crippl,2.532
brazil,2.531
appal,2.530
royal,2.530
apolog,2.527
smoothli,2.527
evil,2.526
crisp,2.524
evalu,2.522
moron,2.520
garden,2.518
correctli,2.516
metropoli,2.515
labor,2.514
weari,2.512
tempt,2.512
counterpart,2.512
versatil,2.511
declin,2.511
mend,2.509
donald,2.509
cg,2.508
zealand,2.507
reinforc,2.506
chronicl,2.505
steadi,2.503
gasp,2.502
firm,2.501
afford,2.500
ya,2.499
burden,2.498
1989,2.497
worn,2.495
restrain,2.494
suspicion,2.493
cook,2.493
judgement,2.493
saturday,2.491
colleagu,2.491
cup,2.491
effici,2.489
privileg,2.489
saniti,2.488
mundan,2.488
approv,2.487
return,2.487
mild,2.487
toe,2.487
hawk,2.485
rhythm,2.485
aforement,2.485
junk,2.485
strain,2.485
meat,2.484
indiffer,2.484
ted,2.483
motif,2.483
aris,2.482
poverti,2.482
characteris,2.480
plight,2.479
counter,2.478
bash,2.476
woo,2.474
whip,2.474
pour,2.474
plastic,2.473
birthday,2.473
inject,2.472
gear,2.471
websit,2.471
divorc,2.470
ideolog,2.468
majest,2.465
item,2.465
omin,2.463
celluloid,2.462
automat,2.461
chaotic,2.461
pill,2.461
graduat,2.459
startl,2.456
2007,2.456
visibl,2.453
magician,2.453
briefli,2.451
2015,2.447
duo,2.443
rout,2.440
threw,2.440
delici,2.439
loser,2.439
outer,2.438
glamor,2.438
uk,2.436
arrang,2.436
elimin,2.435
boast,2.432
weakest,2.431
passag,2.430
trigger,2.429
coat,2.427
inher,2.425
pattern,2.424
wreck,2.424
photo,2.422
contradict,2.420
paranoid,2.419
unbear,2.418
obstacl,2.416
shore,2.415
pearl,2.414
straightforward,2.413
gripe,2.410
despis,2.409
preserv,2.407
spoke,2.407
melodramat,2.404
slaughter,2.403
crystal,2.402
claustrophob,2.401
smell,2.397
boundari,2.397
replic,2.396
awak,2.395
speechless,2.395
attribut,2.393
norman,2.392
themat,2.391
comprehend,2.391
moreov,2.390
2010,2.390
tendenc,2.389
staff,2.389
rest,2.388
dose,2.388
boredom,2.387
glanc,2.386
fundament,2.383
behav,2.382
darkest,2.381
tape,2.381
cake,2.381
fed,2.379
bu,2.379
weather,2.376
gap,2.376
21st,2.374
nervou,2.373
garner,2.372
skeptic,2.372
cave,2.372
smash,2.370
thief,2.367
winslet,2.365
entranc,2.365
shorter,2.360
option,2.359
nois,2.358
supernatur,2.357
lynch,2.357
plagu,2.357
melodrama,2.356
contend,2.356
pg,2.355
uncl,2.354
scratch,2.353
buri,2.353
im,2.349
pale,2.348
disguis,2.347
neck,2.347
harrow,2.346
coher,2.345
wealth,2.345
ventur,2.345
wipe,2.344
nose,2.343
deriv,2.342
www,2.342
torment,2.341
resort,2.341
shatter,2.339
literatur,2.339
admittedli,2.336
hail,2.336
caricatur,2.336
whoever,2.336
jonathan,2.336
medic,2.336
3rd,2.335
dismiss,2.334
kate,2.333
cring,2.332
alright,2.332
adopt,2.331
injustic,2.330
mentor,2.330
tender,2.330
per,2.327
ain,2.327
instinct,2.326
happili,2.325
meticul,2.325
induc,2.324
coincid,2.317
jerk,2.317
bless,2.316
announc,2.314
psych,2.312
dictat,2.312
unravel,2.309
lend,2.308
rid,2.305
2008,2.305
pile,2.305
http,2.301
beneath,2.301
contrari,2.301
commend,2.300
pose,2.300
reserv,2.298
realm,2.298
segment,2.293
crisi,2.293
exercis,2.288
relax,2.288
miracl,2.287
mous,2.283
indi,2.282
sink,2.281
18,2.281
rat,2.280
em,2.278
conceiv,2.277
standout,2.277
applaud,2.276
embarrass,2.276
nobl,2.275
premier,2.272
emphas,2.269
shower,2.266
advertis,2.265
detract,2.264
wolf,2.257
simultan,2.256
error,2.255
strongest,2.253
twelv,2.252
cleverli,2.251
soft,2.251
collabor,2.248
un,2.246
17,2.246
advis,2.241
fat,2.240
heaven,2.240
parodi,2.240
furi,2.240
gratuit,2.237
selfish,2.237
outrag,2.236
acknowledg,2.234
slip,2.234
jar,2.232
scar,2.226
varieti,2.225
aspir,2.225
humbl,2.224
attend,2.221
spiritu,2.220
lazi,2.218
easier,2.217
intric,2.216
compliment,2.216
alongsid,2.216
consum,2.214
european,2.213
beg,2.213
gruesom,2.211
directori,2.210
embrac,2.209
zero,2.208
gori,2.206
shoe,2.206
wont,2.205
stronger,2.203
reader,2.203
subtleti,2.201
react,2.200
thumb,2.200
histori,2.198
explod,2.192
destin,2.189
recognit,2.187
settl,2.185
bold,2.185
elabor,2.185
arrest,2.184
crucial,2.184
dragon,2.182
transport,2.179
research,2.177
popul,2.176
tree,2.175
incid,2.175
spoken,2.174
spite,2.170
user,2.169
luck,2.168
embodi,2.168
damag,2.167
footag,2.165
3d,2.165
wed,2.163
proof,2.162
underr,2.161
cinematograph,2.161
encourag,2.160
irrit,2.159
struck,2.158
sinist,2.157
pursu,2.155
contriv,2.154
unpredict,2.153
fade,2.153
candi,2.153
funniest,2.150
sophist,2.148
invest,2.147
stomach,2.143
devot,2.140
heck,2.135
advantag,2.133
religion,2.132
van,2.131
horrifi,2.129
bet,2.129
contemporari,2.129
size,2.124
forest,2.124
appli,2.123
rave,2.122
leg,2.119
feet,2.119
tool,2.118
curs,2.117
aid,2.116
shake,2.115
supposedli,2.113
uma,2.110
garbag,2.109
lewi,2.109
larger,2.108
anderson,2.107
par,2.105
vehicl,2.105
tune,2.105
enorm,2.104
conclud,2.104
pretenti,2.103
chose,2.101
elev,2.101
flesh,2.101
interview,2.097
pretend,2.097
morn,2.097
belov,2.096
blew,2.094
endless,2.093
wwii,2.092
summari,2.091
kinda,2.089
dedic,2.088
photograph,2.087
below,2.084
directli,2.082
sixth,2.079
stood,2.078
gibson,2.078
proud,2.076
mel,2.075
superbl,2.075
crack,2.073
mesmer,2.072
cloth,2.065
dynam,2.062
measur,2.061
necessarili,2.061
ren,2.061
vast,2.055
puzzl,2.054
redeem,2.049
distinct,2.047
danni,2.044
convict,2.044
titan,2.042
hugh,2.041
solv,2.040
treatment,2.040
sub,2.037
cat,2.035
disagre,2.031
oper,2.030
devic,2.028
regardless,2.027
rivet,2.025
threaten,2.022
ourselv,2.022
knock,2.021
chao,2.019
scenario,2.017
youth,2.016
innov,2.015
fool,2.012
station,2.012
greed,2.010
imageri,2.009
dozen,2.009
parallel,2.008
stretch,2.006
revolv,2.004
load,2.002
favor,2.000
gotten,1.998
colleg,1.998
formula,1.997
dad,1.996
lock,1.995
ed,1.994
paid,1.993
intern,1.992
overlook,1.991
sacrific,1.988
excess,1.983
relief,1.982
relev,1.982
store,1.982
sentenc,1.980
intellectu,1.979
doom,1.972
kill,1.970
dimension,1.969
authent,1.967
folk,1.963
possess,1.961
veteran,1.961
concentr,1.959
bought,1.955
gold,1.954
categori,1.950
affair,1.950
justifi,1.949
gift,1.949
betray,1.948
board,1.946
deni,1.945
dumb,1.943
advanc,1.941
bear,1.939
factor,1.938
energi,1.936
sight,1.934
trap,1.927
field,1.925
whilst,1.925
demand,1.923
clean,1.923
empti,1.923
fox,1.922
explan,1.922
numer,1.921
unknown,1.919
giant,1.916
weav,1.916
hill,1.915
rescu,1.913
sourc,1.913
angel,1.909
fake,1.909
gritti,1.907
unnecessari,1.903
greater,1.900
six,1.899
honor,1.899
sadli,1.891
g,1.889
safe,1.888
statu,1.888
courag,1.887
area,1.883
compos,1.882
sign,1.881
sell,1.880
profession,1.880
nation,1.879
plain,1.875
rain,1.872
ladi,1.869
noir,1.867
sum,1.865
onto,1.864
parti,1.863
hundr,1.860
scream,1.859
center,1.853
yeah,1.851
shadow,1.847
specif,1.844
grant,1.842
photographi,1.841
sceneri,1.833
brillianc,1.833
multipl,1.826
govern,1.825
till,1.825
root,1.821
u,1.818
opportun,1.817
seemingli,1.817
dare,1.815
worri,1.815
anymor,1.814
fair,1.805
awar,1.804
contrast,1.801
suck,1.798
bunch,1.788
f,1.788
technolog,1.786
edward,1.780
stephen,1.778
teenag,1.770
depart,1.770
la,1.770
transform,1.770
citizen,1.769
wrote,1.767
15,1.767
french,1.765
hurt,1.764
tie,1.761
promis,1.760
grand,1.759
icon,1.758
system,1.753
okay,1.748
quot,1.747
fresh,1.744
neg,1.743
victim,1.742
shawshank,1.738
trailer,1.737
dr,1.734
leader,1.732
suit,1.732
ahead,1.732
hasn,1.731
angl,1.731
femal,1.729
aw,1.727
intent,1.726
j,1.723
glad,1.721
suspect,1.714
b,1.711
race,1.708
conflict,1.707
decent,1.704
club,1.704
drop,1.697
straight,1.688
fli,1.685
sam,1.682
jump,1.676
breath,1.673
pack,1.671
motiv,1.664
nor,1.662
popular,1.658
subtl,1.657
longer,1.652
focus,1.648
haunt,1.642
crew,1.642
rule,1.625
romanc,1.617
spirit,1.614
minor,1.613
satisfi,1.612
cold,1.607
cop,1.604
crazi,1.603
physic,1.601
gun,1.588
danger,1.586
bill,1.577
scienc,1.575
steal,1.571
tension,1.554
david,1.548
date,1.537
christian,1.531
seat,1.522
box,1.520
polic,1.517
william,1.495
shoot,1.495
plan,1.486
magic,1.474
thrill,1.465
blood,1.417
jame,1.410
robert,1.409
cool,1.404
ring,1.395
mysteri,1.377
4,1.367
theater,1.316
trilog,1.310
camera,1.208
violenc,1.195
cinematographi,1.147
war,0.884
