nader,1394.694
simin,909.736
farhadi,850.602
iranian,814.530
razieh,763.668
separ,640.362
iran,634.406
termeh,435.779
asghar,381.239
daughter,342.066
father,336.434
her,334.662
divorc,303.813
husband,283.797
alzheim,276.203
hatami,240.414
famili,226.914
peyman,217.525
she,208.645
leila,201.483
bayat,192.131
their,189.038
sareh,182.657
drama,169.518
countri,169.374
foreign,168.370
hodjat,163.438
sarina,158.823
hosseini,157.502
leav,153.753
we,150.387
shahab,149.526
film,149.420
care,142.797
class,141.063
coupl,139.029
court,134.223
s,129.765
are,129.296
cultur,127.402
parent,126.983
want,126.586
judg,125.370
us,124.481
charact,124.176
about,119.657
religi,118.204
hi,118.132
truth,116.554
moaadi,113.858
which,113.245
lie,113.051
religion,112.981
situat,112.904
moadi,112.850
with,112.733
who,112.049
an,109.188
take,108.873
life,108.369
wife,105.199
live,104.744
you,104.136
becaus,103.112
hire,102.717
miscarriag,102.428
or,101.951
as,100.971
veri,99.873
peopl,99.300
issu,98.385
not,98.233
from,98.005
between,97.776
best,97.147
woman,96.767
differ,95.474
they,95.042
ha,95.025
complex,94.495
societi,94.248
polit,93.822
director,93.804
moral,92.884
legal,92.812
decis,92.470
movi,89.942
how,89.430
stori,89.043
more,87.888
for,87.749
abroad,87.647
can,87.617
so,87.112
law,87.101
hojjat,87.042
what,86.410
stay,86.206
middl,86.053
real,85.758
problem,84.197
show,83.715
them,83.433
by,83.143
year,83.021
he,82.600
i,82.293
on,82.023
at,81.847
be,81.810
will,81.461
marriag,80.752
no,80.647
conflict,80.240
t,80.046
also,80.036
award,79.896
work,78.643
that,78.543
suffer,78.194
make,78.050
there,77.973
but,77.500
one,77.080
in,76.666
pregnant,76.393
act,76.179
day,76.171
have,75.774
direct,75.636
2011,75.539
oscar,75.446
watch,75.145
ani,74.810
elli,74.670
viewer,74.589
our,74.551
emot,74.466
do,74.329
other,73.936
when,73.260
into,72.745
these,72.611
languag,72.604
all,72.234
social,72.073
human,71.824
end,71.488
some,71.439
way,70.617
each,70.580
thing,70.497
cinema,70.351
move,70.158
question,69.619
world,69.013
after,68.916
well,68.555
audienc,68.478
like,68.048
see,67.488
realist,67.466
where,67.087
accus,66.994
just,66.936
would,66.672
tehran,66.443
doe,66.424
happen,65.937
islam,65.881
women,65.747
event,65.459
right,65.408
won,65.251
side,65.227
while,65.160
diseas,65.022
old,64.737
if,64.472
think,64.431
to,64.261
even,64.217
such,64.191
wa,64.036
screenplay,63.679
know,63.294
system,63.102
home,63.047
shahbazi,61.954
could,61.656
feel,61.574
domest,61.361
reason,61.339
onli,61.101
get,60.932
much,60.875
simpl,60.858
go,60.783
is,60.657
look,60.407
tri,60.379
child,60.340
complic,59.950
realli,59.757
mani,59.486
plot,59.139
justic,59.139
present,59.091
mother,58.972
everi,58.923
ask,58.726
may,58.056
doesn,57.837
courtroom,57.772
without,57.129
own,57.107
through,56.910
up,56.697
seem,56.481
better,56.472
two,56.268
don,56.220
everyon,56.207
belief,56.102
great,55.986
lead,55.779
relationship,55.595
apart,55.373
elderli,55.089
out,54.912
than,54.842
person,54.786
forc,54.634
understand,54.623
caus,54.471
give,53.998
find,53.857
both,53.799
ali,53.703
say,53.559
actor,53.463
good,53.277
deal,53.154
believ,53.135
matter,52.902
maadi,52.225
nomin,52.141
same,52.125
man,51.886
nadar,51.747
my,51.726
import,51.611
narr,51.383
case,51.334
perform,51.143
caretak,51.138
most,51.009
interest,50.767
fact,50.679
hous,50.592
been,50.349
whi,50.107
come,49.982
must,49.764
tension,49.743
farsi,49.563
involv,49.489
seen,49.163
face,49.031
engag,49.021
struggl,48.875
wrong,48.568
argument,48.333
compel,48.255
your,48.173
point,48.151
consequ,48.054
golden,47.870
it,47.732
sure,47.728
him,47.025
set,47.014
review,46.904
answer,46.838
me,46.437
money,46.412
then,46.306
almost,46.087
somayeh,46.074
need,45.837
relat,45.776
respons,45.441
never,45.429
tell,44.886
word,44.747
children,44.741
pride,44.478
place,44.201
thi,44.132
someth,44.126
here,43.876
of,43.825
deserv,43.747
first,43.738
should,43.633
although,43.573
modern,43.521
judgment,43.521
camera,43.500
scene,43.321
univers,43.280
anoth,43.278
circumst,43.224
brilliant,43.110
decid,43.073
time,43.049
yet,42.918
nurs,42.915
made,42.912
academi,42.801
marri,42.694
love,42.692
a,42.523
clear,42.445
script,42.441
hand,42.404
disput,42.309
refus,42.294
western,42.036
keep,41.863
intern,41.829
perfect,41.661
mind,41.652
push,41.606
open,41.248
had,41.110
berlin,41.094
job,41.076
return,41.039
ve,40.881
becom,40.630
final,40.531
basic,40.481
over,40.445
choos,40.163
11,39.975
dilemma,39.953
difficult,39.905
depict,39.884
write,39.752
under,39.647
excel,39.441
lot,39.394
littl,39.267
view,38.966
maid,38.943
turn,38.856
use,38.850
hope,38.750
play,38.597
perhap,38.506
those,38.452
govern,38.332
howev,38.331
whether,38.053
recommend,38.033
chang,37.735
deepli,37.594
talk,37.554
portray,37.537
layer,37.497
surpris,37.486
caught,37.399
still,37.237
troubl,37.119
az,36.920
bear,36.834
intens,36.805
last,36.672
oppress,36.616
left,36.351
argu,36.290
natur,36.225
win,36.066
part,36.049
dad,35.929
main,35.849
throughout,35.747
whose,35.533
documentari,35.447
start,35.303
written,35.271
certain,35.250
re,35.183
bed,35.178
due,35.169
rate,35.118
vote,35.086
observ,35.013
goe,35.009
hard,34.994
far,34.933
learn,34.920
incid,34.796
confront,34.761
few,34.652
and,34.599
result,34.554
subject,34.484
easi,34.272
off,34.250
posit,34.244
male,34.160
noth,33.881
unemploy,33.780
quit,33.697
action,33.692
persian,33.438
success,33.125
whole,33.079
long,33.078
detail,33.073
were,32.846
choic,32.708
opportun,32.705
provid,32.689
role,32.668
miss,32.662
educ,32.578
might,32.564
charg,32.505
twist,32.430
pictur,32.409
itself,32.186
put,32.177
done,31.969
too,31.962
let,31.921
fascin,31.893
festiv,31.869
8,31.809
stubborn,31.689
cast,31.689
behind,31.486
hollywood,31.420
masterpiec,31.364
mean,31.333
alway,31.331
debt,31.257
found,31.187
beauti,31.175
ordinari,31.146
poor,31.123
valu,30.984
onc,30.968
thriller,30.699
kind,30.696
commun,30.655
normal,30.616
pain,30.610
globe,30.569
help,30.543
young,30.364
gener,30.305
actress,30.303
mysteri,30.298
futur,30.297
tradit,30.275
honesti,30.213
wonder,30.115
2012,30.084
actual,30.023
nor,29.913
theme,29.906
agre,29.786
did,29.712
girl,29.711
subtitl,29.697
sin,29.675
back,29.598
kiarostami,29.590
front,29.581
often,29.408
reaction,29.356
entir,29.341
sens,29.276
close,29.219
gender,29.048
flat,29.035
file,29.028
held,29.020
desper,28.997
state,28.880
pretti,28.865
impress,28.772
flaw,28.745
10,28.720
strong,28.688
call,28.671
creat,28.604
around,28.541
complet,28.509
door,28.451
honest,28.259
despit,28.215
tie,28.173
now,28.167
easili,28.148
similar,28.085
critic,28.021
idea,27.951
parti,27.942
rather,27.939
didn,27.923
abort,27.920
screen,27.909
victim,27.867
lower,27.754
sever,27.689
m,27.654
chador,27.644
jodaeiy,27.644
writer,27.626
storytel,27.534
thank,27.516
debat,27.439
expect,27.416
singl,27.368
someon,27.349
dure,27.347
everyth,27.321
probabl,27.288
credit,27.197
visa,27.098
befor,27.041
certainli,27.010
full,27.002
experi,26.989
felt,26.960
handl,26.913
told,26.900
away,26.890
highli,26.887
fear,26.833
bit,26.782
intellig,26.757
gray,26.681
seek,26.638
innoc,26.612
am,26.603
grip,26.570
within,26.555
titl,26.554
thought,26.509
reveal,26.484
inform,26.470
wish,26.434
though,26.383
least,26.342
conclus,26.290
allow,26.286
ever,26.213
amp,26.196
remain,26.093
angri,26.061
condit,26.031
sort,26.029
sinc,26.005
attent,25.987
ethic,25.986
center,25.936
until,25.883
familiar,25.846
perspect,25.839
element,25.827
convinc,25.737
definit,25.728
protagonist,25.721
rel,25.627
line,25.627
carer,25.505
caregiv,25.376
big,25.361
ill,25.329
filmmak,25.325
opinion,25.323
superb,25.323
east,25.233
bad,25.137
muslim,25.114
shot,24.974
accept,24.959
murder,24.949
worth,24.930
level,24.927
true,24.854
reli,24.839
hold,24.818
realism,24.805
consid,24.781
independ,24.683
again,24.668
daili,24.640
rare,24.631
unit,24.618
theocrat,24.613
cannot,24.469
marit,24.389
edit,24.359
against,24.354
american,24.344
origin,24.331
compromis,24.244
art,24.185
sympathi,24.172
creditor,24.032
central,24.028
sick,23.971
d,23.956
effect,23.954
new,23.936
support,23.929
simpli,23.928
amaz,23.914
dialog,23.890
especi,23.810
bring,23.716
intim,23.703
self,23.687
u,23.635
teacher,23.631
arab,23.626
tens,23.532
kimia,23.521
escal,23.466
realiti,23.453
realiz,23.424
contemporari,23.423
featur,23.354
individu,23.307
power,23.297
challeng,23.258
truli,23.239
except,23.222
firework,23.198
said,23.189
senil,23.175
current,23.113
west,23.075
pure,23.071
focus,23.069
ashgar,23.037
panahi,23.037
begin,22.975
sometim,22.929
background,22.927
base,22.918
resolv,22.914
isn,22.899
togeth,22.895
lose,22.893
discov,22.883
moment,22.878
bore,22.874
employ,22.824
major,22.775
rest,22.691
insight,22.655
devout,22.590
speak,22.570
follow,22.530
themselv,22.466
intent,22.441
selfish,22.371
minut,22.313
master,22.277
exampl,22.264
fail,22.239
next,22.210
dialogu,22.201
stress,22.193
rais,22.136
top,22.119
common,22.019
swear,21.948
order,21.916
enjoy,21.836
room,21.815
second,21.806
seemingli,21.802
name,21.792
incontin,21.761
percept,21.706
emigr,21.697
babi,21.690
grey,21.581
english,21.516
advic,21.480
fourteen,21.478
eye,21.459
categori,21.451
clearli,21.414
guess,21.389
mention,21.382
grow,21.350
larg,21.348
com,21.327
magistr,21.325
total,21.246
depend,21.244
appli,21.228
ferhadi,21.225
raziah,21.225
clean,21.156
soon,21.132
rule,21.126
heavi,21.119
koran,21.084
develop,21.081
stair,21.074
absolut,21.065
household,21.030
suspens,20.980
faith,20.962
express,20.928
fulli,20.919
pay,20.916
read,20.885
secular,20.882
style,20.780
dramat,20.728
toward,20.727
small,20.715
constant,20.707
list,20.690
prove,20.662
intrigu,20.659
principl,20.642
hour,20.641
fantast,20.629
appear,20.625
breakdown,20.560
seriou,20.531
anyon,20.516
variou,20.513
instead,20.512
previou,20.486
taken,20.378
manag,20.316
piec,20.314
driven,20.297
behavior,20.294
serv,20.254
sad,20.243
compar,20.161
deep,20.021
motiv,19.968
pressur,19.964
regim,19.947
light,19.925
affect,19.888
god,19.882
concern,19.877
aris,19.858
aspect,19.854
friend,19.839
beyond,19.827
acclaim,19.821
seat,19.783
possibl,19.773
approach,19.761
shape,19.759
extrem,19.712
hit,19.689
authent,19.671
touch,19.639
cours,19.636
portrait,19.613
pass,19.531
none,19.504
determin,19.484
achiev,19.465
step,19.416
misunderstand,19.415
couldn,19.394
temper,19.391
wit,19.311
5,19.307
down,19.259
term,19.223
among,19.212
further,19.186
examin,19.185
bitter,19.183
along,19.114
age,19.103
break,19.098
product,19.089
less,19.062
balanc,19.062
pregnanc,19.037
month,19.019
femal,19.017
hanek,19.006
remark,18.909
guilti,18.901
pace,18.829
zare,18.817
ghahraii,18.817
merila,18.817
imdb,18.816
nation,18.790
discuss,18.784
heart,18.781
accid,18.781
decent,18.747
resort,18.725
happi,18.683
superbl,18.672
myself,18.657
anywher,18.653
special,18.649
includ,18.618
roll,18.609
wednesday,18.581
artist,18.579
ignor,18.531
lost,18.515
oath,18.416
breath,18.401
inde,18.309
wasn,18.300
improv,18.292
non,18.275
eventu,18.231
chain,18.212
yourself,18.202
got,18.191
permiss,18.179
judici,18.166
mostli,18.158
scenario,18.157
occur,18.154
equal,18.121
theocraci,18.113
character,18.058
grandfath,18.035
therefor,18.009
process,17.957
eleven,17.951
explain,17.935
tightli,17.923
car,17.896
himself,17.895
sit,17.876
insist,17.867
etc,17.851
protect,17.768
compass,17.695
outsid,17.682
stricken,17.645
strongli,17.617
testifi,17.601
storylin,17.572
devast,17.569
justifi,17.541
member,17.464
convers,17.432
impact,17.431
enough,17.405
demand,17.311
arriv,17.308
tutor,17.275
adolesc,17.268
suggest,17.251
progress,17.213
frustrat,17.206
cinematographi,17.201
tough,17.185
reach,17.148
influenc,17.091
note,17.076
limit,17.043
glimps,17.037
minimalist,17.028
trigger,17.003
fall,16.998
secret,16.973
stage,16.966
transcend,16.964
admit,16.960
anyth,16.957
seri,16.953
receiv,16.952
sign,16.930
debtor,16.909
pleas,16.909
continu,16.895
winner,16.894
spoil,16.888
chose,16.807
alon,16.799
control,16.765
saw,16.727
figur,16.719
behav,16.674
ambigu,16.669
edg,16.657
later,16.652
requir,16.632
cover,16.616
mirror,16.546
consider,16.540
alreadi,16.478
ll,16.473
music,16.455
ensu,16.448
lack,16.439
100,16.436
appeal,16.382
appreci,16.379
past,16.359
structur,16.342
unabl,16.338
form,16.297
raw,16.274
2,16.271
perceiv,16.221
offer,16.195
build,16.195
everyday,16.183
threaten,16.177
eli,16.172
blame,16.163
respect,16.159
somehow,16.152
harsh,16.150
resolut,16.108
particularli,16.074
deterior,16.068
hospit,16.067
accord,16.032
revolv,16.030
simplic,16.028
matrimoni,16.021
fight,16.009
white,15.952
constantli,15.949
provok,15.929
wollstonecraft,15.919
incred,15.902
three,15.868
context,15.861
abl,15.852
ail,15.832
neglig,15.817
chanc,15.799
prefer,15.760
torn,15.751
adult,15.729
impli,15.722
global,15.702
terribl,15.689
particular,15.665
hesit,15.662
mayb,15.564
turmoil,15.557
divid,15.552
attend,15.545
connect,15.532
immigr,15.497
claim,15.468
concept,15.458
spectat,15.444
kid,15.435
prize,15.411
ground,15.377
given,15.310
reflect,15.298
shock,15.296
hot,15.291
school,15.285
tale,15.281
request,15.262
cobbler,15.260
e,15.245
genuin,15.234
becam,15.228
assur,15.216
prais,15.214
conserv,15.204
furiou,15.182
frame,15.165
upon,15.134
lover,15.098
obtain,15.050
tend,15.045
naturalist,15.037
simmin,15.016
bayet,15.016
burden,14.989
judgement,14.957
nuanc,14.955
spous,14.952
ladi,14.950
disappoint,14.936
disintegr,14.931
throw,14.918
battl,14.910
repres,14.903
els,14.873
utterli,14.839
insid,14.814
jail,14.769
ye,14.731
forget,14.707
tragedi,14.662
focu,14.617
split,14.613
land,14.611
proud,14.531
mess,14.526
wait,14.518
premis,14.491
houjat,14.488
share,14.486
author,14.479
explor,14.478
gain,14.465
sensit,14.450
suddenli,14.427
physic,14.410
dissolut,14.328
hide,14.326
abandon,14.304
notic,14.296
guidanc,14.281
absenc,14.280
liter,14.276
confus,14.270
the,14.255
disagre,14.217
imposs,14.186
1,14.184
unlik,14.182
ago,14.173
teenag,14.162
applic,14.132
empathi,14.104
exist,14.099
harrow,14.075
drawn,14.062
www,14.053
drive,14.051
conscienc,14.050
gem,14.045
modicum,14.028
favor,13.999
son,13.984
either,13.983
wouldn,13.980
perfectli,13.969
hardli,13.959
notch,13.952
media,13.943
potenti,13.938
sacrific,13.918
type,13.912
uniqu,13.911
settlement,13.870
helplin,13.822
bodi,13.814
ultim,13.798
12,13.784
solut,13.784
sympath,13.779
nevertheless,13.767
hothead,13.725
tear,13.716
defin,13.709
captiv,13.700
4,13.671
budget,13.653
testimoni,13.633
initi,13.607
unexpect,13.579
overal,13.564
flawless,13.532
wast,13.522
hint,13.498
attempt,13.471
lifestyl,13.436
depress,13.428
score,13.366
europ,13.357
today,13.356
manner,13.339
imparti,13.315
unfortun,13.308
intric,13.299
admir,13.283
exchang,13.275
black,13.267
subtl,13.258
wow,13.238
reson,13.160
press,13.152
duti,13.148
key,13.129
half,13.119
pant,13.099
uncomfort,13.095
unconsci,13.085
anger,13.074
kitchen,13.063
regard,13.062
messag,13.052
shown,13.050
gt,13.041
unansw,13.037
thousand,13.032
solid,13.026
remind,13.023
gave,13.003
circl,13.003
disagr,12.998
recogn,12.967
fault,12.957
hear,12.911
2009,12.894
loyalti,12.881
outcom,12.856
genr,12.853
earn,12.808
cut,12.803
geniu,12.785
comparison,12.781
brilliantli,12.762
root,12.747
add,12.720
mediat,12.717
object,12.694
mainstream,12.678
introduc,12.665
treat,12.649
aren,12.634
recent,12.619
round,12.578
abba,12.577
quran,12.577
neither,12.556
pull,12.546
knew,12.529
defend,12.492
6,12.467
sympathet,12.466
content,12.458
ga,12.457
phone,12.455
captur,12.427
engross,12.423
join,12.410
fals,12.408
five,12.405
surviv,12.389
decad,12.384
dynam,12.372
interpret,12.354
poignant,12.339
prepar,12.317
bank,12.299
juri,12.294
wide,12.282
floor,12.279
unborn,12.253
tabl,12.249
comment,12.231
custodi,12.224
high,12.217
clash,12.206
delic,12.191
heard,12.171
desir,12.161
regardless,12.160
ourselv,12.132
cope,12.102
econom,12.091
qualiti,12.086
quotidian,12.083
commit,12.057
star,12.049
latest,12.025
slow,12.025
afflict,12.013
extent,12.011
saint,12.000
boundari,11.984
studi,11.973
releas,11.960
filial,11.952
urban,11.947
hero,11.943
went,11.942
took,11.938
commentari,11.933
semi,11.895
plan,11.887
whom,11.877
imagin,11.829
contempl,11.824
draw,11.824
shade,11.819
straight,11.818
endur,11.816
sake,11.803
fire,11.783
folk,11.779
irrespons,11.756
intimaci,11.719
identifi,11.709
wors,11.705
comfort,11.696
horribl,11.687
statement,11.685
nuclear,11.685
head,11.673
deni,11.672
men,11.667
immedi,11.661
stuff,11.648
verdict,11.643
environ,11.625
allah,11.625
low,11.618
abov,11.550
field,11.547
empti,11.540
pile,11.525
quickli,11.522
prejudic,11.510
near,11.487
label,11.487
crisi,11.463
anyway,11.428
rich,11.424
consult,11.418
theft,11.412
honor,11.396
craft,11.383
reject,11.373
commut,11.364
classic,11.360
fallen,11.325
belong,11.320
exactli,11.295
stalem,11.287
14,11.257
cold,11.249
silver,11.240
lawyer,11.238
run,11.227
produc,11.224
worthi,11.219
contenti,11.180
ingeni,11.178
3,11.170
alleg,11.167
ugli,11.156
weren,11.138
distribut,11.136
shout,11.116
purpos,11.116
busi,11.099
fill,11.097
intoler,11.089
european,11.065
specif,11.064
count,11.056
grant,11.054
confess,11.047
free,11.028
neutral,11.024
wont,11.023
opposit,11.020
nadir,11.019
glass,11.018
manipul,11.017
carri,11.009
steal,10.998
typic,10.985
jobless,10.959
multipl,10.954
fit,10.952
recognit,10.937
industri,10.916
guilt,10.914
beat,10.913
bicycl,10.911
fine,10.905
bout,10.879
exot,10.866
ran,10.862
messi,10.848
fair,10.832
sincer,10.829
awar,10.825
contrast,10.804
experienc,10.802
trial,10.800
sensat,10.792
antagonist,10.790
four,10.768
address,10.734
fetu,10.722
evolv,10.714
dark,10.712
estrang,10.708
devot,10.698
majidi,10.698
petrol,10.698
blow,10.677
establish,10.668
kept,10.655
upset,10.638
ramascreen,10.613
fahradi,10.613
frahadi,10.613
faryabi,10.613
naader,10.613
courthous,10.606
unsaid,10.606
repress,10.586
palpabl,10.574
restrict,10.563
prolifer,10.563
obsess,10.546
sex,10.513
acquaint,10.511
sound,10.501
empath,10.493
mix,10.481
nearli,10.477
neg,10.457
atmospher,10.434
shift,10.433
eastern,10.423
ad,10.421
envelop,10.419
snowbal,10.403
villain,10.397
suit,10.390
n,10.369
project,10.367
disabl,10.361
chastis,10.329
amongst,10.324
facet,10.299
repeat,10.298
doubt,10.291
absorb,10.281
custom,10.280
nice,10.258
imag,10.253
compens,10.236
solv,10.202
dementia,10.194
outstand,10.159
enter,10.143
slowli,10.143
brazil,10.124
topic,10.121
unintend,10.116
mere,10.110
depth,10.094
drift,10.093
brought,10.061
station,10.058
otherwis,10.021
news,10.018
micro,10.014
sirin,10.011
azghar,10.011
headscarv,10.011
hoseini,10.011
hossein,10.011
payman,10.011
moaddi,10.011
84th,10.011
kalari,10.011
neglect,9.998
expel,9.986
honour,9.968
bollywood,9.952
earlier,9.940
poverti,9.926
precis,9.920
plight,9.916
behaviour,9.916
en,9.890
fan,9.887
catch,9.885
ideolog,9.873
climax,9.853
space,9.851
overli,9.817
oversea,9.807
concentr,9.793
mr,9.788
upper,9.782
centuri,9.768
known,9.755
backseat,9.748
occasion,9.746
arrang,9.744
slice,9.734
understood,9.728
war,9.720
miseri,9.707
factor,9.688
irrelev,9.682
congrat,9.671
technic,9.666
distract,9.665
leyla,9.658
makhmalbaf,9.658
farhad,9.658
61st,9.658
hannek,9.658
straightforward,9.650
crowd,9.647
melodramat,9.615
america,9.585
core,9.572
suppos,9.570
somewher,9.562
skill,9.557
spiral,9.532
accolad,9.526
street,9.525
appropri,9.519
attitud,9.512
gap,9.504
fanat,9.496
subtli,9.493
domin,9.492
task,9.468
version,9.458
culmin,9.453
regret,9.447
quarrel,9.444
melodrama,9.426
instanc,9.424
princip,9.410
primari,9.410
mullah,9.409
proceed,9.408
profession,9.398
peac,9.395
coher,9.382
weak,9.364
stake,9.363
built,9.362
unjust,9.348
civil,9.342
verbal,9.329
teach,9.326
wash,9.316
per,9.309
destruct,9.289
milieu,9.275
serious,9.265
difficulti,9.262
fractur,9.259
grandpa,9.251
aggress,9.250
herself,9.245
fairli,9.239
unravel,9.234
straggli,9.215
financi,9.210
theater,9.209
wordpress,9.205
http,9.205
beneath,9.205
rememb,9.176
righteous,9.160
attract,9.129
mount,9.124
till,9.124
censorship,9.118
yea,9.118
immin,9.118
bureaucrat,9.111
somewhat,9.106
suprem,9.088
accur,9.085
test,9.078
green,9.077
emphas,9.076
anymor,9.069
c,9.067
inaritu,9.056
imam,9.056
late,9.042
housekeep,9.042
superfici,9.041
wanna,9.016
blown,8.997
owe,8.993
convey,8.976
flow,8.971
evid,8.960
hate,8.956
underli,8.954
f,8.939
tragic,8.935
competit,8.884
victori,8.883
characterist,8.874
mandatori,8.851
citizen,8.845
taint,8.840
guy,8.833
wise,8.827
indian,8.825
offici,8.820
invit,8.820
subtleti,8.805
react,8.801
permit,8.784
societ,8.768
pick,8.764
impecc,8.754
settl,8.742
multi,8.739
sympathis,8.736
evok,8.716
dissolv,8.674
offic,8.662
stop,8.656
guid,8.655
monitor,8.649
struck,8.633
heartbreak,8.632
unpredict,8.614
glad,8.606
outburst,8.601
gone,8.598
increas,8.588
amateurish,8.587
trust,8.585
compound,8.578
cri,8.564
simplest,8.541
soulless,8.532
season,8.527
enthral,8.525
avoid,8.524
number,8.521
essenti,8.513
symbol,8.503
blood,8.502
guarante,8.492
tomato,8.492
plenti,8.486
usual,8.476
display,8.444
inadvert,8.432
catastroph,8.404
rank,8.392
compet,8.389
overbear,8.387
addit,8.365
track,8.344
rashomon,8.336
prevent,8.330
directli,8.326
smart,8.322
nonetheless,8.321
ongo,8.313
heavili,8.268
ensembl,8.258
integr,8.244
predica,8.236
versa,8.222
negoti,8.222
puzzl,8.218
associ,8.215
agoni,8.207
devoutli,8.204
materi,8.203
modest,8.197
incap,8.183
uncertain,8.176
convict,8.175
talent,8.155
exact,8.154
jafar,8.152
strike,8.150
conceal,8.139
stand,8.130
assert,8.119
frankli,8.119
succe,8.117
vs,8.113
occident,8.102
badli,8.101
articul,8.097
preval,8.081
minor,8.065
vain,8.059
magnific,8.055
highest,8.050
forth,8.046
enhanc,8.044
spoiler,8.040
arguabl,8.039
envis,8.031
sue,8.028
cant,8.015
travel,8.012
inflict,8.010
sorri,8.005
soul,7.981
masterwork,7.980
hook,7.970
unusu,7.955
guardian,7.951
dram,7.928
demonstr,7.925
intellectu,7.916
million,7.894
staunchli,7.889
colour,7.882
dimension,7.877
mislead,7.865
lavish,7.859
sar,7.852
nowher,7.850
clariti,7.846
triumph,7.845
impuls,7.838
oblig,7.838
inevit,7.835
astonish,7.832
strict,7.830
refer,7.826
reliabl,7.814
execut,7.814
correct,7.813
subtext,7.807
glare,7.801
ridden,7.796
necess,7.794
betray,7.791
maintain,7.788
dress,7.779
verg,7.779
bonu,7.776
propos,7.769
advanc,7.763
abil,7.758
stringent,7.750
stereotyp,7.743
overwhelm,7.726
deliv,7.714
famou,7.711
amount,7.710
tremend,7.710
account,7.698
hostil,7.693
sanctiti,7.688
creme,7.688
peed,7.688
infirm,7.688
fluoresc,7.688
inflex,7.688
partit,7.688
explan,7.687
numer,7.686
woven,7.684
recogniz,7.677
fortun,7.674
unknown,7.674
meet,7.674
record,7.671
prospect,7.670
weav,7.664
petti,7.661
fulcrum,7.658
silenc,7.651
legitim,7.636
assum,7.633
rotten,7.624
inabl,7.622
protest,7.620
warrant,7.611
color,7.609
haven,7.609
nomine,7.600
favorit,7.595
thiev,7.593
hidden,7.590
shaki,7.585
laugh,7.583
construct,7.574
matur,7.574
explicit,7.574
aftermath,7.561
blogspot,7.559
superl,7.557
wrangl,7.550
fast,7.546
obviou,7.539
combin,7.538
tv,7.534
payn,7.525
publish,7.519
deem,7.513
prevail,7.511
contain,7.510
tripod,7.500
plain,7.499
bigger,7.498
journey,7.494
baffl,7.482
abstract,7.466
approv,7.462
sum,7.462
greatest,7.461
surprisingli,7.451
wholli,7.445
likewis,7.439
unhappi,7.433
signific,7.412
123,7.409
equival,7.389
midst,7.384
chaotic,7.384
valid,7.382
coin,7.380
loss,7.379
investig,7.366
photographi,7.362
unless,7.360
briefli,7.352
implic,7.349
drain,7.342
finish,7.333
mainli,7.311
uk,7.308
detach,7.308
manslaught,7.306
accuraci,7.301
deeper,7.290
intertwin,7.289
extraordinari,7.275
cinemat,7.273
biciclett,7.269
lesson,7.268
mark,7.268
suffic,7.263
preliminari,7.250
ladri,7.250
describ,7.244
obscur,7.239
intend,7.239
unfold,7.233
led,7.232
loos,7.232
pun,7.223
fifth,7.218
awe,7.218
uncov,7.215
descend,7.197
suck,7.192
silent,7.191
violent,7.188
speechless,7.186
engagingli,7.181
themat,7.174
comprehend,7.174
violenc,7.173
helpless,7.171
entertain,7.169
british,7.155
flee,7.151
fundament,7.149
obstruct,7.148
tire,7.147
came,7.129
mistaken,7.126
21st,7.123
versu,7.119
va,7.116
harm,7.110
repeatedli,7.106
eyewit,7.101
local,7.096
freedom,7.084
extra,7.082
gentl,7.081
stun,7.075
unblink,7.071
unfair,7.068
iron,7.041
promis,7.040
bare,7.036
drown,7.032
escap,7.028
similarli,7.022
imped,7.014
secondli,7.011
injustic,6.991
stark,6.991
leverag,6.987
strength,6.980
fresh,6.976
fundamentalist,6.974
taught,6.970
tackl,6.965
delv,6.963
affluent,6.961
verac,6.961
vari,6.948
born,6.941
presenc,6.940
altogeth,6.936
pend,6.935
weekend,6.928
linger,6.923
archaic,6.923
prosaic,6.923
wateri,6.923
text,6.920
territori,6.915
moviego,6.911
passion,6.909
reserv,6.895
necessari,6.885
mistak,6.882
grievanc,6.874
corrupt,6.871
propaganda,6.867
odd,6.862
18,6.842
offend,6.838
race,6.833
standout,6.832
thu,6.830
death,6.830
animos,6.807
disast,6.806
arrog,6.803
prop,6.803
week,6.802
shame,6.802
41,6.796
unbeliev,6.790
poorer,6.785
laudabl,6.785
chisel,6.775
fling,6.775
shi,6.773
post,6.767
wander,6.754
meant,6.754
fli,6.742
grim,6.731
marvel,6.730
huge,6.727
furnish,6.724
function,6.720
feat,6.718
israel,6.714
indirect,6.714
program,6.705
taker,6.704
bourgeoi,6.695
crime,6.689
min,6.686
ramif,6.676
slightli,6.674
mustn,6.666
finest,6.665
spiritu,6.659
o,6.658
unequivoc,6.657
block,6.655
easier,6.650
interperson,6.648
erect,6.639
deliveri,6.638
popular,6.633
discord,6.630
narrat,6.629
zero,6.625
psycholog,6.622
shoe,6.617
vivid,6.617
reader,6.608
repetit,6.606
9,6.600
constrain,6.595
migrat,6.579
explod,6.576
inequ,6.570
henc,6.568
crew,6.566
asleep,6.558
everybodi,6.558
liber,6.552
innocu,6.546
fork,6.538
institut,6.537
presid,6.514
crimin,6.513
spite,6.510
indic,6.507
chair,6.505
damag,6.501
heartach,6.499
dilig,6.491
reconcili,6.491
domino,6.491
arduou,6.491
nod,6.491
check,6.486
encourag,6.479
ozu,6.476
helplessli,6.476
shut,6.470
proper,6.470
misogynist,6.469
w,6.465
mankind,6.454
notion,6.451
satisfi,6.448
salari,6.433
dimens,6.431
wherea,6.431
stomach,6.429
30,6.425
finger,6.405
conundrum,6.398
north,6.394
avail,6.390
embroil,6.385
plant,6.379
merit,6.376
hefti,6.372
agil,6.372
neighbor,6.358
feet,6.356
immers,6.355
enclos,6.352
exasper,6.352
brew,6.352
scope,6.351
aid,6.349
appar,6.345
danger,6.343
sole,6.338
kramer,6.333
heat,6.319
sexist,6.314
exam,6.314
offspr,6.314
pretenti,6.308
elev,6.303
wound,6.299
woe,6.284
fiction,6.278
140,6.278
gradual,6.274
replet,6.272
shine,6.271
hype,6.270
benefit,6.267
isol,6.260
tact,6.255
ubiquit,6.255
deliber,6.250
short,6.249
assist,6.239
bound,6.234
frequent,6.229
dishonest,6.226
meanwhil,6.225
jerki,6.221
folli,6.215
clever,6.215
repercuss,6.210
microcosm,6.210
unbias,6.199
period,6.197
comedi,6.187
emerg,6.185
weight,6.185
necessarili,6.183
madden,6.178
immun,6.172
gruel,6.172
storm,6.162
dichotomi,6.147
stupid,6.146
uniti,6.142
screenwrit,6.137
allegi,6.137
nich,6.137
dime,6.137
absurd,6.134
undoubtedli,6.132
insult,6.132
site,6.127
impass,6.122
trembl,6.122
price,6.119
treatment,6.119
fulfil,6.118
cameraman,6.107
patriarch,6.107
acceler,6.107
de,6.102
theori,6.094
oper,6.089
translat,6.081
shamelessli,6.078
astound,6.072
substanc,6.065
homeland,6.051
immens,6.047
astut,6.037
gist,6.037
trickeri,6.024
ten,6.022
profound,6.017
neo,6.015
reconsid,6.011
game,6.009
quo,6.002
showi,5.998
gotten,5.995
empathis,5.993
destroy,5.988
lock,5.986
vocabulari,5.981
skew,5.981
shoot,5.978
forbid,5.977
sharp,5.976
grade,5.971
nurtur,5.960
cairo,5.960
confid,5.960
brutal,5.953
relev,5.946
italian,5.944
rehears,5.944
accordingli,5.944
loudli,5.940
slew,5.936
volatil,5.932
homework,5.932
group,5.930
dispar,5.928
arbitrari,5.924
strikingli,5.924
griev,5.924
covet,5.920
nonstop,5.920
flock,5.912
hadn,5.910
prohibit,5.908
guard,5.904
across,5.904
closer,5.901
organ,5.898
hell,5.890
forefront,5.889
vigor,5.889
canada,5.889
deft,5.882
mistreat,5.882
mediocr,5.875
revis,5.871
heritag,5.871
careless,5.867
ampl,5.863
sequenc,5.862
wherein,5.860
reconcil,5.860
affair,5.850
steadili,5.849
infuri,5.849
gift,5.846
clue,5.834
notwithstand,5.834
catalyst,5.824
die,5.813
fewer,5.806
sight,5.801
intensifi,5.796
philosoph,5.782
ostens,5.779
prosper,5.779
twenti,5.776
summon,5.773
stuck,5.770
asia,5.769
spew,5.763
dislik,5.761
refug,5.753
catharsi,5.750
mise,5.750
massiv,5.743
complaint,5.730
blog,5.728
richer,5.715
extend,5.712
smug,5.709
outshin,5.706
misfortun,5.706
began,5.697
probe,5.694
rage,5.694
irrat,5.673
turkish,5.673
grind,5.673
readili,5.670
g,5.667
pleasur,5.666
statu,5.663
window,5.663
turkey,5.661
correspond,5.661
navig,5.656
clerk,5.650
40,5.649
area,5.648
thoroughli,5.642
engulf,5.638
phenomen,5.630
fellow,5.624
blue,5.624
delay,5.616
voyeur,5.616
uniformli,5.602
prioriti,5.594
beard,5.594
onto,5.591
plate,5.589
formal,5.586
thrown,5.583
submiss,5.568
logic,5.549
ident,5.543
brim,5.537
patch,5.532
lightli,5.532
walk,5.527
peel,5.522
extern,5.515
fell,5.513
indel,5.510
wear,5.508
impend,5.507
sceneri,5.498
histori,5.495
immacul,5.488
russia,5.488
su,5.476
fragment,5.476
95,5.474
coach,5.469
restraint,5.469
feminist,5.467
toll,5.467
recur,5.465
dens,5.465
dissect,5.460
se,5.458
moder,5.458
afraid,5.457
stem,5.453
250,5.452
downward,5.451
dire,5.446
worri,5.444
prompt,5.442
compassion,5.433
magnet,5.424
medit,5.420
spectrum,5.409
rude,5.402
barrier,5.400
weigh,5.398
terrifi,5.393
fellini,5.389
unfamiliar,5.387
ma,5.385
sheer,5.385
deceit,5.383
horrend,5.381
cerebr,5.381
memor,5.380
collar,5.375
nobodi,5.371
insignific,5.364
cram,5.362
chord,5.358
sear,5.348
contempt,5.348
jade,5.342
utmost,5.342
dizzi,5.340
loop,5.340
personifi,5.334
bia,5.324
potent,5.318
un4tunetli,5.306
eslami,5.306
radan,5.306
farhadicongratul,5.306
iman,5.306
mahtab,5.306
razeh,5.306
shari,5.306
frhadi,5.306
vezar,5.306
iraqian,5.306
abuladz,5.306
bazigaran,5.306
taraneh,5.306
caucasu,5.306
asqar,5.306
interfamili,5.306
golshifteh,5.306
vj0ja1sjbzw,5.306
pupala,5.306
shirin,5.306
mstndgvnh,5.306
jodayiy,5.306
forotagheh,5.306
ahadi,5.306
temeh,5.306
ekhrajiha,5.306
anywherevil,5.306
tehrani,5.306
hedyeh,5.306
chidlren,5.306
farahadi,5.306
hafez,5.306
huband,5.306
bergmanesqu,5.306
academmi,5.306
hoseyni,5.306
khoda,5.306
gzndhay,5.306
metacor,5.306
14year,5.306
keramati,5.306
trmh,5.306
marmoulak,5.306
gavaznha,5.306
termehn,5.306
secend,5.306
everrrr,5.306
mv35hz,5.306
rostami,5.306
rial,5.306
ershad,5.306
therehighli,5.306
jod,5.306
barkhordari,5.306
jayleigh,5.306
mucker,5.306
asqhar,5.306
morgenpost,5.306
razier,5.306
awfuli,5.306
kandahar,5.306
fahadi,5.306
fatih,5.306
samadi,5.306
ranian,5.306
fatherso,5.306
mahdi,5.306
rasoulof,5.306
peyam,5.306
farhang,5.306
rouhani,5.306
darbarey,5.306
ubitquit,5.306
farahani,5.306
trustth,5.306
gav,5.306
separationth,5.306
samir,5.306
payam,5.306
birqa,5.306
lazhar,5.306
hosyni,5.306
misemploy,5.306
korosawa,5.306
jodayi,5.306
teremeh,5.306
farhadiit,5.306
altiheimerz,5.306
bhdad,5.306
beyat,5.306
separa,5.306
bahman,5.306
faultlin,5.306
jahar,5.306
terma,5.306
bedstand,5.306
rvaytsh,5.306
somayah,5.306
qiu,5.306
advertisementa,5.306
33th,5.306
yazdanbakhsh,5.306
ghmbar,5.306
shariah,5.306
smallest,5.304
detect,5.302
15,5.301
overr,5.298
consist,5.298
shove,5.295
hurt,5.293
techniqu,5.290
conform,5.289
esqu,5.285
elder,5.282
paradis,5.282
unseen,5.276
redund,5.272
practic,5.260
dim,5.256
divis,5.256
vividli,5.254
dysfunct,5.245
quot,5.242
maker,5.239
maze,5.229
significantli,5.229
flower,5.225
rush,5.223
explos,5.220
juror,5.215
unsur,5.208
romant,5.205
republ,5.201
digest,5.199
angl,5.193
michael,5.192
miracul,5.189
fabric,5.186
peculiar,5.186
besid,5.182
crumbl,5.176
plung,5.161
capac,5.153
breathless,5.150
length,5.144
privat,5.142
bent,5.137
dream,5.121
applaus,5.119
unconvent,5.112
click,5.112
disregard,5.098
norm,5.095
listen,5.094
drop,5.091
boy,5.088
absent,5.078
narrow,5.075
surround,5.071
employe,5.070
aliv,5.069
senseless,5.062
quietli,5.052
honestli,5.048
crisp,5.048
instrument,5.041
fragil,5.035
upcom,5.031
allegori,5.027
declin,5.022
ruin,5.021
reinforc,5.013
sacrif,5.009
stanislovski,5.005
dupin,5.005
hijab,5.005
25000,5.005
brickwork,5.005
tutorship,5.005
sare,5.005
tike,5.005
bedpost,5.005
aleikum,5.005
pandolfi,5.005
ghobadi,5.005
catchword,5.005
samoura,5.005
ideologist,5.005
burka,5.005
mohsen,5.005
kohan,5.005
teheran,5.005
favourti,5.005
shahbaz,5.005
dramma,5.005
zvyagintsev,5.005
atatheaterneary,5.005
asham,5.004
99,5.004
setup,5.002
afford,5.000
sneak,4.996
bias,4.992
mundan,4.976
rhythm,4.971
ebert,4.970
fierc,4.968
faint,4.966
virtu,4.961
longer,4.957
paradox,4.957
web,4.944
unpleas,4.940
britain,4.938
biggest,4.933
ace,4.932
match,4.928
haunt,4.925
cun,4.925
spend,4.918
partial,4.914
politician,4.910
swept,4.908
attack,4.905
heal,4.903
firmli,4.897
mate,4.891
creep,4.878
repli,4.878
vice,4.877
flawlessli,4.871
episod,4.867
boast,4.864
passag,4.859
joke,4.854
whatev,4.854
inher,4.850
conquer,4.848
gestur,4.845
averag,4.845
contradict,4.841
impos,4.837
seamlessli,4.836
secondari,4.836
unbear,4.835
california,4.831
orchestr,4.831
orient,4.830
argghh,4.829
bickerson,4.829
soraya,4.829
lender,4.829
exuperi,4.829
300k,4.829
synechdoch,4.829
churchgoer,4.829
billc,4.829
tinribs27,4.829
371,4.829
erland,4.829
higlight,4.829
perjur,4.829
arguebl,4.829
cripplingli,4.829
josephson,4.829
shirtsleev,4.829
sorrow,4.829
elsewher,4.817
labyrinth,4.817
critiqu,4.816
transfer,4.809
claustrophob,4.801
standard,4.787
tone,4.787
heartfelt,4.786
attribut,4.785
moreov,4.781
distinguish,4.780
curios,4.779
tendenc,4.778
spotlight,4.775
boredom,4.773
predict,4.769
trend,4.766
tape,4.762
resid,4.762
favourit,4.757
rightli,4.756
millennium,4.752
sustain,4.748
nervou,4.747
20,4.745
thread,4.744
inconsist,4.743
paus,4.741
bend,4.728
bravo,4.727
minim,4.726
conscious,4.725
chest,4.725
scienc,4.724
tip,4.724
strip,4.721
soap,4.712
wisdom,4.710
ok,4.710
eager,4.706
salami,4.704
vidiotreview,4.704
dohafilm,4.704
winnow,4.704
townfolk,4.704
bogeymen,4.704
dohafilminstitut,4.704
stressor,4.704
sharia,4.704
offsid,4.704
ellipsi,4.704
bahram,4.704
opac,4.704
untransl,4.704
dealt,4.697
underst,4.695
valuabl,4.692
khan,4.690
expertli,4.685
zone,4.683
confirm,4.679
centr,4.677
sensibl,4.674
util,4.666
devil,4.664
glu,4.662
meaningless,4.660
relentless,4.660
alien,4.659
induc,4.648
occupi,4.643
assembl,4.641
asian,4.639
viscer,4.635
forward,4.629
announc,4.628
spark,4.627
packag,4.613
nerv,4.609
effort,4.609
demystif,4.607
scorchingli,4.607
curley,4.607
hame,4.607
resp,4.607
lakh,4.607
contrari,4.602
ensur,4.595
assault,4.593
simplist,4.586
disturb,4.585
downright,4.581
viciou,4.579
casual,4.578
miracl,4.574
7,4.574
particip,4.572
portion,4.572
strang,4.568
feed,4.565
sink,4.562
echo,4.560
applaud,4.552
embarrass,4.552
confin,4.550
destini,4.548
splendid,4.545
shower,4.532
increasingli,4.530
screw,4.530
45,4.530
windowpan,4.528
apport,4.528
abas,4.528
hassan,4.528
baiti,4.528
creationist,4.528
bacchan,4.528
medalist,4.528
di,4.523
access,4.520
suitabl,4.517
simultan,4.511
obvious,4.511
jesu,4.510
shoulder,4.510
yesterday,4.503
ponder,4.503
design,4.501
pro,4.499
laughabl,4.497
pitch,4.495
backward,4.493
phrase,4.491
dig,4.487
heaven,4.481
ego,4.474
menfolk,4.461
hypersensit,4.461
unassumingli,4.461
unequip,4.461
berlinal,4.461
recreat,4.451
church,4.451
birth,4.450
varieti,4.449
aspir,4.449
fist,4.449
properli,4.447
bergman,4.439
pound,4.429
train,4.428
gather,4.418
accident,4.413
creator,4.406
albeit,4.404
mucho,4.403
finalis,4.403
bather,4.403
folktal,4.403
greyish,4.403
prison,4.399
expand,4.397
racist,4.396
thrill,4.395
opera,4.391
inhabit,4.385
descript,4.383
expert,4.376
earli,4.375
slight,4.373
crucial,4.368
showcas,4.365
render,4.355
contigu,4.352
rupe,4.352
clemenc,4.352
hotlin,4.352
fellatio,4.352
urbanit,4.352
careworn,4.352
melo,4.352
fulsom,4.352
oval,4.352
housework,4.352
sunder,4.352
blueish,4.352
auckland,4.352
tree,4.351
forgot,4.351
cooper,4.351
expens,4.348
punish,4.340
user,4.338
oh,4.326
spin,4.323
corner,4.318
irrit,4.317
dazzl,4.315
sinist,4.313
sudden,4.308
contriv,4.308
rarifi,4.306
numberless,4.306
corpu,4.306
327,4.306
cinemaclown,4.306
kudo,4.297
string,4.297
bleak,4.296
servic,4.286
skip,4.285
ton,4.282
indulg,4.281
lay,4.279
third,4.274
distanc,4.273
facial,4.266
snoozefest,4.265
perjuri,4.265
ou,4.265
10imdb,4.265
baran,4.265
roger,4.265
meaning,4.264
instant,4.262
select,4.235
curs,4.233
fadeout,4.227
kia,4.227
chabrol,4.227
healthcar,4.227
shahrukh,4.227
photocopi,4.227
yimou,4.227
tykwer,4.227
foetu,4.227
cinch,4.227
delon,4.227
repeal,4.227
omfg,4.227
realign,4.227
murkier,4.227
append,4.227
threat,4.225
par,4.210
vehicl,4.210
eight,4.209
calm,4.208
conclud,4.208
buff,4.207
stare,4.199
franc,4.194
chessboard,4.192
incl,4.192
embroideri,4.192
irreconcil,4.192
sanguin,4.192
fatherland,4.192
grasp,4.188
summari,4.182
lucki,4.182
random,4.181
link,4.178
below,4.168
oppos,4.167
indefens,4.160
node,4.160
ebenez,4.160
exig,4.160
strictur,4.160
splurg,4.160
6000,4.160
exagger,4.148
nowaday,4.148
tight,4.138
otoh,4.130
zhang,4.130
simi,4.130
statut,4.130
sanest,4.130
rochest,4.130
afterward,4.126
measur,4.122
teen,4.119
thin,4.119
worker,4.114
vast,4.110
expos,4.107
credibl,4.105
37th,4.102
balkan,4.102
religios,4.102
guaranti,4.102
judiciari,4.102
indonesia,4.102
intransig,4.102
acclam,4.102
fragmentari,4.102
interleav,4.102
patient,4.099
importantli,4.099
activ,4.095
accompani,4.094
distinct,4.093
altern,4.090
wearer,4.076
wrongdoer,4.076
dearmoviego,4.076
sub,4.074
mari,4.069
partner,4.066
excus,4.066
wrap,4.052
tailspin,4.051
respir,4.051
wantonli,4.051
rectitud,4.051
degre,4.050
model,4.048
suicid,4.046
greatli,4.046
awesom,4.043
knock,4.041
chao,4.039
citi,4.034
innov,4.031
comed,4.030
vagari,4.028
embassi,4.028
2500,4.028
andrey,4.028
krzysztof,4.028
schism,4.028
rival,4.026
voic,4.017
piti,4.013
stretch,4.012
virtual,4.011
brave,4.010
cost,4.007
photogen,4.005
alain,4.005
ecumen,4.005
satyajit,4.005
dynamo,4.005
cassavet,4.005
drudg,4.005
mohammad,4.005
adi,4.005
essenc,4.003
141,3.984
tomatomet,3.984
unif,3.984
sass,3.984
untruth,3.984
ador,3.982
creation,3.980
food,3.977
sodomi,3.964
overlaid,3.964
xxi,3.964
championangel,3.964
utter,3.961
sentenc,3.960
blisteringli,3.945
depreci,3.945
underprivileg,3.945
stranglehold,3.945
b4,3.945
resist,3.944
reward,3.927
night,3.927
xenophob,3.926
upshot,3.926
wealthier,3.926
disloyalti,3.926
baser,3.926
plough,3.926
steelmonst,3.926
slavic,3.926
uni,3.926
possess,3.922
horror,3.922
goal,3.921
latter,3.913
rip,3.909
standstil,3.908
afresh,3.908
autocrat,3.908
influx,3.908
yugoslavia,3.908
quilt,3.908
pane,3.908
nouement,3.908
scalpel,3.908
sweeten,3.908
denunci,3.908
knob,3.908
ransack,3.908
surfac,3.899
patriarchi,3.891
stigmat,3.891
inattent,3.891
friedrich,3.891
shorn,3.891
revel,3.890
diplomaci,3.875
contour,3.875
wake,3.874
energi,3.871
blandli,3.859
metascor,3.859
scenographi,3.859
cauldron,3.859
sexual,3.851
broken,3.850
quiet,3.831
mass,3.830
cute,3.829
prickli,3.829
uncivil,3.829
poppi,3.829
crumpl,3.829
grabber,3.829
sourc,3.826
player,3.818
risk,3.818
fake,3.817
prejudg,3.815
fizz,3.815
nether,3.815
foolhardi,3.815
geni,3.815
kieslowski,3.815
spate,3.815
tussl,3.815
egoism,3.815
punch,3.803
grab,3.802
pieti,3.801
hillsid,3.801
underclass,3.801
oversimplif,3.801
greater,3.801
six,3.799
mine,3.797
abus,3.795
forgotten,3.790
evil,3.789
steamrol,3.788
grievou,3.788
sadli,3.782
inconspicu,3.775
atrophi,3.775
bespectacl,3.775
blend,3.768
monarch,3.762
fittest,3.762
adroitli,3.762
mover,3.762
eleventh,3.762
japanes,3.762
arm,3.762
interact,3.757
superstiti,3.750
unconcern,3.750
unti,3.750
thailand,3.750
saudi,3.750
thrall,3.750
knowledg,3.744
monochromat,3.738
incub,3.738
slander,3.738
hornet,3.738
succeed,3.728
soundli,3.727
refere,3.727
unruli,3.727
speech,3.726
folksi,3.715
ju,3.715
sweet,3.711
summer,3.705
cleric,3.704
iam,3.704
guil,3.704
bequeath,3.704
thrillingli,3.704
unhappili,3.704
terror,3.696
shadow,3.695
burn,3.694
irat,3.694
magnanim,3.694
expectedli,3.694
ellipt,3.694
hussein,3.694
moralis,3.694
v,3.693
menac,3.692
quick,3.691
80,3.691
paint,3.685
budg,3.683
emb,3.683
rian,3.683
mask,3.683
minuet,3.673
majid,3.673
cetera,3.673
fatherhood,3.673
writ,3.673
volcan,3.673
ourself,3.673
visit,3.673
path,3.666
estebueno10,3.663
norway,3.663
schoolmat,3.663
ministri,3.663
offhand,3.663
tenet,3.653
dun,3.653
alterc,3.653
melvil,3.653
glitzi,3.653
lawsuit,3.653
realis,3.648
neoreal,3.644
retrac,3.644
matchless,3.644
golli,3.644
scuffl,3.644
demur,3.644
save,3.643
highlight,3.643
amsterdam,3.634
dare,3.631
copi,3.629
ir,3.625
asphalt,3.625
bankabl,3.625
buffet,3.625
ambl,3.625
faraway,3.625
inextric,3.616
penal,3.607
menial,3.607
rancor,3.607
retic,3.599
tolstoy,3.599
int,3.599
unrelentingli,3.599
road,3.592
multilay,3.590
quandari,3.590
diffus,3.590
med,3.590
compani,3.588
ascertain,3.582
1001,3.582
incapacit,3.582
throe,3.582
theatr,3.579
encount,3.578
rift,3.574
buse,3.574
substant,3.574
underw,3.574
primordi,3.574
offscreen,3.566
stationari,3.566
tireless,3.566
punctur,3.566
dollar,3.561
pop,3.560
breathtak,3.558
multifacet,3.558
masterpeic,3.558
beater,3.558
blockbust,3.555
fashion,3.555
grimli,3.550
expedi,3.550
flit,3.550
misinform,3.550
canni,3.550
cross,3.548
jester,3.543
epidem,3.543
zealot,3.543
saddam,3.543
incompat,3.535
former,3.535
wrote,3.535
accomplish,3.532
french,3.530
inconclus,3.528
withhold,3.528
hunt,3.523
troublemak,3.521
vogu,3.521
meaner,3.521
forecast,3.521
vantag,3.521
grand,3.518
liabil,3.514
ters,3.514
uproot,3.514
snare,3.514
nanni,3.514
caprici,3.514
crumb,3.514
avalanch,3.514
spent,3.509
send,3.508
newborn,3.507
vortex,3.507
modesti,3.507
piou,3.500
valiantli,3.500
okay,3.496
causal,3.493
loveless,3.493
reduct,3.493
moe,3.493
presumpt,3.487
downstair,3.487
immediaci,3.487
kangaroo,3.480
counteract,3.480
minutia,3.480
sanction,3.480
doctrin,3.480
59,3.480
enlarg,3.480
anti,3.480
shawshank,3.477
brandish,3.474
conting,3.474
disparag,3.468
unequ,3.468
petit,3.468
fyi,3.468
calam,3.468
gown,3.461
ullman,3.461
seasid,3.461
hitherto,3.461
junctur,3.461
wart,3.461
metacrit,3.461
foibl,3.455
irrevoc,3.455
aw,3.453
plu,3.452
impedi,3.449
implicitli,3.443
defer,3.443
pent,3.443
silk,3.443
twitter,3.443
afterword,3.443
compulsori,3.443
eavesdrop,3.443
reevalu,3.443
wisest,3.443
costli,3.437
discreet,3.437
opaqu,3.437
modernist,3.437
14th,3.437
54,3.437
disaffect,3.437
disbeliev,3.437
legitimaci,3.431
water,3.431
warn,3.430
locat,3.426
onlook,3.426
unus,3.426
b,3.422
amitabh,3.420
66,3.420
procur,3.420
angrili,3.420
unforeseen,3.420
worsen,3.414
epitomis,3.414
unprofession,3.414
frustratingli,3.414
shambl,3.414
joy,3.412
attir,3.409
onion,3.409
inquiri,3.409
meddl,3.409
tast,3.408
inward,3.403
government,3.403
jeopard,3.403
chasm,3.403
older,3.399
covert,3.398
seagul,3.398
sc,3.398
zeal,3.393
sexism,3.393
slouch,3.387
unwind,3.387
pretext,3.387
unrest,3.387
tenuou,3.387
glean,3.382
saintli,3.377
unsavori,3.377
dissimilar,3.377
expir,3.377
daytim,3.372
relinquish,3.367
gl,3.367
56,3.367
errand,3.362
planet,3.361
shack,3.357
delicaci,3.357
search,3.352
dustin,3.352
insan,3.347
monetari,3.347
vinterberg,3.347
red,3.343
footnot,3.343
cheaper,3.343
pack,3.342
mood,3.339
bereft,3.338
hastili,3.333
fraught,3.333
willow,3.333
underway,3.333
era,3.330
logist,3.329
blacklist,3.329
credenc,3.329
surli,3.324
spot,3.320
rarest,3.320
peev,3.320
debacl,3.315
glitz,3.315
vindict,3.311
german,3.310
breach,3.306
anew,3.306
apprais,3.306
pessim,3.306
derelict,3.302
rend,3.302
conjunct,3.302
trudg,3.302
reveng,3.299
pigeon,3.298
troublesom,3.298
stuffi,3.294
widen,3.294
unbeknownst,3.294
discours,3.294
uninvolv,3.289
impenetr,3.289
onset,3.289
impair,3.289
outwardli,3.285
dreamt,3.285
tumultu,3.281
unearth,3.281
bred,3.281
inquisit,3.277
simmer,3.277
befal,3.277
alibi,3.277
creativ,3.277
tamper,3.273
lodg,3.273
payment,3.269
bona,3.269
nietzsch,3.269
evenli,3.269
fide,3.269
wrack,3.265
preoccupi,3.265
ridicul,3.263
wrinkl,3.261
mingl,3.261
layout,3.261
sinner,3.261
doorway,3.257
lineup,3.257
blasphem,3.257
redempt,3.257
motion,3.256
overse,3.253
nuke,3.253
labyrinthin,3.253
frost,3.253
forev,3.251
fray,3.249
prescrib,3.249
endow,3.249
spat,3.246
rash,3.246
tic,3.246
ur,3.246
stoog,3.246
leviti,3.246
snarl,3.246
riff,3.246
clich,3.246
vittorio,3.242
oxygen,3.242
gradi,3.242
hole,3.240
mental,3.239
benefici,3.238
deduct,3.238
berat,3.238
sica,3.238
godard,3.238
harp,3.238
beguil,3.234
undon,3.234
instig,3.234
terrif,3.234
unsolv,3.231
undevelop,3.231
insuffici,3.227
antagon,3.227
deplor,3.224
trustworthi,3.224
waist,3.224
rippl,3.224
fittingli,3.224
geograph,3.220
derail,3.220
goo,3.220
unprepar,3.220
diatrib,3.220
precoci,3.220
babel,3.220
ardent,3.216
misinterpret,3.216
axi,3.216
slope,3.216
buckl,3.216
wall,3.216
disinterest,3.213
upstair,3.213
bitterli,3.209
spectacular,3.209
cord,3.203
computer,3.199
sideway,3.199
plaudit,3.199
welfar,3.199
harshli,3.199
bureaucraci,3.196
amend,3.196
vest,3.196
agit,3.196
ne,3.189
throb,3.189
collater,3.189
populac,3.186
percentag,3.186
grammar,3.186
heartbroken,3.182
viabl,3.182
misconcept,3.182
antoin,3.182
cocktail,3.182
96,3.179
skit,3.179
socio,3.176
irani,3.176
unapp,3.173
gossip,3.173
cower,3.170
coverag,3.170
omnipres,3.170
eschew,3.166
glitch,3.166
utopia,3.166
connot,3.160
augment,3.160
tuesday,3.160
regul,3.157
rusti,3.157
nervous,3.157
urgent,3.157
sherlock,3.157
devolv,3.154
telegraph,3.154
vindic,3.154
disclos,3.151
underpin,3.151
remedi,3.151
zip,3.148
whichev,3.148
ca,3.145
gard,3.145
decreas,3.145
peripher,3.142
downplay,3.142
bobafett1138,3.142
deafen,3.139
regress,3.139
frailti,3.136
frown,3.136
maneuv,3.136
godfath,3.136
deploy,3.130
dine,3.130
shone,3.130
promptli,3.130
intersect,3.125
misti,3.125
chase,3.123
fluent,3.122
sociolog,3.119
tier,3.119
song,3.118
voyeurist,3.116
audibl,3.116
ratchet,3.105
solidli,3.105
ruthlessli,3.105
unreason,3.102
privaci,3.102
errat,3.102
staircas,3.097
quicker,3.097
mishap,3.097
hierarchi,3.097
unlucki,3.097
hone,3.094
upward,3.094
farcic,3.094
classroom,3.094
appeas,3.092
subvert,3.092
juici,3.092
thinli,3.089
robe,3.086
perish,3.084
commod,3.084
avant,3.081
evidenc,3.081
mad,3.079
statist,3.078
tearjerk,3.076
brightli,3.076
feud,3.076
date,3.073
tougher,3.073
pine,3.073
anecdot,3.071
pee,3.066
playground,3.066
invari,3.066
hitchcockian,3.063
overthrow,3.063
bandwagon,3.058
magnifi,3.058
entail,3.056
intrins,3.056
slack,3.056
chore,3.053
superpow,3.051
yo,3.051
scrape,3.051
93,3.046
excruciatingli,3.044
rethink,3.044
pinpoint,3.042
cautiou,3.042
collin,3.042
banish,3.039
straw,3.039
cherri,3.037
polic,3.035
homophob,3.035
fart,3.035
preconcept,3.032
infant,3.032
tenth,3.030
boldli,3.025
vent,3.023
needlessli,3.023
deter,3.021
mercilessli,3.021
compact,3.019
epiphani,3.019
conniv,3.016
infer,3.016
patricia,3.014
guidelin,3.014
bethani,3.014
imprint,3.012
temporarili,3.012
tow,3.010
smuggler,3.010
120,3.007
knit,3.007
criteria,3.005
grudg,3.005
discomfort,3.005
incom,3.005
juggl,3.003
unheard,3.003
verit,3.003
57,3.001
glorif,2.999
solitud,2.999
elegantli,2.997
entangl,2.997
plea,2.997
ride,2.996
rhetor,2.995
acut,2.992
wand,2.992
consensu,2.990
book,2.988
unanim,2.988
unfinish,2.986
whim,2.986
vacuum,2.984
savor,2.984
solemn,2.984
ny,2.980
lessen,2.980
baggag,2.976
uncommon,2.976
intervent,2.972
thwart,2.972
distrust,2.972
accomplic,2.970
quantiti,2.970
brawl,2.968
omg,2.966
prayer,2.962
1967,2.960
rigid,2.960
refreshingli,2.958
refrain,2.958
78,2.958
excruci,2.956
overlap,2.956
powerless,2.956
certainti,2.954
fiddl,2.954
suffoc,2.952
brighter,2.952
focal,2.952
harass,2.950
teaser,2.948
restless,2.948
smirk,2.948
gladli,2.947
turtl,2.947
unsuspect,2.945
reconstruct,2.945
memori,2.943
foreground,2.943
cigar,2.941
hyperbol,2.941
socialist,2.941
democrat,2.939
abid,2.937
thinker,2.937
inventor,2.937
fuse,2.935
innat,2.935
platform,2.933
veil,2.933
truffaut,2.932
contradictori,2.928
awri,2.928
overt,2.926
hindsight,2.926
nt,2.926
tangl,2.926
unimport,2.926
relianc,2.926
hover,2.923
conceit,2.923
unmistak,2.923
coordin,2.921
liar,2.919
peek,2.919
pov,2.919
feebl,2.917
pervas,2.915
taboo,2.915
intrud,2.912
tighter,2.910
conceptu,2.908
oldest,2.907
ounc,2.905
deconstruct,2.905
hamlet,2.905
indict,2.903
lag,2.903
nobil,2.902
prone,2.902
arous,2.900
underscor,2.900
selv,2.898
farther,2.898
hoffman,2.896
academ,2.896
omiss,2.893
vampir,2.893
behalf,2.893
faultless,2.891
adulthood,2.891
gee,2.891
inflat,2.890
persuas,2.888
parabl,2.888
snub,2.888
embed,2.886
thirst,2.886
steril,2.885
cleaner,2.883
airport,2.883
hinder,2.880
environment,2.878
amplifi,2.878
reassur,2.877
ravag,2.877
weaken,2.873
tyranni,2.873
august,2.873
lash,2.873
disdain,2.872
dot,2.872
dusti,2.872
strap,2.872
intuit,2.870
humanist,2.869
crank,2.867
cox,2.867
disturbingli,2.867
appoint,2.865
strengthen,2.865
intricaci,2.862
z,2.862
explicitli,2.861
sieg,2.861
claustrophobia,2.859
competitor,2.859
northern,2.858
knight,2.857
misplac,2.856
career,2.855
materialist,2.853
unwil,2.852
condens,2.852
crescendo,2.850
intrus,2.850
meryl,2.850
renew,2.848
bafta,2.848
headach,2.847
drab,2.845
streep,2.845
spellbound,2.845
novel,2.844
falter,2.842
finess,2.842
categor,2.842
wtf,2.841
puriti,2.841
stabl,2.837
fluff,2.835
nit,2.835
allud,2.835
censor,2.834
facad,2.834
bread,2.834
spike,2.834
overtli,2.832
amid,2.832
cooki,2.832
hauntingli,2.831
obligatori,2.831
feminin,2.831
satisfactori,2.829
th,2.828
deftli,2.826
litter,2.826
oneself,2.826
scarc,2.825
erupt,2.823
canadian,2.823
suburb,2.823
bombard,2.823
pollut,2.822
tangibl,2.819
fraud,2.818
harmless,2.818
plod,2.818
adher,2.816
blackmail,2.816
unflinch,2.815
180,2.814
februari,2.814
forbidden,2.812
zombi,2.812
fathom,2.808
willing,2.808
meantim,2.805
mi,2.804
adject,2.804
der,2.804
stoic,2.803
shrink,2.798
detest,2.797
allus,2.797
simul,2.796
voyag,2.794
inept,2.794
cutter,2.793
permeat,2.793
knockout,2.792
spectacularli,2.790
economi,2.790
youtub,2.789
concret,2.789
financ,2.788
pad,2.787
bargain,2.784
mon,2.784
feroci,2.783
unnot,2.783
tack,2.777
pawn,2.775
patron,2.775
implement,2.774
analog,2.774
remaind,2.772
plethora,2.772
tax,2.772
plead,2.771
prowess,2.770
tenni,2.770
invok,2.770
randomli,2.769
statur,2.767
perpetr,2.766
iraq,2.766
bewild,2.766
motorcycl,2.766
creed,2.766
bewar,2.761
brit,2.760
daddi,2.760
shelf,2.759
volunt,2.757
suppress,2.756
streak,2.756
nutshel,2.755
inspector,2.755
recount,2.752
cann,2.752
wherev,2.751
tricki,2.751
couch,2.750
brink,2.750
loom,2.749
loan,2.748
elicit,2.746
tempo,2.745
forman,2.744
fright,2.743
hypocrit,2.743
australia,2.742
lace,2.739
assess,2.739
dish,2.738
static,2.737
cia,2.737
fruit,2.737
shred,2.736
omit,2.736
dvd,2.735
bulk,2.733
lake,2.732
extraordinarili,2.731
hallway,2.731
improb,2.730
candl,2.729
organis,2.729
seed,2.729
exposur,2.729
illumin,2.725
savior,2.724
artsi,2.723
singular,2.721
filler,2.721
abound,2.720
riski,2.720
gush,2.718
sob,2.718
openli,2.718
therebi,2.716
speaker,2.716
milo,2.715
shockingli,2.715
polici,2.714
id,2.712
voter,2.712
ordeal,2.712
flourish,2.712
elect,2.710
architectur,2.710
supremaci,2.708
aunt,2.706
corridor,2.705
net,2.705
brush,2.705
unquestion,2.704
phoni,2.703
gloss,2.703
compris,2.702
wrestl,2.702
penetr,2.702
wider,2.701
brother,2.701
powerhous,2.700
ceremoni,2.699
mesmeris,2.698
lunat,2.698
blatantli,2.697
relentlessli,2.697
essay,2.697
sundanc,2.696
uncertainti,2.695
akin,2.695
larri,2.695
region,2.694
opt,2.694
solomon,2.689
unnerv,2.687
yawn,2.686
contest,2.686
boost,2.686
dalla,2.686
anchor,2.685
deceiv,2.684
bounc,2.682
troll,2.682
roughli,2.681
uncompromis,2.681
margin,2.680
skull,2.680
meander,2.679
humor,2.679
goof,2.678
downhil,2.676
auteur,2.676
lighter,2.673
minu,2.673
rapidli,2.672
reform,2.672
chip,2.672
ish,2.671
intro,2.671
subdu,2.669
relish,2.668
cowardli,2.667
reluctantli,2.667
forg,2.667
regularli,2.667
pie,2.666
quibbl,2.665
immatur,2.664
vocal,2.664
entic,2.664
unintent,2.663
sober,2.663
advers,2.662
spellbind,2.662
ham,2.661
greek,2.661
youngest,2.660
standpoint,2.660
bud,2.659
ethnic,2.659
pierr,2.657
senior,2.655
hug,2.655
invis,2.652
youngster,2.652
slam,2.651
gaze,2.650
africa,2.649
misunderstood,2.649
mindset,2.646
revolt,2.645
neatli,2.645
mutual,2.643
fund,2.643
pin,2.641
strand,2.640
buster,2.639
anguish,2.639
assumpt,2.637
mar,2.637
void,2.637
undermin,2.636
retrospect,2.634
polar,2.633
lurk,2.631
anniversari,2.631
divin,2.631
22,2.629
sucker,2.628
prophet,2.626
scandal,2.625
desol,2.624
ps,2.623
footbal,2.622
ss,2.622
macho,2.622
trilog,2.620
banter,2.619
decay,2.617
someday,2.617
eighti,2.614
abrupt,2.614
disjoint,2.614
warp,2.612
wine,2.611
rapid,2.609
criticis,2.608
inch,2.607
titular,2.607
artistri,2.607
cardboard,2.607
traffic,2.606
breed,2.605
textur,2.602
tea,2.601
bottl,2.601
encompass,2.599
shortcom,2.599
exclus,2.595
wive,2.595
comprehens,2.595
unforgiv,2.593
growth,2.591
cigarett,2.591
tiger,2.588
goosebump,2.587
rous,2.586
slide,2.585
ho,2.585
paragraph,2.584
excit,2.584
aura,2.583
profoundli,2.582
imperi,2.582
puppet,2.581
jewel,2.580
carnag,2.580
interestingli,2.579
inexplic,2.578
len,2.578
specul,2.577
unexplain,2.577
abund,2.576
seventh,2.576
stray,2.574
mold,2.573
crappi,2.573
35,2.572
unsatisfi,2.572
dash,2.572
darkli,2.570
elit,2.570
bath,2.570
angst,2.569
endlessli,2.569
hallucin,2.569
admiss,2.568
vein,2.568
grief,2.566
wet,2.566
trauma,2.565
yearn,2.563
dump,2.560
boggl,2.560
anxieti,2.559
idealist,2.558
cue,2.558
neighbour,2.557
greet,2.557
squar,2.556
strictli,2.554
substanti,2.554
understat,2.549
temptat,2.549
updat,2.548
worship,2.547
incarn,2.547
masteri,2.546
closur,2.544
rope,2.543
momentum,2.543
conduct,2.542
futil,2.542
blatant,2.541
incident,2.541
humili,2.541
vastli,2.541
traumat,2.540
interrupt,2.540
flair,2.540
foremost,2.538
perman,2.538
persuad,2.538
cabl,2.537
unrel,2.535
2013,2.535
radic,2.534
wright,2.533
synopsi,2.533
distort,2.531
campaign,2.530
appal,2.530
trivial,2.530
amidst,2.529
profess,2.529
eleph,2.528
alexand,2.527
smoothli,2.527
apolog,2.527
breakthrough,2.527
hostag,2.527
repris,2.525
equip,2.525
embark,2.525
signal,2.524
newli,2.522
evalu,2.522
health,2.522
thrust,2.521
qualifi,2.521
worldwid,2.520
runtim,2.520
unawar,2.520
moron,2.520
delet,2.518
summar,2.514
labor,2.514
sore,2.512
tempt,2.512
deservedli,2.512
devoid,2.512
junki,2.510
sixti,2.506
phenomenon,2.506
heap,2.506
preach,2.506
chronicl,2.505
steadi,2.503
firm,2.501
cheek,2.501
stimul,2.500
injur,2.499
ya,2.499
pool,2.497
homosexu,2.495
cook,2.493
insecur,2.493
sweat,2.493
cousin,2.493
200,2.491
cherish,2.491
colleagu,2.491
cup,2.491
effici,2.489
glow,2.489
privileg,2.489
le,2.487
mild,2.487
strain,2.485
fun,2.485
liv,2.484
blur,2.484
literari,2.483
audio,2.482
korean,2.480
chines,2.478
arabia,2.478
counter,2.478
guest,2.477
host,2.477
bow,2.475
cathol,2.473
heighten,2.472
flashi,2.471
websit,2.471
gear,2.471
poetri,2.468
celluloid,2.462
automat,2.461
pill,2.461
safeti,2.461
forgett,2.459
illeg,2.459
broad,2.459
watcher,2.458
insomnia,2.458
pivot,2.457
startl,2.456
imaginari,2.456
et,2.454
bibl,2.453
visibl,2.453
attorney,2.451
suffici,2.450
tap,2.450
rant,2.448
magazin,2.448
exhibit,2.448
seal,2.447
union,2.447
nativ,2.446
oddli,2.444
bathroom,2.444
button,2.444
tactic,2.442
2006,2.439
crown,2.438
interrog,2.437
blank,2.434
spring,2.433
sunday,2.433
crawl,2.433
stylist,2.431
juli,2.431
satisfact,2.428
strive,2.427
condemn,2.426
durat,2.426
boil,2.423
aamir,2.423
unreal,2.423
2004,2.422
champion,2.410
despis,2.409
preserv,2.407
inhuman,2.407
spoke,2.407
fond,2.406
penn,2.406
proport,2.400
collaps,2.399
24,2.398
consciou,2.397
cure,2.396
replic,2.396
dawn,2.395
maniac,2.392
enthusiast,2.390
fuel,2.388
2005,2.386
toss,2.385
nuditi,2.385
jungl,2.385
convolut,2.384
exit,2.384
fed,2.379
bu,2.379
radio,2.378
profan,2.375
uninterest,2.374
emphasi,2.374
garner,2.372
skeptic,2.372
chop,2.372
forti,2.372
myth,2.372
decept,2.372
conveni,2.371
defens,2.371
unsettl,2.370
climat,2.370
2003,2.369
favour,2.368
nut,2.368
print,2.366
keen,2.365
extens,2.365
enlighten,2.363
analysi,2.361
network,2.359
nois,2.358
plagu,2.357
retain,2.357
presum,2.357
patienc,2.357
lynch,2.357
flip,2.343
leap,2.343
deriv,2.342
launch,2.341
torment,2.341
shatter,2.339
nest,2.337
toler,2.337
admittedli,2.336
hail,2.336
caricatur,2.336
medic,2.336
3rd,2.335
usa,2.335
dismiss,2.334
ala,2.334
lengthi,2.333
analyz,2.332
adopt,2.331
intimid,2.330
tender,2.330
yell,2.330
halfway,2.327
instinct,2.326
downfal,2.324
electr,2.323
1st,2.323
needless,2.320
16,2.320
incorpor,2.320
exhaust,2.320
restaur,2.318
coincid,2.317
bless,2.316
spread,2.315
trait,2.312
dictat,2.312
wealthi,2.310
hopeless,2.309
revolut,2.309
tank,2.307
preciou,2.307
ancient,2.306
furthermor,2.306
primarili,2.306
exhilar,2.306
rid,2.305
sarah,2.305
trade,2.304
harder,2.303
recov,2.301
alcohol,2.301
pose,2.300
sparrow,2.298
resourc,2.294
offens,2.294
exercis,2.288
format,2.288
relax,2.288
eras,2.287
testament,2.284
mous,2.283
aesthet,2.283
choreograph,2.281
endear,2.280
patriot,2.278
pleasant,2.277
exposit,2.277
exquisit,2.277
pursuit,2.277
spi,2.275
nobl,2.275
premier,2.272
preview,2.270
spare,2.269
vagu,2.269
illus,2.266
stir,2.266
shed,2.266
advertis,2.265
sublim,2.265
detract,2.264
poetic,2.263
imprison,2.263
rear,2.262
firstli,2.261
cruelti,2.260
miser,2.260
shop,2.259
japan,2.258
linear,2.257
error,2.255
stolen,2.254
strongest,2.253
cleverli,2.251
peak,2.250
revolutionari,2.246
snow,2.245
alert,2.244
singer,2.243
revers,2.243
tribut,2.242
advis,2.241
fat,2.240
parodi,2.240
smooth,2.238
code,2.237
burst,2.236
acknowledg,2.234
slip,2.234
ralph,2.233
1970,2.231
influenti,2.231
reduc,2.228
loyal,2.227
scar,2.226
bite,2.225
undeni,2.225
humbl,2.224
infam,2.221
buzz,2.215
alli,2.214
consum,2.214
lion,2.213
beg,2.213
beaten,2.213
poster,2.213
borrow,2.212
cash,2.211
embrac,2.209
disbelief,2.206
wrench,2.203
mom,2.203
thumb,2.200
assign,2.200
backdrop,2.198
coaster,2.196
watchabl,2.195
destin,2.189
basi,2.187
arc,2.187
leo,2.186
elabor,2.185
fix,2.184
whatsoev,2.184
germani,2.183
card,2.182
subplot,2.182
tini,2.182
roller,2.177
lovabl,2.177
popul,2.176
spoken,2.174
despair,2.171
luck,2.168
embodi,2.168
proof,2.162
stranger,2.161
cinematograph,2.161
burton,2.157
kurosawa,2.156
h,2.155
pursu,2.155
sea,2.154
curiou,2.154
wave,2.153
hors,2.151
height,2.149
beast,2.149
sophist,2.148
invest,2.147
thirti,2.146
secur,2.145
lame,2.144
scientist,2.143
scheme,2.140
cheat,2.138
spell,2.136
illustr,2.136
stylish,2.134
advantag,2.133
switch,2.132
bet,2.129
hatr,2.128
demon,2.127
subsequ,2.125
rave,2.122
adam,2.120
leg,2.119
tool,2.118
ambiti,2.115
terrorist,2.113
hall,2.112
instantli,2.111
vulner,2.110
enorm,2.104
flesh,2.101
mid,2.099
interview,2.097
pretend,2.097
allen,2.097
fairi,2.096
belov,2.096
blew,2.094
forgiv,2.092
paper,2.089
dedic,2.088
photograph,2.087
section,2.083
villag,2.080
jean,2.079
mountain,2.079
stood,2.078
alter,2.075
stellar,2.074
trash,2.073
crack,2.073
homag,2.073
mesmer,2.072
flash,2.071
shallow,2.071
poorli,2.067
chief,2.066
cloth,2.065
everywher,2.065
unrealist,2.062
regular,2.062
thoma,2.059
heroic,2.058
pair,2.058
reput,2.057
controversi,2.056
blind,2.054
crash,2.054
aim,2.053
stunt,2.052
brown,2.050
philosophi,2.049
resembl,2.047
gump,2.046
etern,2.043
ghost,2.042
forrest,2.037
cat,2.035
overcom,2.032
exploit,2.030
ball,2.030
failur,2.028
amazingli,2.027
introduct,2.025
rivet,2.025
fabul,2.021
hat,2.021
refresh,2.020
cruel,2.020
inner,2.018
speed,2.016
youth,2.016
nail,2.013
smoke,2.013
fool,2.012
drink,2.010
remov,2.009
report,2.009
parallel,2.008
recal,2.008
ideal,2.004
gut,2.004
load,2.002
chosen,1.998
formula,1.997
paid,1.993
bright,1.991
overlook,1.991
ex,1.991
fincher,1.989
doctor,1.984
bottom,1.976
commerci,1.975
hey,1.975
satir,1.973
kill,1.970
hair,1.965
60,1.964
slave,1.960
p,1.959
holm,1.958
gold,1.954
replac,1.945
dumb,1.943
surpass,1.940
quest,1.938
sat,1.938
cheer,1.937
doubl,1.934
warm,1.933
marlon,1.933
disgust,1.930
grown,1.925
gonna,1.924
ray,1.917
hang,1.916
hill,1.915
sean,1.912
anybodi,1.910
brief,1.909
contribut,1.908
bomb,1.907
gritti,1.907
unnecessari,1.903
page,1.900
brando,1.896
amus,1.892
likabl,1.891
shouldn,1.890
safe,1.888
70,1.883
compos,1.882
invent,1.875
rang,1.873
noir,1.867
complain,1.866
sentiment,1.864
movement,1.860
hundr,1.860
scream,1.859
capabl,1.855
grace,1.854
termin,1.854
yeah,1.851
chri,1.847
bloodi,1.845
bond,1.841
niro,1.838
sleep,1.836
crap,1.836
brillianc,1.833
camp,1.830
rock,1.823
scale,1.823
chemistri,1.813
wild,1.811
flashback,1.811
driver,1.808
fate,1.807
danc,1.806
delight,1.804
co,1.803
younger,1.803
instal,1.801
damn,1.796
bar,1.789
bunch,1.788
90,1.772
tower,1.771
depart,1.770
la,1.770
transform,1.770
seven,1.769
childhood,1.767
dull,1.766
york,1.764
trick,1.763
pacino,1.762
enemi,1.762
stone,1.754
50,1.752
kick,1.751
l,1.748
stick,1.740
trailer,1.737
ahead,1.732
hasn,1.731
gang,1.731
public,1.715
suspect,1.714
brain,1.713
lee,1.703
al,1.695
asid,1.694
drag,1.692
machin,1.671
hitchcock,1.669
scare,1.654
annoy,1.619
cop,1.604
crazi,1.603
scari,1.603
gun,1.588
bill,1.577
buy,1.543
kubrick,1.531
lord,1.525
box,1.520
worst,1.513
drug,1.513
earth,1.496
flick,1.491
tarantino,1.486
magic,1.474
soundtrack,1.410
robert,1.409
ring,1.395
king,1.372
comic,1.338
inspir,1.324
epic,1.281
funni,1.147
visual,1.101
