dangal,1014.179
aamir,818.869
mahavir,660.365
geeta,660.365
wrestl,618.786
khan,612.026
phogat,609.210
babita,422.273
wrestler,358.347
sport,348.042
singh,325.595
daughter,316.491
india,254.771
tiwari,246.974
girl,246.358
fatima,244.983
nitesh,235.355
bollywood,213.979
medal,198.617
father,195.835
indian,194.157
coach,191.425
nation,178.507
sanya,176.298
zaira,175.149
amp,169.583
sana,167.188
gold,160.226
sultan,158.823
amir,155.118
hi,154.837
wasim,144.446
malhotra,142.050
sakshi,139.670
shaikh,136.843
women,131.493
he,123.567
suhani,123.494
their,122.452
train,116.600
dream,113.944
inspir,111.249
bhatnagar,109.932
song,109.147
tanwar,108.959
emot,108.481
win,108.198
her,106.519
you,105.808
watch,104.369
movi,103.693
pritam,102.560
scene,97.346
biopic,95.918
play,94.800
which,93.464
perform,93.336
champion,91.573
real,88.994
ha,87.847
are,85.280
stori,83.875
commonwealth,83.047
actor,82.624
who,81.190
anthem,80.800
will,79.630
team,78.911
famili,78.590
make,78.434
your,77.817
were,77.422
perfectionist,76.868
game,76.613
well,76.484
she,76.032
haryanvi,75.463
role,74.549
young,74.340
everi,74.200
fight,73.040
for,73.032
they,72.315
by,71.975
film,71.714
haryana,70.724
from,70.461
journey,70.441
wa,69.768
intern,69.715
act,69.306
good,69.218
base,68.755
veri,68.663
as,67.986
empower,67.851
s,67.788
chak,67.730
music,67.648
so,66.327
societi,66.268
kumari,66.049
mr,65.722
come,65.560
2016,65.520
we,64.774
on,64.743
them,64.677
screenplay,63.679
just,63.662
geetha,63.395
elder,63.378
best,63.123
true,63.091
with,62.415
aparshakti,62.403
boy,62.326
ak,61.660
work,61.461
an,61.288
must,60.729
do,59.891
strong,59.871
khurana,59.709
be,59.394
also,58.974
all,58.933
not,58.306
audienc,57.869
match,57.489
10,57.440
there,57.376
direct,57.113
patriot,56.955
like,56.758
pk,56.715
year,56.605
countri,56.458
perfect,56.416
conn,56.282
have,56.212
director,56.128
younger,55.896
after,55.846
achiev,55.615
start,55.476
sister,55.472
cinema,55.428
such,55.337
hindi,55.049
half,54.861
portray,54.697
two,54.234
bhaag,53.535
messag,53.514
what,53.391
get,53.315
life,53.223
about,53.181
gender,52.815
cast,52.815
had,52.776
feel,52.687
up,52.514
dedic,52.189
no,52.095
ani,52.042
5,51.887
in,51.768
dialogu,51.412
girish,51.179
but,50.994
give,50.705
at,50.608
done,50.236
passion,50.090
how,49.450
can,49.169
entertain,49.157
or,49.133
child,49.114
support,49.055
fulfil,48.940
that,48.679
time,48.624
femal,48.408
when,48.130
drama,47.933
go,47.569
level,47.361
athlet,47.144
moment,46.709
final,46.699
one,46.539
t,46.440
heart,46.401
even,46.352
then,46.306
show,46.187
charact,46.168
kulkarni,45.961
need,45.837
made,45.773
lagaan,45.502
i,44.810
where,44.724
struggl,44.432
keep,43.810
rate,43.631
right,43.605
proud,43.594
omkar,43.521
shown,43.501
between,43.456
brilliant,43.110
want,43.108
lyric,43.078
job,43.032
should,42.867
background,42.798
say,42.733
word,42.616
fan,42.513
transform,42.472
hat,42.432
cousin,42.377
grown,42.355
excel,42.193
children,42.030
sheikh,41.924
bhattacharya,41.924
realiz,41.917
overal,41.824
if,41.809
salman,41.763
than,41.531
is,41.460
onli,41.391
some,41.215
bring,40.964
screen,40.933
again,40.856
theater,40.784
now,40.768
look,40.709
to,40.687
off,40.622
ritwik,40.151
would,40.103
more,39.949
amaz,39.857
becom,39.747
singl,39.683
deserv,39.479
out,39.277
our,39.237
anoth,39.196
better,39.096
against,38.966
been,38.906
him,38.874
chillar,38.757
toward,38.691
first,38.531
till,38.320
becaus,38.315
much,38.310
4,38.278
without,38.086
credit,38.076
hard,37.993
3,37.977
both,37.924
mani,37.908
lot,37.786
last,37.566
n,37.330
thing,37.322
other,37.210
point,37.170
olymp,37.146
9,36.961
success,36.948
too,36.528
did,36.464
son,36.358
never,36.343
daya,36.226
climax,36.128
great,36.051
person,35.953
through,35.861
entir,35.861
prove,35.815
onc,35.807
touch,35.596
don,35.507
eye,35.408
four,35.381
those,35.376
villag,35.365
bout,35.357
way,35.308
into,35.253
kaur,35.226
dhoni,35.226
dhaakad,35.226
am,35.153
cinematographi,34.403
everyon,34.296
1,34.278
nail,34.228
amitabh,34.199
call,33.981
awesom,33.692
stand,33.682
could,33.631
over,33.590
authent,33.441
use,33.411
hai,33.391
competit,33.316
realli,33.198
won,33.160
alway,33.121
my,33.104
mat,32.977
world,32.973
love,32.612
befor,32.609
got,32.553
2,32.541
male,32.262
kudo,32.224
kg,32.221
titl,32.145
expect,32.143
seat,31.958
outstand,31.929
actress,31.818
former,31.818
track,31.708
sahor,31.697
here,31.688
fact,31.674
motiv,31.616
live,31.590
arena,31.480
while,31.430
line,31.322
jain,31.229
kom,31.229
few,31.187
take,31.107
power,31.062
goosebump,31.044
absolut,31.043
age,31.042
know,31.026
parent,30.971
biographi,30.859
milkha,30.823
these,30.781
script,30.770
edit,30.770
especi,30.755
second,30.727
end,30.710
nsa,30.634
dure,30.628
review,30.589
it,30.550
patriarch,30.535
himself,30.528
de,30.511
special,30.428
each,30.389
superb,30.387
howev,30.309
interv,30.253
part,30.041
appreci,30.029
went,29.856
bapu,29.855
happen,29.807
most,29.797
same,29.786
kind,29.673
sure,29.591
think,29.575
due,29.542
put,29.419
enjoy,29.394
effort,29.190
choreographi,29.169
peopl,29.009
mahav,28.975
hit,28.877
us,28.853
thank,28.826
biograph,28.782
2010,28.679
hero,28.663
top,28.571
day,28.564
unnecessari,28.541
social,28.494
me,28.327
respect,28.277
given,28.264
long,28.237
chachi,28.226
shobha,28.226
detail,28.173
though,28.032
someth,27.869
tell,27.829
christma,27.765
yet,27.718
mention,27.671
may,27.646
hair,27.514
of,27.473
odd,27.446
man,27.425
masala,27.359
leav,27.311
thi,27.253
small,27.189
learn,27.160
experi,26.989
compar,26.882
hope,26.827
score,26.731
star,26.679
whi,26.670
laugh,26.542
talk,26.508
aspect,26.473
connect,26.405
minut,26.369
profession,26.313
still,26.204
talaash,26.113
daler,26.113
etc,26.089
gave,26.006
own,25.958
differ,25.876
averag,25.841
420,25.838
back,25.704
begin,25.626
physic,25.617
high,25.545
triumph,25.498
humor,25.446
predict,25.434
move,25.420
shreya,25.363
pleas,25.363
superstar,25.360
mind,25.354
impress,25.319
believ,25.302
engag,25.301
a,25.269
cheer,25.180
narrat,24.860
wife,24.822
determin,24.798
gupta,24.782
consid,24.781
full,24.752
mark,24.711
definit,24.699
lead,24.671
ye,24.551
blend,24.491
except,24.383
seen,24.292
salut,24.271
beauti,24.247
doesn,24.171
equal,24.162
marri,24.131
narr,24.086
less,23.828
noth,23.809
dramat,23.690
miss,23.652
felt,23.590
creat,23.496
import,23.459
accent,23.455
explain,23.453
sequenc,23.446
thrill,23.442
understand,23.410
men,23.333
finest,23.328
deliv,23.143
wrong,23.128
khurrana,23.037
sethu,23.037
nikhil,23.037
bhootnath,23.037
sriram,23.037
usual,23.006
disappoint,22.979
intermiss,22.974
lose,22.893
cri,22.838
kept,22.831
forc,22.764
write,22.715
neg,22.656
piyush,22.574
winner,22.525
natur,22.485
doe,22.374
wit,22.281
stay,22.247
aspir,22.246
pride,22.239
actual,22.076
whole,22.053
bit,21.999
lock,21.948
anyth,21.944
and,21.929
face,21.907
written,21.892
down,21.885
doubt,21.869
idiot,21.844
beat,21.825
event,21.820
name,21.792
rare,21.733
bore,21.730
relationship,21.696
hour,21.624
ever,21.553
worth,21.531
wonder,21.510
bodi,21.488
theatr,21.475
forget,21.392
kid,21.372
stereotyp,21.292
masterpiec,21.246
truli,21.218
almost,21.200
certain,21.150
system,21.034
terrif,21.018
maker,20.957
present,20.928
known,20.903
protagonist,20.898
balanc,20.795
stood,20.782
stellar,20.744
skill,20.707
commend,20.703
d,20.689
depict,20.680
big,20.665
sportsmanship,20.651
rememb,20.646
complet,20.645
weight,20.616
impact,20.600
quit,20.593
fit,20.535
championship,20.483
incred,20.445
nephew,20.433
releas,20.333
didn,20.308
enough,20.306
reach,20.266
viewer,20.245
offic,20.212
said,20.164
goe,20.157
malleswari,20.021
pramod,20.021
kadam,20.021
industri,20.013
re,19.968
mean,19.939
class,19.933
inde,19.835
7,19.819
new,19.809
box,19.756
lost,19.750
2nd,19.723
justic,19.713
see,19.699
celebr,19.671
discrimin,19.515
justifi,19.490
pay,19.422
couldn,19.394
everyth,19.389
humour,19.369
ad,19.353
babitha,19.317
chakd,19.317
ayushman,19.317
mehendi,19.317
instead,19.305
remain,19.226
strength,19.195
mother,19.166
theme,19.140
talent,19.029
around,19.027
domin,18.984
physiqu,18.980
apart,18.943
version,18.915
typic,18.832
khadoo,18.817
haanikarak,18.817
saala,18.817
shine,18.813
reason,18.797
major,18.756
limit,18.747
rais,18.730
flaw,18.684
brought,18.684
disciplin,18.633
mindset,18.525
forward,18.515
littl,18.479
throughout,18.450
gener,18.400
funni,18.349
fantast,18.337
style,18.335
tear,18.287
tri,18.273
wait,18.147
along,17.989
silver,17.983
dil,17.952
express,17.938
applaus,17.918
ego,17.896
sacrific,17.895
clich,17.850
victori,17.766
pretti,17.763
technic,17.721
depart,17.700
alreadi,17.655
super,17.654
showcas,17.460
esp,17.450
light,17.434
easili,17.425
incid,17.398
simpl,17.388
trailer,17.367
born,17.353
sincer,17.327
bow,17.326
ve,17.296
oppon,17.246
ovat,17.231
8,17.230
realist,17.197
visibl,17.169
thu,17.076
meaning,17.056
valu,17.041
initi,17.009
beyond,16.995
far,16.994
older,16.994
realiti,16.938
common,16.938
flawless,16.916
irrespect,16.910
date,16.903
par,16.840
produc,16.836
grow,16.775
protein,16.770
parti,16.765
cannot,16.742
saw,16.727
otherwis,16.702
away,16.690
fail,16.679
simpli,16.646
highli,16.645
spar,16.620
challeng,16.613
exagger,16.593
earlier,16.566
perfectli,16.509
state,16.503
ki,16.489
focus,16.478
approach,16.467
let,16.444
flick,16.403
home,16.392
se,16.373
break,16.370
lesson,16.354
seem,16.350
glu,16.316
taken,16.302
open,16.282
glori,16.226
bless,16.215
old,16.184
sheer,16.155
spirit,16.140
connoisseur,16.136
financi,16.117
srk,16.110
comedi,16.085
gem,16.051
slow,16.034
worthi,16.027
place,15.988
choreograph,15.970
imdb,15.921
kapil,15.919
clap,15.896
zameen,15.770
help,15.764
action,15.723
strict,15.660
court,15.659
rather,15.646
execut,15.628
unlik,15.600
gift,15.589
bite,15.578
bang,15.572
month,15.561
human,15.529
whether,15.503
graph,15.500
preachi,15.458
muscular,15.405
find,15.388
mass,15.322
cute,15.318
wish,15.304
woman,15.206
writer,15.194
captur,15.188
lack,15.174
ignor,15.162
marvel,15.141
pursu,15.083
enthusiasm,15.080
pace,15.063
increas,15.030
sondhi,15.016
befikr,15.016
fathima,15.016
bigger,14.996
fine,14.994
requir,14.969
sweat,14.957
nuanc,14.955
itself,14.943
unfulfil,14.910
wow,14.893
stop,14.839
turn,14.802
readi,14.801
qualiti,14.772
voic,14.729
wiki,14.692
compet,14.682
chang,14.675
brillianc,14.662
friend,14.619
comparison,14.607
pick,14.606
govern,14.603
shot,14.568
extraordinari,14.549
cinemat,14.545
languag,14.521
care,14.503
dhakkad,14.488
kaushal,14.488
bhoothnath,14.488
nitish,14.488
akhada,14.488
mehrotra,14.488
kripa,14.488
akhara,14.488
sportsperson,14.488
share,14.486
sinc,14.447
awe,14.436
grey,14.387
flow,14.354
follow,14.338
liberti,14.280
easi,14.280
mari,14.240
content,14.238
blockbust,14.220
ke,14.202
shade,14.183
remark,14.182
extra,14.163
adult,14.156
melodrama,14.139
childhood,14.137
divya,14.113
speak,14.107
tzp,14.084
similar,14.042
org,14.028
cant,14.027
idea,13.975
defeat,13.953
notch,13.952
taught,13.939
decad,13.932
rush,13.927
confid,13.906
bad,13.869
m,13.827
commerci,13.826
jeeta,13.822
dilwal,13.822
dhobi,13.822
money,13.798
situat,13.769
storytel,13.767
short,13.748
recommend,13.734
goal,13.723
portion,13.716
non,13.707
prais,13.692
feminist,13.667
applaud,13.657
chicken,13.650
rural,13.633
suprem,13.633
maintain,13.630
naina,13.585
iqbal,13.585
form,13.581
distract,13.531
isn,13.531
subject,13.494
hardwork,13.487
centric,13.487
pitch,13.485
run,13.472
fat,13.442
record,13.424
abl,13.413
critic,13.401
birth,13.350
unfortun,13.308
art,13.302
among,13.300
honest,13.298
cover,13.293
spot,13.280
matur,13.255
thought,13.255
concern,13.251
under,13.216
futur,13.173
front,13.147
impecc,13.130
ambit,13.117
rang,13.111
room,13.089
later,13.084
dhoom,13.056
succeed,13.049
surprisingli,13.039
charm,13.013
australian,13.002
rule,13.001
abov,12.994
cinematograph,12.963
encourag,12.958
whatev,12.943
element,12.914
found,12.905
caus,12.901
career,12.845
path,12.831
nice,12.823
set,12.822
provid,12.791
soul,12.769
blood,12.753
u,12.727
add,12.720
fame,12.716
ticket,12.713
160,12.704
debutant,12.682
gita,12.682
taar,12.679
mainstream,12.678
hall,12.671
femin,12.653
main,12.653
treat,12.649
least,12.644
bio,12.641
chose,12.605
sever,12.586
wouldn,12.582
regress,12.556
self,12.540
bar,12.525
section,12.497
accept,12.480
6,12.467
return,12.436
exampl,12.369
concept,12.366
techniqu,12.344
extrem,12.320
hand,12.275
chore,12.214
blow,12.203
potenti,12.196
wikipedia,12.185
becam,12.182
amazingli,12.164
brother,12.152
fabul,12.129
lifetim,12.126
ahead,12.121
edg,12.114
issu,12.109
project,12.095
immens,12.094
demerit,12.083
tough,12.030
matter,12.023
speechless,11.976
ground,11.960
empow,11.953
joy,11.944
dose,11.942
took,11.938
avoid,11.933
tast,11.928
nurtur,11.920
posit,11.911
reflect,11.898
overweight,11.856
method,11.854
academi,11.807
sake,11.803
frame,11.795
0,11.746
wealth,11.727
correct,11.719
sync,11.697
continu,11.697
statement,11.685
list,11.638
factor,11.626
tackl,11.609
order,11.603
subtl,11.600
jingoism,11.578
remind,11.576
tremend,11.564
field,11.547
adrenalin,11.547
pure,11.536
egot,11.532
cut,11.522
pictur,11.500
crew,11.491
core,11.486
gone,11.464
fake,11.452
manag,11.428
rich,11.424
attitud,11.414
although,11.412
interest,11.379
geniu,11.364
classic,11.360
surpris,11.359
gr8,11.325
sharma,11.325
etch,11.277
plot,11.265
eas,11.255
await,11.196
effect,11.178
brilliantli,11.167
pull,11.152
eat,11.117
tale,11.114
next,11.105
tax,11.089
oscar,11.065
deliveri,11.063
certainli,11.050
bronz,11.049
imposs,11.033
crap,11.015
sir,10.996
earn,10.978
filmi,10.959
henc,10.947
read,10.940
highlight,10.929
tension,10.881
might,10.855
artist,10.838
danc,10.836
delight,10.823
serious,10.809
persona,10.804
build,10.796
sometim,10.790
delhi,10.771
string,10.741
grit,10.712
cricket,10.698
came,10.694
utmost,10.683
whistl,10.679
happi,10.676
seek,10.655
avail,10.650
eventu,10.635
eagerli,10.620
cwg2010,10.613
dhoom3,10.613
bhag,10.613
select,10.587
promis,10.560
infrastructur,10.542
attach,10.525
shankar,10.521
conclud,10.519
behind,10.495
master,10.483
mix,10.481
decemb,10.454
trainer,10.440
transit,10.431
the,10.422
attent,10.395
phone,10.380
rustic,10.365
engross,10.353
relat,10.337
perspect,10.336
progress,10.328
mistak,10.323
sensit,10.322
trust,10.302
wasn,10.294
genr,10.282
defin,10.282
seriou,10.265
despit,10.260
ms,10.258
variou,10.257
epic,10.252
hate,10.236
undoubtedli,10.221
norm,10.190
listen,10.188
educ,10.181
pr,10.178
convent,10.176
overcom,10.159
piec,10.157
introduct,10.127
hurdl,10.116
pink,10.113
pot,10.096
sens,10.095
lover,10.065
chanc,10.054
fiction,10.045
tanvar,10.011
namast,10.011
waseem,10.011
saluja,10.011
wazir,10.011
meharotra,10.011
semifin,10.011
bishnoi,10.011
balali,10.011
ballu,10.011
wohi,10.011
haanikaarak,10.011
dhakad,10.011
jayat,10.011
mushkil,10.011
satyamev,10.011
hanikarak,10.011
fyki,10.011
talwar,10.011
zindagi,10.011
essenc,10.007
manner,10.004
51,10.000
dad,9.980
cook,9.974
grip,9.964
cherish,9.963
hook,9.962
popular,9.950
context,9.913
involv,9.898
video,9.891
en,9.890
possibl,9.887
reel,9.880
endur,9.846
nowher,9.813
possess,9.806
categori,9.751
uniqu,9.737
mental,9.716
step,9.708
compromis,9.698
bear,9.693
seamlessli,9.673
camera,9.667
side,9.663
sallu,9.658
sikand,9.658
chhabra,9.658
fulli,9.655
compel,9.651
vision,9.634
upon,9.631
gonna,9.620
demand,9.617
tone,9.573
cultur,9.555
intens,9.542
sing,9.524
rao,9.518
liter,9.518
million,9.473
free,9.453
courag,9.435
demean,9.417
freestyl,9.409
paunch,9.409
hype,9.404
tend,9.403
spoiler,9.380
sound,9.335
sentiment,9.322
mentor,9.320
verdict,9.315
hollywood,9.310
per,9.309
cours,9.301
rigor,9.299
capabl,9.276
amount,9.252
receiv,9.246
limelight,9.220
consecut,9.220
ghat,9.215
superhit,9.215
mehndi,9.215
bond,9.206
http,9.205
lt,9.193
ensur,9.191
normal,9.185
wear,9.180
clearli,9.177
ordinari,9.161
montag,9.144
multipl,9.128
stadium,9.125
endear,9.121
root,9.105
guru,9.083
arrog,9.071
rukh,9.056
medalist,9.056
kam,9.056
ghar,9.056
author,9.049
loos,9.040
jo,9.022
award,9.021
none,9.002
view,8.992
close,8.991
convey,8.976
often,8.950
agre,8.936
hous,8.928
mukesh,8.923
choic,8.920
min,8.914
lesser,8.893
whose,8.883
haven,8.877
pressur,8.873
term,8.872
uplift,8.856
consum,8.855
promot,8.836
guy,8.833
dull,8.828
wise,8.827
left,8.812
starcast,8.807
finish,8.800
prepar,8.798
coaster,8.783
societ,8.768
earli,8.750
okay,8.740
hardli,8.724
togeth,8.722
roller,8.709
rupe,8.704
arr,8.704
sarfarosh,8.704
fun,8.697
spite,8.680
finer,8.669
push,8.668
underplay,8.635
near,8.615
tomar,8.613
commit,8.612
belli,8.606
convinc,8.579
wherea,8.575
outshin,8.559
third,8.547
shyam,8.530
god,8.521
today,8.500
guarante,8.492
feminin,8.492
skin,8.491
stage,8.483
mud,8.470
goer,8.470
roll,8.459
drag,8.458
crore,8.454
soon,8.453
sole,8.451
straight,8.442
pre,8.434
themselv,8.425
effortless,8.424
origin,8.422
honestli,8.413
recent,8.413
twist,8.408
yourself,8.401
alon,8.399
ae,8.385
persever,8.379
jump,8.379
ring,8.369
stupend,8.367
youtub,8.367
pack,8.354
type,8.347
individu,8.324
someon,8.324
smart,8.322
alter,8.301
superbl,8.299
low,8.298
bind,8.291
throw,8.288
longer,8.262
coupl,8.259
integr,8.244
ll,8.236
intact,8.236
biggest,8.222
associ,8.215
everybodi,8.197
appeal,8.191
problem,8.186
product,8.181
head,8.171
unabl,8.169
motion,8.140
raw,8.137
wider,8.103
celeb,8.102
patel,8.102
curtain,8.097
basic,8.096
probabl,8.085
market,8.081
blame,8.081
unfamiliar,8.081
massi,8.055
fear,8.050
explor,8.043
sibl,8.028
comic,8.026
guess,8.021
revolv,8.015
cost,8.013
crispi,8.011
succumb,8.010
els,8.008
subdu,8.007
myself,7.996
strategi,7.995
standard,7.978
soar,7.977
starrer,7.968
300,7.968
begun,7.959
chart,7.945
apt,7.942
deviat,7.939
whenev,7.934
relief,7.928
busi,7.928
fund,7.928
161,7.928
churn,7.911
household,7.886
teacher,7.877
circumst,7.859
steal,7.856
womanhood,7.852
ok,7.849
veteran,7.845
abrupt,7.841
kitchen,7.838
p,7.837
particular,7.832
rendit,7.827
latter,7.825
accru,7.817
mayb,7.782
enabl,7.769
resent,7.754
puppet,7.744
lie,7.743
energi,7.743
spectat,7.722
crowd,7.718
progeni,7.688
stout,7.688
told,7.686
stupid,7.683
suffer,7.666
viz,7.658
muscl,7.656
frustrat,7.647
holiday,7.633
student,7.631
tussl,7.630
scarciti,7.630
control,7.620
distort,7.593
apolog,7.582
g,7.556
belong,7.547
fast,7.546
obviou,7.539
voila,7.525
wast,7.512
layer,7.499
restrain,7.482
chahta,7.476
colleagu,7.472
epitom,7.466
hardship,7.464
greatest,7.461
teach,7.461
toe,7.460
loud,7.445
movement,7.441
visionari,7.429
sweet,7.423
pour,7.422
grace,7.418
heighten,7.416
mouth,7.412
across,7.379
magic,7.369
offer,7.362
exhibit,7.343
boss,7.329
convincingli,7.324
pen,7.318
improv,7.317
scale,7.290
fall,7.285
appear,7.279
opportun,7.268
impos,7.256
mile,7.237
gain,7.233
sheik,7.232
husband,7.231
fate,7.228
fair,7.221
spoke,7.220
awar,7.217
bhai,7.215
depth,7.210
question,7.202
jai,7.181
emancip,7.181
hear,7.173
moreov,7.171
tendenc,7.167
accolad,7.145
cake,7.142
placid,7.116
note,7.115
establish,7.112
imagin,7.097
cross,7.096
join,7.091
realism,7.087
dec,7.086
ji,7.086
brigad,7.086
editor,7.081
patienc,7.071
pit,7.068
overr,7.065
consist,7.065
exactli,7.060
ko,7.056
soundtrack,7.050
intellig,7.041
obsess,7.031
moist,7.028
vegetarian,7.014
practic,7.013
sensibl,7.011
twice,6.992
dear,6.991
relentless,6.990
quot,6.989
within,6.988
faith,6.987
includ,6.982
induc,6.972
honesti,6.972
legaci,6.972
1st,6.968
stamina,6.961
upto,6.961
spread,6.944
romant,6.939
fill,6.936
suit,6.926
angl,6.924
plu,6.904
ultim,6.899
impedi,6.898
reserv,6.895
sec,6.886
resourc,6.882
carri,6.881
unyield,6.874
pointer,6.874
oppress,6.865
public,6.858
length,6.858
captiv,6.850
represent,6.833
decent,6.817
essenti,6.810
week,6.802
shed,6.798
comment,6.795
unbeliev,6.790
secret,6.789
whom,6.787
shah,6.785
sexism,6.785
blast,6.777
shop,6.776
genuin,6.770
post,6.767
shoulder,6.764
enter,6.762
display,6.755
until,6.752
peak,6.751
pro,6.748
fli,6.742
backward,6.739
nourish,6.734
fire,6.733
respons,6.732
huge,6.727
feat,6.718
kumar,6.714
stole,6.699
breath,6.691
deep,6.674
properli,6.671
shout,6.670
purs,6.657
nor,6.647
deal,6.644
admir,6.641
poster,6.638
fought,6.637
repres,6.623
synthet,6.604
disown,6.604
bride,6.601
histori,6.594
100,6.574
inequ,6.570
desi,6.562
slight,6.559
institut,6.537
research,6.532
ridicul,6.527
strike,6.520
solid,6.513
backseat,6.499
focu,6.496
con,6.494
arduou,6.491
wed,6.488
check,6.486
untold,6.476
heartbreak,6.474
proper,6.470
servic,6.429
setback,6.426
30,6.425
ton,6.422
devot,6.419
cord,6.405
eldest,6.405
advantag,6.398
season,6.395
vest,6.392
ask,6.383
rekindl,6.378
either,6.356
purpos,6.352
gel,6.339
formul,6.339
decid,6.334
kramer,6.333
introduc,6.333
pretenti,6.308
97,6.308
interview,6.292
fledg,6.284
ear,6.281
flavour,6.278
lucki,6.274
case,6.260
polit,6.255
answer,6.245
drive,6.245
kapoor,6.238
bound,6.234
serv,6.232
certif,6.226
55,6.226
crack,6.219
70mm,6.210
unbias,6.199
amongst,6.194
pathet,6.191
measur,6.183
previous,6.174
masterclass,6.172
mould,6.167
blind,6.161
insensit,6.157
stunt,6.156
infecti,6.152
importantli,6.148
sidelin,6.147
resembl,6.142
floor,6.140
insult,6.132
invari,6.132
convict,6.131
welcom,6.126
overnight,6.122
multiplex,6.112
slack,6.112
partner,6.099
e,6.098
color,6.088
vs,6.085
champ,6.083
dearli,6.078
rivet,6.076
topic,6.073
aplomb,6.069
refresh,6.061
maestro,6.060
muddi,6.051
highest,6.038
late,6.028
tv,6.027
news,6.011
unheard,6.006
entangl,5.993
colleg,5.993
groom,5.989
nearli,5.987
fore,5.977
ex,5.973
emili,5.968
fighter,5.964
dialect,5.952
precis,5.952
plan,5.943
subtitl,5.939
omg,5.932
bottom,5.929
vaniti,5.920
difficult,5.912
kill,5.910
documentari,5.908
mandatori,5.901
harass,5.901
moral,5.897
ate,5.889
strongli,5.872
halt,5.860
develop,5.856
clear,5.854
deni,5.836
replac,5.836
dress,5.834
onward,5.834
taboo,5.831
administr,5.827
ignit,5.827
notabl,5.816
ratio,5.810
fewer,5.806
belief,5.804
describ,5.795
depend,5.794
textbook,5.783
tide,5.779
account,5.774
taunt,5.766
fortun,5.756
silenc,5.738
player,5.727
notic,5.718
punch,5.704
cum,5.703
grab,5.702
six,5.698
began,5.697
feder,5.694
spellbound,5.691
finess,5.685
trope,5.685
transpir,5.676
pic,5.673
nit,5.670
amid,5.664
instanc,5.654
rampant,5.650
area,5.648
compos,5.645
sign,5.643
thoroughli,5.642
fraud,5.636
sprinkl,5.633
built,5.617
delay,5.616
complain,5.599
clutch,5.584
stardom,5.570
knew,5.568
submiss,5.568
cater,5.552
yeah,5.552
patron,5.550
intoler,5.545
sleazi,5.545
allow,5.534
count,5.528
footstep,5.527
grant,5.527
walk,5.527
stack,5.525
unless,5.520
endeavor,5.517
refus,5.517
opposit,5.510
nutshel,5.510
reaction,5.504
tricki,5.503
laud,5.493
australia,5.483
mainli,5.483
dish,5.476
sarcasm,5.474
realis,5.472
fold,5.465
superior,5.464
extraordinarili,5.462
incap,5.455
dare,5.446
copi,5.444
intend,5.430
favorit,5.425
flourish,5.424
led,5.424
babi,5.422
bliss,5.422
unnecessarili,5.420
mo,5.420
mobil,5.417
formid,5.415
rude,5.402
blaze,5.402
outdon,5.398
damn,5.387
neither,5.381
boost,5.372
deepli,5.371
submit,5.366
reliv,5.366
rag,5.362
minu,5.346
ish,5.342
depriv,5.338
captain,5.336
relish,5.336
classi,5.336
fashion,5.332
disconnect,5.328
spellbind,5.324
local,5.322
disrespect,5.308
accha,5.306
sulhani,5.306
raftaar,5.306
shakshi,5.306
bindra,5.306
dangal1,5.306
kamyabi,5.306
pani,5.306
aligarh,5.306
gaat,5.306
ratingsa,5.306
shifu,5.306
eventnow,5.306
kangana,5.306
sarforash,5.306
rajya,5.306
hearttouchinga,5.306
sehat,5.306
bhabita,5.306
dinon,5.306
choriyaan,5.306
3edit,5.306
anushka,5.306
bollywoodhowev,5.306
bhakti,5.306
adhm,5.306
laddoo,5.306
phogat4,5.306
jhak,5.306
passionist,5.306
choro,5.306
pedtha,5.306
sporter,5.306
dramatazi,5.306
hmari,5.306
aayegi,5.306
apashakti,5.306
kise,5.306
choudhari,5.306
2hr40min,5.306
eflux,5.306
sushil,5.306
abhinav,5.306
zahira,5.306
dangalsimpl,5.306
khaayi,5.306
phogawat,5.306
sabaaa,5.306
mcp,5.306
mahind,5.306
rishtey,5.306
3music,5.306
mehnat,5.306
3direct,5.306
saadar,5.306
harynavi,5.306
pehalay,5.306
baad,5.306
budhia,5.306
patiala,5.306
haryanwi,5.306
saanya,5.306
vardhan,5.306
dserious,5.306
mcfarlad,5.306
starsdirector,5.306
mehandi,5.306
dhadakn,5.306
3act,5.306
breaken,5.306
possibilist,5.306
kwk,5.306
vijend,5.306
distinctionsanya,5.306
kumari3,5.306
bindass,5.306
grappler,5.306
chuhlah,5.306
fortitudin,5.306
boothnath,5.306
daanv,5.306
monomaniath,5.306
ridin,5.306
era1,5.306
chrorriya,5.306
tumn,5.306
abeb,5.306
sportspeopl,5.306
chakraborthi,5.306
goosebumpsdirect,5.306
dhoobi,5.306
gapp,5.306
dedicationmr,5.306
benst,5.306
gurish,5.306
beniw,5.306
mhaari,5.306
haryani,5.306
daar,5.306
dangalwhat,5.306
lockout,5.306
dangalit,5.306
extremerespect,5.306
sharoff,5.306
misaal,5.306
cwg,5.306
taalash,5.306
badrul,5.306
rana,5.306
ladnay,5.306
sindhu,5.306
gajani,5.306
kodu,5.306
bhatanagar,5.306
pachaad,5.306
sohani,5.306
nitsh,5.306
innerstrength,5.306
amitabhbhattacharya,5.306
skashi,5.306
frailish,5.306
55kg,5.306
nirja,5.306
goodtoo,5.306
hariyana,5.306
saniya,5.306
4cinematographi,5.306
kashmiri,5.306
bahut,5.306
beti,5.306
choriya,5.306
7star,5.306
yessong,5.306
pranaam,5.306
saori,5.306
bhatacharya,5.306
ikon,5.306
chake,5.306
pehlawan,5.306
kmm,5.306
bikila,5.306
sannata,5.306
toh,5.306
fingur,5.306
befr,5.306
choron,5.306
gilehariyaan,5.306
famita,5.306
pehalwaan,5.306
yoshida,5.306
sania,5.306
seikh,5.306
pehelwaan,5.306
khusti,5.306
chachajaan,5.306
aparshakthi,5.306
pench,5.306
haraya,5.306
offen,5.306
aparashakti,5.306
ghazani,5.306
ludhiana,5.306
0500,5.306
gilehiriyan,5.306
offlat,5.306
rathor,5.306
virat,5.306
mahavirsinghphogat,5.306
scorelin,5.306
phogat2,5.306
maari,5.306
kismat,5.306
tmwt,5.306
amitabha,5.306
gopichand,5.306
priam,5.306
kusti,5.306
arijit,5.306
gonnna,5.306
mahabir,5.306
13k,5.306
pv,5.306
tughlaq,5.306
chaukah,5.306
mothi,5.306
sodhi,5.306
phogatv,5.306
karnam,5.306
shreyan,5.306
btown,5.306
moochwala,5.306
gaaliyan,5.306
laddu,5.306
starfor,5.306
jugaad,5.306
dhobhighat,5.306
andhra,5.306
ladana,5.306
pefectionist,5.306
usha,5.306
neerja,5.306
aarfa,5.306
slam,5.302
accomplish,5.298
shove,5.295
noteworthi,5.289
improvis,5.283
paradis,5.282
stubborn,5.282
grand,5.276
mar,5.274
horizon,5.267
bother,5.267
spent,5.263
air,5.252
suspens,5.245
meal,5.245
macho,5.243
night,5.236
btw,5.232
fresh,5.232
clariti,5.231
convers,5.230
belt,5.227
hold,5.225
desir,5.212
presenc,5.205
digest,5.199
villain,5.198
shortcom,5.198
growth,5.182
besid,5.182
intent,5.179
crave,5.176
excit,5.167
necessari,5.164
underton,5.158
energet,5.153
repeat,5.149
mold,5.146
melt,5.140
locat,5.140
decis,5.137
wet,5.132
studi,5.131
yearn,5.126
woven,5.123
conflict,5.122
23,5.115
district,5.106
injuri,5.104
ceas,5.102
disregard,5.098
drop,5.091
heroism,5.089
protest,5.080
toilet,5.071
surround,5.071
draw,5.067
meant,5.066
campaign,5.061
amidst,5.058
profess,5.058
stream,5.056
mere,5.055
smoothli,5.055
crisp,5.048
drift,5.046
handl,5.046
health,5.045
qualifi,5.042
past,5.034
amateur,5.031
summar,5.028
gimmick,5.020
addit,5.019
mood,5.008
hammer,5.006
slightli,5.006
kohli,5.005
chakraborti,5.005
boundat,5.005
aapn,5.005
authenc,5.005
chora,5.005
leander,5.005
chacha,5.005
sikandar,5.005
ridinb,5.005
chiva,5.005
shimit,5.005
amirkhan,5.005
tricep,5.005
barfi,5.005
flicki,5.005
chori,5.005
kilogram,5.005
diwali,5.005
nationhood,5.005
masterchef,5.005
bhatija,5.005
45hr,5.005
fatimah,5.005
rohit,5.005
sawari,5.005
balan,5.005
murali,5.005
priyanka,5.005
tendulkar,5.005
movieso,5.005
calib,4.998
era,4.994
bias,4.992
regim,4.987
stroke,4.984
ga,4.983
cup,4.982
privileg,4.978
approv,4.975
affect,4.972
strain,4.970
lit,4.970
heartwarm,4.966
english,4.965
poverti,4.963
virtu,4.961
ideolog,4.936
adolesc,4.934
effortlessli,4.931
majest,4.930
materi,4.922
valid,4.921
coin,4.920
nake,4.899
regard,4.898
town,4.881
craft,4.878
repli,4.878
forev,4.877
vice,4.877
glamor,4.877
delic,4.877
sunday,4.866
save,4.857
tag,4.855
durat,4.851
conquer,4.848
irrelev,4.841
minor,4.839
satisfi,4.836
obstacl,4.833
magnific,4.833
orient,4.830
shore,4.830
battey,4.829
pyaar,4.829
moola,4.829
pich,4.829
aj,4.829
selector,4.829
laga,4.829
anup,4.829
superstrong,4.829
baap,4.829
tricolor,4.829
kannada,4.829
prismat,4.829
centrestag,4.829
bosco,4.829
sermonis,4.829
lagan,4.829
vidya,4.829
geet,4.829
outsid,4.822
greedi,4.814
perhap,4.813
spectacular,4.813
fetch,4.812
further,4.797
smell,4.795
boundari,4.794
america,4.792
climb,4.783
themat,4.783
enthusiast,4.780
rest,4.777
declar,4.773
gun,4.765
semi,4.758
favourit,4.757
20,4.745
garner,4.745
conveni,4.742
intim,4.741
digniti,4.740
aren,4.738
extens,4.731
minim,4.726
contend,4.713
terribl,4.707
eager,4.706
suggest,4.705
vien,4.704
plzz,4.704
hoy,4.704
puma,4.704
setu,4.704
bulkier,4.704
kamal,4.704
hota,4.704
edutain,4.704
hatsoff,4.704
dowri,4.704
diktat,4.704
dilemma,4.700
im,4.697
nostalg,4.697
slap,4.690
ventur,4.690
expertli,4.685
centr,4.677
evolut,4.666
lengthi,4.666
cring,4.664
meticul,4.649
period,4.648
occupi,4.643
throat,4.630
rome,4.629
announc,4.628
spark,4.627
capit,4.626
admit,4.625
aggress,4.625
trait,4.624
vital,4.624
pump,4.615
packag,4.613
exhilar,4.612
trade,4.608
lakh,4.607
shud,4.607
demonet,4.607
kahani,4.607
brainier,4.607
nigerian,4.607
liy,4.607
scean,4.607
bharat,4.607
anil,4.607
thunderstruck,4.607
inning,4.607
bifurc,4.607
weightlift,4.607
3idiot,4.607
madra,4.607
glorifi,4.606
entri,4.595
offens,4.587
simplist,4.586
divers,4.585
simplic,4.579
propaganda,4.578
border,4.577
smaller,4.575
larg,4.575
conceiv,4.555
embarrass,4.552
destini,4.548
illus,4.532
shower,4.532
stir,4.532
advertis,4.530
sublim,4.530
uncook,4.528
apu,4.528
fiefdom,4.528
telugu,4.528
hassan,4.528
tress,4.528
rangeela,4.528
hv,4.528
panchali,4.528
miser,4.520
obvious,4.511
pass,4.507
contain,4.506
14,4.503
prime,4.501
torn,4.500
singer,4.487
tribut,4.483
stumbl,4.479
smooth,4.476
mata,4.461
courtier,4.461
cakewalk,4.461
sponsorship,4.461
treasuri,4.461
pather,4.461
bajaj,4.461
atlast,4.461
gol,4.461
stakehold,4.461
kya,4.461
discoveri,4.459
insid,4.444
stress,4.439
compliment,4.431
lion,4.427
beg,4.426
volum,4.422
adapt,4.421
directori,4.420
restor,4.417
broke,4.416
shoe,4.411
offici,4.410
2018,4.403
amer,4.403
mitti,4.403
afflect,4.403
thumb,4.400
backdrop,4.396
watchabl,4.390
previou,4.390
press,4.384
span,4.383
recognit,4.375
stuff,4.368
whatsoev,4.368
lovabl,4.353
punit,4.352
abstin,4.352
akhtar,4.352
bal,4.352
paan,4.352
tum,4.352
genuflect,4.352
reachabl,4.352
infanticid,4.352
vasool,4.352
spoken,4.348
expens,4.348
occas,4.348
chair,4.337
luck,4.336
footag,4.330
oh,4.326
lift,4.325
urg,4.325
result,4.319
ice,4.311
buss,4.306
wort,4.306
paisa,4.306
carrer,4.306
paci,4.306
airlift,4.306
hoga,4.306
height,4.299
medium,4.297
address,4.294
engin,4.288
anyway,4.286
outcom,4.285
indulg,4.281
scheme,4.280
lay,4.279
alik,4.277
cheat,4.276
hav,4.265
junta,4.265
unfalt,4.265
fitter,4.265
renunci,4.265
veto,4.265
doff,4.265
malik,4.265
disfavor,4.265
muscleman,4.265
north,4.263
enthral,4.262
instant,4.262
number,4.260
glimps,4.259
corpor,4.257
merit,4.251
helm,4.243
bag,4.239
neighbor,4.239
bull,4.235
middl,4.232
ambiti,4.230
shake,4.230
band,4.229
sachin,4.227
bff,4.227
trendsett,4.227
omnibu,4.227
wud,4.227
veg,4.227
filmat,4.227
filmfar,4.227
instantli,4.221
vehicl,4.210
tune,4.209
elev,4.202
combat,4.194
megastar,4.192
outr,4.192
sportsman,4.192
bg,4.192
sky,4.188
grasp,4.188
figur,4.180
ambigu,4.167
nonetheless,4.161
cologn,4.160
nowaday,4.148
consider,4.135
heavili,4.134
moi,4.130
promulg,4.130
dynam,4.124
featur,4.121
thin,4.119
poignant,4.113
sort,4.110
target,4.109
anyon,4.103
10thi,4.102
ethiopia,4.102
ghajini,4.102
wifey,4.102
entrant,4.102
refocus,4.102
cooker,4.102
homemak,4.102
draconian,4.102
debut,4.096
tabl,4.083
treatment,4.079
religi,4.076
amin,4.076
tare,4.076
martinet,4.076
clearanc,4.076
mockingli,4.076
pan,4.067
exploit,4.061
succe,4.058
mccoy,4.051
lain,4.051
keg,4.051
degre,4.050
attempt,4.041
memor,4.035
scenario,4.035
sidebar,4.028
buttress,4.028
motherland,4.028
beefi,4.028
outrank,4.028
rival,4.026
enhanc,4.022
arguabl,4.019
brave,4.010
decibel,4.005
tweet,4.005
satyajit,4.005
chromosom,4.005
load,4.003
bane,3.996
formula,3.995
bullet,3.994
paid,3.985
finder,3.984
scooter,3.984
overpass,3.984
media,3.984
ador,3.982
commentari,3.978
food,3.977
triplet,3.964
abt,3.964
energis,3.964
chauvin,3.964
pauciti,3.964
relev,3.964
utter,3.961
hmmmmm,3.945
napkin,3.945
gumption,3.945
candidli,3.945
disciplinarian,3.945
resist,3.944
colour,3.941
dimension,3.939
nevertheless,3.933
reward,3.927
overconfid,3.926
jostl,3.926
concentr,3.917
mediocr,3.917
astonish,3.916
standstil,3.908
studiou,3.908
affair,3.900
comfort,3.899
bridg,3.895
patriarchi,3.891
tummi,3.891
lan,3.891
xd,3.891
shakti,3.891
revel,3.890
dumb,3.885
anticip,3.884
cheap,3.882
environ,3.875
germ,3.875
trivialis,3.875
malayalam,3.875
mascot,3.875
wake,3.874
overwhelm,3.863
nov,3.859
misconstru,3.859
bicep,3.859
ascet,3.859
overpr,3.859
trap,3.854
sexual,3.851
clean,3.847
misrepresent,3.844
noun,3.844
immateri,3.844
tamil,3.844
hurriedli,3.844
abstain,3.844
unknown,3.837
ray,3.834
ass,3.833
anim,3.832
avow,3.829
booster,3.829
heartland,3.829
sourc,3.826
anybodi,3.820
contribut,3.816
headway,3.815
demigod,3.815
girlish,3.815
misbehav,3.815
demonis,3.815
11,3.807
holist,3.801
sparki,3.801
honor,3.799
legendari,3.797
witti,3.796
hidden,3.795
glam,3.788
task,3.787
tradit,3.784
sadli,3.782
shouldn,3.780
pleasur,3.777
fatti,3.775
circumv,3.775
clau,3.775
monthli,3.775
compliant,3.775
measli,3.775
withheld,3.775
wrest,3.775
command,3.773
40,3.766
70,3.766
puri,3.762
arm,3.762
phenomen,3.754
gait,3.750
pleasingli,3.750
minus,3.750
ka,3.750
lustr,3.750
parch,3.750
vocat,3.750
buffooneri,3.750
total,3.749
knowledg,3.744
dop,3.738
disarray,3.738
hare,3.738
yeh,3.738
ladi,3.738
anger,3.735
sum,3.731
onto,3.727
yummi,3.727
ream,3.727
angri,3.723
ugli,3.719
scream,3.717
cajol,3.715
desh,3.715
susten,3.715
angelina,3.715
moneybal,3.715
govt,3.715
center,3.705
litani,3.704
literaci,3.704
herself,3.698
central,3.697
nasal,3.694
flak,3.694
trickl,3.694
driven,3.690
loss,3.689
specif,3.688
manoeuvr,3.683
layman,3.683
demor,3.683
superstit,3.683
minc,3.673
fatherhood,3.673
tomboy,3.673
housew,3.673
sleep,3.672
vijay,3.663
piraci,3.663
biter,3.663
popularli,3.663
kindl,3.663
schoolmat,3.663
gell,3.663
forgav,3.663
confront,3.659
x,3.658
speedi,3.653
apologet,3.653
alterc,3.653
bgm,3.653
aha,3.644
wwf,3.644
separ,3.638
temperament,3.634
papa,3.634
oscil,3.634
ship,3.634
worri,3.629
held,3.627
incept,3.627
anymor,3.627
chemistri,3.626
preliminari,3.625
bankabl,3.625
alphabet,3.625
tirelessli,3.625
premis,3.623
flashback,3.622
behest,3.616
cosmet,3.607
beget,3.607
suddenli,3.607
co,3.607
experienc,3.601
spici,3.599
barefoot,3.599
silent,3.595
round,3.594
process,3.591
rdb,3.590
frickin,3.590
headlong,3.590
haughti,3.590
zahra,3.590
maroon,3.590
evid,3.584
wo,3.582
sacrifici,3.582
judg,3.582
nobodi,3.580
encount,3.578
whiff,3.566
atleast,3.566
chauvinist,3.566
attun,3.566
awsom,3.566
outperform,3.558
crate,3.558
dint,3.558
door,3.556
current,3.556
vernacular,3.550
nonchalantli,3.550
clinch,3.550
overzeal,3.550
summit,3.543
deservingli,3.543
dictatori,3.543
freedom,3.542
teenag,3.541
unforgett,3.540
bracket,3.535
erstwhil,3.535
inspit,3.535
sewn,3.535
hurt,3.529
umm,3.528
orthodox,3.528
heav,3.528
crib,3.528
sidestep,3.528
trick,3.527
tutelag,3.521
buoy,3.521
dd,3.521
meaner,3.521
nil,3.521
drawn,3.515
hindranc,3.514
smile,3.510
wide,3.509
staunch,3.507
prep,3.507
nd,3.507
sex,3.504
50,3.504
prefer,3.502
beginn,3.500
collect,3.496
viral,3.493
euphor,3.493
deject,3.493
raunchi,3.493
choos,3.492
tab,3.487
tatter,3.480
undertaken,3.480
chopra,3.480
overstay,3.474
slumdog,3.474
pitiabl,3.468
downgrad,3.468
dote,3.468
praiseworthi,3.461
archaic,3.461
farhan,3.461
prosaic,3.461
snide,3.455
nirvana,3.455
cunningli,3.455
ordinarili,3.449
familiar,3.446
chubbi,3.443
shank,3.443
stigma,3.443
glad,3.442
claim,3.437
changer,3.437
erron,3.437
corrupt,3.435
baton,3.431
tandem,3.426
lacklustr,3.426
cr,3.426
evan,3.426
b,3.422
unforeseen,3.420
unwarr,3.420
discuss,3.415
desper,3.411
flex,3.409
knowingli,3.409
habitu,3.409
club,3.407
mint,3.403
thrash,3.403
shame,3.401
boon,3.398
41,3.398
hind,3.398
undergon,3.393
goat,3.393
si,3.393
asid,3.387
fallout,3.387
starri,3.387
friction,3.382
torrent,3.382
perfection,3.382
tenaci,3.382
slowli,3.381
spoil,3.378
turf,3.377
uncompl,3.377
ferrari,3.377
parlor,3.377
30th,3.372
reverber,3.367
restart,3.367
backup,3.362
solidar,3.362
unappreci,3.362
fervent,3.362
firsthand,3.357
effemin,3.352
uneth,3.347
charmingli,3.347
crutch,3.343
specialti,3.343
subjug,3.343
machin,3.342
jog,3.338
laurel,3.338
sham,3.333
paramet,3.333
adulter,3.333
credenc,3.329
overjoy,3.329
surli,3.324
strife,3.324
american,3.320
euphoria,3.320
rarest,3.320
decrepit,3.320
derid,3.320
pm,3.320
vfx,3.315
adorn,3.315
amc,3.311
unwelcom,3.311
inform,3.309
demolit,3.306
helluva,3.306
raju,3.302
boar,3.298
verv,3.298
customari,3.294
cola,3.289
dreamt,3.285
recipi,3.285
scrutin,3.285
49,3.281
bred,3.281
variabl,3.281
spend,3.279
frontal,3.277
adul,3.273
promo,3.273
slo,3.273
repertoir,3.269
earthi,3.269
umbrella,3.265
wrack,3.265
credenti,3.261
mania,3.261
concur,3.261
karma,3.261
auster,3.257
balk,3.257
crunch,3.257
centuri,3.256
tasti,3.253
land,3.247
dilig,3.246
ur,3.246
carrier,3.246
episod,3.245
collag,3.242
annoy,3.238
clumsili,3.234
startlingli,3.231
regal,3.231
po,3.231
somehow,3.230
troubl,3.228
panda,3.227
prank,3.227
aggrav,3.227
aplenti,3.227
explanatori,3.227
fatherli,3.227
deplor,3.224
untrain,3.224
nap,3.224
congrat,3.224
powder,3.220
derail,3.220
ardent,3.216
15th,3.216
wall,3.216
piss,3.213
queue,3.209
crazi,3.206
beli,3.203
devote,3.203
sorri,3.202
misus,3.199
bureaucraci,3.196
evacu,3.192
newbi,3.189
shackl,3.186
agil,3.186
elat,3.182
manual,3.182
bolster,3.182
cocktail,3.182
rumbl,3.182
santa,3.179
machismo,3.179
activist,3.176
exasper,3.176
unadulter,3.176
socio,3.176
novic,3.173
chatter,3.170
cower,3.170
overtak,3.170
astoundingli,3.166
neglig,3.163
38,3.160
boiler,3.160
disposit,3.160
bo,3.157
gamut,3.157
gleefulli,3.157
offspr,3.157
nervous,3.157
masterli,3.154
sag,3.154
hirani,3.151
combo,3.145
decreas,3.145
overtur,3.145
hid,3.142
peripher,3.142
downplay,3.142
frown,3.136
chin,3.136
shriek,3.136
trunk,3.136
atlanta,3.133
innoc,3.131
pulsat,3.130
shone,3.130
refer,3.130
rise,3.128
confer,3.127
phenomena,3.125
misti,3.125
hilari,3.123
weak,3.121
tier,3.119
buffoon,3.119
bearer,3.119
anxious,3.116
unjust,3.116
scent,3.116
invigor,3.113
incess,3.113
mister,3.113
poor,3.112
orgasm,3.108
bearabl,3.108
clever,3.108
affection,3.105
abil,3.103
grappl,3.102
massag,3.102
ni,3.100
backlash,3.100
surviv,3.097
quicker,3.097
boyish,3.097
upward,3.094
butter,3.094
gullibl,3.094
conclus,3.093
unorthodox,3.092
milieu,3.092
univers,3.091
madden,3.089
buy,3.087
thump,3.086
skinni,3.086
gal,3.084
vanilla,3.081
mad,3.079
basanti,3.078
ascend,3.076
pleaser,3.073
dictionari,3.073
blurri,3.071
monk,3.071
domain,3.071
reiter,3.071
consumpt,3.068
bodili,3.068
align,3.066
indirectli,3.066
unborn,3.063
touchi,3.063
pertin,3.063
pristin,3.063
cheeki,3.063
pain,3.061
condescend,3.061
vicari,3.061
crux,3.058
disturb,3.057
hurl,3.056
righteous,3.053
committe,3.051
wee,3.051
pillar,3.046
googl,3.044
rethink,3.044
ness,3.044
cautiou,3.042
yea,3.039
shamelessli,3.039
unbeat,3.028
shrewd,3.028
mostli,3.026
worst,3.026
apathi,3.025
upbring,3.021
mercilessli,3.021
splendidli,3.021
technician,3.019
epiphani,3.019
semblanc,3.016
louder,3.016
guidelin,3.014
wri,3.014
tantrum,3.012
rotat,3.012
output,3.007
utilis,3.005
grudg,3.005
eagl,3.003
teari,2.999
ride,2.996
iranian,2.995
tighten,2.995
islam,2.995
rhetor,2.995
swagger,2.992
bruis,2.992
unsurpass,2.992
hain,2.992
acut,2.992
slay,2.990
spous,2.990
book,2.988
qualm,2.986
pervad,2.986
marathon,2.982
filmmak,2.979
impression,2.978
emin,2.976
baggag,2.976
unwant,2.972
thwart,2.972
loudli,2.970
brawl,2.968
deck,2.968
slew,2.968
homework,2.966
prayer,2.962
strikingli,2.962
rigid,2.960
refreshingli,2.958
sung,2.958
hmmm,2.956
concis,2.956
cafe,2.954
imbu,2.954
brighter,2.952
smartli,2.948
constraint,2.947
midway,2.947
repel,2.947
allegedli,2.947
worldli,2.947
ode,2.947
hell,2.945
download,2.945
vigor,2.945
caesar,2.945
memori,2.943
modifi,2.943
abli,2.943
forum,2.943
tyrant,2.941
deft,2.941
abid,2.937
revis,2.935
101,2.933
platform,2.933
dip,2.933
medicin,2.933
tout,2.932
dope,2.932
wherein,2.930
reconcil,2.930
storylin,2.929
contradictori,2.928
mockeri,2.926
tooth,2.926
savvi,2.924
particularli,2.923
wholesom,2.921
peek,2.919
lens,2.915
halv,2.915
truth,2.914
eyebrow,2.905
hamlet,2.905
filthi,2.903
lag,2.903
rap,2.903
underscor,2.900
underus,2.898
swell,2.896
biolog,2.896
hapless,2.893
behalf,2.893
faultless,2.891
dissolv,2.891
inflat,2.890
conspir,2.890
proudli,2.888
lifelong,2.885
deadpan,2.885
discourag,2.883
glamour,2.883
keeper,2.880
hinder,2.880
exuber,2.880
reassur,2.877
differenti,2.877
elud,2.877
picki,2.875
grain,2.875
brute,2.875
lap,2.875
lament,2.875
lash,2.873
evad,2.873
enact,2.872
dusti,2.872
spray,2.869
grunt,2.869
outburst,2.867
bid,2.865
strengthen,2.865
timer,2.865
lad,2.861
northern,2.858
tailor,2.858
guidanc,2.856
selfless,2.856
compuls,2.855
misfortun,2.853
unwil,2.852
lime,2.848
splash,2.848
analys,2.847
earliest,2.845
anyhow,2.844
goos,2.844
falter,2.842
horrid,2.842
overdos,2.841
exemplari,2.841
headlin,2.841
myriad,2.841
grind,2.837
bread,2.834
censor,2.834
overtli,2.832
elus,2.831
salt,2.828
navig,2.828
gavin,2.828
deftli,2.826
tread,2.826
clerk,2.825
disput,2.821
exist,2.820
minist,2.819
nomin,2.818
morph,2.818
space,2.815
forbidden,2.812
ach,2.808
extravag,2.808
mimic,2.805
purist,2.805
nearest,2.805
preposter,2.805
multitud,2.804
grumpi,2.804
irresist,2.804
mi,2.804
adject,2.804
superflu,2.804
drawback,2.803
subvers,2.803
stitch,2.801
recept,2.798
aptli,2.797
pave,2.797
overbear,2.796
epilogu,2.794
lunch,2.793
formal,2.793
vacat,2.792
diet,2.792
prolong,2.792
ambianc,2.792
prestigi,2.790
spice,2.790
concret,2.789
clueless,2.788
preacher,2.787
disillus,2.787
flamboy,2.784
unnot,2.783
cotton,2.780
china,2.777
instil,2.775
esteem,2.775
violat,2.774
implement,2.774
factual,2.772
plethora,2.772
cling,2.770
prowess,2.770
invok,2.770
successor,2.769
statur,2.767
lighten,2.766
incomplet,2.766
creed,2.766
allur,2.764
waterfront,2.764
peel,2.761
underlin,2.761
chunk,2.760
giggl,2.760
rub,2.760
daddi,2.760
thrive,2.759
exce,2.759
shelf,2.759
rariti,2.757
indel,2.755
cow,2.755
shorten,2.755
mysteri,2.754
accustom,2.752
wherev,2.751
tame,2.751
sway,2.749
st,2.748
manufactur,2.746
predica,2.745
tempo,2.745
russia,2.744
scriptwrit,2.742
versa,2.741
lace,2.739
digress,2.738
fruit,2.737
suppos,2.734
thunder,2.733
heir,2.733
ingenu,2.732
ladder,2.730
improb,2.730
organis,2.729
testimoni,2.727
underestim,2.725
canva,2.724
carv,2.724
juxtaposit,2.723
dire,2.723
hop,2.723
session,2.722
muddl,2.721
encapsul,2.720
masculin,2.714
emul,2.714
voter,2.712
sail,2.712
sparkl,2.711
elect,2.710
spontan,2.709
gym,2.705
unparallel,2.705
heard,2.705
unquestion,2.704
exclud,2.703
compris,2.702
barrier,2.700
refin,2.699
ceremoni,2.699
150,2.699
blatantli,2.697
region,2.694
opt,2.694
preval,2.694
ma,2.693
inherit,2.690
stern,2.689
benchmark,2.686
deceiv,2.684
optim,2.684
phase,2.681
lowest,2.681
blunt,2.680
infus,2.679
enrich,2.678
rebelli,2.678
weep,2.676
slim,2.676
affirm,2.674
chip,2.672
intro,2.671
loop,2.670
tom,2.668
domest,2.668
teas,2.664
vocal,2.664
choke,2.662
entiti,2.661
pocket,2.661
riot,2.660
bloat,2.659
puls,2.658
imperfect,2.657
senior,2.655
pervers,2.655
novemb,2.653
5th,2.653
foe,2.651
pepper,2.651
gaze,2.650
dirt,2.646
conform,2.645
butcher,2.644
outright,2.644
esqu,2.643
payoff,2.643
nearbi,2.642
restrict,2.641
pin,2.641
substitut,2.640
buster,2.639
triumphant,2.638
pioneer,2.633
proce,2.633
spill,2.632
22,2.629
reckon,2.629
dim,2.628
acquaint,2.628
harmoni,2.625
arab,2.625
inclus,2.623
ps,2.623
global,2.617
hr,2.617
reliev,2.616
pinnacl,2.614
jealousi,2.614
templ,2.613
oblig,2.613
classifi,2.612
wine,2.611
flavor,2.611
seri,2.608
instruct,2.607
escal,2.607
breed,2.605
vibe,2.604
degrad,2.603
mildli,2.603
textur,2.602
subtext,2.602
quintessenti,2.602
shiver,2.600
obnoxi,2.600
mighti,2.600
clumsi,2.600
sicken,2.598
hardest,2.596
comprehens,2.595
verg,2.593
fabric,2.593
unleash,2.590
convert,2.590
tiger,2.588
drastic,2.585
ho,2.585
paragraph,2.584
persist,2.581
jewel,2.580
interestingli,2.579
imo,2.576
outlin,2.576
tail,2.575
array,2.574
stray,2.574
dash,2.572
35,2.572
bath,2.570
hip,2.567
idol,2.564
sli,2.561
tightli,2.560
boggl,2.560
anxieti,2.559
cue,2.558
meet,2.558
unconvent,2.556
whisper,2.554
chick,2.554
strictli,2.554
substanti,2.554
seamless,2.552
overus,2.551
hello,2.550
gloomi,2.550
rever,2.550
seldom,2.549
understat,2.549
temptat,2.549
unconvinc,2.547
articl,2.547
talki,2.546
stiff,2.546
flag,2.545
closur,2.544
maximum,2.544
request,2.544
momentum,2.543
limb,2.542
mode,2.542
unimagin,2.541
incident,2.541
humili,2.541
absent,2.539
propel,2.537
2013,2.535
conserv,2.534
flop,2.533
crippl,2.532
senseless,2.531
kaufman,2.530
conspiraci,2.527
hardcor,2.527
quietli,2.526
embark,2.525
evalu,2.522
mileston,2.522
thrust,2.521
worldwid,2.520
runtim,2.520
delet,2.518
fragil,2.517
4th,2.517
weari,2.512
deservedli,2.512
counterpart,2.512
versatil,2.511
junki,2.510
billion,2.508
bump,2.507
2012,2.507
sixti,2.506
publish,2.506
heap,2.506
preach,2.506
steadi,2.503
gasp,2.502
blink,2.502
stimul,2.500
neglect,2.499
ya,2.499
resurrect,2.497
crop,2.497
2014,2.494
insecur,2.493
blu,2.493
millionair,2.490
effici,2.489
agenda,2.489
mild,2.487
le,2.487
battl,2.485
aforement,2.485
meat,2.484
indiffer,2.484
blur,2.484
audio,2.482
characteris,2.480
swing,2.480
plight,2.479
counter,2.478
guest,2.477
woo,2.474
inject,2.472
slightest,2.468
peer,2.467
mock,2.466
ace,2.466
diminish,2.465
omin,2.463
celluloid,2.462
trace,2.462
forgett,2.459
broad,2.459
watcher,2.458
inferior,2.458
partial,2.457
pivot,2.457
2007,2.456
suffici,2.450
tap,2.450
rant,2.448
egg,2.448
nativ,2.446
oddli,2.444
tactic,2.442
clash,2.441
newcom,2.439
delici,2.439
overact,2.437
uk,2.436
arrang,2.436
flawlessli,2.435
spring,2.433
boast,2.432
habit,2.431
stylist,2.431
weakest,2.431
intertwin,2.430
satisfact,2.428
condemn,2.426
inher,2.425
boil,2.423
unreal,2.423
photo,2.422
shaw,2.420
econom,2.418
seller,2.415
black,2.412
insert,2.411
teeth,2.411
despis,2.409
trio,2.409
clown,2.407
fifth,2.406
tall,2.404
transfer,2.404
crystal,2.402
teller,2.399
musician,2.398
24,2.398
dawn,2.395
adequ,2.394
respond,2.393
maniac,2.392
distinguish,2.390
recognis,2.389
fuel,2.388
spotlight,2.387
twin,2.387
glanc,2.386
1997,2.386
nuditi,2.385
spine,2.384
exit,2.384
trend,2.383
behav,2.382
exceed,2.381
carter,2.381
fed,2.379
reboot,2.376
mistaken,2.375
21st,2.374
fanat,2.374
sustain,2.374
nervou,2.373
chop,2.372
forti,2.372
quarter,2.372
cave,2.372
kung,2.371
defens,2.371
smash,2.370
harm,2.370
climat,2.370
repeatedli,2.369
favour,2.368
tad,2.366
keen,2.365
ethic,2.362
conscious,2.362
analysi,2.361
gentl,2.360
strip,2.360
option,2.359
gotta,2.357
plagu,2.357
soap,2.356
unfair,2.356
wisdom,2.355
neat,2.353
princip,2.353
buri,2.353
overdon,2.352
empathi,2.351
aka,2.347
valuabl,2.346
nose,2.343
leap,2.343
launch,2.341
fare,2.341
confirm,2.340
yoda,2.339
robberi,2.338
overshadow,2.337
whoever,2.336
3rd,2.335
reluct,2.334
ala,2.334
grate,2.333
fu,2.332
devil,2.332
alright,2.332
profit,2.328
ain,2.327
die,2.325
mixtur,2.323
delv,2.321
needless,2.320
asian,2.320
incorpor,2.320
perceiv,2.317
coincid,2.317
useless,2.316
difficulti,2.316
altogeth,2.312
closest,2.310
lend,2.308
linger,2.308
ancient,2.306
furthermor,2.306
primarili,2.306
rid,2.305
childish,2.305
nerv,2.305
moviego,2.304
harder,2.303
prejudic,2.302
resolut,2.301
recov,2.301
monument,2.299
oz,2.299
hamilton,2.295
crisi,2.293
judgment,2.291
landmark,2.290
via,2.290
exercis,2.288
eras,2.287
miracl,2.287
testament,2.284
echo,2.280
defi,2.278
standout,2.277
exquisit,2.277
splendid,2.273
makeup,2.272
premier,2.272
charisma,2.270
emphas,2.269
prop,2.268
dust,2.267
eccentr,2.266
45,2.265
increasingli,2.265
poetic,2.263
rose,2.263
firstli,2.261
superfici,2.260
monologu,2.260
crush,2.259
japan,2.258
linear,2.257
nine,2.256
simultan,2.256
gloriou,2.254
stolen,2.254
duel,2.253
yesterday,2.252
ponder,2.251
cleverli,2.251
merri,2.251
phrase,2.245
dig,2.243
leagu,2.242
underli,2.239
hesit,2.237
code,2.237
ingeni,2.236
insist,2.233
sexi,2.232
laughter,2.229
reduc,2.228
rough,2.228
scar,2.226
recreat,2.226
sun,2.224
channel,2.223
2000,2.223
characterist,2.219
lazi,2.218
easier,2.217
alli,2.214
beaten,2.213
exchang,2.213
cash,2.211
zero,2.208
vivid,2.206
grave,2.205
wont,2.205
glass,2.204
stronger,2.203
reader,2.203
albeit,2.202
repetit,2.202
visual,2.201
subtleti,2.201
lean,2.198
connor,2.196
opera,2.195
swear,2.195
reson,2.193
mechan,2.192
duti,2.191
awkward,2.190
destin,2.189
popcorn,2.188
basi,2.187
arc,2.187
asleep,2.186
settl,2.185
bold,2.185
elabor,2.185
liber,2.184
fix,2.184
bone,2.183
1960,2.183
imit,2.178
forgot,2.175
assur,2.174
presid,2.171
percept,2.171
punish,2.170
user,2.169
damag,2.167
nod,2.164
stranger,2.161
struck,2.158
antagonist,2.158
dazzl,2.158
h,2.155
sweep,2.154
sudden,2.154
curiou,2.154
contriv,2.154
wave,2.153
unpredict,2.153
wing,2.153
funniest,2.150
beast,2.149
invest,2.147
thirti,2.146
secur,2.145
dimens,2.144
fourth,2.143
evolv,2.143
distanc,2.137
spell,2.136
heck,2.135
finger,2.135
facial,2.133
switch,2.132
bitter,2.131
bet,2.129
upset,2.128
demon,2.127
serial,2.127
plant,2.126
25,2.125
subsequ,2.125
size,2.124
predecessor,2.123
appli,2.123
rave,2.122
transcend,2.121
sin,2.120
leg,2.119
feet,2.119
scope,2.117
curs,2.117
aid,2.116
three,2.116
vulner,2.110
garbag,2.109
larger,2.108
theatric,2.106
clockwork,2.104
freak,2.102
argument,2.101
flesh,2.101
mid,2.099
pretend,2.097
taxi,2.094
blew,2.094
prior,2.092
random,2.090
kinda,2.089
shift,2.087
below,2.084
jean,2.079
mountain,2.079
frequent,2.076
meanwhil,2.075
trash,2.073
anywher,2.073
mesmer,2.072
marriag,2.071
heroin,2.070
mirror,2.068
fals,2.068
poorli,2.067
everywher,2.065
cloth,2.065
regular,2.062
teen,2.060
cameo,2.058
heroic,2.058
pair,2.058
worker,2.057
reput,2.057
runner,2.055
aim,2.053
credibl,2.052
redeem,2.049
philosophi,2.049
nonsens,2.048
accompani,2.047
distinct,2.047
gump,2.046
altern,2.045
metal,2.045
absurd,2.045
price,2.040
exact,2.038
forrest,2.037
cat,2.035
excus,2.033
regardless,2.027
greatli,2.023
everyday,2.023
substanc,2.022
13,2.020
harsh,2.019
nightmar,2.018
inner,2.018
youth,2.016
sympathi,2.014
fool,2.012
chapter,2.011
grew,2.011
recal,2.008
ruthless,2.008
piti,2.007
stretch,2.006
latest,2.004
ideal,2.004
accord,2.004
favor,2.000
chosen,1.998
sharp,1.992
overlook,1.991
bright,1.991
creation,1.990
k,1.985
darker,1.984
acclaim,1.982
south,1.982
demonstr,1.981
sentenc,1.980
cult,1.979
cheesi,1.976
hey,1.975
owner,1.972
hadn,1.970
lone,1.967
closer,1.967
60,1.964
addict,1.962
tens,1.961
inevit,1.959
bought,1.955
identifi,1.951
ill,1.948
board,1.946
understood,1.946
rob,1.946
observ,1.945
surpass,1.940
pointless,1.939
quest,1.938
sat,1.938
doubl,1.934
sight,1.934
warm,1.933
stuck,1.923
consequ,1.922
numer,1.921
dislik,1.920
legend,1.920
televis,1.919
quiet,1.915
massiv,1.914
rescu,1.913
somewher,1.912
charg,1.912
reli,1.911
complaint,1.910
risk,1.909
assum,1.908
gritti,1.907
extend,1.904
appropri,1.904
greater,1.900
page,1.900
met,1.898
mine,1.898
rage,1.898
abus,1.898
unit,1.894
construct,1.894
amus,1.892
higher,1.889
safe,1.888
insight,1.888
window,1.888
constant,1.882
japanes,1.881
sell,1.880
peac,1.879
fellow,1.875
blue,1.875
rain,1.872
thousand,1.862
hundr,1.860
condit,1.859
signific,1.853
fault,1.851
fairli,1.848
chri,1.847
vote,1.847
quick,1.846
sick,1.844
manipul,1.836
sceneri,1.833
tragedi,1.833
rel,1.831
rock,1.823
tortur,1.823
park,1.821
remak,1.818
250,1.817
seemingli,1.817
structur,1.816
test,1.816
occur,1.815
green,1.815
wild,1.811
unfold,1.808
driver,1.808
therefor,1.801
contrast,1.801
blown,1.799
suck,1.798
road,1.796
dollar,1.780
pop,1.780
ben,1.774
constantli,1.772
weird,1.772
andi,1.772
mission,1.772
90,1.772
tower,1.771
wrote,1.767
15,1.767
tie,1.761
heavi,1.760
silli,1.760
bare,1.759
creatur,1.759
chill,1.756
stone,1.754
send,1.754
sent,1.753
anti,1.740
stick,1.740
hasn,1.731
aw,1.727
hank,1.723
water,1.715
brain,1.713
influenc,1.709
race,1.708
budget,1.707
symbol,1.701
2001,1.692
sam,1.682
rent,1.673
wors,1.672
red,1.672
costum,1.671
o,1.664
histor,1.661
reveng,1.649
catch,1.648
quickli,1.646
key,1.641
creativ,1.638
attack,1.635
disney,1.632
redempt,1.628
crimin,1.628
killer,1.623
joke,1.618
romanc,1.617
cgi,1.609
cold,1.607
fascin,1.595
dialog,1.593
member,1.588
street,1.588
appar,1.586
danger,1.586
godfath,1.568
joker,1.566
alien,1.553
five,1.551
famou,1.542
christian,1.531
school,1.528
discov,1.526
polic,1.517
combin,1.508
ten,1.505
design,1.500
destroy,1.497
earth,1.496
shoot,1.495
atmospher,1.491
imag,1.465
jack,1.441
violent,1.438
confus,1.427
ago,1.417
stun,1.415
cool,1.404
thriller,1.395
shock,1.391
dvd,1.368
modern,1.360
sad,1.350
white,1.329
evil,1.263
opinion,1.151
dark,0.974
war,0.884
